match_id,season,date,split
1819|2018-08-10|manchester-united|leicester-city,1819,2018-08-10,train
1819|2018-08-11|afc-bournemouth|cardiff-city,1819,2018-08-11,train
1819|2018-08-11|fulham|crystal-palace,1819,2018-08-11,train
1819|2018-08-11|huddersfield-town|chelsea,1819,2018-08-11,train
1819|2018-08-11|newcastle-united|tottenham-hotspur,1819,2018-08-11,train
1819|2018-08-11|watford|brighton-and-hove-albion,1819,2018-08-11,train
1819|2018-08-11|wolverhampton-wanderers|everton,1819,2018-08-11,train
1819|2018-08-12|arsenal|manchester-city,1819,2018-08-12,train
1819|2018-08-12|liverpool|west-ham-united,1819,2018-08-12,train
1819|2018-08-12|southampton|burnley,1819,2018-08-12,train
1819|2018-08-18|cardiff-city|newcastle-united,1819,2018-08-18,train
1819|2018-08-18|chelsea|arsenal,1819,2018-08-18,train
1819|2018-08-18|everton|southampton,1819,2018-08-18,train
1819|2018-08-18|leicester-city|wolverhampton-wanderers,1819,2018-08-18,train
1819|2018-08-18|tottenham-hotspur|fulham,1819,2018-08-18,train
1819|2018-08-18|west-ham-united|afc-bournemouth,1819,2018-08-18,train
1819|2018-08-19|brighton-and-hove-albion|manchester-united,1819,2018-08-19,train
1819|2018-08-19|burnley|watford,1819,2018-08-19,train
1819|2018-08-19|manchester-city|huddersfield-town,1819,2018-08-19,train
1819|2018-08-20|crystal-palace|liverpool,1819,2018-08-20,train
1819|2018-08-25|afc-bournemouth|everton,1819,2018-08-25,train
1819|2018-08-25|arsenal|west-ham-united,1819,2018-08-25,train
1819|2018-08-25|huddersfield-town|cardiff-city,1819,2018-08-25,train
1819|2018-08-25|liverpool|brighton-and-hove-albion,1819,2018-08-25,train
1819|2018-08-25|southampton|leicester-city,1819,2018-08-25,train
1819|2018-08-25|wolverhampton-wanderers|manchester-city,1819,2018-08-25,train
1819|2018-08-26|fulham|burnley,1819,2018-08-26,train
1819|2018-08-26|newcastle-united|chelsea,1819,2018-08-26,train
1819|2018-08-26|watford|crystal-palace,1819,2018-08-26,train
1819|2018-08-27|manchester-united|tottenham-hotspur,1819,2018-08-27,train
1819|2018-09-01|brighton-and-hove-albion|fulham,1819,2018-09-01,train
1819|2018-09-01|chelsea|afc-bournemouth,1819,2018-09-01,train
1819|2018-09-01|crystal-palace|southampton,1819,2018-09-01,train
1819|2018-09-01|everton|huddersfield-town,1819,2018-09-01,train
1819|2018-09-01|leicester-city|liverpool,1819,2018-09-01,train
1819|2018-09-01|manchester-city|newcastle-united,1819,2018-09-01,train
1819|2018-09-01|west-ham-united|wolverhampton-wanderers,1819,2018-09-01,train
1819|2018-09-02|burnley|manchester-united,1819,2018-09-02,train
1819|2018-09-02|cardiff-city|arsenal,1819,2018-09-02,train
1819|2018-09-02|watford|tottenham-hotspur,1819,2018-09-02,train
1819|2018-09-15|afc-bournemouth|leicester-city,1819,2018-09-15,train
1819|2018-09-15|chelsea|cardiff-city,1819,2018-09-15,train
1819|2018-09-15|huddersfield-town|crystal-palace,1819,2018-09-15,train
1819|2018-09-15|manchester-city|fulham,1819,2018-09-15,train
1819|2018-09-15|newcastle-united|arsenal,1819,2018-09-15,train
1819|2018-09-15|tottenham-hotspur|liverpool,1819,2018-09-15,train
1819|2018-09-15|watford|manchester-united,1819,2018-09-15,train
1819|2018-09-16|everton|west-ham-united,1819,2018-09-16,train
1819|2018-09-16|wolverhampton-wanderers|burnley,1819,2018-09-16,train
1819|2018-09-17|southampton|brighton-and-hove-albion,1819,2018-09-17,train
1819|2018-09-22|brighton-and-hove-albion|tottenham-hotspur,1819,2018-09-22,train
1819|2018-09-22|burnley|afc-bournemouth,1819,2018-09-22,train
1819|2018-09-22|cardiff-city|manchester-city,1819,2018-09-22,train
1819|2018-09-22|crystal-palace|newcastle-united,1819,2018-09-22,train
1819|2018-09-22|fulham|watford,1819,2018-09-22,train
1819|2018-09-22|leicester-city|huddersfield-town,1819,2018-09-22,train
1819|2018-09-22|liverpool|southampton,1819,2018-09-22,train
1819|2018-09-22|manchester-united|wolverhampton-wanderers,1819,2018-09-22,train
1819|2018-09-23|arsenal|everton,1819,2018-09-23,train
1819|2018-09-23|west-ham-united|chelsea,1819,2018-09-23,train
1819|2018-09-29|arsenal|watford,1819,2018-09-29,train
1819|2018-09-29|chelsea|liverpool,1819,2018-09-29,train
1819|2018-09-29|everton|fulham,1819,2018-09-29,train
1819|2018-09-29|huddersfield-town|tottenham-hotspur,1819,2018-09-29,train
1819|2018-09-29|manchester-city|brighton-and-hove-albion,1819,2018-09-29,train
1819|2018-09-29|newcastle-united|leicester-city,1819,2018-09-29,train
1819|2018-09-29|west-ham-united|manchester-united,1819,2018-09-29,train
1819|2018-09-29|wolverhampton-wanderers|southampton,1819,2018-09-29,train
1819|2018-09-30|cardiff-city|burnley,1819,2018-09-30,train
1819|2018-10-01|afc-bournemouth|crystal-palace,1819,2018-10-01,train
1819|2018-10-05|brighton-and-hove-albion|west-ham-united,1819,2018-10-05,train
1819|2018-10-06|burnley|huddersfield-town,1819,2018-10-06,train
1819|2018-10-06|crystal-palace|wolverhampton-wanderers,1819,2018-10-06,train
1819|2018-10-06|leicester-city|everton,1819,2018-10-06,train
1819|2018-10-06|manchester-united|newcastle-united,1819,2018-10-06,train
1819|2018-10-06|tottenham-hotspur|cardiff-city,1819,2018-10-06,train
1819|2018-10-06|watford|afc-bournemouth,1819,2018-10-06,train
1819|2018-10-07|fulham|arsenal,1819,2018-10-07,train
1819|2018-10-07|liverpool|manchester-city,1819,2018-10-07,train
1819|2018-10-07|southampton|chelsea,1819,2018-10-07,train
1819|2018-10-20|afc-bournemouth|southampton,1819,2018-10-20,train
1819|2018-10-20|cardiff-city|fulham,1819,2018-10-20,train
1819|2018-10-20|chelsea|manchester-united,1819,2018-10-20,train
1819|2018-10-20|huddersfield-town|liverpool,1819,2018-10-20,train
1819|2018-10-20|manchester-city|burnley,1819,2018-10-20,train
1819|2018-10-20|newcastle-united|brighton-and-hove-albion,1819,2018-10-20,train
1819|2018-10-20|west-ham-united|tottenham-hotspur,1819,2018-10-20,train
1819|2018-10-20|wolverhampton-wanderers|watford,1819,2018-10-20,train
1819|2018-10-21|everton|crystal-palace,1819,2018-10-21,train
1819|2018-10-22|arsenal|leicester-city,1819,2018-10-22,train
1819|2018-10-27|brighton-and-hove-albion|wolverhampton-wanderers,1819,2018-10-27,train
1819|2018-10-27|fulham|afc-bournemouth,1819,2018-10-27,train
1819|2018-10-27|leicester-city|west-ham-united,1819,2018-10-27,train
1819|2018-10-27|liverpool|cardiff-city,1819,2018-10-27,train
1819|2018-10-27|southampton|newcastle-united,1819,2018-10-27,train
1819|2018-10-27|watford|huddersfield-town,1819,2018-10-27,train
1819|2018-10-28|burnley|chelsea,1819,2018-10-28,train
1819|2018-10-28|crystal-palace|arsenal,1819,2018-10-28,train
1819|2018-10-28|manchester-united|everton,1819,2018-10-28,train
1819|2018-10-29|tottenham-hotspur|manchester-city,1819,2018-10-29,train
1819|2018-11-03|afc-bournemouth|manchester-united,1819,2018-11-03,train
1819|2018-11-03|arsenal|liverpool,1819,2018-11-03,train
1819|2018-11-03|cardiff-city|leicester-city,1819,2018-11-03,train
1819|2018-11-03|everton|brighton-and-hove-albion,1819,2018-11-03,train
1819|2018-11-03|newcastle-united|watford,1819,2018-11-03,train
1819|2018-11-03|west-ham-united|burnley,1819,2018-11-03,train
1819|2018-11-03|wolverhampton-wanderers|tottenham-hotspur,1819,2018-11-03,train
1819|2018-11-04|chelsea|crystal-palace,1819,2018-11-04,train
1819|2018-11-04|manchester-city|southampton,1819,2018-11-04,train
1819|2018-11-05|huddersfield-town|fulham,1819,2018-11-05,train
1819|2018-11-10|cardiff-city|brighton-and-hove-albion,1819,2018-11-10,train
1819|2018-11-10|crystal-palace|tottenham-hotspur,1819,2018-11-10,train
1819|2018-11-10|huddersfield-town|west-ham-united,1819,2018-11-10,train
1819|2018-11-10|leicester-city|burnley,1819,2018-11-10,train
1819|2018-11-10|newcastle-united|afc-bournemouth,1819,2018-11-10,train
1819|2018-11-10|southampton|watford,1819,2018-11-10,train
1819|2018-11-11|arsenal|wolverhampton-wanderers,1819,2018-11-11,train
1819|2018-11-11|chelsea|everton,1819,2018-11-11,train
1819|2018-11-11|liverpool|fulham,1819,2018-11-11,train
1819|2018-11-11|manchester-city|manchester-united,1819,2018-11-11,train
1819|2018-11-24|brighton-and-hove-albion|leicester-city,1819,2018-11-24,train
1819|2018-11-24|everton|cardiff-city,1819,2018-11-24,train
1819|2018-11-24|fulham|southampton,1819,2018-11-24,train
1819|2018-11-24|manchester-united|crystal-palace,1819,2018-11-24,train
1819|2018-11-24|tottenham-hotspur|chelsea,1819,2018-11-24,train
1819|2018-11-24|watford|liverpool,1819,2018-11-24,train
1819|2018-11-24|west-ham-united|manchester-city,1819,2018-11-24,train
1819|2018-11-25|afc-bournemouth|arsenal,1819,2018-11-25,train
1819|2018-11-25|wolverhampton-wanderers|huddersfield-town,1819,2018-11-25,train
1819|2018-11-26|burnley|newcastle-united,1819,2018-11-26,train
1819|2018-11-30|cardiff-city|wolverhampton-wanderers,1819,2018-11-30,train
1819|2018-12-01|crystal-palace|burnley,1819,2018-12-01,train
1819|2018-12-01|huddersfield-town|brighton-and-hove-albion,1819,2018-12-01,train
1819|2018-12-01|leicester-city|watford,1819,2018-12-01,train
1819|2018-12-01|manchester-city|afc-bournemouth,1819,2018-12-01,train
1819|2018-12-01|newcastle-united|west-ham-united,1819,2018-12-01,train
1819|2018-12-01|southampton|manchester-united,1819,2018-12-01,train
1819|2018-12-02|arsenal|tottenham-hotspur,1819,2018-12-02,train
1819|2018-12-02|chelsea|fulham,1819,2018-12-02,train
1819|2018-12-02|liverpool|everton,1819,2018-12-02,train
1819|2018-12-04|afc-bournemouth|huddersfield-town,1819,2018-12-04,train
1819|2018-12-04|brighton-and-hove-albion|crystal-palace,1819,2018-12-04,train
1819|2018-12-04|watford|manchester-city,1819,2018-12-04,train
1819|2018-12-04|west-ham-united|cardiff-city,1819,2018-12-04,train
1819|2018-12-05|burnley|liverpool,1819,2018-12-05,train
1819|2018-12-05|everton|newcastle-united,1819,2018-12-05,train
1819|2018-12-05|fulham|leicester-city,1819,2018-12-05,train
1819|2018-12-05|manchester-united|arsenal,1819,2018-12-05,train
1819|2018-12-05|tottenham-hotspur|southampton,1819,2018-12-05,train
1819|2018-12-05|wolverhampton-wanderers|chelsea,1819,2018-12-05,train
1819|2018-12-08|afc-bournemouth|liverpool,1819,2018-12-08,train
1819|2018-12-08|arsenal|huddersfield-town,1819,2018-12-08,train
1819|2018-12-08|burnley|brighton-and-hove-albion,1819,2018-12-08,train
1819|2018-12-08|cardiff-city|southampton,1819,2018-12-08,train
1819|2018-12-08|chelsea|manchester-city,1819,2018-12-08,train
1819|2018-12-08|leicester-city|tottenham-hotspur,1819,2018-12-08,train
1819|2018-12-08|manchester-united|fulham,1819,2018-12-08,train
1819|2018-12-08|west-ham-united|crystal-palace,1819,2018-12-08,train
1819|2018-12-09|newcastle-united|wolverhampton-wanderers,1819,2018-12-09,train
1819|2018-12-10|everton|watford,1819,2018-12-10,train
1819|2018-12-15|crystal-palace|leicester-city,1819,2018-12-15,train
1819|2018-12-15|fulham|west-ham-united,1819,2018-12-15,train
1819|2018-12-15|huddersfield-town|newcastle-united,1819,2018-12-15,train
1819|2018-12-15|manchester-city|everton,1819,2018-12-15,train
1819|2018-12-15|tottenham-hotspur|burnley,1819,2018-12-15,train
1819|2018-12-15|watford|cardiff-city,1819,2018-12-15,train
1819|2018-12-15|wolverhampton-wanderers|afc-bournemouth,1819,2018-12-15,train
1819|2018-12-16|brighton-and-hove-albion|chelsea,1819,2018-12-16,train
1819|2018-12-16|liverpool|manchester-united,1819,2018-12-16,train
1819|2018-12-16|southampton|arsenal,1819,2018-12-16,train
1819|2018-12-21|wolverhampton-wanderers|liverpool,1819,2018-12-21,train
1819|2018-12-22|afc-bournemouth|brighton-and-hove-albion,1819,2018-12-22,train
1819|2018-12-22|arsenal|burnley,1819,2018-12-22,train
1819|2018-12-22|cardiff-city|manchester-united,1819,2018-12-22,train
1819|2018-12-22|chelsea|leicester-city,1819,2018-12-22,train
1819|2018-12-22|huddersfield-town|southampton,1819,2018-12-22,train
1819|2018-12-22|manchester-city|crystal-palace,1819,2018-12-22,train
1819|2018-12-22|newcastle-united|fulham,1819,2018-12-22,train
1819|2018-12-22|west-ham-united|watford,1819,2018-12-22,train
1819|2018-12-23|everton|tottenham-hotspur,1819,2018-12-23,train
1819|2018-12-26|brighton-and-hove-albion|arsenal,1819,2018-12-26,train
1819|2018-12-26|burnley|everton,1819,2018-12-26,train
1819|2018-12-26|crystal-palace|cardiff-city,1819,2018-12-26,train
1819|2018-12-26|fulham|wolverhampton-wanderers,1819,2018-12-26,train
1819|2018-12-26|leicester-city|manchester-city,1819,2018-12-26,train
1819|2018-12-26|liverpool|newcastle-united,1819,2018-12-26,train
1819|2018-12-26|manchester-united|huddersfield-town,1819,2018-12-26,train
1819|2018-12-26|tottenham-hotspur|afc-bournemouth,1819,2018-12-26,train
1819|2018-12-26|watford|chelsea,1819,2018-12-26,train
1819|2018-12-27|southampton|west-ham-united,1819,2018-12-27,train
1819|2018-12-29|brighton-and-hove-albion|everton,1819,2018-12-29,train
1819|2018-12-29|fulham|huddersfield-town,1819,2018-12-29,train
1819|2018-12-29|leicester-city|cardiff-city,1819,2018-12-29,train
1819|2018-12-29|liverpool|arsenal,1819,2018-12-29,train
1819|2018-12-29|tottenham-hotspur|wolverhampton-wanderers,1819,2018-12-29,train
1819|2018-12-29|watford|newcastle-united,1819,2018-12-29,train
1819|2018-12-30|burnley|west-ham-united,1819,2018-12-30,train
1819|2018-12-30|crystal-palace|chelsea,1819,2018-12-30,train
1819|2018-12-30|manchester-united|afc-bournemouth,1819,2018-12-30,train
1819|2018-12-30|southampton|manchester-city,1819,2018-12-30,train
1819|2019-01-01|arsenal|fulham,1819,2019-01-01,train
1819|2019-01-01|cardiff-city|tottenham-hotspur,1819,2019-01-01,train
1819|2019-01-01|everton|leicester-city,1819,2019-01-01,train
1819|2019-01-02|afc-bournemouth|watford,1819,2019-01-02,train
1819|2019-01-02|chelsea|southampton,1819,2019-01-02,train
1819|2019-01-02|huddersfield-town|burnley,1819,2019-01-02,train
1819|2019-01-02|newcastle-united|manchester-united,1819,2019-01-02,train
1819|2019-01-02|west-ham-united|brighton-and-hove-albion,1819,2019-01-02,train
1819|2019-01-02|wolverhampton-wanderers|crystal-palace,1819,2019-01-02,train
1819|2019-01-03|manchester-city|liverpool,1819,2019-01-03,train
1819|2019-01-12|brighton-and-hove-albion|liverpool,1819,2019-01-12,train
1819|2019-01-12|burnley|fulham,1819,2019-01-12,train
1819|2019-01-12|cardiff-city|huddersfield-town,1819,2019-01-12,train
1819|2019-01-12|chelsea|newcastle-united,1819,2019-01-12,train
1819|2019-01-12|crystal-palace|watford,1819,2019-01-12,train
1819|2019-01-12|leicester-city|southampton,1819,2019-01-12,train
1819|2019-01-12|west-ham-united|arsenal,1819,2019-01-12,train
1819|2019-01-13|everton|afc-bournemouth,1819,2019-01-13,train
1819|2019-01-13|tottenham-hotspur|manchester-united,1819,2019-01-13,train
1819|2019-01-14|manchester-city|wolverhampton-wanderers,1819,2019-01-14,train
1819|2019-01-19|afc-bournemouth|west-ham-united,1819,2019-01-19,train
1819|2019-01-19|arsenal|chelsea,1819,2019-01-19,train
1819|2019-01-19|liverpool|crystal-palace,1819,2019-01-19,train
1819|2019-01-19|manchester-united|brighton-and-hove-albion,1819,2019-01-19,train
1819|2019-01-19|newcastle-united|cardiff-city,1819,2019-01-19,train
1819|2019-01-19|southampton|everton,1819,2019-01-19,train
1819|2019-01-19|watford|burnley,1819,2019-01-19,train
1819|2019-01-19|wolverhampton-wanderers|leicester-city,1819,2019-01-19,train
1819|2019-01-20|fulham|tottenham-hotspur,1819,2019-01-20,train
1819|2019-01-20|huddersfield-town|manchester-city,1819,2019-01-20,train
1819|2019-01-29|arsenal|cardiff-city,1819,2019-01-29,train
1819|2019-01-29|fulham|brighton-and-hove-albion,1819,2019-01-29,train
1819|2019-01-29|huddersfield-town|everton,1819,2019-01-29,train
1819|2019-01-29|manchester-united|burnley,1819,2019-01-29,train
1819|2019-01-29|newcastle-united|manchester-city,1819,2019-01-29,train
1819|2019-01-29|wolverhampton-wanderers|west-ham-united,1819,2019-01-29,train
1819|2019-01-30|afc-bournemouth|chelsea,1819,2019-01-30,train
1819|2019-01-30|liverpool|leicester-city,1819,2019-01-30,train
1819|2019-01-30|southampton|crystal-palace,1819,2019-01-30,train
1819|2019-01-30|tottenham-hotspur|watford,1819,2019-01-30,train
1819|2019-02-02|brighton-and-hove-albion|watford,1819,2019-02-02,train
1819|2019-02-02|burnley|southampton,1819,2019-02-02,train
1819|2019-02-02|cardiff-city|afc-bournemouth,1819,2019-02-02,train
1819|2019-02-02|chelsea|huddersfield-town,1819,2019-02-02,train
1819|2019-02-02|crystal-palace|fulham,1819,2019-02-02,train
1819|2019-02-02|everton|wolverhampton-wanderers,1819,2019-02-02,train
1819|2019-02-02|tottenham-hotspur|newcastle-united,1819,2019-02-02,train
1819|2019-02-03|leicester-city|manchester-united,1819,2019-02-03,train
1819|2019-02-03|manchester-city|arsenal,1819,2019-02-03,train
1819|2019-02-04|west-ham-united|liverpool,1819,2019-02-04,train
1819|2019-02-06|everton|manchester-city,1819,2019-02-06,train
1819|2019-02-09|brighton-and-hove-albion|burnley,1819,2019-02-09,train
1819|2019-02-09|crystal-palace|west-ham-united,1819,2019-02-09,train
1819|2019-02-09|fulham|manchester-united,1819,2019-02-09,train
1819|2019-02-09|huddersfield-town|arsenal,1819,2019-02-09,train
1819|2019-02-09|liverpool|afc-bournemouth,1819,2019-02-09,train
1819|2019-02-09|southampton|cardiff-city,1819,2019-02-09,train
1819|2019-02-09|watford|everton,1819,2019-02-09,train
1819|2019-02-10|manchester-city|chelsea,1819,2019-02-10,train
1819|2019-02-10|tottenham-hotspur|leicester-city,1819,2019-02-10,train
1819|2019-02-11|wolverhampton-wanderers|newcastle-united,1819,2019-02-11,train
1819|2019-02-22|cardiff-city|watford,1819,2019-02-22,train
1819|2019-02-22|west-ham-united|fulham,1819,2019-02-22,train
1819|2019-02-23|afc-bournemouth|wolverhampton-wanderers,1819,2019-02-23,train
1819|2019-02-23|burnley|tottenham-hotspur,1819,2019-02-23,train
1819|2019-02-23|leicester-city|crystal-palace,1819,2019-02-23,train
1819|2019-02-23|newcastle-united|huddersfield-town,1819,2019-02-23,train
1819|2019-02-24|arsenal|southampton,1819,2019-02-24,train
1819|2019-02-24|manchester-united|liverpool,1819,2019-02-24,train
1819|2019-02-26|cardiff-city|everton,1819,2019-02-26,train
1819|2019-02-26|huddersfield-town|wolverhampton-wanderers,1819,2019-02-26,train
1819|2019-02-26|leicester-city|brighton-and-hove-albion,1819,2019-02-26,train
1819|2019-02-26|newcastle-united|burnley,1819,2019-02-26,train
1819|2019-02-27|arsenal|afc-bournemouth,1819,2019-02-27,train
1819|2019-02-27|chelsea|tottenham-hotspur,1819,2019-02-27,train
1819|2019-02-27|crystal-palace|manchester-united,1819,2019-02-27,train
1819|2019-02-27|liverpool|watford,1819,2019-02-27,train
1819|2019-02-27|manchester-city|west-ham-united,1819,2019-02-27,train
1819|2019-02-27|southampton|fulham,1819,2019-02-27,train
1819|2019-03-02|afc-bournemouth|manchester-city,1819,2019-03-02,train
1819|2019-03-02|brighton-and-hove-albion|huddersfield-town,1819,2019-03-02,train
1819|2019-03-02|burnley|crystal-palace,1819,2019-03-02,train
1819|2019-03-02|manchester-united|southampton,1819,2019-03-02,train
1819|2019-03-02|tottenham-hotspur|arsenal,1819,2019-03-02,train
1819|2019-03-02|west-ham-united|newcastle-united,1819,2019-03-02,train
1819|2019-03-02|wolverhampton-wanderers|cardiff-city,1819,2019-03-02,train
1819|2019-03-03|everton|liverpool,1819,2019-03-03,train
1819|2019-03-03|fulham|chelsea,1819,2019-03-03,train
1819|2019-03-03|watford|leicester-city,1819,2019-03-03,train
1819|2019-03-09|cardiff-city|west-ham-united,1819,2019-03-09,train
1819|2019-03-09|crystal-palace|brighton-and-hove-albion,1819,2019-03-09,train
1819|2019-03-09|huddersfield-town|afc-bournemouth,1819,2019-03-09,train
1819|2019-03-09|leicester-city|fulham,1819,2019-03-09,train
1819|2019-03-09|manchester-city|watford,1819,2019-03-09,train
1819|2019-03-09|newcastle-united|everton,1819,2019-03-09,train
1819|2019-03-09|southampton|tottenham-hotspur,1819,2019-03-09,train
1819|2019-03-10|arsenal|manchester-united,1819,2019-03-10,train
1819|2019-03-10|chelsea|wolverhampton-wanderers,1819,2019-03-10,train
1819|2019-03-10|liverpool|burnley,1819,2019-03-10,train
1819|2019-03-16|afc-bournemouth|newcastle-united,1819,2019-03-16,train
1819|2019-03-16|burnley|leicester-city,1819,2019-03-16,train
1819|2019-03-16|west-ham-united|huddersfield-town,1819,2019-03-16,train
1819|2019-03-17|everton|chelsea,1819,2019-03-17,train
1819|2019-03-17|fulham|liverpool,1819,2019-03-17,train
1819|2019-03-30|brighton-and-hove-albion|southampton,1819,2019-03-30,train
1819|2019-03-30|burnley|wolverhampton-wanderers,1819,2019-03-30,train
1819|2019-03-30|crystal-palace|huddersfield-town,1819,2019-03-30,train
1819|2019-03-30|fulham|manchester-city,1819,2019-03-30,train
1819|2019-03-30|leicester-city|afc-bournemouth,1819,2019-03-30,train
1819|2019-03-30|manchester-united|watford,1819,2019-03-30,train
1819|2019-03-30|west-ham-united|everton,1819,2019-03-30,train
1819|2019-03-31|cardiff-city|chelsea,1819,2019-03-31,train
1819|2019-03-31|liverpool|tottenham-hotspur,1819,2019-03-31,train
1819|2019-04-01|arsenal|newcastle-united,1819,2019-04-01,train
1819|2019-04-02|watford|fulham,1819,2019-04-02,train
1819|2019-04-02|wolverhampton-wanderers|manchester-united,1819,2019-04-02,train
1819|2019-04-03|chelsea|brighton-and-hove-albion,1819,2019-04-03,train
1819|2019-04-03|manchester-city|cardiff-city,1819,2019-04-03,train
1819|2019-04-03|tottenham-hotspur|crystal-palace,1819,2019-04-03,train
1819|2019-04-05|southampton|liverpool,1819,2019-04-05,train
1819|2019-04-06|afc-bournemouth|burnley,1819,2019-04-06,train
1819|2019-04-06|huddersfield-town|leicester-city,1819,2019-04-06,train
1819|2019-04-06|newcastle-united|crystal-palace,1819,2019-04-06,train
1819|2019-04-07|everton|arsenal,1819,2019-04-07,train
1819|2019-04-08|chelsea|west-ham-united,1819,2019-04-08,train
1819|2019-04-12|leicester-city|newcastle-united,1819,2019-04-12,train
1819|2019-04-13|brighton-and-hove-albion|afc-bournemouth,1819,2019-04-13,train
1819|2019-04-13|burnley|cardiff-city,1819,2019-04-13,train
1819|2019-04-13|fulham|everton,1819,2019-04-13,train
1819|2019-04-13|manchester-united|west-ham-united,1819,2019-04-13,train
1819|2019-04-13|southampton|wolverhampton-wanderers,1819,2019-04-13,train
1819|2019-04-13|tottenham-hotspur|huddersfield-town,1819,2019-04-13,train
1819|2019-04-14|crystal-palace|manchester-city,1819,2019-04-14,train
1819|2019-04-14|liverpool|chelsea,1819,2019-04-14,train
1819|2019-04-15|watford|arsenal,1819,2019-04-15,train
1819|2019-04-16|brighton-and-hove-albion|cardiff-city,1819,2019-04-16,train
1819|2019-04-20|afc-bournemouth|fulham,1819,2019-04-20,train
1819|2019-04-20|huddersfield-town|watford,1819,2019-04-20,train
1819|2019-04-20|manchester-city|tottenham-hotspur,1819,2019-04-20,train
1819|2019-04-20|newcastle-united|southampton,1819,2019-04-20,train
1819|2019-04-20|west-ham-united|leicester-city,1819,2019-04-20,train
1819|2019-04-20|wolverhampton-wanderers|brighton-and-hove-albion,1819,2019-04-20,train
1819|2019-04-21|arsenal|crystal-palace,1819,2019-04-21,train
1819|2019-04-21|cardiff-city|liverpool,1819,2019-04-21,train
1819|2019-04-21|everton|manchester-united,1819,2019-04-21,train
1819|2019-04-22|chelsea|burnley,1819,2019-04-22,train
1819|2019-04-23|tottenham-hotspur|brighton-and-hove-albion,1819,2019-04-23,train
1819|2019-04-23|watford|southampton,1819,2019-04-23,train
1819|2019-04-24|manchester-united|manchester-city,1819,2019-04-24,train
1819|2019-04-24|wolverhampton-wanderers|arsenal,1819,2019-04-24,train
1819|2019-04-26|liverpool|huddersfield-town,1819,2019-04-26,train
1819|2019-04-27|brighton-and-hove-albion|newcastle-united,1819,2019-04-27,train
1819|2019-04-27|crystal-palace|everton,1819,2019-04-27,train
1819|2019-04-27|fulham|cardiff-city,1819,2019-04-27,train
1819|2019-04-27|southampton|afc-bournemouth,1819,2019-04-27,train
1819|2019-04-27|tottenham-hotspur|west-ham-united,1819,2019-04-27,train
1819|2019-04-27|watford|wolverhampton-wanderers,1819,2019-04-27,train
1819|2019-04-28|burnley|manchester-city,1819,2019-04-28,train
1819|2019-04-28|leicester-city|arsenal,1819,2019-04-28,train
1819|2019-04-28|manchester-united|chelsea,1819,2019-04-28,train
1819|2019-05-03|everton|burnley,1819,2019-05-03,train
1819|2019-05-04|afc-bournemouth|tottenham-hotspur,1819,2019-05-04,train
1819|2019-05-04|cardiff-city|crystal-palace,1819,2019-05-04,train
1819|2019-05-04|newcastle-united|liverpool,1819,2019-05-04,train
1819|2019-05-04|west-ham-united|southampton,1819,2019-05-04,train
1819|2019-05-04|wolverhampton-wanderers|fulham,1819,2019-05-04,train
1819|2019-05-05|arsenal|brighton-and-hove-albion,1819,2019-05-05,train
1819|2019-05-05|chelsea|watford,1819,2019-05-05,train
1819|2019-05-05|huddersfield-town|manchester-united,1819,2019-05-05,train
1819|2019-05-06|manchester-city|leicester-city,1819,2019-05-06,train
1819|2019-05-12|brighton-and-hove-albion|manchester-city,1819,2019-05-12,train
1819|2019-05-12|burnley|arsenal,1819,2019-05-12,train
1819|2019-05-12|crystal-palace|afc-bournemouth,1819,2019-05-12,train
1819|2019-05-12|fulham|newcastle-united,1819,2019-05-12,train
1819|2019-05-12|leicester-city|chelsea,1819,2019-05-12,train
1819|2019-05-12|liverpool|wolverhampton-wanderers,1819,2019-05-12,train
1819|2019-05-12|manchester-united|cardiff-city,1819,2019-05-12,train
1819|2019-05-12|southampton|huddersfield-town,1819,2019-05-12,train
1819|2019-05-12|tottenham-hotspur|everton,1819,2019-05-12,train
1819|2019-05-12|watford|west-ham-united,1819,2019-05-12,train
1920|2019-08-09|liverpool|norwich-city,1920,2019-08-09,train
1920|2019-08-10|afc-bournemouth|sheffield-united,1920,2019-08-10,train
1920|2019-08-10|burnley|southampton,1920,2019-08-10,train
1920|2019-08-10|crystal-palace|everton,1920,2019-08-10,train
1920|2019-08-10|tottenham-hotspur|aston-villa,1920,2019-08-10,train
1920|2019-08-10|watford|brighton-and-hove-albion,1920,2019-08-10,train
1920|2019-08-10|west-ham-united|manchester-city,1920,2019-08-10,train
1920|2019-08-11|leicester-city|wolverhampton-wanderers,1920,2019-08-11,train
1920|2019-08-11|manchester-united|chelsea,1920,2019-08-11,train
1920|2019-08-11|newcastle-united|arsenal,1920,2019-08-11,train
1920|2019-08-17|arsenal|burnley,1920,2019-08-17,train
1920|2019-08-17|aston-villa|afc-bournemouth,1920,2019-08-17,train
1920|2019-08-17|brighton-and-hove-albion|west-ham-united,1920,2019-08-17,train
1920|2019-08-17|everton|watford,1920,2019-08-17,train
1920|2019-08-17|manchester-city|tottenham-hotspur,1920,2019-08-17,train
1920|2019-08-17|norwich-city|newcastle-united,1920,2019-08-17,train
1920|2019-08-17|southampton|liverpool,1920,2019-08-17,train
1920|2019-08-18|chelsea|leicester-city,1920,2019-08-18,train
1920|2019-08-18|sheffield-united|crystal-palace,1920,2019-08-18,train
1920|2019-08-19|wolverhampton-wanderers|manchester-united,1920,2019-08-19,train
1920|2019-08-23|aston-villa|everton,1920,2019-08-23,train
1920|2019-08-24|brighton-and-hove-albion|southampton,1920,2019-08-24,train
1920|2019-08-24|liverpool|arsenal,1920,2019-08-24,train
1920|2019-08-24|manchester-united|crystal-palace,1920,2019-08-24,train
1920|2019-08-24|norwich-city|chelsea,1920,2019-08-24,train
1920|2019-08-24|sheffield-united|leicester-city,1920,2019-08-24,train
1920|2019-08-24|watford|west-ham-united,1920,2019-08-24,train
1920|2019-08-25|afc-bournemouth|manchester-city,1920,2019-08-25,train
1920|2019-08-25|tottenham-hotspur|newcastle-united,1920,2019-08-25,train
1920|2019-08-25|wolverhampton-wanderers|burnley,1920,2019-08-25,train
1920|2019-08-31|burnley|liverpool,1920,2019-08-31,train
1920|2019-08-31|chelsea|sheffield-united,1920,2019-08-31,train
1920|2019-08-31|crystal-palace|aston-villa,1920,2019-08-31,train
1920|2019-08-31|leicester-city|afc-bournemouth,1920,2019-08-31,train
1920|2019-08-31|manchester-city|brighton-and-hove-albion,1920,2019-08-31,train
1920|2019-08-31|newcastle-united|watford,1920,2019-08-31,train
1920|2019-08-31|southampton|manchester-united,1920,2019-08-31,train
1920|2019-08-31|west-ham-united|norwich-city,1920,2019-08-31,train
1920|2019-09-01|arsenal|tottenham-hotspur,1920,2019-09-01,train
1920|2019-09-01|everton|wolverhampton-wanderers,1920,2019-09-01,train
1920|2019-09-14|brighton-and-hove-albion|burnley,1920,2019-09-14,train
1920|2019-09-14|liverpool|newcastle-united,1920,2019-09-14,train
1920|2019-09-14|manchester-united|leicester-city,1920,2019-09-14,train
1920|2019-09-14|norwich-city|manchester-city,1920,2019-09-14,train
1920|2019-09-14|sheffield-united|southampton,1920,2019-09-14,train
1920|2019-09-14|tottenham-hotspur|crystal-palace,1920,2019-09-14,train
1920|2019-09-14|wolverhampton-wanderers|chelsea,1920,2019-09-14,train
1920|2019-09-15|afc-bournemouth|everton,1920,2019-09-15,train
1920|2019-09-15|watford|arsenal,1920,2019-09-15,train
1920|2019-09-16|aston-villa|west-ham-united,1920,2019-09-16,train
1920|2019-09-20|southampton|afc-bournemouth,1920,2019-09-20,train
1920|2019-09-21|burnley|norwich-city,1920,2019-09-21,train
1920|2019-09-21|everton|sheffield-united,1920,2019-09-21,train
1920|2019-09-21|leicester-city|tottenham-hotspur,1920,2019-09-21,train
1920|2019-09-21|manchester-city|watford,1920,2019-09-21,train
1920|2019-09-21|newcastle-united|brighton-and-hove-albion,1920,2019-09-21,train
1920|2019-09-22|arsenal|aston-villa,1920,2019-09-22,train
1920|2019-09-22|chelsea|liverpool,1920,2019-09-22,train
1920|2019-09-22|crystal-palace|wolverhampton-wanderers,1920,2019-09-22,train
1920|2019-09-22|west-ham-united|manchester-united,1920,2019-09-22,train
1920|2019-09-28|afc-bournemouth|west-ham-united,1920,2019-09-28,train
1920|2019-09-28|aston-villa|burnley,1920,2019-09-28,train
1920|2019-09-28|chelsea|brighton-and-hove-albion,1920,2019-09-28,train
1920|2019-09-28|crystal-palace|norwich-city,1920,2019-09-28,train
1920|2019-09-28|everton|manchester-city,1920,2019-09-28,train
1920|2019-09-28|sheffield-united|liverpool,1920,2019-09-28,train
1920|2019-09-28|tottenham-hotspur|southampton,1920,2019-09-28,train
1920|2019-09-28|wolverhampton-wanderers|watford,1920,2019-09-28,train
1920|2019-09-29|leicester-city|newcastle-united,1920,2019-09-29,train
1920|2019-09-30|manchester-united|arsenal,1920,2019-09-30,train
1920|2019-10-05|brighton-and-hove-albion|tottenham-hotspur,1920,2019-10-05,train
1920|2019-10-05|burnley|everton,1920,2019-10-05,train
1920|2019-10-05|liverpool|leicester-city,1920,2019-10-05,train
1920|2019-10-05|norwich-city|aston-villa,1920,2019-10-05,train
1920|2019-10-05|watford|sheffield-united,1920,2019-10-05,train
1920|2019-10-05|west-ham-united|crystal-palace,1920,2019-10-05,train
1920|2019-10-06|arsenal|afc-bournemouth,1920,2019-10-06,train
1920|2019-10-06|manchester-city|wolverhampton-wanderers,1920,2019-10-06,train
1920|2019-10-06|newcastle-united|manchester-united,1920,2019-10-06,train
1920|2019-10-06|southampton|chelsea,1920,2019-10-06,train
1920|2019-10-19|afc-bournemouth|norwich-city,1920,2019-10-19,train
1920|2019-10-19|aston-villa|brighton-and-hove-albion,1920,2019-10-19,train
1920|2019-10-19|chelsea|newcastle-united,1920,2019-10-19,train
1920|2019-10-19|crystal-palace|manchester-city,1920,2019-10-19,train
1920|2019-10-19|everton|west-ham-united,1920,2019-10-19,train
1920|2019-10-19|leicester-city|burnley,1920,2019-10-19,train
1920|2019-10-19|tottenham-hotspur|watford,1920,2019-10-19,train
1920|2019-10-19|wolverhampton-wanderers|southampton,1920,2019-10-19,train
1920|2019-10-20|manchester-united|liverpool,1920,2019-10-20,train
1920|2019-10-21|sheffield-united|arsenal,1920,2019-10-21,train
1920|2019-10-25|southampton|leicester-city,1920,2019-10-25,train
1920|2019-10-26|brighton-and-hove-albion|everton,1920,2019-10-26,train
1920|2019-10-26|burnley|chelsea,1920,2019-10-26,train
1920|2019-10-26|manchester-city|aston-villa,1920,2019-10-26,train
1920|2019-10-26|watford|afc-bournemouth,1920,2019-10-26,train
1920|2019-10-26|west-ham-united|sheffield-united,1920,2019-10-26,train
1920|2019-10-27|arsenal|crystal-palace,1920,2019-10-27,train
1920|2019-10-27|liverpool|tottenham-hotspur,1920,2019-10-27,train
1920|2019-10-27|newcastle-united|wolverhampton-wanderers,1920,2019-10-27,train
1920|2019-10-27|norwich-city|manchester-united,1920,2019-10-27,train
1920|2019-11-02|afc-bournemouth|manchester-united,1920,2019-11-02,train
1920|2019-11-02|arsenal|wolverhampton-wanderers,1920,2019-11-02,train
1920|2019-11-02|aston-villa|liverpool,1920,2019-11-02,train
1920|2019-11-02|brighton-and-hove-albion|norwich-city,1920,2019-11-02,train
1920|2019-11-02|manchester-city|southampton,1920,2019-11-02,train
1920|2019-11-02|sheffield-united|burnley,1920,2019-11-02,train
1920|2019-11-02|watford|chelsea,1920,2019-11-02,train
1920|2019-11-02|west-ham-united|newcastle-united,1920,2019-11-02,train
1920|2019-11-03|crystal-palace|leicester-city,1920,2019-11-03,train
1920|2019-11-03|everton|tottenham-hotspur,1920,2019-11-03,train
1920|2019-11-08|norwich-city|watford,1920,2019-11-08,train
1920|2019-11-09|burnley|west-ham-united,1920,2019-11-09,train
1920|2019-11-09|chelsea|crystal-palace,1920,2019-11-09,train
1920|2019-11-09|leicester-city|arsenal,1920,2019-11-09,train
1920|2019-11-09|newcastle-united|afc-bournemouth,1920,2019-11-09,train
1920|2019-11-09|southampton|everton,1920,2019-11-09,train
1920|2019-11-09|tottenham-hotspur|sheffield-united,1920,2019-11-09,train
1920|2019-11-10|liverpool|manchester-city,1920,2019-11-10,train
1920|2019-11-10|manchester-united|brighton-and-hove-albion,1920,2019-11-10,train
1920|2019-11-10|wolverhampton-wanderers|aston-villa,1920,2019-11-10,train
1920|2019-11-23|afc-bournemouth|wolverhampton-wanderers,1920,2019-11-23,train
1920|2019-11-23|arsenal|southampton,1920,2019-11-23,train
1920|2019-11-23|brighton-and-hove-albion|leicester-city,1920,2019-11-23,train
1920|2019-11-23|crystal-palace|liverpool,1920,2019-11-23,train
1920|2019-11-23|everton|norwich-city,1920,2019-11-23,train
1920|2019-11-23|manchester-city|chelsea,1920,2019-11-23,train
1920|2019-11-23|watford|burnley,1920,2019-11-23,train
1920|2019-11-23|west-ham-united|tottenham-hotspur,1920,2019-11-23,train
1920|2019-11-24|sheffield-united|manchester-united,1920,2019-11-24,train
1920|2019-11-25|aston-villa|newcastle-united,1920,2019-11-25,train
1920|2019-11-30|burnley|crystal-palace,1920,2019-11-30,train
1920|2019-11-30|chelsea|west-ham-united,1920,2019-11-30,train
1920|2019-11-30|liverpool|brighton-and-hove-albion,1920,2019-11-30,train
1920|2019-11-30|newcastle-united|manchester-city,1920,2019-11-30,train
1920|2019-11-30|southampton|watford,1920,2019-11-30,train
1920|2019-11-30|tottenham-hotspur|afc-bournemouth,1920,2019-11-30,train
1920|2019-12-01|leicester-city|everton,1920,2019-12-01,train
1920|2019-12-01|manchester-united|aston-villa,1920,2019-12-01,train
1920|2019-12-01|norwich-city|arsenal,1920,2019-12-01,train
1920|2019-12-01|wolverhampton-wanderers|sheffield-united,1920,2019-12-01,train
1920|2019-12-03|burnley|manchester-city,1920,2019-12-03,train
1920|2019-12-03|crystal-palace|afc-bournemouth,1920,2019-12-03,train
1920|2019-12-04|chelsea|aston-villa,1920,2019-12-04,train
1920|2019-12-04|leicester-city|watford,1920,2019-12-04,train
1920|2019-12-04|liverpool|everton,1920,2019-12-04,train
1920|2019-12-04|manchester-united|tottenham-hotspur,1920,2019-12-04,train
1920|2019-12-04|southampton|norwich-city,1920,2019-12-04,train
1920|2019-12-04|wolverhampton-wanderers|west-ham-united,1920,2019-12-04,train
1920|2019-12-05|arsenal|brighton-and-hove-albion,1920,2019-12-05,train
1920|2019-12-05|sheffield-united|newcastle-united,1920,2019-12-05,train
1920|2019-12-07|afc-bournemouth|liverpool,1920,2019-12-07,train
1920|2019-12-07|everton|chelsea,1920,2019-12-07,train
1920|2019-12-07|manchester-city|manchester-united,1920,2019-12-07,train
1920|2019-12-07|tottenham-hotspur|burnley,1920,2019-12-07,train
1920|2019-12-07|watford|crystal-palace,1920,2019-12-07,train
1920|2019-12-08|aston-villa|leicester-city,1920,2019-12-08,train
1920|2019-12-08|brighton-and-hove-albion|wolverhampton-wanderers,1920,2019-12-08,train
1920|2019-12-08|newcastle-united|southampton,1920,2019-12-08,train
1920|2019-12-08|norwich-city|sheffield-united,1920,2019-12-08,train
1920|2019-12-09|west-ham-united|arsenal,1920,2019-12-09,train
1920|2019-12-14|burnley|newcastle-united,1920,2019-12-14,train
1920|2019-12-14|chelsea|afc-bournemouth,1920,2019-12-14,train
1920|2019-12-14|leicester-city|norwich-city,1920,2019-12-14,train
1920|2019-12-14|liverpool|watford,1920,2019-12-14,train
1920|2019-12-14|sheffield-united|aston-villa,1920,2019-12-14,train
1920|2019-12-14|southampton|west-ham-united,1920,2019-12-14,train
1920|2019-12-15|arsenal|manchester-city,1920,2019-12-15,train
1920|2019-12-15|manchester-united|everton,1920,2019-12-15,train
1920|2019-12-15|wolverhampton-wanderers|tottenham-hotspur,1920,2019-12-15,train
1920|2019-12-16|crystal-palace|brighton-and-hove-albion,1920,2019-12-16,train
1920|2019-12-21|afc-bournemouth|burnley,1920,2019-12-21,train
1920|2019-12-21|aston-villa|southampton,1920,2019-12-21,train
1920|2019-12-21|brighton-and-hove-albion|sheffield-united,1920,2019-12-21,train
1920|2019-12-21|everton|arsenal,1920,2019-12-21,train
1920|2019-12-21|manchester-city|leicester-city,1920,2019-12-21,train
1920|2019-12-21|newcastle-united|crystal-palace,1920,2019-12-21,train
1920|2019-12-21|norwich-city|wolverhampton-wanderers,1920,2019-12-21,train
1920|2019-12-22|tottenham-hotspur|chelsea,1920,2019-12-22,train
1920|2019-12-22|watford|manchester-united,1920,2019-12-22,train
1920|2019-12-26|afc-bournemouth|arsenal,1920,2019-12-26,train
1920|2019-12-26|aston-villa|norwich-city,1920,2019-12-26,train
1920|2019-12-26|chelsea|southampton,1920,2019-12-26,train
1920|2019-12-26|crystal-palace|west-ham-united,1920,2019-12-26,train
1920|2019-12-26|everton|burnley,1920,2019-12-26,train
1920|2019-12-26|leicester-city|liverpool,1920,2019-12-26,train
1920|2019-12-26|manchester-united|newcastle-united,1920,2019-12-26,train
1920|2019-12-26|sheffield-united|watford,1920,2019-12-26,train
1920|2019-12-26|tottenham-hotspur|brighton-and-hove-albion,1920,2019-12-26,train
1920|2019-12-27|wolverhampton-wanderers|manchester-city,1920,2019-12-27,train
1920|2019-12-28|brighton-and-hove-albion|afc-bournemouth,1920,2019-12-28,train
1920|2019-12-28|burnley|manchester-united,1920,2019-12-28,train
1920|2019-12-28|newcastle-united|everton,1920,2019-12-28,train
1920|2019-12-28|norwich-city|tottenham-hotspur,1920,2019-12-28,train
1920|2019-12-28|southampton|crystal-palace,1920,2019-12-28,train
1920|2019-12-28|watford|aston-villa,1920,2019-12-28,train
1920|2019-12-28|west-ham-united|leicester-city,1920,2019-12-28,train
1920|2019-12-29|arsenal|chelsea,1920,2019-12-29,train
1920|2019-12-29|liverpool|wolverhampton-wanderers,1920,2019-12-29,train
1920|2019-12-29|manchester-city|sheffield-united,1920,2019-12-29,train
1920|2020-01-01|arsenal|manchester-united,1920,2020-01-01,train
1920|2020-01-01|brighton-and-hove-albion|chelsea,1920,2020-01-01,train
1920|2020-01-01|burnley|aston-villa,1920,2020-01-01,train
1920|2020-01-01|manchester-city|everton,1920,2020-01-01,train
1920|2020-01-01|newcastle-united|leicester-city,1920,2020-01-01,train
1920|2020-01-01|norwich-city|crystal-palace,1920,2020-01-01,train
1920|2020-01-01|southampton|tottenham-hotspur,1920,2020-01-01,train
1920|2020-01-01|watford|wolverhampton-wanderers,1920,2020-01-01,train
1920|2020-01-01|west-ham-united|afc-bournemouth,1920,2020-01-01,train
1920|2020-01-02|liverpool|sheffield-united,1920,2020-01-02,train
1920|2020-01-10|sheffield-united|west-ham-united,1920,2020-01-10,train
1920|2020-01-11|chelsea|burnley,1920,2020-01-11,train
1920|2020-01-11|crystal-palace|arsenal,1920,2020-01-11,train
1920|2020-01-11|everton|brighton-and-hove-albion,1920,2020-01-11,train
1920|2020-01-11|leicester-city|southampton,1920,2020-01-11,train
1920|2020-01-11|manchester-united|norwich-city,1920,2020-01-11,train
1920|2020-01-11|tottenham-hotspur|liverpool,1920,2020-01-11,train
1920|2020-01-11|wolverhampton-wanderers|newcastle-united,1920,2020-01-11,train
1920|2020-01-12|afc-bournemouth|watford,1920,2020-01-12,train
1920|2020-01-12|aston-villa|manchester-city,1920,2020-01-12,train
1920|2020-01-18|arsenal|sheffield-united,1920,2020-01-18,train
1920|2020-01-18|brighton-and-hove-albion|aston-villa,1920,2020-01-18,train
1920|2020-01-18|manchester-city|crystal-palace,1920,2020-01-18,train
1920|2020-01-18|newcastle-united|chelsea,1920,2020-01-18,train
1920|2020-01-18|norwich-city|afc-bournemouth,1920,2020-01-18,train
1920|2020-01-18|southampton|wolverhampton-wanderers,1920,2020-01-18,train
1920|2020-01-18|watford|tottenham-hotspur,1920,2020-01-18,train
1920|2020-01-18|west-ham-united|everton,1920,2020-01-18,train
1920|2020-01-19|burnley|leicester-city,1920,2020-01-19,train
1920|2020-01-19|liverpool|manchester-united,1920,2020-01-19,train
1920|2020-01-21|afc-bournemouth|brighton-and-hove-albion,1920,2020-01-21,train
1920|2020-01-21|aston-villa|watford,1920,2020-01-21,train
1920|2020-01-21|chelsea|arsenal,1920,2020-01-21,train
1920|2020-01-21|crystal-palace|southampton,1920,2020-01-21,train
1920|2020-01-21|everton|newcastle-united,1920,2020-01-21,train
1920|2020-01-21|sheffield-united|manchester-city,1920,2020-01-21,train
1920|2020-01-22|leicester-city|west-ham-united,1920,2020-01-22,train
1920|2020-01-22|manchester-united|burnley,1920,2020-01-22,train
1920|2020-01-22|tottenham-hotspur|norwich-city,1920,2020-01-22,train
1920|2020-01-23|wolverhampton-wanderers|liverpool,1920,2020-01-23,train
1920|2020-01-29|west-ham-united|liverpool,1920,2020-01-29,train
1920|2020-02-01|afc-bournemouth|aston-villa,1920,2020-02-01,train
1920|2020-02-01|crystal-palace|sheffield-united,1920,2020-02-01,train
1920|2020-02-01|leicester-city|chelsea,1920,2020-02-01,train
1920|2020-02-01|liverpool|southampton,1920,2020-02-01,train
1920|2020-02-01|manchester-united|wolverhampton-wanderers,1920,2020-02-01,train
1920|2020-02-01|newcastle-united|norwich-city,1920,2020-02-01,train
1920|2020-02-01|watford|everton,1920,2020-02-01,train
1920|2020-02-01|west-ham-united|brighton-and-hove-albion,1920,2020-02-01,train
1920|2020-02-02|burnley|arsenal,1920,2020-02-02,train
1920|2020-02-02|tottenham-hotspur|manchester-city,1920,2020-02-02,train
1920|2020-02-08|brighton-and-hove-albion|watford,1920,2020-02-08,train
1920|2020-02-08|everton|crystal-palace,1920,2020-02-08,train
1920|2020-02-09|sheffield-united|afc-bournemouth,1920,2020-02-09,train
1920|2020-02-14|wolverhampton-wanderers|leicester-city,1920,2020-02-14,train
1920|2020-02-15|norwich-city|liverpool,1920,2020-02-15,train
1920|2020-02-15|southampton|burnley,1920,2020-02-15,train
1920|2020-02-16|arsenal|newcastle-united,1920,2020-02-16,train
1920|2020-02-16|aston-villa|tottenham-hotspur,1920,2020-02-16,train
1920|2020-02-17|chelsea|manchester-united,1920,2020-02-17,train
1920|2020-02-19|manchester-city|west-ham-united,1920,2020-02-19,train
1920|2020-02-22|burnley|afc-bournemouth,1920,2020-02-22,train
1920|2020-02-22|chelsea|tottenham-hotspur,1920,2020-02-22,train
1920|2020-02-22|crystal-palace|newcastle-united,1920,2020-02-22,train
1920|2020-02-22|leicester-city|manchester-city,1920,2020-02-22,train
1920|2020-02-22|sheffield-united|brighton-and-hove-albion,1920,2020-02-22,train
1920|2020-02-22|southampton|aston-villa,1920,2020-02-22,train
1920|2020-02-23|arsenal|everton,1920,2020-02-23,train
1920|2020-02-23|manchester-united|watford,1920,2020-02-23,train
1920|2020-02-23|wolverhampton-wanderers|norwich-city,1920,2020-02-23,train
1920|2020-02-24|liverpool|west-ham-united,1920,2020-02-24,train
1920|2020-02-28|norwich-city|leicester-city,1920,2020-02-28,train
1920|2020-02-29|afc-bournemouth|chelsea,1920,2020-02-29,train
1920|2020-02-29|brighton-and-hove-albion|crystal-palace,1920,2020-02-29,train
1920|2020-02-29|newcastle-united|burnley,1920,2020-02-29,train
1920|2020-02-29|watford|liverpool,1920,2020-02-29,train
1920|2020-02-29|west-ham-united|southampton,1920,2020-02-29,train
1920|2020-03-01|everton|manchester-united,1920,2020-03-01,train
1920|2020-03-01|tottenham-hotspur|wolverhampton-wanderers,1920,2020-03-01,train
1920|2020-03-07|arsenal|west-ham-united,1920,2020-03-07,train
1920|2020-03-07|burnley|tottenham-hotspur,1920,2020-03-07,train
1920|2020-03-07|crystal-palace|watford,1920,2020-03-07,train
1920|2020-03-07|liverpool|afc-bournemouth,1920,2020-03-07,train
1920|2020-03-07|sheffield-united|norwich-city,1920,2020-03-07,train
1920|2020-03-07|southampton|newcastle-united,1920,2020-03-07,train
1920|2020-03-07|wolverhampton-wanderers|brighton-and-hove-albion,1920,2020-03-07,train
1920|2020-03-08|chelsea|everton,1920,2020-03-08,train
1920|2020-03-08|manchester-united|manchester-city,1920,2020-03-08,train
1920|2020-03-09|leicester-city|aston-villa,1920,2020-03-09,train
1920|2020-06-17|aston-villa|sheffield-united,1920,2020-06-17,train
1920|2020-06-17|manchester-city|arsenal,1920,2020-06-17,train
1920|2020-06-19|norwich-city|southampton,1920,2020-06-19,train
1920|2020-06-19|tottenham-hotspur|manchester-united,1920,2020-06-19,train
1920|2020-06-20|afc-bournemouth|crystal-palace,1920,2020-06-20,train
1920|2020-06-20|brighton-and-hove-albion|arsenal,1920,2020-06-20,train
1920|2020-06-20|watford|leicester-city,1920,2020-06-20,train
1920|2020-06-20|west-ham-united|wolverhampton-wanderers,1920,2020-06-20,train
1920|2020-06-21|aston-villa|chelsea,1920,2020-06-21,train
1920|2020-06-21|everton|liverpool,1920,2020-06-21,train
1920|2020-06-21|newcastle-united|sheffield-united,1920,2020-06-21,train
1920|2020-06-22|manchester-city|burnley,1920,2020-06-22,train
1920|2020-06-23|leicester-city|brighton-and-hove-albion,1920,2020-06-23,train
1920|2020-06-23|tottenham-hotspur|west-ham-united,1920,2020-06-23,train
1920|2020-06-24|liverpool|crystal-palace,1920,2020-06-24,train
1920|2020-06-24|manchester-united|sheffield-united,1920,2020-06-24,train
1920|2020-06-24|newcastle-united|aston-villa,1920,2020-06-24,train
1920|2020-06-24|norwich-city|everton,1920,2020-06-24,train
1920|2020-06-24|wolverhampton-wanderers|afc-bournemouth,1920,2020-06-24,train
1920|2020-06-25|burnley|watford,1920,2020-06-25,train
1920|2020-06-25|chelsea|manchester-city,1920,2020-06-25,train
1920|2020-06-25|southampton|arsenal,1920,2020-06-25,train
1920|2020-06-27|aston-villa|wolverhampton-wanderers,1920,2020-06-27,train
1920|2020-06-28|watford|southampton,1920,2020-06-28,train
1920|2020-06-29|crystal-palace|burnley,1920,2020-06-29,train
1920|2020-06-30|brighton-and-hove-albion|manchester-united,1920,2020-06-30,train
1920|2020-07-01|afc-bournemouth|newcastle-united,1920,2020-07-01,train
1920|2020-07-01|arsenal|norwich-city,1920,2020-07-01,train
1920|2020-07-01|everton|leicester-city,1920,2020-07-01,train
1920|2020-07-01|west-ham-united|chelsea,1920,2020-07-01,train
1920|2020-07-02|manchester-city|liverpool,1920,2020-07-02,train
1920|2020-07-02|sheffield-united|tottenham-hotspur,1920,2020-07-02,train
1920|2020-07-04|chelsea|watford,1920,2020-07-04,train
1920|2020-07-04|leicester-city|crystal-palace,1920,2020-07-04,train
1920|2020-07-04|manchester-united|afc-bournemouth,1920,2020-07-04,train
1920|2020-07-04|norwich-city|brighton-and-hove-albion,1920,2020-07-04,train
1920|2020-07-04|wolverhampton-wanderers|arsenal,1920,2020-07-04,train
1920|2020-07-05|burnley|sheffield-united,1920,2020-07-05,train
1920|2020-07-05|liverpool|aston-villa,1920,2020-07-05,train
1920|2020-07-05|newcastle-united|west-ham-united,1920,2020-07-05,train
1920|2020-07-05|southampton|manchester-city,1920,2020-07-05,train
1920|2020-07-06|tottenham-hotspur|everton,1920,2020-07-06,train
1920|2020-07-07|arsenal|leicester-city,1920,2020-07-07,train
1920|2020-07-07|crystal-palace|chelsea,1920,2020-07-07,train
1920|2020-07-07|watford|norwich-city,1920,2020-07-07,train
1920|2020-07-08|brighton-and-hove-albion|liverpool,1920,2020-07-08,train
1920|2020-07-08|manchester-city|newcastle-united,1920,2020-07-08,train
1920|2020-07-08|sheffield-united|wolverhampton-wanderers,1920,2020-07-08,train
1920|2020-07-08|west-ham-united|burnley,1920,2020-07-08,train
1920|2020-07-09|afc-bournemouth|tottenham-hotspur,1920,2020-07-09,train
1920|2020-07-09|aston-villa|manchester-united,1920,2020-07-09,train
1920|2020-07-09|everton|southampton,1920,2020-07-09,train
1920|2020-07-11|brighton-and-hove-albion|manchester-city,1920,2020-07-11,train
1920|2020-07-11|liverpool|burnley,1920,2020-07-11,train
1920|2020-07-11|norwich-city|west-ham-united,1920,2020-07-11,train
1920|2020-07-11|sheffield-united|chelsea,1920,2020-07-11,train
1920|2020-07-11|watford|newcastle-united,1920,2020-07-11,train
1920|2020-07-12|afc-bournemouth|leicester-city,1920,2020-07-12,train
1920|2020-07-12|aston-villa|crystal-palace,1920,2020-07-12,train
1920|2020-07-12|tottenham-hotspur|arsenal,1920,2020-07-12,train
1920|2020-07-12|wolverhampton-wanderers|everton,1920,2020-07-12,train
1920|2020-07-13|manchester-united|southampton,1920,2020-07-13,train
1920|2020-07-14|chelsea|norwich-city,1920,2020-07-14,train
1920|2020-07-15|arsenal|liverpool,1920,2020-07-15,train
1920|2020-07-15|burnley|wolverhampton-wanderers,1920,2020-07-15,train
1920|2020-07-15|manchester-city|afc-bournemouth,1920,2020-07-15,train
1920|2020-07-15|newcastle-united|tottenham-hotspur,1920,2020-07-15,train
1920|2020-07-16|crystal-palace|manchester-united,1920,2020-07-16,train
1920|2020-07-16|everton|aston-villa,1920,2020-07-16,train
1920|2020-07-16|leicester-city|sheffield-united,1920,2020-07-16,train
1920|2020-07-16|southampton|brighton-and-hove-albion,1920,2020-07-16,train
1920|2020-07-17|west-ham-united|watford,1920,2020-07-17,train
1920|2020-07-18|norwich-city|burnley,1920,2020-07-18,train
1920|2020-07-19|afc-bournemouth|southampton,1920,2020-07-19,train
1920|2020-07-19|tottenham-hotspur|leicester-city,1920,2020-07-19,train
1920|2020-07-20|brighton-and-hove-albion|newcastle-united,1920,2020-07-20,train
1920|2020-07-20|sheffield-united|everton,1920,2020-07-20,train
1920|2020-07-20|wolverhampton-wanderers|crystal-palace,1920,2020-07-20,train
1920|2020-07-21|aston-villa|arsenal,1920,2020-07-21,train
1920|2020-07-21|watford|manchester-city,1920,2020-07-21,train
1920|2020-07-22|liverpool|chelsea,1920,2020-07-22,train
1920|2020-07-22|manchester-united|west-ham-united,1920,2020-07-22,train
1920|2020-07-26|arsenal|watford,1920,2020-07-26,train
1920|2020-07-26|burnley|brighton-and-hove-albion,1920,2020-07-26,train
1920|2020-07-26|chelsea|wolverhampton-wanderers,1920,2020-07-26,train
1920|2020-07-26|crystal-palace|tottenham-hotspur,1920,2020-07-26,train
1920|2020-07-26|everton|afc-bournemouth,1920,2020-07-26,train
1920|2020-07-26|leicester-city|manchester-united,1920,2020-07-26,train
1920|2020-07-26|manchester-city|norwich-city,1920,2020-07-26,train
1920|2020-07-26|newcastle-united|liverpool,1920,2020-07-26,train
1920|2020-07-26|southampton|sheffield-united,1920,2020-07-26,train
1920|2020-07-26|west-ham-united|aston-villa,1920,2020-07-26,train
2021|2020-09-12|crystal-palace|southampton,2021,2020-09-12,train
2021|2020-09-12|fulham|arsenal,2021,2020-09-12,train
2021|2020-09-12|liverpool|leeds-united,2021,2020-09-12,train
2021|2020-09-12|west-ham-united|newcastle-united,2021,2020-09-12,train
2021|2020-09-13|tottenham-hotspur|everton,2021,2020-09-13,train
2021|2020-09-13|west-bromwich-albion|leicester-city,2021,2020-09-13,train
2021|2020-09-14|brighton-and-hove-albion|chelsea,2021,2020-09-14,train
2021|2020-09-14|sheffield-united|wolverhampton-wanderers,2021,2020-09-14,train
2021|2020-09-19|arsenal|west-ham-united,2021,2020-09-19,train
2021|2020-09-19|everton|west-bromwich-albion,2021,2020-09-19,train
2021|2020-09-19|leeds-united|fulham,2021,2020-09-19,train
2021|2020-09-19|manchester-united|crystal-palace,2021,2020-09-19,train
2021|2020-09-20|chelsea|liverpool,2021,2020-09-20,train
2021|2020-09-20|leicester-city|burnley,2021,2020-09-20,train
2021|2020-09-20|newcastle-united|brighton-and-hove-albion,2021,2020-09-20,train
2021|2020-09-20|southampton|tottenham-hotspur,2021,2020-09-20,train
2021|2020-09-21|aston-villa|sheffield-united,2021,2020-09-21,train
2021|2020-09-21|wolverhampton-wanderers|manchester-city,2021,2020-09-21,train
2021|2020-09-26|brighton-and-hove-albion|manchester-united,2021,2020-09-26,train
2021|2020-09-26|burnley|southampton,2021,2020-09-26,train
2021|2020-09-26|crystal-palace|everton,2021,2020-09-26,train
2021|2020-09-26|west-bromwich-albion|chelsea,2021,2020-09-26,train
2021|2020-09-27|manchester-city|leicester-city,2021,2020-09-27,train
2021|2020-09-27|sheffield-united|leeds-united,2021,2020-09-27,train
2021|2020-09-27|tottenham-hotspur|newcastle-united,2021,2020-09-27,train
2021|2020-09-27|west-ham-united|wolverhampton-wanderers,2021,2020-09-27,train
2021|2020-09-28|fulham|aston-villa,2021,2020-09-28,train
2021|2020-09-28|liverpool|arsenal,2021,2020-09-28,train
2021|2020-10-03|chelsea|crystal-palace,2021,2020-10-03,train
2021|2020-10-03|everton|brighton-and-hove-albion,2021,2020-10-03,train
2021|2020-10-03|leeds-united|manchester-city,2021,2020-10-03,train
2021|2020-10-03|newcastle-united|burnley,2021,2020-10-03,train
2021|2020-10-04|arsenal|sheffield-united,2021,2020-10-04,train
2021|2020-10-04|aston-villa|liverpool,2021,2020-10-04,train
2021|2020-10-04|leicester-city|west-ham-united,2021,2020-10-04,train
2021|2020-10-04|manchester-united|tottenham-hotspur,2021,2020-10-04,train
2021|2020-10-04|southampton|west-bromwich-albion,2021,2020-10-04,train
2021|2020-10-04|wolverhampton-wanderers|fulham,2021,2020-10-04,train
2021|2020-10-17|chelsea|southampton,2021,2020-10-17,train
2021|2020-10-17|everton|liverpool,2021,2020-10-17,train
2021|2020-10-17|manchester-city|arsenal,2021,2020-10-17,train
2021|2020-10-17|newcastle-united|manchester-united,2021,2020-10-17,train
2021|2020-10-18|crystal-palace|brighton-and-hove-albion,2021,2020-10-18,train
2021|2020-10-18|leicester-city|aston-villa,2021,2020-10-18,train
2021|2020-10-18|sheffield-united|fulham,2021,2020-10-18,train
2021|2020-10-18|tottenham-hotspur|west-ham-united,2021,2020-10-18,train
2021|2020-10-19|leeds-united|wolverhampton-wanderers,2021,2020-10-19,train
2021|2020-10-19|west-bromwich-albion|burnley,2021,2020-10-19,train
2021|2020-10-23|aston-villa|leeds-united,2021,2020-10-23,train
2021|2020-10-24|fulham|crystal-palace,2021,2020-10-24,train
2021|2020-10-24|liverpool|sheffield-united,2021,2020-10-24,train
2021|2020-10-24|manchester-united|chelsea,2021,2020-10-24,train
2021|2020-10-24|west-ham-united|manchester-city,2021,2020-10-24,train
2021|2020-10-25|arsenal|leicester-city,2021,2020-10-25,train
2021|2020-10-25|southampton|everton,2021,2020-10-25,train
2021|2020-10-25|wolverhampton-wanderers|newcastle-united,2021,2020-10-25,train
2021|2020-10-26|brighton-and-hove-albion|west-bromwich-albion,2021,2020-10-26,train
2021|2020-10-26|burnley|tottenham-hotspur,2021,2020-10-26,train
2021|2020-10-30|wolverhampton-wanderers|crystal-palace,2021,2020-10-30,train
2021|2020-10-31|burnley|chelsea,2021,2020-10-31,train
2021|2020-10-31|liverpool|west-ham-united,2021,2020-10-31,train
2021|2020-10-31|sheffield-united|manchester-city,2021,2020-10-31,train
2021|2020-11-01|aston-villa|southampton,2021,2020-11-01,train
2021|2020-11-01|manchester-united|arsenal,2021,2020-11-01,train
2021|2020-11-01|newcastle-united|everton,2021,2020-11-01,train
2021|2020-11-01|tottenham-hotspur|brighton-and-hove-albion,2021,2020-11-01,train
2021|2020-11-02|fulham|west-bromwich-albion,2021,2020-11-02,train
2021|2020-11-02|leeds-united|leicester-city,2021,2020-11-02,train
2021|2020-11-06|brighton-and-hove-albion|burnley,2021,2020-11-06,train
2021|2020-11-06|southampton|newcastle-united,2021,2020-11-06,train
2021|2020-11-07|chelsea|sheffield-united,2021,2020-11-07,train
2021|2020-11-07|crystal-palace|leeds-united,2021,2020-11-07,train
2021|2020-11-07|everton|manchester-united,2021,2020-11-07,train
2021|2020-11-07|west-ham-united|fulham,2021,2020-11-07,train
2021|2020-11-08|arsenal|aston-villa,2021,2020-11-08,train
2021|2020-11-08|leicester-city|wolverhampton-wanderers,2021,2020-11-08,train
2021|2020-11-08|manchester-city|liverpool,2021,2020-11-08,train
2021|2020-11-08|west-bromwich-albion|tottenham-hotspur,2021,2020-11-08,train
2021|2020-11-21|aston-villa|brighton-and-hove-albion,2021,2020-11-21,train
2021|2020-11-21|manchester-united|west-bromwich-albion,2021,2020-11-21,train
2021|2020-11-21|newcastle-united|chelsea,2021,2020-11-21,train
2021|2020-11-21|tottenham-hotspur|manchester-city,2021,2020-11-21,train
2021|2020-11-22|fulham|everton,2021,2020-11-22,train
2021|2020-11-22|leeds-united|arsenal,2021,2020-11-22,train
2021|2020-11-22|liverpool|leicester-city,2021,2020-11-22,train
2021|2020-11-22|sheffield-united|west-ham-united,2021,2020-11-22,train
2021|2020-11-23|burnley|crystal-palace,2021,2020-11-23,train
2021|2020-11-23|wolverhampton-wanderers|southampton,2021,2020-11-23,train
2021|2020-11-27|crystal-palace|newcastle-united,2021,2020-11-27,train
2021|2020-11-28|brighton-and-hove-albion|liverpool,2021,2020-11-28,train
2021|2020-11-28|everton|leeds-united,2021,2020-11-28,train
2021|2020-11-28|manchester-city|burnley,2021,2020-11-28,train
2021|2020-11-28|west-bromwich-albion|sheffield-united,2021,2020-11-28,train
2021|2020-11-29|arsenal|wolverhampton-wanderers,2021,2020-11-29,train
2021|2020-11-29|chelsea|tottenham-hotspur,2021,2020-11-29,train
2021|2020-11-29|southampton|manchester-united,2021,2020-11-29,train
2021|2020-11-30|leicester-city|fulham,2021,2020-11-30,train
2021|2020-11-30|west-ham-united|aston-villa,2021,2020-11-30,train
2021|2020-12-05|burnley|everton,2021,2020-12-05,train
2021|2020-12-05|chelsea|leeds-united,2021,2020-12-05,train
2021|2020-12-05|manchester-city|fulham,2021,2020-12-05,train
2021|2020-12-05|west-ham-united|manchester-united,2021,2020-12-05,train
2021|2020-12-06|liverpool|wolverhampton-wanderers,2021,2020-12-06,train
2021|2020-12-06|sheffield-united|leicester-city,2021,2020-12-06,train
2021|2020-12-06|tottenham-hotspur|arsenal,2021,2020-12-06,train
2021|2020-12-06|west-bromwich-albion|crystal-palace,2021,2020-12-06,train
2021|2020-12-07|brighton-and-hove-albion|southampton,2021,2020-12-07,train
2021|2020-12-11|leeds-united|west-ham-united,2021,2020-12-11,train
2021|2020-12-12|everton|chelsea,2021,2020-12-12,train
2021|2020-12-12|manchester-united|manchester-city,2021,2020-12-12,train
2021|2020-12-12|newcastle-united|west-bromwich-albion,2021,2020-12-12,train
2021|2020-12-12|wolverhampton-wanderers|aston-villa,2021,2020-12-12,train
2021|2020-12-13|arsenal|burnley,2021,2020-12-13,train
2021|2020-12-13|crystal-palace|tottenham-hotspur,2021,2020-12-13,train
2021|2020-12-13|fulham|liverpool,2021,2020-12-13,train
2021|2020-12-13|leicester-city|brighton-and-hove-albion,2021,2020-12-13,train
2021|2020-12-13|southampton|sheffield-united,2021,2020-12-13,train
2021|2020-12-15|manchester-city|west-bromwich-albion,2021,2020-12-15,train
2021|2020-12-15|wolverhampton-wanderers|chelsea,2021,2020-12-15,train
2021|2020-12-16|arsenal|southampton,2021,2020-12-16,train
2021|2020-12-16|fulham|brighton-and-hove-albion,2021,2020-12-16,train
2021|2020-12-16|leeds-united|newcastle-united,2021,2020-12-16,train
2021|2020-12-16|leicester-city|everton,2021,2020-12-16,train
2021|2020-12-16|liverpool|tottenham-hotspur,2021,2020-12-16,train
2021|2020-12-16|west-ham-united|crystal-palace,2021,2020-12-16,train
2021|2020-12-17|aston-villa|burnley,2021,2020-12-17,train
2021|2020-12-17|sheffield-united|manchester-united,2021,2020-12-17,train
2021|2020-12-19|crystal-palace|liverpool,2021,2020-12-19,train
2021|2020-12-19|everton|arsenal,2021,2020-12-19,train
2021|2020-12-19|newcastle-united|fulham,2021,2020-12-19,train
2021|2020-12-19|southampton|manchester-city,2021,2020-12-19,train
2021|2020-12-20|brighton-and-hove-albion|sheffield-united,2021,2020-12-20,train
2021|2020-12-20|manchester-united|leeds-united,2021,2020-12-20,train
2021|2020-12-20|tottenham-hotspur|leicester-city,2021,2020-12-20,train
2021|2020-12-20|west-bromwich-albion|aston-villa,2021,2020-12-20,train
2021|2020-12-21|burnley|wolverhampton-wanderers,2021,2020-12-21,train
2021|2020-12-21|chelsea|west-ham-united,2021,2020-12-21,train
2021|2020-12-26|arsenal|chelsea,2021,2020-12-26,train
2021|2020-12-26|aston-villa|crystal-palace,2021,2020-12-26,train
2021|2020-12-26|fulham|southampton,2021,2020-12-26,train
2021|2020-12-26|leicester-city|manchester-united,2021,2020-12-26,train
2021|2020-12-26|manchester-city|newcastle-united,2021,2020-12-26,train
2021|2020-12-26|sheffield-united|everton,2021,2020-12-26,train
2021|2020-12-27|leeds-united|burnley,2021,2020-12-27,train
2021|2020-12-27|liverpool|west-bromwich-albion,2021,2020-12-27,train
2021|2020-12-27|west-ham-united|brighton-and-hove-albion,2021,2020-12-27,train
2021|2020-12-27|wolverhampton-wanderers|tottenham-hotspur,2021,2020-12-27,train
2021|2020-12-28|chelsea|aston-villa,2021,2020-12-28,train
2021|2020-12-28|crystal-palace|leicester-city,2021,2020-12-28,train
2021|2020-12-29|brighton-and-hove-albion|arsenal,2021,2020-12-29,train
2021|2020-12-29|burnley|sheffield-united,2021,2020-12-29,train
2021|2020-12-29|manchester-united|wolverhampton-wanderers,2021,2020-12-29,train
2021|2020-12-29|southampton|west-ham-united,2021,2020-12-29,train
2021|2020-12-29|west-bromwich-albion|leeds-united,2021,2020-12-29,train
2021|2020-12-30|newcastle-united|liverpool,2021,2020-12-30,train
2021|2021-01-01|everton|west-ham-united,2021,2021-01-01,train
2021|2021-01-01|manchester-united|aston-villa,2021,2021-01-01,train
2021|2021-01-02|brighton-and-hove-albion|wolverhampton-wanderers,2021,2021-01-02,train
2021|2021-01-02|crystal-palace|sheffield-united,2021,2021-01-02,train
2021|2021-01-02|tottenham-hotspur|leeds-united,2021,2021-01-02,train
2021|2021-01-02|west-bromwich-albion|arsenal,2021,2021-01-02,train
2021|2021-01-03|chelsea|manchester-city,2021,2021-01-03,train
2021|2021-01-03|newcastle-united|leicester-city,2021,2021-01-03,train
2021|2021-01-04|southampton|liverpool,2021,2021-01-04,train
2021|2021-01-12|burnley|manchester-united,2021,2021-01-12,train
2021|2021-01-12|sheffield-united|newcastle-united,2021,2021-01-12,train
2021|2021-01-12|wolverhampton-wanderers|everton,2021,2021-01-12,train
2021|2021-01-13|manchester-city|brighton-and-hove-albion,2021,2021-01-13,train
2021|2021-01-13|tottenham-hotspur|fulham,2021,2021-01-13,train
2021|2021-01-14|arsenal|crystal-palace,2021,2021-01-14,train
2021|2021-01-16|fulham|chelsea,2021,2021-01-16,train
2021|2021-01-16|leeds-united|brighton-and-hove-albion,2021,2021-01-16,train
2021|2021-01-16|leicester-city|southampton,2021,2021-01-16,train
2021|2021-01-16|west-ham-united|burnley,2021,2021-01-16,train
2021|2021-01-16|wolverhampton-wanderers|west-bromwich-albion,2021,2021-01-16,train
2021|2021-01-17|liverpool|manchester-united,2021,2021-01-17,train
2021|2021-01-17|manchester-city|crystal-palace,2021,2021-01-17,train
2021|2021-01-17|sheffield-united|tottenham-hotspur,2021,2021-01-17,train
2021|2021-01-18|arsenal|newcastle-united,2021,2021-01-18,train
2021|2021-01-19|leicester-city|chelsea,2021,2021-01-19,train
2021|2021-01-19|west-ham-united|west-bromwich-albion,2021,2021-01-19,train
2021|2021-01-20|fulham|manchester-united,2021,2021-01-20,train
2021|2021-01-20|manchester-city|aston-villa,2021,2021-01-20,train
2021|2021-01-21|liverpool|burnley,2021,2021-01-21,train
2021|2021-01-23|aston-villa|newcastle-united,2021,2021-01-23,train
2021|2021-01-26|crystal-palace|west-ham-united,2021,2021-01-26,train
2021|2021-01-26|newcastle-united|leeds-united,2021,2021-01-26,train
2021|2021-01-26|southampton|arsenal,2021,2021-01-26,train
2021|2021-01-26|west-bromwich-albion|manchester-city,2021,2021-01-26,train
2021|2021-01-27|brighton-and-hove-albion|fulham,2021,2021-01-27,train
2021|2021-01-27|burnley|aston-villa,2021,2021-01-27,train
2021|2021-01-27|chelsea|wolverhampton-wanderers,2021,2021-01-27,train
2021|2021-01-27|everton|leicester-city,2021,2021-01-27,train
2021|2021-01-27|manchester-united|sheffield-united,2021,2021-01-27,train
2021|2021-01-28|tottenham-hotspur|liverpool,2021,2021-01-28,train
2021|2021-01-30|arsenal|manchester-united,2021,2021-01-30,train
2021|2021-01-30|crystal-palace|wolverhampton-wanderers,2021,2021-01-30,train
2021|2021-01-30|everton|newcastle-united,2021,2021-01-30,train
2021|2021-01-30|manchester-city|sheffield-united,2021,2021-01-30,train
2021|2021-01-30|southampton|aston-villa,2021,2021-01-30,train
2021|2021-01-30|west-bromwich-albion|fulham,2021,2021-01-30,train
2021|2021-01-31|brighton-and-hove-albion|tottenham-hotspur,2021,2021-01-31,train
2021|2021-01-31|chelsea|burnley,2021,2021-01-31,train
2021|2021-01-31|leicester-city|leeds-united,2021,2021-01-31,train
2021|2021-01-31|west-ham-united|liverpool,2021,2021-01-31,train
2021|2021-02-02|manchester-united|southampton,2021,2021-02-02,train
2021|2021-02-02|newcastle-united|crystal-palace,2021,2021-02-02,train
2021|2021-02-02|sheffield-united|west-bromwich-albion,2021,2021-02-02,train
2021|2021-02-02|wolverhampton-wanderers|arsenal,2021,2021-02-02,train
2021|2021-02-03|aston-villa|west-ham-united,2021,2021-02-03,train
2021|2021-02-03|burnley|manchester-city,2021,2021-02-03,train
2021|2021-02-03|fulham|leicester-city,2021,2021-02-03,train
2021|2021-02-03|leeds-united|everton,2021,2021-02-03,train
2021|2021-02-03|liverpool|brighton-and-hove-albion,2021,2021-02-03,train
2021|2021-02-04|tottenham-hotspur|chelsea,2021,2021-02-04,train
2021|2021-02-06|aston-villa|arsenal,2021,2021-02-06,train
2021|2021-02-06|burnley|brighton-and-hove-albion,2021,2021-02-06,train
2021|2021-02-06|fulham|west-ham-united,2021,2021-02-06,train
2021|2021-02-06|manchester-united|everton,2021,2021-02-06,train
2021|2021-02-06|newcastle-united|southampton,2021,2021-02-06,train
2021|2021-02-07|liverpool|manchester-city,2021,2021-02-07,train
2021|2021-02-07|sheffield-united|chelsea,2021,2021-02-07,train
2021|2021-02-07|tottenham-hotspur|west-bromwich-albion,2021,2021-02-07,train
2021|2021-02-07|wolverhampton-wanderers|leicester-city,2021,2021-02-07,train
2021|2021-02-08|leeds-united|crystal-palace,2021,2021-02-08,train
2021|2021-02-13|brighton-and-hove-albion|aston-villa,2021,2021-02-13,train
2021|2021-02-13|crystal-palace|burnley,2021,2021-02-13,train
2021|2021-02-13|leicester-city|liverpool,2021,2021-02-13,train
2021|2021-02-13|manchester-city|tottenham-hotspur,2021,2021-02-13,train
2021|2021-02-14|arsenal|leeds-united,2021,2021-02-14,train
2021|2021-02-14|everton|fulham,2021,2021-02-14,train
2021|2021-02-14|southampton|wolverhampton-wanderers,2021,2021-02-14,train
2021|2021-02-14|west-bromwich-albion|manchester-united,2021,2021-02-14,train
2021|2021-02-15|chelsea|newcastle-united,2021,2021-02-15,train
2021|2021-02-15|west-ham-united|sheffield-united,2021,2021-02-15,train
2021|2021-02-17|burnley|fulham,2021,2021-02-17,train
2021|2021-02-17|everton|manchester-city,2021,2021-02-17,train
2021|2021-02-19|wolverhampton-wanderers|leeds-united,2021,2021-02-19,train
2021|2021-02-20|burnley|west-bromwich-albion,2021,2021-02-20,train
2021|2021-02-20|fulham|sheffield-united,2021,2021-02-20,train
2021|2021-02-20|liverpool|everton,2021,2021-02-20,train
2021|2021-02-20|southampton|chelsea,2021,2021-02-20,train
2021|2021-02-21|arsenal|manchester-city,2021,2021-02-21,train
2021|2021-02-21|aston-villa|leicester-city,2021,2021-02-21,train
2021|2021-02-21|manchester-united|newcastle-united,2021,2021-02-21,train
2021|2021-02-21|west-ham-united|tottenham-hotspur,2021,2021-02-21,train
2021|2021-02-22|brighton-and-hove-albion|crystal-palace,2021,2021-02-22,train
2021|2021-02-23|leeds-united|southampton,2021,2021-02-23,train
2021|2021-02-27|leeds-united|aston-villa,2021,2021-02-27,train
2021|2021-02-27|manchester-city|west-ham-united,2021,2021-02-27,train
2021|2021-02-27|newcastle-united|wolverhampton-wanderers,2021,2021-02-27,train
2021|2021-02-27|west-bromwich-albion|brighton-and-hove-albion,2021,2021-02-27,train
2021|2021-02-28|chelsea|manchester-united,2021,2021-02-28,train
2021|2021-02-28|crystal-palace|fulham,2021,2021-02-28,train
2021|2021-02-28|leicester-city|arsenal,2021,2021-02-28,train
2021|2021-02-28|sheffield-united|liverpool,2021,2021-02-28,train
2021|2021-02-28|tottenham-hotspur|burnley,2021,2021-02-28,train
2021|2021-03-01|everton|southampton,2021,2021-03-01,train
2021|2021-03-02|manchester-city|wolverhampton-wanderers,2021,2021-03-02,train
2021|2021-03-03|burnley|leicester-city,2021,2021-03-03,train
2021|2021-03-03|crystal-palace|manchester-united,2021,2021-03-03,train
2021|2021-03-03|sheffield-united|aston-villa,2021,2021-03-03,train
2021|2021-03-04|fulham|tottenham-hotspur,2021,2021-03-04,train
2021|2021-03-04|liverpool|chelsea,2021,2021-03-04,train
2021|2021-03-04|west-bromwich-albion|everton,2021,2021-03-04,train
2021|2021-03-06|aston-villa|wolverhampton-wanderers,2021,2021-03-06,train
2021|2021-03-06|brighton-and-hove-albion|leicester-city,2021,2021-03-06,train
2021|2021-03-06|burnley|arsenal,2021,2021-03-06,train
2021|2021-03-06|sheffield-united|southampton,2021,2021-03-06,train
2021|2021-03-07|liverpool|fulham,2021,2021-03-07,train
2021|2021-03-07|manchester-city|manchester-united,2021,2021-03-07,train
2021|2021-03-07|tottenham-hotspur|crystal-palace,2021,2021-03-07,train
2021|2021-03-07|west-bromwich-albion|newcastle-united,2021,2021-03-07,train
2021|2021-03-08|chelsea|everton,2021,2021-03-08,train
2021|2021-03-08|west-ham-united|leeds-united,2021,2021-03-08,train
2021|2021-03-10|manchester-city|southampton,2021,2021-03-10,train
2021|2021-03-12|newcastle-united|aston-villa,2021,2021-03-12,train
2021|2021-03-13|crystal-palace|west-bromwich-albion,2021,2021-03-13,train
2021|2021-03-13|everton|burnley,2021,2021-03-13,train
2021|2021-03-13|fulham|manchester-city,2021,2021-03-13,train
2021|2021-03-13|leeds-united|chelsea,2021,2021-03-13,train
2021|2021-03-14|arsenal|tottenham-hotspur,2021,2021-03-14,train
2021|2021-03-14|leicester-city|sheffield-united,2021,2021-03-14,train
2021|2021-03-14|manchester-united|west-ham-united,2021,2021-03-14,train
2021|2021-03-14|southampton|brighton-and-hove-albion,2021,2021-03-14,train
2021|2021-03-15|wolverhampton-wanderers|liverpool,2021,2021-03-15,train
2021|2021-03-19|fulham|leeds-united,2021,2021-03-19,train
2021|2021-03-20|brighton-and-hove-albion|newcastle-united,2021,2021-03-20,train
2021|2021-03-21|aston-villa|tottenham-hotspur,2021,2021-03-21,train
2021|2021-03-21|west-ham-united|arsenal,2021,2021-03-21,train
2021|2021-04-03|arsenal|liverpool,2021,2021-04-03,train
2021|2021-04-03|chelsea|west-bromwich-albion,2021,2021-04-03,train
2021|2021-04-03|leeds-united|sheffield-united,2021,2021-04-03,train
2021|2021-04-03|leicester-city|manchester-city,2021,2021-04-03,train
2021|2021-04-04|aston-villa|fulham,2021,2021-04-04,train
2021|2021-04-04|manchester-united|brighton-and-hove-albion,2021,2021-04-04,train
2021|2021-04-04|newcastle-united|tottenham-hotspur,2021,2021-04-04,train
2021|2021-04-04|southampton|burnley,2021,2021-04-04,train
2021|2021-04-05|everton|crystal-palace,2021,2021-04-05,train
2021|2021-04-05|wolverhampton-wanderers|west-ham-united,2021,2021-04-05,train
2021|2021-04-09|fulham|wolverhampton-wanderers,2021,2021-04-09,train
2021|2021-04-10|crystal-palace|chelsea,2021,2021-04-10,train
2021|2021-04-10|liverpool|aston-villa,2021,2021-04-10,train
2021|2021-04-10|manchester-city|leeds-united,2021,2021-04-10,train
2021|2021-04-11|burnley|newcastle-united,2021,2021-04-11,train
2021|2021-04-11|sheffield-united|arsenal,2021,2021-04-11,train
2021|2021-04-11|tottenham-hotspur|manchester-united,2021,2021-04-11,train
2021|2021-04-11|west-ham-united|leicester-city,2021,2021-04-11,train
2021|2021-04-12|brighton-and-hove-albion|everton,2021,2021-04-12,train
2021|2021-04-12|west-bromwich-albion|southampton,2021,2021-04-12,train
2021|2021-04-16|everton|tottenham-hotspur,2021,2021-04-16,train
2021|2021-04-17|newcastle-united|west-ham-united,2021,2021-04-17,train
2021|2021-04-17|wolverhampton-wanderers|sheffield-united,2021,2021-04-17,train
2021|2021-04-18|arsenal|fulham,2021,2021-04-18,train
2021|2021-04-18|manchester-united|burnley,2021,2021-04-18,train
2021|2021-04-19|leeds-united|liverpool,2021,2021-04-19,train
2021|2021-04-20|chelsea|brighton-and-hove-albion,2021,2021-04-20,train
2021|2021-04-21|aston-villa|manchester-city,2021,2021-04-21,train
2021|2021-04-21|tottenham-hotspur|southampton,2021,2021-04-21,train
2021|2021-04-22|leicester-city|west-bromwich-albion,2021,2021-04-22,train
2021|2021-04-23|arsenal|everton,2021,2021-04-23,train
2021|2021-04-24|liverpool|newcastle-united,2021,2021-04-24,train
2021|2021-04-24|sheffield-united|brighton-and-hove-albion,2021,2021-04-24,train
2021|2021-04-24|west-ham-united|chelsea,2021,2021-04-24,train
2021|2021-04-25|aston-villa|west-bromwich-albion,2021,2021-04-25,train
2021|2021-04-25|leeds-united|manchester-united,2021,2021-04-25,train
2021|2021-04-25|wolverhampton-wanderers|burnley,2021,2021-04-25,train
2021|2021-04-26|leicester-city|crystal-palace,2021,2021-04-26,train
2021|2021-04-30|southampton|leicester-city,2021,2021-04-30,train
2021|2021-05-01|brighton-and-hove-albion|leeds-united,2021,2021-05-01,train
2021|2021-05-01|chelsea|fulham,2021,2021-05-01,train
2021|2021-05-01|crystal-palace|manchester-city,2021,2021-05-01,train
2021|2021-05-01|everton|aston-villa,2021,2021-05-01,train
2021|2021-05-02|newcastle-united|arsenal,2021,2021-05-02,train
2021|2021-05-02|tottenham-hotspur|sheffield-united,2021,2021-05-02,train
2021|2021-05-03|burnley|west-ham-united,2021,2021-05-03,train
2021|2021-05-03|west-bromwich-albion|wolverhampton-wanderers,2021,2021-05-03,train
2021|2021-05-07|leicester-city|newcastle-united,2021,2021-05-07,train
2021|2021-05-08|leeds-united|tottenham-hotspur,2021,2021-05-08,train
2021|2021-05-08|liverpool|southampton,2021,2021-05-08,train
2021|2021-05-08|manchester-city|chelsea,2021,2021-05-08,train
2021|2021-05-08|sheffield-united|crystal-palace,2021,2021-05-08,train
2021|2021-05-09|arsenal|west-bromwich-albion,2021,2021-05-09,train
2021|2021-05-09|aston-villa|manchester-united,2021,2021-05-09,train
2021|2021-05-09|west-ham-united|everton,2021,2021-05-09,train
2021|2021-05-09|wolverhampton-wanderers|brighton-and-hove-albion,2021,2021-05-09,train
2021|2021-05-10|fulham|burnley,2021,2021-05-10,train
2021|2021-05-11|manchester-united|leicester-city,2021,2021-05-11,train
2021|2021-05-11|southampton|crystal-palace,2021,2021-05-11,train
2021|2021-05-12|chelsea|arsenal,2021,2021-05-12,train
2021|2021-05-13|aston-villa|everton,2021,2021-05-13,train
2021|2021-05-13|manchester-united|liverpool,2021,2021-05-13,train
2021|2021-05-14|newcastle-united|manchester-city,2021,2021-05-14,train
2021|2021-05-15|brighton-and-hove-albion|west-ham-united,2021,2021-05-15,train
2021|2021-05-15|burnley|leeds-united,2021,2021-05-15,train
2021|2021-05-15|southampton|fulham,2021,2021-05-15,train
2021|2021-05-16|crystal-palace|aston-villa,2021,2021-05-16,train
2021|2021-05-16|everton|sheffield-united,2021,2021-05-16,train
2021|2021-05-16|tottenham-hotspur|wolverhampton-wanderers,2021,2021-05-16,train
2021|2021-05-16|west-bromwich-albion|liverpool,2021,2021-05-16,train
2021|2021-05-18|brighton-and-hove-albion|manchester-city,2021,2021-05-18,train
2021|2021-05-18|chelsea|leicester-city,2021,2021-05-18,train
2021|2021-05-18|manchester-united|fulham,2021,2021-05-18,train
2021|2021-05-18|southampton|leeds-united,2021,2021-05-18,train
2021|2021-05-19|burnley|liverpool,2021,2021-05-19,train
2021|2021-05-19|crystal-palace|arsenal,2021,2021-05-19,train
2021|2021-05-19|everton|wolverhampton-wanderers,2021,2021-05-19,train
2021|2021-05-19|newcastle-united|sheffield-united,2021,2021-05-19,train
2021|2021-05-19|tottenham-hotspur|aston-villa,2021,2021-05-19,train
2021|2021-05-19|west-bromwich-albion|west-ham-united,2021,2021-05-19,train
2021|2021-05-23|arsenal|brighton-and-hove-albion,2021,2021-05-23,train
2021|2021-05-23|aston-villa|chelsea,2021,2021-05-23,train
2021|2021-05-23|fulham|newcastle-united,2021,2021-05-23,train
2021|2021-05-23|leeds-united|west-bromwich-albion,2021,2021-05-23,train
2021|2021-05-23|leicester-city|tottenham-hotspur,2021,2021-05-23,train
2021|2021-05-23|liverpool|crystal-palace,2021,2021-05-23,train
2021|2021-05-23|manchester-city|everton,2021,2021-05-23,train
2021|2021-05-23|sheffield-united|burnley,2021,2021-05-23,train
2021|2021-05-23|west-ham-united|southampton,2021,2021-05-23,train
2021|2021-05-23|wolverhampton-wanderers|manchester-united,2021,2021-05-23,train
2122|2021-08-13|brentford|arsenal,2122,2021-08-13,train
2122|2021-08-14|burnley|brighton-and-hove-albion,2122,2021-08-14,train
2122|2021-08-14|chelsea|crystal-palace,2122,2021-08-14,train
2122|2021-08-14|everton|southampton,2122,2021-08-14,train
2122|2021-08-14|leicester-city|wolverhampton-wanderers,2122,2021-08-14,train
2122|2021-08-14|manchester-united|leeds-united,2122,2021-08-14,train
2122|2021-08-14|norwich-city|liverpool,2122,2021-08-14,train
2122|2021-08-14|watford|aston-villa,2122,2021-08-14,train
2122|2021-08-15|newcastle-united|west-ham-united,2122,2021-08-15,train
2122|2021-08-15|tottenham-hotspur|manchester-city,2122,2021-08-15,train
2122|2021-08-21|aston-villa|newcastle-united,2122,2021-08-21,train
2122|2021-08-21|brighton-and-hove-albion|watford,2122,2021-08-21,train
2122|2021-08-21|crystal-palace|brentford,2122,2021-08-21,train
2122|2021-08-21|leeds-united|everton,2122,2021-08-21,train
2122|2021-08-21|liverpool|burnley,2122,2021-08-21,train
2122|2021-08-21|manchester-city|norwich-city,2122,2021-08-21,train
2122|2021-08-22|arsenal|chelsea,2122,2021-08-22,train
2122|2021-08-22|southampton|manchester-united,2122,2021-08-22,train
2122|2021-08-22|wolverhampton-wanderers|tottenham-hotspur,2122,2021-08-22,train
2122|2021-08-23|west-ham-united|leicester-city,2122,2021-08-23,train
2122|2021-08-28|aston-villa|brentford,2122,2021-08-28,train
2122|2021-08-28|brighton-and-hove-albion|everton,2122,2021-08-28,train
2122|2021-08-28|liverpool|chelsea,2122,2021-08-28,train
2122|2021-08-28|manchester-city|arsenal,2122,2021-08-28,train
2122|2021-08-28|newcastle-united|southampton,2122,2021-08-28,train
2122|2021-08-28|norwich-city|leicester-city,2122,2021-08-28,train
2122|2021-08-28|west-ham-united|crystal-palace,2122,2021-08-28,train
2122|2021-08-29|burnley|leeds-united,2122,2021-08-29,train
2122|2021-08-29|tottenham-hotspur|watford,2122,2021-08-29,train
2122|2021-08-29|wolverhampton-wanderers|manchester-united,2122,2021-08-29,train
2122|2021-09-11|arsenal|norwich-city,2122,2021-09-11,train
2122|2021-09-11|brentford|brighton-and-hove-albion,2122,2021-09-11,train
2122|2021-09-11|chelsea|aston-villa,2122,2021-09-11,train
2122|2021-09-11|crystal-palace|tottenham-hotspur,2122,2021-09-11,train
2122|2021-09-11|leicester-city|manchester-city,2122,2021-09-11,train
2122|2021-09-11|manchester-united|newcastle-united,2122,2021-09-11,train
2122|2021-09-11|southampton|west-ham-united,2122,2021-09-11,train
2122|2021-09-11|watford|wolverhampton-wanderers,2122,2021-09-11,train
2122|2021-09-12|leeds-united|liverpool,2122,2021-09-12,train
2122|2021-09-13|everton|burnley,2122,2021-09-13,train
2122|2021-09-17|newcastle-united|leeds-united,2122,2021-09-17,train
2122|2021-09-18|aston-villa|everton,2122,2021-09-18,train
2122|2021-09-18|burnley|arsenal,2122,2021-09-18,train
2122|2021-09-18|liverpool|crystal-palace,2122,2021-09-18,train
2122|2021-09-18|manchester-city|southampton,2122,2021-09-18,train
2122|2021-09-18|norwich-city|watford,2122,2021-09-18,train
2122|2021-09-18|wolverhampton-wanderers|brentford,2122,2021-09-18,train
2122|2021-09-19|brighton-and-hove-albion|leicester-city,2122,2021-09-19,train
2122|2021-09-19|tottenham-hotspur|chelsea,2122,2021-09-19,train
2122|2021-09-19|west-ham-united|manchester-united,2122,2021-09-19,train
2122|2021-09-25|brentford|liverpool,2122,2021-09-25,train
2122|2021-09-25|chelsea|manchester-city,2122,2021-09-25,train
2122|2021-09-25|everton|norwich-city,2122,2021-09-25,train
2122|2021-09-25|leeds-united|west-ham-united,2122,2021-09-25,train
2122|2021-09-25|leicester-city|burnley,2122,2021-09-25,train
2122|2021-09-25|manchester-united|aston-villa,2122,2021-09-25,train
2122|2021-09-25|watford|newcastle-united,2122,2021-09-25,train
2122|2021-09-26|arsenal|tottenham-hotspur,2122,2021-09-26,train
2122|2021-09-26|southampton|wolverhampton-wanderers,2122,2021-09-26,train
2122|2021-09-27|crystal-palace|brighton-and-hove-albion,2122,2021-09-27,train
2122|2021-10-02|brighton-and-hove-albion|arsenal,2122,2021-10-02,train
2122|2021-10-02|burnley|norwich-city,2122,2021-10-02,train
2122|2021-10-02|chelsea|southampton,2122,2021-10-02,train
2122|2021-10-02|leeds-united|watford,2122,2021-10-02,train
2122|2021-10-02|manchester-united|everton,2122,2021-10-02,train
2122|2021-10-02|wolverhampton-wanderers|newcastle-united,2122,2021-10-02,train
2122|2021-10-03|crystal-palace|leicester-city,2122,2021-10-03,train
2122|2021-10-03|liverpool|manchester-city,2122,2021-10-03,train
2122|2021-10-03|tottenham-hotspur|aston-villa,2122,2021-10-03,train
2122|2021-10-03|west-ham-united|brentford,2122,2021-10-03,train
2122|2021-10-16|aston-villa|wolverhampton-wanderers,2122,2021-10-16,train
2122|2021-10-16|brentford|chelsea,2122,2021-10-16,train
2122|2021-10-16|leicester-city|manchester-united,2122,2021-10-16,train
2122|2021-10-16|manchester-city|burnley,2122,2021-10-16,train
2122|2021-10-16|norwich-city|brighton-and-hove-albion,2122,2021-10-16,train
2122|2021-10-16|southampton|leeds-united,2122,2021-10-16,train
2122|2021-10-16|watford|liverpool,2122,2021-10-16,train
2122|2021-10-17|everton|west-ham-united,2122,2021-10-17,train
2122|2021-10-17|newcastle-united|tottenham-hotspur,2122,2021-10-17,train
2122|2021-10-18|arsenal|crystal-palace,2122,2021-10-18,train
2122|2021-10-22|arsenal|aston-villa,2122,2021-10-22,train
2122|2021-10-23|brighton-and-hove-albion|manchester-city,2122,2021-10-23,train
2122|2021-10-23|chelsea|norwich-city,2122,2021-10-23,train
2122|2021-10-23|crystal-palace|newcastle-united,2122,2021-10-23,train
2122|2021-10-23|everton|watford,2122,2021-10-23,train
2122|2021-10-23|leeds-united|wolverhampton-wanderers,2122,2021-10-23,train
2122|2021-10-23|southampton|burnley,2122,2021-10-23,train
2122|2021-10-24|brentford|leicester-city,2122,2021-10-24,train
2122|2021-10-24|manchester-united|liverpool,2122,2021-10-24,train
2122|2021-10-24|west-ham-united|tottenham-hotspur,2122,2021-10-24,train
2122|2021-10-30|burnley|brentford,2122,2021-10-30,train
2122|2021-10-30|leicester-city|arsenal,2122,2021-10-30,train
2122|2021-10-30|liverpool|brighton-and-hove-albion,2122,2021-10-30,train
2122|2021-10-30|manchester-city|crystal-palace,2122,2021-10-30,train
2122|2021-10-30|newcastle-united|chelsea,2122,2021-10-30,train
2122|2021-10-30|tottenham-hotspur|manchester-united,2122,2021-10-30,train
2122|2021-10-30|watford|southampton,2122,2021-10-30,train
2122|2021-10-31|aston-villa|west-ham-united,2122,2021-10-31,train
2122|2021-10-31|norwich-city|leeds-united,2122,2021-10-31,train
2122|2021-11-01|wolverhampton-wanderers|everton,2122,2021-11-01,train
2122|2021-11-05|southampton|aston-villa,2122,2021-11-05,train
2122|2021-11-06|brentford|norwich-city,2122,2021-11-06,train
2122|2021-11-06|brighton-and-hove-albion|newcastle-united,2122,2021-11-06,train
2122|2021-11-06|chelsea|burnley,2122,2021-11-06,train
2122|2021-11-06|crystal-palace|wolverhampton-wanderers,2122,2021-11-06,train
2122|2021-11-06|manchester-united|manchester-city,2122,2021-11-06,train
2122|2021-11-07|arsenal|watford,2122,2021-11-07,train
2122|2021-11-07|everton|tottenham-hotspur,2122,2021-11-07,train
2122|2021-11-07|leeds-united|leicester-city,2122,2021-11-07,train
2122|2021-11-07|west-ham-united|liverpool,2122,2021-11-07,train
2122|2021-11-20|aston-villa|brighton-and-hove-albion,2122,2021-11-20,train
2122|2021-11-20|burnley|crystal-palace,2122,2021-11-20,train
2122|2021-11-20|leicester-city|chelsea,2122,2021-11-20,train
2122|2021-11-20|liverpool|arsenal,2122,2021-11-20,train
2122|2021-11-20|newcastle-united|brentford,2122,2021-11-20,train
2122|2021-11-20|norwich-city|southampton,2122,2021-11-20,train
2122|2021-11-20|watford|manchester-united,2122,2021-11-20,train
2122|2021-11-20|wolverhampton-wanderers|west-ham-united,2122,2021-11-20,train
2122|2021-11-21|manchester-city|everton,2122,2021-11-21,train
2122|2021-11-21|tottenham-hotspur|leeds-united,2122,2021-11-21,train
2122|2021-11-27|arsenal|newcastle-united,2122,2021-11-27,train
2122|2021-11-27|brighton-and-hove-albion|leeds-united,2122,2021-11-27,train
2122|2021-11-27|crystal-palace|aston-villa,2122,2021-11-27,train
2122|2021-11-27|liverpool|southampton,2122,2021-11-27,train
2122|2021-11-27|norwich-city|wolverhampton-wanderers,2122,2021-11-27,train
2122|2021-11-28|brentford|everton,2122,2021-11-28,train
2122|2021-11-28|chelsea|manchester-united,2122,2021-11-28,train
2122|2021-11-28|leicester-city|watford,2122,2021-11-28,train
2122|2021-11-28|manchester-city|west-ham-united,2122,2021-11-28,train
2122|2021-11-30|leeds-united|crystal-palace,2122,2021-11-30,train
2122|2021-11-30|newcastle-united|norwich-city,2122,2021-11-30,train
2122|2021-12-01|aston-villa|manchester-city,2122,2021-12-01,train
2122|2021-12-01|everton|liverpool,2122,2021-12-01,train
2122|2021-12-01|southampton|leicester-city,2122,2021-12-01,train
2122|2021-12-01|watford|chelsea,2122,2021-12-01,train
2122|2021-12-01|west-ham-united|brighton-and-hove-albion,2122,2021-12-01,train
2122|2021-12-01|wolverhampton-wanderers|burnley,2122,2021-12-01,train
2122|2021-12-02|manchester-united|arsenal,2122,2021-12-02,train
2122|2021-12-02|tottenham-hotspur|brentford,2122,2021-12-02,train
2122|2021-12-04|newcastle-united|burnley,2122,2021-12-04,train
2122|2021-12-04|southampton|brighton-and-hove-albion,2122,2021-12-04,train
2122|2021-12-04|watford|manchester-city,2122,2021-12-04,train
2122|2021-12-04|west-ham-united|chelsea,2122,2021-12-04,train
2122|2021-12-04|wolverhampton-wanderers|liverpool,2122,2021-12-04,train
2122|2021-12-05|aston-villa|leicester-city,2122,2021-12-05,train
2122|2021-12-05|leeds-united|brentford,2122,2021-12-05,train
2122|2021-12-05|manchester-united|crystal-palace,2122,2021-12-05,train
2122|2021-12-05|tottenham-hotspur|norwich-city,2122,2021-12-05,train
2122|2021-12-06|everton|arsenal,2122,2021-12-06,train
2122|2021-12-10|brentford|watford,2122,2021-12-10,train
2122|2021-12-11|arsenal|southampton,2122,2021-12-11,train
2122|2021-12-11|chelsea|leeds-united,2122,2021-12-11,train
2122|2021-12-11|liverpool|aston-villa,2122,2021-12-11,train
2122|2021-12-11|manchester-city|wolverhampton-wanderers,2122,2021-12-11,train
2122|2021-12-11|norwich-city|manchester-united,2122,2021-12-11,train
2122|2021-12-12|burnley|west-ham-united,2122,2021-12-12,train
2122|2021-12-12|crystal-palace|everton,2122,2021-12-12,train
2122|2021-12-12|leicester-city|newcastle-united,2122,2021-12-12,train
2122|2021-12-14|manchester-city|leeds-united,2122,2021-12-14,train
2122|2021-12-14|norwich-city|aston-villa,2122,2021-12-14,train
2122|2021-12-15|arsenal|west-ham-united,2122,2021-12-15,train
2122|2021-12-15|brighton-and-hove-albion|wolverhampton-wanderers,2122,2021-12-15,train
2122|2021-12-15|crystal-palace|southampton,2122,2021-12-15,train
2122|2021-12-16|chelsea|everton,2122,2021-12-16,train
2122|2021-12-16|liverpool|newcastle-united,2122,2021-12-16,train
2122|2021-12-18|leeds-united|arsenal,2122,2021-12-18,train
2122|2021-12-19|newcastle-united|manchester-city,2122,2021-12-19,train
2122|2021-12-19|tottenham-hotspur|liverpool,2122,2021-12-19,train
2122|2021-12-19|wolverhampton-wanderers|chelsea,2122,2021-12-19,train
2122|2021-12-26|aston-villa|chelsea,2122,2021-12-26,train
2122|2021-12-26|brighton-and-hove-albion|brentford,2122,2021-12-26,train
2122|2021-12-26|manchester-city|leicester-city,2122,2021-12-26,train
2122|2021-12-26|norwich-city|arsenal,2122,2021-12-26,train
2122|2021-12-26|tottenham-hotspur|crystal-palace,2122,2021-12-26,train
2122|2021-12-26|west-ham-united|southampton,2122,2021-12-26,train
2122|2021-12-27|newcastle-united|manchester-united,2122,2021-12-27,train
2122|2021-12-28|crystal-palace|norwich-city,2122,2021-12-28,train
2122|2021-12-28|leicester-city|liverpool,2122,2021-12-28,train
2122|2021-12-28|southampton|tottenham-hotspur,2122,2021-12-28,train
2122|2021-12-28|watford|west-ham-united,2122,2021-12-28,train
2122|2021-12-29|brentford|manchester-city,2122,2021-12-29,train
2122|2021-12-29|chelsea|brighton-and-hove-albion,2122,2021-12-29,train
2122|2021-12-30|manchester-united|burnley,2122,2021-12-30,train
2122|2022-01-01|arsenal|manchester-city,2122,2022-01-01,train
2122|2022-01-01|crystal-palace|west-ham-united,2122,2022-01-01,train
2122|2022-01-01|watford|tottenham-hotspur,2122,2022-01-01,train
2122|2022-01-02|brentford|aston-villa,2122,2022-01-02,train
2122|2022-01-02|chelsea|liverpool,2122,2022-01-02,train
2122|2022-01-02|everton|brighton-and-hove-albion,2122,2022-01-02,train
2122|2022-01-02|leeds-united|burnley,2122,2022-01-02,train
2122|2022-01-03|manchester-united|wolverhampton-wanderers,2122,2022-01-03,train
2122|2022-01-11|southampton|brentford,2122,2022-01-11,train
2122|2022-01-12|west-ham-united|norwich-city,2122,2022-01-12,train
2122|2022-01-14|brighton-and-hove-albion|crystal-palace,2122,2022-01-14,train
2122|2022-01-15|aston-villa|manchester-united,2122,2022-01-15,train
2122|2022-01-15|manchester-city|chelsea,2122,2022-01-15,train
2122|2022-01-15|newcastle-united|watford,2122,2022-01-15,train
2122|2022-01-15|norwich-city|everton,2122,2022-01-15,train
2122|2022-01-15|wolverhampton-wanderers|southampton,2122,2022-01-15,train
2122|2022-01-16|liverpool|brentford,2122,2022-01-16,train
2122|2022-01-16|west-ham-united|leeds-united,2122,2022-01-16,train
2122|2022-01-18|brighton-and-hove-albion|chelsea,2122,2022-01-18,train
2122|2022-01-19|brentford|manchester-united,2122,2022-01-19,train
2122|2022-01-19|leicester-city|tottenham-hotspur,2122,2022-01-19,train
2122|2022-01-21|watford|norwich-city,2122,2022-01-21,train
2122|2022-01-22|brentford|wolverhampton-wanderers,2122,2022-01-22,train
2122|2022-01-22|everton|aston-villa,2122,2022-01-22,train
2122|2022-01-22|leeds-united|newcastle-united,2122,2022-01-22,train
2122|2022-01-22|manchester-united|west-ham-united,2122,2022-01-22,train
2122|2022-01-22|southampton|manchester-city,2122,2022-01-22,train
2122|2022-01-23|arsenal|burnley,2122,2022-01-23,train
2122|2022-01-23|chelsea|tottenham-hotspur,2122,2022-01-23,train
2122|2022-01-23|crystal-palace|liverpool,2122,2022-01-23,train
2122|2022-01-23|leicester-city|brighton-and-hove-albion,2122,2022-01-23,train
2122|2022-02-05|burnley|watford,2122,2022-02-05,train
2122|2022-02-08|burnley|manchester-united,2122,2022-02-08,train
2122|2022-02-08|newcastle-united|everton,2122,2022-02-08,train
2122|2022-02-08|west-ham-united|watford,2122,2022-02-08,train
2122|2022-02-09|aston-villa|leeds-united,2122,2022-02-09,train
2122|2022-02-09|manchester-city|brentford,2122,2022-02-09,train
2122|2022-02-09|norwich-city|crystal-palace,2122,2022-02-09,train
2122|2022-02-09|tottenham-hotspur|southampton,2122,2022-02-09,train
2122|2022-02-10|liverpool|leicester-city,2122,2022-02-10,train
2122|2022-02-10|wolverhampton-wanderers|arsenal,2122,2022-02-10,train
2122|2022-02-12|brentford|crystal-palace,2122,2022-02-12,train
2122|2022-02-12|everton|leeds-united,2122,2022-02-12,train
2122|2022-02-12|manchester-united|southampton,2122,2022-02-12,train
2122|2022-02-12|norwich-city|manchester-city,2122,2022-02-12,train
2122|2022-02-12|watford|brighton-and-hove-albion,2122,2022-02-12,train
2122|2022-02-13|burnley|liverpool,2122,2022-02-13,train
2122|2022-02-13|leicester-city|west-ham-united,2122,2022-02-13,train
2122|2022-02-13|newcastle-united|aston-villa,2122,2022-02-13,train
2122|2022-02-13|tottenham-hotspur|wolverhampton-wanderers,2122,2022-02-13,train
2122|2022-02-15|manchester-united|brighton-and-hove-albion,2122,2022-02-15,train
2122|2022-02-19|arsenal|brentford,2122,2022-02-19,train
2122|2022-02-19|aston-villa|watford,2122,2022-02-19,train
2122|2022-02-19|brighton-and-hove-albion|burnley,2122,2022-02-19,train
2122|2022-02-19|crystal-palace|chelsea,2122,2022-02-19,train
2122|2022-02-19|liverpool|norwich-city,2122,2022-02-19,train
2122|2022-02-19|manchester-city|tottenham-hotspur,2122,2022-02-19,train
2122|2022-02-19|southampton|everton,2122,2022-02-19,train
2122|2022-02-19|west-ham-united|newcastle-united,2122,2022-02-19,train
2122|2022-02-20|leeds-united|manchester-united,2122,2022-02-20,train
2122|2022-02-20|wolverhampton-wanderers|leicester-city,2122,2022-02-20,train
2122|2022-02-23|burnley|tottenham-hotspur,2122,2022-02-23,train
2122|2022-02-23|liverpool|leeds-united,2122,2022-02-23,train
2122|2022-02-23|watford|crystal-palace,2122,2022-02-23,train
2122|2022-02-24|arsenal|wolverhampton-wanderers,2122,2022-02-24,train
2122|2022-02-25|southampton|norwich-city,2122,2022-02-25,train
2122|2022-02-26|brentford|newcastle-united,2122,2022-02-26,train
2122|2022-02-26|brighton-and-hove-albion|aston-villa,2122,2022-02-26,train
2122|2022-02-26|crystal-palace|burnley,2122,2022-02-26,train
2122|2022-02-26|everton|manchester-city,2122,2022-02-26,train
2122|2022-02-26|leeds-united|tottenham-hotspur,2122,2022-02-26,train
2122|2022-02-26|manchester-united|watford,2122,2022-02-26,train
2122|2022-02-27|west-ham-united|wolverhampton-wanderers,2122,2022-02-27,train
2122|2022-03-01|burnley|leicester-city,2122,2022-03-01,train
2122|2022-03-05|aston-villa|southampton,2122,2022-03-05,train
2122|2022-03-05|burnley|chelsea,2122,2022-03-05,train
2122|2022-03-05|leicester-city|leeds-united,2122,2022-03-05,train
2122|2022-03-05|liverpool|west-ham-united,2122,2022-03-05,train
2122|2022-03-05|newcastle-united|brighton-and-hove-albion,2122,2022-03-05,train
2122|2022-03-05|norwich-city|brentford,2122,2022-03-05,train
2122|2022-03-05|wolverhampton-wanderers|crystal-palace,2122,2022-03-05,train
2122|2022-03-06|manchester-city|manchester-united,2122,2022-03-06,train
2122|2022-03-06|watford|arsenal,2122,2022-03-06,train
2122|2022-03-07|tottenham-hotspur|everton,2122,2022-03-07,train
2122|2022-03-10|leeds-united|aston-villa,2122,2022-03-10,train
2122|2022-03-10|norwich-city|chelsea,2122,2022-03-10,train
2122|2022-03-10|southampton|newcastle-united,2122,2022-03-10,train
2122|2022-03-10|wolverhampton-wanderers|watford,2122,2022-03-10,train
2122|2022-03-12|brentford|burnley,2122,2022-03-12,train
2122|2022-03-12|brighton-and-hove-albion|liverpool,2122,2022-03-12,train
2122|2022-03-12|manchester-united|tottenham-hotspur,2122,2022-03-12,train
2122|2022-03-13|arsenal|leicester-city,2122,2022-03-13,train
2122|2022-03-13|chelsea|newcastle-united,2122,2022-03-13,train
2122|2022-03-13|everton|wolverhampton-wanderers,2122,2022-03-13,train
2122|2022-03-13|leeds-united|norwich-city,2122,2022-03-13,train
2122|2022-03-13|southampton|watford,2122,2022-03-13,train
2122|2022-03-13|west-ham-united|aston-villa,2122,2022-03-13,train
2122|2022-03-14|crystal-palace|manchester-city,2122,2022-03-14,train
2122|2022-03-16|arsenal|liverpool,2122,2022-03-16,train
2122|2022-03-16|brighton-and-hove-albion|tottenham-hotspur,2122,2022-03-16,train
2122|2022-03-17|everton|newcastle-united,2122,2022-03-17,train
2122|2022-03-18|wolverhampton-wanderers|leeds-united,2122,2022-03-18,train
2122|2022-03-19|aston-villa|arsenal,2122,2022-03-19,train
2122|2022-03-20|leicester-city|brentford,2122,2022-03-20,train
2122|2022-03-20|tottenham-hotspur|west-ham-united,2122,2022-03-20,train
2122|2022-04-02|brighton-and-hove-albion|norwich-city,2122,2022-04-02,train
2122|2022-04-02|burnley|manchester-city,2122,2022-04-02,train
2122|2022-04-02|chelsea|brentford,2122,2022-04-02,train
2122|2022-04-02|leeds-united|southampton,2122,2022-04-02,train
2122|2022-04-02|liverpool|watford,2122,2022-04-02,train
2122|2022-04-02|manchester-united|leicester-city,2122,2022-04-02,train
2122|2022-04-02|wolverhampton-wanderers|aston-villa,2122,2022-04-02,train
2122|2022-04-03|tottenham-hotspur|newcastle-united,2122,2022-04-03,train
2122|2022-04-03|west-ham-united|everton,2122,2022-04-03,train
2122|2022-04-04|crystal-palace|arsenal,2122,2022-04-04,train
2122|2022-04-06|burnley|everton,2122,2022-04-06,train
2122|2022-04-08|newcastle-united|wolverhampton-wanderers,2122,2022-04-08,train
2122|2022-04-09|arsenal|brighton-and-hove-albion,2122,2022-04-09,train
2122|2022-04-09|aston-villa|tottenham-hotspur,2122,2022-04-09,train
2122|2022-04-09|everton|manchester-united,2122,2022-04-09,train
2122|2022-04-09|southampton|chelsea,2122,2022-04-09,train
2122|2022-04-09|watford|leeds-united,2122,2022-04-09,train
2122|2022-04-10|brentford|west-ham-united,2122,2022-04-10,train
2122|2022-04-10|leicester-city|crystal-palace,2122,2022-04-10,train
2122|2022-04-10|manchester-city|liverpool,2122,2022-04-10,train
2122|2022-04-10|norwich-city|burnley,2122,2022-04-10,train
2122|2022-04-16|manchester-united|norwich-city,2122,2022-04-16,train
2122|2022-04-16|southampton|arsenal,2122,2022-04-16,train
2122|2022-04-16|tottenham-hotspur|brighton-and-hove-albion,2122,2022-04-16,train
2122|2022-04-16|watford|brentford,2122,2022-04-16,train
2122|2022-04-17|newcastle-united|leicester-city,2122,2022-04-17,train
2122|2022-04-17|west-ham-united|burnley,2122,2022-04-17,train
2122|2022-04-19|liverpool|manchester-united,2122,2022-04-19,train
2122|2022-04-20|chelsea|arsenal,2122,2022-04-20,train
2122|2022-04-20|everton|leicester-city,2122,2022-04-20,train
2122|2022-04-20|manchester-city|brighton-and-hove-albion,2122,2022-04-20,train
2122|2022-04-20|newcastle-united|crystal-palace,2122,2022-04-20,train
2122|2022-04-21|burnley|southampton,2122,2022-04-21,train
2122|2022-04-23|arsenal|manchester-united,2122,2022-04-23,train
2122|2022-04-23|brentford|tottenham-hotspur,2122,2022-04-23,train
2122|2022-04-23|leicester-city|aston-villa,2122,2022-04-23,train
2122|2022-04-23|manchester-city|watford,2122,2022-04-23,train
2122|2022-04-23|norwich-city|newcastle-united,2122,2022-04-23,train
2122|2022-04-24|brighton-and-hove-albion|southampton,2122,2022-04-24,train
2122|2022-04-24|burnley|wolverhampton-wanderers,2122,2022-04-24,train
2122|2022-04-24|chelsea|west-ham-united,2122,2022-04-24,train
2122|2022-04-24|liverpool|everton,2122,2022-04-24,train
2122|2022-04-25|crystal-palace|leeds-united,2122,2022-04-25,train
2122|2022-04-28|manchester-united|chelsea,2122,2022-04-28,train
2122|2022-04-30|aston-villa|norwich-city,2122,2022-04-30,train
2122|2022-04-30|leeds-united|manchester-city,2122,2022-04-30,train
2122|2022-04-30|newcastle-united|liverpool,2122,2022-04-30,train
2122|2022-04-30|southampton|crystal-palace,2122,2022-04-30,train
2122|2022-04-30|watford|burnley,2122,2022-04-30,train
2122|2022-04-30|wolverhampton-wanderers|brighton-and-hove-albion,2122,2022-04-30,train
2122|2022-05-01|everton|chelsea,2122,2022-05-01,train
2122|2022-05-01|tottenham-hotspur|leicester-city,2122,2022-05-01,train
2122|2022-05-01|west-ham-united|arsenal,2122,2022-05-01,train
2122|2022-05-02|manchester-united|brentford,2122,2022-05-02,train
2122|2022-05-07|brentford|southampton,2122,2022-05-07,train
2122|2022-05-07|brighton-and-hove-albion|manchester-united,2122,2022-05-07,train
2122|2022-05-07|burnley|aston-villa,2122,2022-05-07,train
2122|2022-05-07|chelsea|wolverhampton-wanderers,2122,2022-05-07,train
2122|2022-05-07|crystal-palace|watford,2122,2022-05-07,train
2122|2022-05-07|liverpool|tottenham-hotspur,2122,2022-05-07,train
2122|2022-05-08|arsenal|leeds-united,2122,2022-05-08,train
2122|2022-05-08|leicester-city|everton,2122,2022-05-08,train
2122|2022-05-08|manchester-city|newcastle-united,2122,2022-05-08,train
2122|2022-05-08|norwich-city|west-ham-united,2122,2022-05-08,train
2122|2022-05-10|aston-villa|liverpool,2122,2022-05-10,train
2122|2022-05-11|leeds-united|chelsea,2122,2022-05-11,train
2122|2022-05-11|leicester-city|norwich-city,2122,2022-05-11,train
2122|2022-05-11|watford|everton,2122,2022-05-11,train
2122|2022-05-11|wolverhampton-wanderers|manchester-city,2122,2022-05-11,train
2122|2022-05-12|tottenham-hotspur|arsenal,2122,2022-05-12,train
2122|2022-05-15|aston-villa|crystal-palace,2122,2022-05-15,train
2122|2022-05-15|everton|brentford,2122,2022-05-15,train
2122|2022-05-15|leeds-united|brighton-and-hove-albion,2122,2022-05-15,train
2122|2022-05-15|tottenham-hotspur|burnley,2122,2022-05-15,train
2122|2022-05-15|watford|leicester-city,2122,2022-05-15,train
2122|2022-05-15|west-ham-united|manchester-city,2122,2022-05-15,train
2122|2022-05-15|wolverhampton-wanderers|norwich-city,2122,2022-05-15,train
2122|2022-05-16|newcastle-united|arsenal,2122,2022-05-16,train
2122|2022-05-17|southampton|liverpool,2122,2022-05-17,train
2122|2022-05-19|aston-villa|burnley,2122,2022-05-19,train
2122|2022-05-19|chelsea|leicester-city,2122,2022-05-19,train
2122|2022-05-19|everton|crystal-palace,2122,2022-05-19,train
2122|2022-05-22|arsenal|everton,2122,2022-05-22,train
2122|2022-05-22|brentford|leeds-united,2122,2022-05-22,train
2122|2022-05-22|brighton-and-hove-albion|west-ham-united,2122,2022-05-22,train
2122|2022-05-22|burnley|newcastle-united,2122,2022-05-22,train
2122|2022-05-22|chelsea|watford,2122,2022-05-22,train
2122|2022-05-22|crystal-palace|manchester-united,2122,2022-05-22,train
2122|2022-05-22|leicester-city|southampton,2122,2022-05-22,train
2122|2022-05-22|liverpool|wolverhampton-wanderers,2122,2022-05-22,train
2122|2022-05-22|manchester-city|aston-villa,2122,2022-05-22,train
2122|2022-05-22|norwich-city|tottenham-hotspur,2122,2022-05-22,train
2223|2022-08-05|crystal-palace|arsenal,2223,2022-08-05,train
2223|2022-08-06|afc-bournemouth|aston-villa,2223,2022-08-06,train
2223|2022-08-06|everton|chelsea,2223,2022-08-06,train
2223|2022-08-06|fulham|liverpool,2223,2022-08-06,train
2223|2022-08-06|leeds-united|wolverhampton-wanderers,2223,2022-08-06,train
2223|2022-08-06|newcastle-united|nottingham-forest,2223,2022-08-06,train
2223|2022-08-06|tottenham-hotspur|southampton,2223,2022-08-06,train
2223|2022-08-07|leicester-city|brentford,2223,2022-08-07,train
2223|2022-08-07|manchester-united|brighton-and-hove-albion,2223,2022-08-07,train
2223|2022-08-07|west-ham-united|manchester-city,2223,2022-08-07,train
2223|2022-08-13|arsenal|leicester-city,2223,2022-08-13,train
2223|2022-08-13|aston-villa|everton,2223,2022-08-13,train
2223|2022-08-13|brentford|manchester-united,2223,2022-08-13,train
2223|2022-08-13|brighton-and-hove-albion|newcastle-united,2223,2022-08-13,train
2223|2022-08-13|manchester-city|afc-bournemouth,2223,2022-08-13,train
2223|2022-08-13|southampton|leeds-united,2223,2022-08-13,train
2223|2022-08-13|wolverhampton-wanderers|fulham,2223,2022-08-13,train
2223|2022-08-14|chelsea|tottenham-hotspur,2223,2022-08-14,train
2223|2022-08-14|nottingham-forest|west-ham-united,2223,2022-08-14,train
2223|2022-08-15|liverpool|crystal-palace,2223,2022-08-15,train
2223|2022-08-20|afc-bournemouth|arsenal,2223,2022-08-20,train
2223|2022-08-20|crystal-palace|aston-villa,2223,2022-08-20,train
2223|2022-08-20|everton|nottingham-forest,2223,2022-08-20,train
2223|2022-08-20|fulham|brentford,2223,2022-08-20,train
2223|2022-08-20|leicester-city|southampton,2223,2022-08-20,train
2223|2022-08-20|tottenham-hotspur|wolverhampton-wanderers,2223,2022-08-20,train
2223|2022-08-21|leeds-united|chelsea,2223,2022-08-21,train
2223|2022-08-21|newcastle-united|manchester-city,2223,2022-08-21,train
2223|2022-08-21|west-ham-united|brighton-and-hove-albion,2223,2022-08-21,train
2223|2022-08-22|manchester-united|liverpool,2223,2022-08-22,train
2223|2022-08-27|arsenal|fulham,2223,2022-08-27,train
2223|2022-08-27|brentford|everton,2223,2022-08-27,train
2223|2022-08-27|brighton-and-hove-albion|leeds-united,2223,2022-08-27,train
2223|2022-08-27|chelsea|leicester-city,2223,2022-08-27,train
2223|2022-08-27|liverpool|afc-bournemouth,2223,2022-08-27,train
2223|2022-08-27|manchester-city|crystal-palace,2223,2022-08-27,train
2223|2022-08-27|southampton|manchester-united,2223,2022-08-27,train
2223|2022-08-28|aston-villa|west-ham-united,2223,2022-08-28,train
2223|2022-08-28|nottingham-forest|tottenham-hotspur,2223,2022-08-28,train
2223|2022-08-28|wolverhampton-wanderers|newcastle-united,2223,2022-08-28,train
2223|2022-08-30|crystal-palace|brentford,2223,2022-08-30,train
2223|2022-08-30|fulham|brighton-and-hove-albion,2223,2022-08-30,train
2223|2022-08-30|leeds-united|everton,2223,2022-08-30,train
2223|2022-08-30|southampton|chelsea,2223,2022-08-30,train
2223|2022-08-31|afc-bournemouth|wolverhampton-wanderers,2223,2022-08-31,train
2223|2022-08-31|arsenal|aston-villa,2223,2022-08-31,train
2223|2022-08-31|liverpool|newcastle-united,2223,2022-08-31,train
2223|2022-08-31|manchester-city|nottingham-forest,2223,2022-08-31,train
2223|2022-08-31|west-ham-united|tottenham-hotspur,2223,2022-08-31,train
2223|2022-09-01|leicester-city|manchester-united,2223,2022-09-01,train
2223|2022-09-03|aston-villa|manchester-city,2223,2022-09-03,train
2223|2022-09-03|brentford|leeds-united,2223,2022-09-03,train
2223|2022-09-03|chelsea|west-ham-united,2223,2022-09-03,train
2223|2022-09-03|everton|liverpool,2223,2022-09-03,train
2223|2022-09-03|newcastle-united|crystal-palace,2223,2022-09-03,train
2223|2022-09-03|nottingham-forest|afc-bournemouth,2223,2022-09-03,train
2223|2022-09-03|tottenham-hotspur|fulham,2223,2022-09-03,train
2223|2022-09-03|wolverhampton-wanderers|southampton,2223,2022-09-03,train
2223|2022-09-04|brighton-and-hove-albion|leicester-city,2223,2022-09-04,train
2223|2022-09-04|manchester-united|arsenal,2223,2022-09-04,train
2223|2022-09-16|aston-villa|southampton,2223,2022-09-16,train
2223|2022-09-16|nottingham-forest|fulham,2223,2022-09-16,train
2223|2022-09-17|newcastle-united|afc-bournemouth,2223,2022-09-17,train
2223|2022-09-17|tottenham-hotspur|leicester-city,2223,2022-09-17,train
2223|2022-09-17|wolverhampton-wanderers|manchester-city,2223,2022-09-17,train
2223|2022-09-18|brentford|arsenal,2223,2022-09-18,train
2223|2022-09-18|everton|west-ham-united,2223,2022-09-18,train
2223|2022-10-01|afc-bournemouth|brentford,2223,2022-10-01,train
2223|2022-10-01|arsenal|tottenham-hotspur,2223,2022-10-01,train
2223|2022-10-01|crystal-palace|chelsea,2223,2022-10-01,train
2223|2022-10-01|fulham|newcastle-united,2223,2022-10-01,train
2223|2022-10-01|liverpool|brighton-and-hove-albion,2223,2022-10-01,train
2223|2022-10-01|southampton|everton,2223,2022-10-01,train
2223|2022-10-01|west-ham-united|wolverhampton-wanderers,2223,2022-10-01,train
2223|2022-10-02|leeds-united|aston-villa,2223,2022-10-02,train
2223|2022-10-02|manchester-city|manchester-united,2223,2022-10-02,train
2223|2022-10-03|leicester-city|nottingham-forest,2223,2022-10-03,train
2223|2022-10-08|afc-bournemouth|leicester-city,2223,2022-10-08,train
2223|2022-10-08|brighton-and-hove-albion|tottenham-hotspur,2223,2022-10-08,train
2223|2022-10-08|chelsea|wolverhampton-wanderers,2223,2022-10-08,train
2223|2022-10-08|manchester-city|southampton,2223,2022-10-08,train
2223|2022-10-08|newcastle-united|brentford,2223,2022-10-08,train
2223|2022-10-09|arsenal|liverpool,2223,2022-10-09,train
2223|2022-10-09|crystal-palace|leeds-united,2223,2022-10-09,train
2223|2022-10-09|everton|manchester-united,2223,2022-10-09,train
2223|2022-10-09|west-ham-united|fulham,2223,2022-10-09,train
2223|2022-10-10|nottingham-forest|aston-villa,2223,2022-10-10,train
2223|2022-10-14|brentford|brighton-and-hove-albion,2223,2022-10-14,train
2223|2022-10-15|fulham|afc-bournemouth,2223,2022-10-15,train
2223|2022-10-15|leicester-city|crystal-palace,2223,2022-10-15,train
2223|2022-10-15|tottenham-hotspur|everton,2223,2022-10-15,train
2223|2022-10-15|wolverhampton-wanderers|nottingham-forest,2223,2022-10-15,train
2223|2022-10-16|aston-villa|chelsea,2223,2022-10-16,train
2223|2022-10-16|leeds-united|arsenal,2223,2022-10-16,train
2223|2022-10-16|liverpool|manchester-city,2223,2022-10-16,train
2223|2022-10-16|manchester-united|newcastle-united,2223,2022-10-16,train
2223|2022-10-16|southampton|west-ham-united,2223,2022-10-16,train
2223|2022-10-18|brighton-and-hove-albion|nottingham-forest,2223,2022-10-18,train
2223|2022-10-18|crystal-palace|wolverhampton-wanderers,2223,2022-10-18,train
2223|2022-10-19|afc-bournemouth|southampton,2223,2022-10-19,train
2223|2022-10-19|brentford|chelsea,2223,2022-10-19,train
2223|2022-10-19|liverpool|west-ham-united,2223,2022-10-19,train
2223|2022-10-19|manchester-united|tottenham-hotspur,2223,2022-10-19,train
2223|2022-10-19|newcastle-united|everton,2223,2022-10-19,train
2223|2022-10-20|fulham|aston-villa,2223,2022-10-20,train
2223|2022-10-20|leicester-city|leeds-united,2223,2022-10-20,train
2223|2022-10-22|chelsea|manchester-united,2223,2022-10-22,train
2223|2022-10-22|everton|crystal-palace,2223,2022-10-22,train
2223|2022-10-22|manchester-city|brighton-and-hove-albion,2223,2022-10-22,train
2223|2022-10-22|nottingham-forest|liverpool,2223,2022-10-22,train
2223|2022-10-23|aston-villa|brentford,2223,2022-10-23,train
2223|2022-10-23|leeds-united|fulham,2223,2022-10-23,train
2223|2022-10-23|southampton|arsenal,2223,2022-10-23,train
2223|2022-10-23|tottenham-hotspur|newcastle-united,2223,2022-10-23,train
2223|2022-10-23|wolverhampton-wanderers|leicester-city,2223,2022-10-23,train
2223|2022-10-24|west-ham-united|afc-bournemouth,2223,2022-10-24,train
2223|2022-10-29|afc-bournemouth|tottenham-hotspur,2223,2022-10-29,train
2223|2022-10-29|brentford|wolverhampton-wanderers,2223,2022-10-29,train
2223|2022-10-29|brighton-and-hove-albion|chelsea,2223,2022-10-29,train
2223|2022-10-29|crystal-palace|southampton,2223,2022-10-29,train
2223|2022-10-29|fulham|everton,2223,2022-10-29,train
2223|2022-10-29|leicester-city|manchester-city,2223,2022-10-29,train
2223|2022-10-29|liverpool|leeds-united,2223,2022-10-29,train
2223|2022-10-29|newcastle-united|aston-villa,2223,2022-10-29,train
2223|2022-10-30|arsenal|nottingham-forest,2223,2022-10-30,train
2223|2022-10-30|manchester-united|west-ham-united,2223,2022-10-30,train
2223|2022-11-05|everton|leicester-city,2223,2022-11-05,train
2223|2022-11-05|leeds-united|afc-bournemouth,2223,2022-11-05,train
2223|2022-11-05|manchester-city|fulham,2223,2022-11-05,train
2223|2022-11-05|nottingham-forest|brentford,2223,2022-11-05,train
2223|2022-11-05|wolverhampton-wanderers|brighton-and-hove-albion,2223,2022-11-05,train
2223|2022-11-06|aston-villa|manchester-united,2223,2022-11-06,train
2223|2022-11-06|chelsea|arsenal,2223,2022-11-06,train
2223|2022-11-06|southampton|newcastle-united,2223,2022-11-06,train
2223|2022-11-06|tottenham-hotspur|liverpool,2223,2022-11-06,train
2223|2022-11-06|west-ham-united|crystal-palace,2223,2022-11-06,train
2223|2022-11-12|afc-bournemouth|everton,2223,2022-11-12,train
2223|2022-11-12|liverpool|southampton,2223,2022-11-12,train
2223|2022-11-12|manchester-city|brentford,2223,2022-11-12,train
2223|2022-11-12|newcastle-united|chelsea,2223,2022-11-12,train
2223|2022-11-12|nottingham-forest|crystal-palace,2223,2022-11-12,train
2223|2022-11-12|tottenham-hotspur|leeds-united,2223,2022-11-12,train
2223|2022-11-12|west-ham-united|leicester-city,2223,2022-11-12,train
2223|2022-11-12|wolverhampton-wanderers|arsenal,2223,2022-11-12,train
2223|2022-11-13|brighton-and-hove-albion|aston-villa,2223,2022-11-13,train
2223|2022-11-13|fulham|manchester-united,2223,2022-11-13,train
2223|2022-12-26|arsenal|west-ham-united,2223,2022-12-26,train
2223|2022-12-26|aston-villa|liverpool,2223,2022-12-26,train
2223|2022-12-26|brentford|tottenham-hotspur,2223,2022-12-26,train
2223|2022-12-26|crystal-palace|fulham,2223,2022-12-26,train
2223|2022-12-26|everton|wolverhampton-wanderers,2223,2022-12-26,train
2223|2022-12-26|leicester-city|newcastle-united,2223,2022-12-26,train
2223|2022-12-26|southampton|brighton-and-hove-albion,2223,2022-12-26,train
2223|2022-12-27|chelsea|afc-bournemouth,2223,2022-12-27,train
2223|2022-12-27|manchester-united|nottingham-forest,2223,2022-12-27,train
2223|2022-12-28|leeds-united|manchester-city,2223,2022-12-28,train
2223|2022-12-30|liverpool|leicester-city,2223,2022-12-30,train
2223|2022-12-30|west-ham-united|brentford,2223,2022-12-30,train
2223|2022-12-31|afc-bournemouth|crystal-palace,2223,2022-12-31,train
2223|2022-12-31|brighton-and-hove-albion|arsenal,2223,2022-12-31,train
2223|2022-12-31|fulham|southampton,2223,2022-12-31,train
2223|2022-12-31|manchester-city|everton,2223,2022-12-31,train
2223|2022-12-31|newcastle-united|leeds-united,2223,2022-12-31,train
2223|2022-12-31|wolverhampton-wanderers|manchester-united,2223,2022-12-31,train
2223|2023-01-01|nottingham-forest|chelsea,2223,2023-01-01,train
2223|2023-01-01|tottenham-hotspur|aston-villa,2223,2023-01-01,train
2223|2023-01-02|brentford|liverpool,2223,2023-01-02,train
2223|2023-01-03|arsenal|newcastle-united,2223,2023-01-03,train
2223|2023-01-03|everton|brighton-and-hove-albion,2223,2023-01-03,train
2223|2023-01-03|leicester-city|fulham,2223,2023-01-03,train
2223|2023-01-03|manchester-united|afc-bournemouth,2223,2023-01-03,train
2223|2023-01-04|aston-villa|wolverhampton-wanderers,2223,2023-01-04,train
2223|2023-01-04|crystal-palace|tottenham-hotspur,2223,2023-01-04,train
2223|2023-01-04|leeds-united|west-ham-united,2223,2023-01-04,train
2223|2023-01-04|southampton|nottingham-forest,2223,2023-01-04,train
2223|2023-01-05|chelsea|manchester-city,2223,2023-01-05,train
2223|2023-01-12|fulham|chelsea,2223,2023-01-12,train
2223|2023-01-13|aston-villa|leeds-united,2223,2023-01-13,train
2223|2023-01-14|brentford|afc-bournemouth,2223,2023-01-14,train
2223|2023-01-14|brighton-and-hove-albion|liverpool,2223,2023-01-14,train
2223|2023-01-14|everton|southampton,2223,2023-01-14,train
2223|2023-01-14|manchester-united|manchester-city,2223,2023-01-14,train
2223|2023-01-14|nottingham-forest|leicester-city,2223,2023-01-14,train
2223|2023-01-14|wolverhampton-wanderers|west-ham-united,2223,2023-01-14,train
2223|2023-01-15|chelsea|crystal-palace,2223,2023-01-15,train
2223|2023-01-15|newcastle-united|fulham,2223,2023-01-15,train
2223|2023-01-15|tottenham-hotspur|arsenal,2223,2023-01-15,train
2223|2023-01-18|crystal-palace|manchester-united,2223,2023-01-18,train
2223|2023-01-19|manchester-city|tottenham-hotspur,2223,2023-01-19,train
2223|2023-01-21|afc-bournemouth|nottingham-forest,2223,2023-01-21,train
2223|2023-01-21|crystal-palace|newcastle-united,2223,2023-01-21,train
2223|2023-01-21|leicester-city|brighton-and-hove-albion,2223,2023-01-21,train
2223|2023-01-21|liverpool|chelsea,2223,2023-01-21,train
2223|2023-01-21|southampton|aston-villa,2223,2023-01-21,train
2223|2023-01-21|west-ham-united|everton,2223,2023-01-21,train
2223|2023-01-22|arsenal|manchester-united,2223,2023-01-22,train
2223|2023-01-22|leeds-united|brentford,2223,2023-01-22,train
2223|2023-01-22|manchester-city|wolverhampton-wanderers,2223,2023-01-22,train
2223|2023-01-23|fulham|tottenham-hotspur,2223,2023-01-23,train
2223|2023-02-03|chelsea|fulham,2223,2023-02-03,train
2223|2023-02-04|aston-villa|leicester-city,2223,2023-02-04,train
2223|2023-02-04|brentford|southampton,2223,2023-02-04,train
2223|2023-02-04|brighton-and-hove-albion|afc-bournemouth,2223,2023-02-04,train
2223|2023-02-04|everton|arsenal,2223,2023-02-04,train
2223|2023-02-04|manchester-united|crystal-palace,2223,2023-02-04,train
2223|2023-02-04|newcastle-united|west-ham-united,2223,2023-02-04,train
2223|2023-02-04|wolverhampton-wanderers|liverpool,2223,2023-02-04,train
2223|2023-02-05|nottingham-forest|leeds-united,2223,2023-02-05,train
2223|2023-02-05|tottenham-hotspur|manchester-city,2223,2023-02-05,train
2223|2023-02-08|manchester-united|leeds-united,2223,2023-02-08,train
2223|2023-02-11|afc-bournemouth|newcastle-united,2223,2023-02-11,train
2223|2023-02-11|arsenal|brentford,2223,2023-02-11,train
2223|2023-02-11|crystal-palace|brighton-and-hove-albion,2223,2023-02-11,train
2223|2023-02-11|fulham|nottingham-forest,2223,2023-02-11,train
2223|2023-02-11|leicester-city|tottenham-hotspur,2223,2023-02-11,train
2223|2023-02-11|southampton|wolverhampton-wanderers,2223,2023-02-11,train
2223|2023-02-11|west-ham-united|chelsea,2223,2023-02-11,train
2223|2023-02-12|leeds-united|manchester-united,2223,2023-02-12,train
2223|2023-02-12|manchester-city|aston-villa,2223,2023-02-12,train
2223|2023-02-13|liverpool|everton,2223,2023-02-13,train
2223|2023-02-15|arsenal|manchester-city,2223,2023-02-15,train
2223|2023-02-18|aston-villa|arsenal,2223,2023-02-18,train
2223|2023-02-18|brentford|crystal-palace,2223,2023-02-18,train
2223|2023-02-18|brighton-and-hove-albion|fulham,2223,2023-02-18,train
2223|2023-02-18|chelsea|southampton,2223,2023-02-18,train
2223|2023-02-18|everton|leeds-united,2223,2023-02-18,train
2223|2023-02-18|newcastle-united|liverpool,2223,2023-02-18,train
2223|2023-02-18|nottingham-forest|manchester-city,2223,2023-02-18,train
2223|2023-02-18|wolverhampton-wanderers|afc-bournemouth,2223,2023-02-18,train
2223|2023-02-19|manchester-united|leicester-city,2223,2023-02-19,train
2223|2023-02-19|tottenham-hotspur|west-ham-united,2223,2023-02-19,train
2223|2023-02-24|fulham|wolverhampton-wanderers,2223,2023-02-24,train
2223|2023-02-25|afc-bournemouth|manchester-city,2223,2023-02-25,train
2223|2023-02-25|crystal-palace|liverpool,2223,2023-02-25,train
2223|2023-02-25|everton|aston-villa,2223,2023-02-25,train
2223|2023-02-25|leeds-united|southampton,2223,2023-02-25,train
2223|2023-02-25|leicester-city|arsenal,2223,2023-02-25,train
2223|2023-02-25|west-ham-united|nottingham-forest,2223,2023-02-25,train
2223|2023-02-26|tottenham-hotspur|chelsea,2223,2023-02-26,train
2223|2023-03-01|arsenal|everton,2223,2023-03-01,train
2223|2023-03-01|liverpool|wolverhampton-wanderers,2223,2023-03-01,train
2223|2023-03-04|arsenal|afc-bournemouth,2223,2023-03-04,train
2223|2023-03-04|aston-villa|crystal-palace,2223,2023-03-04,train
2223|2023-03-04|brighton-and-hove-albion|west-ham-united,2223,2023-03-04,train
2223|2023-03-04|chelsea|leeds-united,2223,2023-03-04,train
2223|2023-03-04|manchester-city|newcastle-united,2223,2023-03-04,train
2223|2023-03-04|southampton|leicester-city,2223,2023-03-04,train
2223|2023-03-04|wolverhampton-wanderers|tottenham-hotspur,2223,2023-03-04,train
2223|2023-03-05|liverpool|manchester-united,2223,2023-03-05,train
2223|2023-03-05|nottingham-forest|everton,2223,2023-03-05,train
2223|2023-03-06|brentford|fulham,2223,2023-03-06,train
2223|2023-03-11|afc-bournemouth|liverpool,2223,2023-03-11,train
2223|2023-03-11|crystal-palace|manchester-city,2223,2023-03-11,train
2223|2023-03-11|everton|brentford,2223,2023-03-11,train
2223|2023-03-11|leeds-united|brighton-and-hove-albion,2223,2023-03-11,train
2223|2023-03-11|leicester-city|chelsea,2223,2023-03-11,train
2223|2023-03-11|tottenham-hotspur|nottingham-forest,2223,2023-03-11,train
2223|2023-03-12|fulham|arsenal,2223,2023-03-12,train
2223|2023-03-12|manchester-united|southampton,2223,2023-03-12,train
2223|2023-03-12|newcastle-united|wolverhampton-wanderers,2223,2023-03-12,train
2223|2023-03-12|west-ham-united|aston-villa,2223,2023-03-12,train
2223|2023-03-15|brighton-and-hove-albion|crystal-palace,2223,2023-03-15,train
2223|2023-03-15|southampton|brentford,2223,2023-03-15,train
2223|2023-03-17|nottingham-forest|newcastle-united,2223,2023-03-17,train
2223|2023-03-18|aston-villa|afc-bournemouth,2223,2023-03-18,train
2223|2023-03-18|brentford|leicester-city,2223,2023-03-18,train
2223|2023-03-18|chelsea|everton,2223,2023-03-18,train
2223|2023-03-18|southampton|tottenham-hotspur,2223,2023-03-18,train
2223|2023-03-18|wolverhampton-wanderers|leeds-united,2223,2023-03-18,train
2223|2023-03-19|arsenal|crystal-palace,2223,2023-03-19,train
2223|2023-04-01|afc-bournemouth|fulham,2223,2023-04-01,train
2223|2023-04-01|arsenal|leeds-united,2223,2023-04-01,train
2223|2023-04-01|brighton-and-hove-albion|brentford,2223,2023-04-01,train
2223|2023-04-01|chelsea|aston-villa,2223,2023-04-01,train
2223|2023-04-01|crystal-palace|leicester-city,2223,2023-04-01,train
2223|2023-04-01|manchester-city|liverpool,2223,2023-04-01,train
2223|2023-04-01|nottingham-forest|wolverhampton-wanderers,2223,2023-04-01,train
2223|2023-04-02|newcastle-united|manchester-united,2223,2023-04-02,train
2223|2023-04-02|west-ham-united|southampton,2223,2023-04-02,train
2223|2023-04-03|everton|tottenham-hotspur,2223,2023-04-03,train
2223|2023-04-04|afc-bournemouth|brighton-and-hove-albion,2223,2023-04-04,train
2223|2023-04-04|chelsea|liverpool,2223,2023-04-04,train
2223|2023-04-04|leeds-united|nottingham-forest,2223,2023-04-04,train
2223|2023-04-04|leicester-city|aston-villa,2223,2023-04-04,train
2223|2023-04-05|manchester-united|brentford,2223,2023-04-05,train
2223|2023-04-05|west-ham-united|newcastle-united,2223,2023-04-05,train
2223|2023-04-08|aston-villa|nottingham-forest,2223,2023-04-08,train
2223|2023-04-08|brentford|newcastle-united,2223,2023-04-08,train
2223|2023-04-08|fulham|west-ham-united,2223,2023-04-08,train
2223|2023-04-08|leicester-city|afc-bournemouth,2223,2023-04-08,train
2223|2023-04-08|manchester-united|everton,2223,2023-04-08,train
2223|2023-04-08|southampton|manchester-city,2223,2023-04-08,train
2223|2023-04-08|tottenham-hotspur|brighton-and-hove-albion,2223,2023-04-08,train
2223|2023-04-08|wolverhampton-wanderers|chelsea,2223,2023-04-08,train
2223|2023-04-09|leeds-united|crystal-palace,2223,2023-04-09,train
2223|2023-04-09|liverpool|arsenal,2223,2023-04-09,train
2223|2023-04-15|aston-villa|newcastle-united,2223,2023-04-15,train
2223|2023-04-15|chelsea|brighton-and-hove-albion,2223,2023-04-15,train
2223|2023-04-15|everton|fulham,2223,2023-04-15,train
2223|2023-04-15|manchester-city|leicester-city,2223,2023-04-15,train
2223|2023-04-15|southampton|crystal-palace,2223,2023-04-15,train
2223|2023-04-15|tottenham-hotspur|afc-bournemouth,2223,2023-04-15,train
2223|2023-04-15|wolverhampton-wanderers|brentford,2223,2023-04-15,train
2223|2023-04-16|nottingham-forest|manchester-united,2223,2023-04-16,train
2223|2023-04-16|west-ham-united|arsenal,2223,2023-04-16,train
2223|2023-04-17|leeds-united|liverpool,2223,2023-04-17,train
2223|2023-04-21|arsenal|southampton,2223,2023-04-21,train
2223|2023-04-22|brentford|aston-villa,2223,2023-04-22,train
2223|2023-04-22|crystal-palace|everton,2223,2023-04-22,train
2223|2023-04-22|fulham|leeds-united,2223,2023-04-22,train
2223|2023-04-22|leicester-city|wolverhampton-wanderers,2223,2023-04-22,train
2223|2023-04-22|liverpool|nottingham-forest,2223,2023-04-22,train
2223|2023-04-23|afc-bournemouth|west-ham-united,2223,2023-04-23,train
2223|2023-04-23|newcastle-united|tottenham-hotspur,2223,2023-04-23,train
2223|2023-04-25|aston-villa|fulham,2223,2023-04-25,train
2223|2023-04-25|leeds-united|leicester-city,2223,2023-04-25,train
2223|2023-04-25|wolverhampton-wanderers|crystal-palace,2223,2023-04-25,train
2223|2023-04-26|chelsea|brentford,2223,2023-04-26,train
2223|2023-04-26|manchester-city|arsenal,2223,2023-04-26,train
2223|2023-04-26|nottingham-forest|brighton-and-hove-albion,2223,2023-04-26,train
2223|2023-04-26|west-ham-united|liverpool,2223,2023-04-26,train
2223|2023-04-27|everton|newcastle-united,2223,2023-04-27,train
2223|2023-04-27|southampton|afc-bournemouth,2223,2023-04-27,train
2223|2023-04-27|tottenham-hotspur|manchester-united,2223,2023-04-27,train
2223|2023-04-29|brentford|nottingham-forest,2223,2023-04-29,train
2223|2023-04-29|brighton-and-hove-albion|wolverhampton-wanderers,2223,2023-04-29,train
2223|2023-04-29|crystal-palace|west-ham-united,2223,2023-04-29,train
2223|2023-04-30|afc-bournemouth|leeds-united,2223,2023-04-30,train
2223|2023-04-30|fulham|manchester-city,2223,2023-04-30,train
2223|2023-04-30|liverpool|tottenham-hotspur,2223,2023-04-30,train
2223|2023-04-30|manchester-united|aston-villa,2223,2023-04-30,train
2223|2023-04-30|newcastle-united|southampton,2223,2023-04-30,train
2223|2023-05-01|leicester-city|everton,2223,2023-05-01,train
2223|2023-05-02|arsenal|chelsea,2223,2023-05-02,train
2223|2023-05-03|liverpool|fulham,2223,2023-05-03,train
2223|2023-05-03|manchester-city|west-ham-united,2223,2023-05-03,train
2223|2023-05-04|brighton-and-hove-albion|manchester-united,2223,2023-05-04,train
2223|2023-05-06|afc-bournemouth|chelsea,2223,2023-05-06,train
2223|2023-05-06|liverpool|brentford,2223,2023-05-06,train
2223|2023-05-06|manchester-city|leeds-united,2223,2023-05-06,train
2223|2023-05-06|tottenham-hotspur|crystal-palace,2223,2023-05-06,train
2223|2023-05-06|wolverhampton-wanderers|aston-villa,2223,2023-05-06,train
2223|2023-05-07|newcastle-united|arsenal,2223,2023-05-07,train
2223|2023-05-07|west-ham-united|manchester-united,2223,2023-05-07,train
2223|2023-05-08|brighton-and-hove-albion|everton,2223,2023-05-08,train
2223|2023-05-08|fulham|leicester-city,2223,2023-05-08,train
2223|2023-05-08|nottingham-forest|southampton,2223,2023-05-08,train
2223|2023-05-13|aston-villa|tottenham-hotspur,2223,2023-05-13,train
2223|2023-05-13|chelsea|nottingham-forest,2223,2023-05-13,train
2223|2023-05-13|crystal-palace|afc-bournemouth,2223,2023-05-13,train
2223|2023-05-13|leeds-united|newcastle-united,2223,2023-05-13,train
2223|2023-05-13|manchester-united|wolverhampton-wanderers,2223,2023-05-13,train
2223|2023-05-13|southampton|fulham,2223,2023-05-13,train
2223|2023-05-14|arsenal|brighton-and-hove-albion,2223,2023-05-14,train
2223|2023-05-14|brentford|west-ham-united,2223,2023-05-14,train
2223|2023-05-14|everton|manchester-city,2223,2023-05-14,train
2223|2023-05-15|leicester-city|liverpool,2223,2023-05-15,train
2223|2023-05-18|newcastle-united|brighton-and-hove-albion,2223,2023-05-18,train
2223|2023-05-20|afc-bournemouth|manchester-united,2223,2023-05-20,train
2223|2023-05-20|fulham|crystal-palace,2223,2023-05-20,train
2223|2023-05-20|liverpool|aston-villa,2223,2023-05-20,train
2223|2023-05-20|nottingham-forest|arsenal,2223,2023-05-20,train
2223|2023-05-20|tottenham-hotspur|brentford,2223,2023-05-20,train
2223|2023-05-20|wolverhampton-wanderers|everton,2223,2023-05-20,train
2223|2023-05-21|brighton-and-hove-albion|southampton,2223,2023-05-21,train
2223|2023-05-21|manchester-city|chelsea,2223,2023-05-21,train
2223|2023-05-21|west-ham-united|leeds-united,2223,2023-05-21,train
2223|2023-05-22|newcastle-united|leicester-city,2223,2023-05-22,train
2223|2023-05-24|brighton-and-hove-albion|manchester-city,2223,2023-05-24,train
2223|2023-05-25|manchester-united|chelsea,2223,2023-05-25,train
2223|2023-05-28|arsenal|wolverhampton-wanderers,2223,2023-05-28,train
2223|2023-05-28|aston-villa|brighton-and-hove-albion,2223,2023-05-28,train
2223|2023-05-28|brentford|manchester-city,2223,2023-05-28,train
2223|2023-05-28|chelsea|newcastle-united,2223,2023-05-28,train
2223|2023-05-28|crystal-palace|nottingham-forest,2223,2023-05-28,train
2223|2023-05-28|everton|afc-bournemouth,2223,2023-05-28,train
2223|2023-05-28|leeds-united|tottenham-hotspur,2223,2023-05-28,train
2223|2023-05-28|leicester-city|west-ham-united,2223,2023-05-28,train
2223|2023-05-28|manchester-united|fulham,2223,2023-05-28,train
2223|2023-05-28|southampton|liverpool,2223,2023-05-28,train
2324|2023-08-11|burnley|manchester-city,2324,2023-08-11,validation
2324|2023-08-12|afc-bournemouth|west-ham-united,2324,2023-08-12,validation
2324|2023-08-12|arsenal|nottingham-forest,2324,2023-08-12,validation
2324|2023-08-12|brighton-and-hove-albion|luton-town,2324,2023-08-12,validation
2324|2023-08-12|everton|fulham,2324,2023-08-12,validation
2324|2023-08-12|newcastle-united|aston-villa,2324,2023-08-12,validation
2324|2023-08-12|sheffield-united|crystal-palace,2324,2023-08-12,validation
2324|2023-08-13|brentford|tottenham-hotspur,2324,2023-08-13,validation
2324|2023-08-13|chelsea|liverpool,2324,2023-08-13,validation
2324|2023-08-14|manchester-united|wolverhampton-wanderers,2324,2023-08-14,validation
2324|2023-08-18|nottingham-forest|sheffield-united,2324,2023-08-18,validation
2324|2023-08-19|fulham|brentford,2324,2023-08-19,validation
2324|2023-08-19|liverpool|afc-bournemouth,2324,2023-08-19,validation
2324|2023-08-19|manchester-city|newcastle-united,2324,2023-08-19,validation
2324|2023-08-19|tottenham-hotspur|manchester-united,2324,2023-08-19,validation
2324|2023-08-19|wolverhampton-wanderers|brighton-and-hove-albion,2324,2023-08-19,validation
2324|2023-08-20|aston-villa|everton,2324,2023-08-20,validation
2324|2023-08-20|west-ham-united|chelsea,2324,2023-08-20,validation
2324|2023-08-21|crystal-palace|arsenal,2324,2023-08-21,validation
2324|2023-08-25|chelsea|luton-town,2324,2023-08-25,validation
2324|2023-08-26|afc-bournemouth|tottenham-hotspur,2324,2023-08-26,validation
2324|2023-08-26|arsenal|fulham,2324,2023-08-26,validation
2324|2023-08-26|brentford|crystal-palace,2324,2023-08-26,validation
2324|2023-08-26|brighton-and-hove-albion|west-ham-united,2324,2023-08-26,validation
2324|2023-08-26|everton|wolverhampton-wanderers,2324,2023-08-26,validation
2324|2023-08-26|manchester-united|nottingham-forest,2324,2023-08-26,validation
2324|2023-08-27|burnley|aston-villa,2324,2023-08-27,validation
2324|2023-08-27|newcastle-united|liverpool,2324,2023-08-27,validation
2324|2023-08-27|sheffield-united|manchester-city,2324,2023-08-27,validation
2324|2023-09-01|luton-town|west-ham-united,2324,2023-09-01,validation
2324|2023-09-02|brentford|afc-bournemouth,2324,2023-09-02,validation
2324|2023-09-02|brighton-and-hove-albion|newcastle-united,2324,2023-09-02,validation
2324|2023-09-02|burnley|tottenham-hotspur,2324,2023-09-02,validation
2324|2023-09-02|chelsea|nottingham-forest,2324,2023-09-02,validation
2324|2023-09-02|manchester-city|fulham,2324,2023-09-02,validation
2324|2023-09-02|sheffield-united|everton,2324,2023-09-02,validation
2324|2023-09-03|arsenal|manchester-united,2324,2023-09-03,validation
2324|2023-09-03|crystal-palace|wolverhampton-wanderers,2324,2023-09-03,validation
2324|2023-09-03|liverpool|aston-villa,2324,2023-09-03,validation
2324|2023-09-16|aston-villa|crystal-palace,2324,2023-09-16,validation
2324|2023-09-16|fulham|luton-town,2324,2023-09-16,validation
2324|2023-09-16|manchester-united|brighton-and-hove-albion,2324,2023-09-16,validation
2324|2023-09-16|newcastle-united|brentford,2324,2023-09-16,validation
2324|2023-09-16|tottenham-hotspur|sheffield-united,2324,2023-09-16,validation
2324|2023-09-16|west-ham-united|manchester-city,2324,2023-09-16,validation
2324|2023-09-16|wolverhampton-wanderers|liverpool,2324,2023-09-16,validation
2324|2023-09-17|afc-bournemouth|chelsea,2324,2023-09-17,validation
2324|2023-09-17|everton|arsenal,2324,2023-09-17,validation
2324|2023-09-18|nottingham-forest|burnley,2324,2023-09-18,validation
2324|2023-09-23|brentford|everton,2324,2023-09-23,validation
2324|2023-09-23|burnley|manchester-united,2324,2023-09-23,validation
2324|2023-09-23|crystal-palace|fulham,2324,2023-09-23,validation
2324|2023-09-23|luton-town|wolverhampton-wanderers,2324,2023-09-23,validation
2324|2023-09-23|manchester-city|nottingham-forest,2324,2023-09-23,validation
2324|2023-09-24|arsenal|tottenham-hotspur,2324,2023-09-24,validation
2324|2023-09-24|brighton-and-hove-albion|afc-bournemouth,2324,2023-09-24,validation
2324|2023-09-24|chelsea|aston-villa,2324,2023-09-24,validation
2324|2023-09-24|liverpool|west-ham-united,2324,2023-09-24,validation
2324|2023-09-24|sheffield-united|newcastle-united,2324,2023-09-24,validation
2324|2023-09-30|afc-bournemouth|arsenal,2324,2023-09-30,validation
2324|2023-09-30|aston-villa|brighton-and-hove-albion,2324,2023-09-30,validation
2324|2023-09-30|everton|luton-town,2324,2023-09-30,validation
2324|2023-09-30|manchester-united|crystal-palace,2324,2023-09-30,validation
2324|2023-09-30|newcastle-united|burnley,2324,2023-09-30,validation
2324|2023-09-30|tottenham-hotspur|liverpool,2324,2023-09-30,validation
2324|2023-09-30|west-ham-united|sheffield-united,2324,2023-09-30,validation
2324|2023-09-30|wolverhampton-wanderers|manchester-city,2324,2023-09-30,validation
2324|2023-10-01|nottingham-forest|brentford,2324,2023-10-01,validation
2324|2023-10-02|fulham|chelsea,2324,2023-10-02,validation
2324|2023-10-03|luton-town|burnley,2324,2023-10-03,validation
2324|2023-10-07|burnley|chelsea,2324,2023-10-07,validation
2324|2023-10-07|crystal-palace|nottingham-forest,2324,2023-10-07,validation
2324|2023-10-07|everton|afc-bournemouth,2324,2023-10-07,validation
2324|2023-10-07|fulham|sheffield-united,2324,2023-10-07,validation
2324|2023-10-07|luton-town|tottenham-hotspur,2324,2023-10-07,validation
2324|2023-10-07|manchester-united|brentford,2324,2023-10-07,validation
2324|2023-10-08|arsenal|manchester-city,2324,2023-10-08,validation
2324|2023-10-08|brighton-and-hove-albion|liverpool,2324,2023-10-08,validation
2324|2023-10-08|west-ham-united|newcastle-united,2324,2023-10-08,validation
2324|2023-10-08|wolverhampton-wanderers|aston-villa,2324,2023-10-08,validation
2324|2023-10-21|afc-bournemouth|wolverhampton-wanderers,2324,2023-10-21,validation
2324|2023-10-21|brentford|burnley,2324,2023-10-21,validation
2324|2023-10-21|chelsea|arsenal,2324,2023-10-21,validation
2324|2023-10-21|liverpool|everton,2324,2023-10-21,validation
2324|2023-10-21|manchester-city|brighton-and-hove-albion,2324,2023-10-21,validation
2324|2023-10-21|newcastle-united|crystal-palace,2324,2023-10-21,validation
2324|2023-10-21|nottingham-forest|luton-town,2324,2023-10-21,validation
2324|2023-10-21|sheffield-united|manchester-united,2324,2023-10-21,validation
2324|2023-10-22|aston-villa|west-ham-united,2324,2023-10-22,validation
2324|2023-10-23|tottenham-hotspur|fulham,2324,2023-10-23,validation
2324|2023-10-27|crystal-palace|tottenham-hotspur,2324,2023-10-27,validation
2324|2023-10-28|afc-bournemouth|burnley,2324,2023-10-28,validation
2324|2023-10-28|arsenal|sheffield-united,2324,2023-10-28,validation
2324|2023-10-28|chelsea|brentford,2324,2023-10-28,validation
2324|2023-10-28|wolverhampton-wanderers|newcastle-united,2324,2023-10-28,validation
2324|2023-10-29|aston-villa|luton-town,2324,2023-10-29,validation
2324|2023-10-29|brighton-and-hove-albion|fulham,2324,2023-10-29,validation
2324|2023-10-29|liverpool|nottingham-forest,2324,2023-10-29,validation
2324|2023-10-29|manchester-united|manchester-city,2324,2023-10-29,validation
2324|2023-10-29|west-ham-united|everton,2324,2023-10-29,validation
2324|2023-11-04|brentford|west-ham-united,2324,2023-11-04,validation
2324|2023-11-04|burnley|crystal-palace,2324,2023-11-04,validation
2324|2023-11-04|everton|brighton-and-hove-albion,2324,2023-11-04,validation
2324|2023-11-04|fulham|manchester-united,2324,2023-11-04,validation
2324|2023-11-04|manchester-city|afc-bournemouth,2324,2023-11-04,validation
2324|2023-11-04|newcastle-united|arsenal,2324,2023-11-04,validation
2324|2023-11-04|sheffield-united|wolverhampton-wanderers,2324,2023-11-04,validation
2324|2023-11-05|luton-town|liverpool,2324,2023-11-05,validation
2324|2023-11-05|nottingham-forest|aston-villa,2324,2023-11-05,validation
2324|2023-11-06|tottenham-hotspur|chelsea,2324,2023-11-06,validation
2324|2023-11-11|afc-bournemouth|newcastle-united,2324,2023-11-11,validation
2324|2023-11-11|arsenal|burnley,2324,2023-11-11,validation
2324|2023-11-11|crystal-palace|everton,2324,2023-11-11,validation
2324|2023-11-11|manchester-united|luton-town,2324,2023-11-11,validation
2324|2023-11-11|wolverhampton-wanderers|tottenham-hotspur,2324,2023-11-11,validation
2324|2023-11-12|aston-villa|fulham,2324,2023-11-12,validation
2324|2023-11-12|brighton-and-hove-albion|sheffield-united,2324,2023-11-12,validation
2324|2023-11-12|chelsea|manchester-city,2324,2023-11-12,validation
2324|2023-11-12|liverpool|brentford,2324,2023-11-12,validation
2324|2023-11-12|west-ham-united|nottingham-forest,2324,2023-11-12,validation
2324|2023-11-25|brentford|arsenal,2324,2023-11-25,validation
2324|2023-11-25|burnley|west-ham-united,2324,2023-11-25,validation
2324|2023-11-25|luton-town|crystal-palace,2324,2023-11-25,validation
2324|2023-11-25|manchester-city|liverpool,2324,2023-11-25,validation
2324|2023-11-25|newcastle-united|chelsea,2324,2023-11-25,validation
2324|2023-11-25|nottingham-forest|brighton-and-hove-albion,2324,2023-11-25,validation
2324|2023-11-25|sheffield-united|afc-bournemouth,2324,2023-11-25,validation
2324|2023-11-26|everton|manchester-united,2324,2023-11-26,validation
2324|2023-11-26|tottenham-hotspur|aston-villa,2324,2023-11-26,validation
2324|2023-11-27|fulham|wolverhampton-wanderers,2324,2023-11-27,validation
2324|2023-12-02|arsenal|wolverhampton-wanderers,2324,2023-12-02,validation
2324|2023-12-02|brentford|luton-town,2324,2023-12-02,validation
2324|2023-12-02|burnley|sheffield-united,2324,2023-12-02,validation
2324|2023-12-02|newcastle-united|manchester-united,2324,2023-12-02,validation
2324|2023-12-02|nottingham-forest|everton,2324,2023-12-02,validation
2324|2023-12-03|afc-bournemouth|aston-villa,2324,2023-12-03,validation
2324|2023-12-03|chelsea|brighton-and-hove-albion,2324,2023-12-03,validation
2324|2023-12-03|liverpool|fulham,2324,2023-12-03,validation
2324|2023-12-03|manchester-city|tottenham-hotspur,2324,2023-12-03,validation
2324|2023-12-03|west-ham-united|crystal-palace,2324,2023-12-03,validation
2324|2023-12-05|luton-town|arsenal,2324,2023-12-05,validation
2324|2023-12-05|wolverhampton-wanderers|burnley,2324,2023-12-05,validation
2324|2023-12-06|aston-villa|manchester-city,2324,2023-12-06,validation
2324|2023-12-06|brighton-and-hove-albion|brentford,2324,2023-12-06,validation
2324|2023-12-06|crystal-palace|afc-bournemouth,2324,2023-12-06,validation
2324|2023-12-06|fulham|nottingham-forest,2324,2023-12-06,validation
2324|2023-12-06|manchester-united|chelsea,2324,2023-12-06,validation
2324|2023-12-06|sheffield-united|liverpool,2324,2023-12-06,validation
2324|2023-12-07|everton|newcastle-united,2324,2023-12-07,validation
2324|2023-12-07|tottenham-hotspur|west-ham-united,2324,2023-12-07,validation
2324|2023-12-09|aston-villa|arsenal,2324,2023-12-09,validation
2324|2023-12-09|brighton-and-hove-albion|burnley,2324,2023-12-09,validation
2324|2023-12-09|crystal-palace|liverpool,2324,2023-12-09,validation
2324|2023-12-09|manchester-united|afc-bournemouth,2324,2023-12-09,validation
2324|2023-12-09|sheffield-united|brentford,2324,2023-12-09,validation
2324|2023-12-09|wolverhampton-wanderers|nottingham-forest,2324,2023-12-09,validation
2324|2023-12-10|everton|chelsea,2324,2023-12-10,validation
2324|2023-12-10|fulham|west-ham-united,2324,2023-12-10,validation
2324|2023-12-10|luton-town|manchester-city,2324,2023-12-10,validation
2324|2023-12-10|tottenham-hotspur|newcastle-united,2324,2023-12-10,validation
2324|2023-12-15|nottingham-forest|tottenham-hotspur,2324,2023-12-15,validation
2324|2023-12-16|burnley|everton,2324,2023-12-16,validation
2324|2023-12-16|chelsea|sheffield-united,2324,2023-12-16,validation
2324|2023-12-16|manchester-city|crystal-palace,2324,2023-12-16,validation
2324|2023-12-16|newcastle-united|fulham,2324,2023-12-16,validation
2324|2023-12-17|arsenal|brighton-and-hove-albion,2324,2023-12-17,validation
2324|2023-12-17|brentford|aston-villa,2324,2023-12-17,validation
2324|2023-12-17|liverpool|manchester-united,2324,2023-12-17,validation
2324|2023-12-17|west-ham-united|wolverhampton-wanderers,2324,2023-12-17,validation
2324|2023-12-21|crystal-palace|brighton-and-hove-albion,2324,2023-12-21,validation
2324|2023-12-22|aston-villa|sheffield-united,2324,2023-12-22,validation
2324|2023-12-23|fulham|burnley,2324,2023-12-23,validation
2324|2023-12-23|liverpool|arsenal,2324,2023-12-23,validation
2324|2023-12-23|luton-town|newcastle-united,2324,2023-12-23,validation
2324|2023-12-23|nottingham-forest|afc-bournemouth,2324,2023-12-23,validation
2324|2023-12-23|tottenham-hotspur|everton,2324,2023-12-23,validation
2324|2023-12-23|west-ham-united|manchester-united,2324,2023-12-23,validation
2324|2023-12-24|wolverhampton-wanderers|chelsea,2324,2023-12-24,validation
2324|2023-12-26|afc-bournemouth|fulham,2324,2023-12-26,validation
2324|2023-12-26|burnley|liverpool,2324,2023-12-26,validation
2324|2023-12-26|manchester-united|aston-villa,2324,2023-12-26,validation
2324|2023-12-26|newcastle-united|nottingham-forest,2324,2023-12-26,validation
2324|2023-12-26|sheffield-united|luton-town,2324,2023-12-26,validation
2324|2023-12-27|brentford|wolverhampton-wanderers,2324,2023-12-27,validation
2324|2023-12-27|chelsea|crystal-palace,2324,2023-12-27,validation
2324|2023-12-27|everton|manchester-city,2324,2023-12-27,validation
2324|2023-12-28|arsenal|west-ham-united,2324,2023-12-28,validation
2324|2023-12-28|brighton-and-hove-albion|tottenham-hotspur,2324,2023-12-28,validation
2324|2023-12-30|aston-villa|burnley,2324,2023-12-30,validation
2324|2023-12-30|crystal-palace|brentford,2324,2023-12-30,validation
2324|2023-12-30|luton-town|chelsea,2324,2023-12-30,validation
2324|2023-12-30|manchester-city|sheffield-united,2324,2023-12-30,validation
2324|2023-12-30|nottingham-forest|manchester-united,2324,2023-12-30,validation
2324|2023-12-30|wolverhampton-wanderers|everton,2324,2023-12-30,validation
2324|2023-12-31|fulham|arsenal,2324,2023-12-31,validation
2324|2023-12-31|tottenham-hotspur|afc-bournemouth,2324,2023-12-31,validation
2324|2024-01-01|liverpool|newcastle-united,2324,2024-01-01,validation
2324|2024-01-02|west-ham-united|brighton-and-hove-albion,2324,2024-01-02,validation
2324|2024-01-12|burnley|luton-town,2324,2024-01-12,validation
2324|2024-01-13|chelsea|fulham,2324,2024-01-13,validation
2324|2024-01-13|newcastle-united|manchester-city,2324,2024-01-13,validation
2324|2024-01-14|everton|aston-villa,2324,2024-01-14,validation
2324|2024-01-14|manchester-united|tottenham-hotspur,2324,2024-01-14,validation
2324|2024-01-20|arsenal|crystal-palace,2324,2024-01-20,validation
2324|2024-01-20|brentford|nottingham-forest,2324,2024-01-20,validation
2324|2024-01-21|afc-bournemouth|liverpool,2324,2024-01-21,validation
2324|2024-01-21|sheffield-united|west-ham-united,2324,2024-01-21,validation
2324|2024-01-22|brighton-and-hove-albion|wolverhampton-wanderers,2324,2024-01-22,validation
2324|2024-01-30|aston-villa|newcastle-united,2324,2024-01-30,validation
2324|2024-01-30|crystal-palace|sheffield-united,2324,2024-01-30,validation
2324|2024-01-30|fulham|everton,2324,2024-01-30,validation
2324|2024-01-30|luton-town|brighton-and-hove-albion,2324,2024-01-30,validation
2324|2024-01-30|nottingham-forest|arsenal,2324,2024-01-30,validation
2324|2024-01-31|liverpool|chelsea,2324,2024-01-31,validation
2324|2024-01-31|manchester-city|burnley,2324,2024-01-31,validation
2324|2024-01-31|tottenham-hotspur|brentford,2324,2024-01-31,validation
2324|2024-02-01|west-ham-united|afc-bournemouth,2324,2024-02-01,validation
2324|2024-02-01|wolverhampton-wanderers|manchester-united,2324,2024-02-01,validation
2324|2024-02-03|brighton-and-hove-albion|crystal-palace,2324,2024-02-03,validation
2324|2024-02-03|burnley|fulham,2324,2024-02-03,validation
2324|2024-02-03|everton|tottenham-hotspur,2324,2024-02-03,validation
2324|2024-02-03|newcastle-united|luton-town,2324,2024-02-03,validation
2324|2024-02-03|sheffield-united|aston-villa,2324,2024-02-03,validation
2324|2024-02-04|afc-bournemouth|nottingham-forest,2324,2024-02-04,validation
2324|2024-02-04|arsenal|liverpool,2324,2024-02-04,validation
2324|2024-02-04|chelsea|wolverhampton-wanderers,2324,2024-02-04,validation
2324|2024-02-04|manchester-united|west-ham-united,2324,2024-02-04,validation
2324|2024-02-05|brentford|manchester-city,2324,2024-02-05,validation
2324|2024-02-10|fulham|afc-bournemouth,2324,2024-02-10,validation
2324|2024-02-10|liverpool|burnley,2324,2024-02-10,validation
2324|2024-02-10|luton-town|sheffield-united,2324,2024-02-10,validation
2324|2024-02-10|manchester-city|everton,2324,2024-02-10,validation
2324|2024-02-10|nottingham-forest|newcastle-united,2324,2024-02-10,validation
2324|2024-02-10|tottenham-hotspur|brighton-and-hove-albion,2324,2024-02-10,validation
2324|2024-02-10|wolverhampton-wanderers|brentford,2324,2024-02-10,validation
2324|2024-02-11|aston-villa|manchester-united,2324,2024-02-11,validation
2324|2024-02-11|west-ham-united|arsenal,2324,2024-02-11,validation
2324|2024-02-12|crystal-palace|chelsea,2324,2024-02-12,validation
2324|2024-02-17|brentford|liverpool,2324,2024-02-17,validation
2324|2024-02-17|burnley|arsenal,2324,2024-02-17,validation
2324|2024-02-17|fulham|aston-villa,2324,2024-02-17,validation
2324|2024-02-17|manchester-city|chelsea,2324,2024-02-17,validation
2324|2024-02-17|newcastle-united|afc-bournemouth,2324,2024-02-17,validation
2324|2024-02-17|nottingham-forest|west-ham-united,2324,2024-02-17,validation
2324|2024-02-17|tottenham-hotspur|wolverhampton-wanderers,2324,2024-02-17,validation
2324|2024-02-18|luton-town|manchester-united,2324,2024-02-18,validation
2324|2024-02-18|sheffield-united|brighton-and-hove-albion,2324,2024-02-18,validation
2324|2024-02-19|everton|crystal-palace,2324,2024-02-19,validation
2324|2024-02-20|manchester-city|brentford,2324,2024-02-20,validation
2324|2024-02-21|liverpool|luton-town,2324,2024-02-21,validation
2324|2024-02-24|afc-bournemouth|manchester-city,2324,2024-02-24,validation
2324|2024-02-24|arsenal|newcastle-united,2324,2024-02-24,validation
2324|2024-02-24|aston-villa|nottingham-forest,2324,2024-02-24,validation
2324|2024-02-24|brighton-and-hove-albion|everton,2324,2024-02-24,validation
2324|2024-02-24|crystal-palace|burnley,2324,2024-02-24,validation
2324|2024-02-24|manchester-united|fulham,2324,2024-02-24,validation
2324|2024-02-25|wolverhampton-wanderers|sheffield-united,2324,2024-02-25,validation
2324|2024-02-26|west-ham-united|brentford,2324,2024-02-26,validation
2324|2024-03-02|brentford|chelsea,2324,2024-03-02,validation
2324|2024-03-02|everton|west-ham-united,2324,2024-03-02,validation
2324|2024-03-02|fulham|brighton-and-hove-albion,2324,2024-03-02,validation
2324|2024-03-02|luton-town|aston-villa,2324,2024-03-02,validation
2324|2024-03-02|newcastle-united|wolverhampton-wanderers,2324,2024-03-02,validation
2324|2024-03-02|nottingham-forest|liverpool,2324,2024-03-02,validation
2324|2024-03-02|tottenham-hotspur|crystal-palace,2324,2024-03-02,validation
2324|2024-03-03|burnley|afc-bournemouth,2324,2024-03-03,validation
2324|2024-03-03|manchester-city|manchester-united,2324,2024-03-03,validation
2324|2024-03-04|sheffield-united|arsenal,2324,2024-03-04,validation
2324|2024-03-09|afc-bournemouth|sheffield-united,2324,2024-03-09,validation
2324|2024-03-09|arsenal|brentford,2324,2024-03-09,validation
2324|2024-03-09|crystal-palace|luton-town,2324,2024-03-09,validation
2324|2024-03-09|manchester-united|everton,2324,2024-03-09,validation
2324|2024-03-09|wolverhampton-wanderers|fulham,2324,2024-03-09,validation
2324|2024-03-10|aston-villa|tottenham-hotspur,2324,2024-03-10,validation
2324|2024-03-10|brighton-and-hove-albion|nottingham-forest,2324,2024-03-10,validation
2324|2024-03-10|liverpool|manchester-city,2324,2024-03-10,validation
2324|2024-03-10|west-ham-united|burnley,2324,2024-03-10,validation
2324|2024-03-11|chelsea|newcastle-united,2324,2024-03-11,validation
2324|2024-03-13|afc-bournemouth|luton-town,2324,2024-03-13,validation
2324|2024-03-16|burnley|brentford,2324,2024-03-16,validation
2324|2024-03-16|fulham|tottenham-hotspur,2324,2024-03-16,validation
2324|2024-03-16|luton-town|nottingham-forest,2324,2024-03-16,validation
2324|2024-03-17|west-ham-united|aston-villa,2324,2024-03-17,validation
2324|2024-03-30|afc-bournemouth|everton,2324,2024-03-30,validation
2324|2024-03-30|aston-villa|wolverhampton-wanderers,2324,2024-03-30,validation
2324|2024-03-30|brentford|manchester-united,2324,2024-03-30,validation
2324|2024-03-30|chelsea|burnley,2324,2024-03-30,validation
2324|2024-03-30|newcastle-united|west-ham-united,2324,2024-03-30,validation
2324|2024-03-30|nottingham-forest|crystal-palace,2324,2024-03-30,validation
2324|2024-03-30|sheffield-united|fulham,2324,2024-03-30,validation
2324|2024-03-30|tottenham-hotspur|luton-town,2324,2024-03-30,validation
2324|2024-03-31|liverpool|brighton-and-hove-albion,2324,2024-03-31,validation
2324|2024-03-31|manchester-city|arsenal,2324,2024-03-31,validation
2324|2024-04-02|afc-bournemouth|crystal-palace,2324,2024-04-02,validation
2324|2024-04-02|burnley|wolverhampton-wanderers,2324,2024-04-02,validation
2324|2024-04-02|newcastle-united|everton,2324,2024-04-02,validation
2324|2024-04-02|nottingham-forest|fulham,2324,2024-04-02,validation
2324|2024-04-02|west-ham-united|tottenham-hotspur,2324,2024-04-02,validation
2324|2024-04-03|arsenal|luton-town,2324,2024-04-03,validation
2324|2024-04-03|brentford|brighton-and-hove-albion,2324,2024-04-03,validation
2324|2024-04-03|manchester-city|aston-villa,2324,2024-04-03,validation
2324|2024-04-04|chelsea|manchester-united,2324,2024-04-04,validation
2324|2024-04-04|liverpool|sheffield-united,2324,2024-04-04,validation
2324|2024-04-06|aston-villa|brentford,2324,2024-04-06,validation
2324|2024-04-06|brighton-and-hove-albion|arsenal,2324,2024-04-06,validation
2324|2024-04-06|crystal-palace|manchester-city,2324,2024-04-06,validation
2324|2024-04-06|everton|burnley,2324,2024-04-06,validation
2324|2024-04-06|fulham|newcastle-united,2324,2024-04-06,validation
2324|2024-04-06|luton-town|afc-bournemouth,2324,2024-04-06,validation
2324|2024-04-06|wolverhampton-wanderers|west-ham-united,2324,2024-04-06,validation
2324|2024-04-07|manchester-united|liverpool,2324,2024-04-07,validation
2324|2024-04-07|sheffield-united|chelsea,2324,2024-04-07,validation
2324|2024-04-07|tottenham-hotspur|nottingham-forest,2324,2024-04-07,validation
2324|2024-04-13|afc-bournemouth|manchester-united,2324,2024-04-13,validation
2324|2024-04-13|brentford|sheffield-united,2324,2024-04-13,validation
2324|2024-04-13|burnley|brighton-and-hove-albion,2324,2024-04-13,validation
2324|2024-04-13|manchester-city|luton-town,2324,2024-04-13,validation
2324|2024-04-13|newcastle-united|tottenham-hotspur,2324,2024-04-13,validation
2324|2024-04-13|nottingham-forest|wolverhampton-wanderers,2324,2024-04-13,validation
2324|2024-04-14|arsenal|aston-villa,2324,2024-04-14,validation
2324|2024-04-14|liverpool|crystal-palace,2324,2024-04-14,validation
2324|2024-04-14|west-ham-united|fulham,2324,2024-04-14,validation
2324|2024-04-15|chelsea|everton,2324,2024-04-15,validation
2324|2024-04-20|luton-town|brentford,2324,2024-04-20,validation
2324|2024-04-20|sheffield-united|burnley,2324,2024-04-20,validation
2324|2024-04-20|wolverhampton-wanderers|arsenal,2324,2024-04-20,validation
2324|2024-04-21|aston-villa|afc-bournemouth,2324,2024-04-21,validation
2324|2024-04-21|crystal-palace|west-ham-united,2324,2024-04-21,validation
2324|2024-04-21|everton|nottingham-forest,2324,2024-04-21,validation
2324|2024-04-21|fulham|liverpool,2324,2024-04-21,validation
2324|2024-04-23|arsenal|chelsea,2324,2024-04-23,validation
2324|2024-04-24|crystal-palace|newcastle-united,2324,2024-04-24,validation
2324|2024-04-24|everton|liverpool,2324,2024-04-24,validation
2324|2024-04-24|manchester-united|sheffield-united,2324,2024-04-24,validation
2324|2024-04-24|wolverhampton-wanderers|afc-bournemouth,2324,2024-04-24,validation
2324|2024-04-25|brighton-and-hove-albion|manchester-city,2324,2024-04-25,validation
2324|2024-04-27|aston-villa|chelsea,2324,2024-04-27,validation
2324|2024-04-27|everton|brentford,2324,2024-04-27,validation
2324|2024-04-27|fulham|crystal-palace,2324,2024-04-27,validation
2324|2024-04-27|manchester-united|burnley,2324,2024-04-27,validation
2324|2024-04-27|newcastle-united|sheffield-united,2324,2024-04-27,validation
2324|2024-04-27|west-ham-united|liverpool,2324,2024-04-27,validation
2324|2024-04-27|wolverhampton-wanderers|luton-town,2324,2024-04-27,validation
2324|2024-04-28|afc-bournemouth|brighton-and-hove-albion,2324,2024-04-28,validation
2324|2024-04-28|nottingham-forest|manchester-city,2324,2024-04-28,validation
2324|2024-04-28|tottenham-hotspur|arsenal,2324,2024-04-28,validation
2324|2024-05-02|chelsea|tottenham-hotspur,2324,2024-05-02,validation
2324|2024-05-03|luton-town|everton,2324,2024-05-03,validation
2324|2024-05-04|arsenal|afc-bournemouth,2324,2024-05-04,validation
2324|2024-05-04|brentford|fulham,2324,2024-05-04,validation
2324|2024-05-04|burnley|newcastle-united,2324,2024-05-04,validation
2324|2024-05-04|manchester-city|wolverhampton-wanderers,2324,2024-05-04,validation
2324|2024-05-04|sheffield-united|nottingham-forest,2324,2024-05-04,validation
2324|2024-05-05|brighton-and-hove-albion|aston-villa,2324,2024-05-05,validation
2324|2024-05-05|chelsea|west-ham-united,2324,2024-05-05,validation
2324|2024-05-05|liverpool|tottenham-hotspur,2324,2024-05-05,validation
2324|2024-05-06|crystal-palace|manchester-united,2324,2024-05-06,validation
2324|2024-05-11|afc-bournemouth|brentford,2324,2024-05-11,validation
2324|2024-05-11|everton|sheffield-united,2324,2024-05-11,validation
2324|2024-05-11|fulham|manchester-city,2324,2024-05-11,validation
2324|2024-05-11|newcastle-united|brighton-and-hove-albion,2324,2024-05-11,validation
2324|2024-05-11|nottingham-forest|chelsea,2324,2024-05-11,validation
2324|2024-05-11|tottenham-hotspur|burnley,2324,2024-05-11,validation
2324|2024-05-11|west-ham-united|luton-town,2324,2024-05-11,validation
2324|2024-05-11|wolverhampton-wanderers|crystal-palace,2324,2024-05-11,validation
2324|2024-05-12|manchester-united|arsenal,2324,2024-05-12,validation
2324|2024-05-13|aston-villa|liverpool,2324,2024-05-13,validation
2324|2024-05-14|tottenham-hotspur|manchester-city,2324,2024-05-14,validation
2324|2024-05-15|brighton-and-hove-albion|chelsea,2324,2024-05-15,validation
2324|2024-05-15|manchester-united|newcastle-united,2324,2024-05-15,validation
2324|2024-05-19|arsenal|everton,2324,2024-05-19,validation
2324|2024-05-19|brentford|newcastle-united,2324,2024-05-19,validation
2324|2024-05-19|brighton-and-hove-albion|manchester-united,2324,2024-05-19,validation
2324|2024-05-19|burnley|nottingham-forest,2324,2024-05-19,validation
2324|2024-05-19|chelsea|afc-bournemouth,2324,2024-05-19,validation
2324|2024-05-19|crystal-palace|aston-villa,2324,2024-05-19,validation
2324|2024-05-19|liverpool|wolverhampton-wanderers,2324,2024-05-19,validation
2324|2024-05-19|luton-town|fulham,2324,2024-05-19,validation
2324|2024-05-19|manchester-city|west-ham-united,2324,2024-05-19,validation
2324|2024-05-19|sheffield-united|tottenham-hotspur,2324,2024-05-19,validation
2425|2024-08-16|manchester-united|fulham,2425,2024-08-16,test
2425|2024-08-17|arsenal|wolverhampton-wanderers,2425,2024-08-17,test
2425|2024-08-17|everton|brighton-and-hove-albion,2425,2024-08-17,test
2425|2024-08-17|ipswich-town|liverpool,2425,2024-08-17,test
2425|2024-08-17|newcastle-united|southampton,2425,2024-08-17,test
2425|2024-08-17|nottingham-forest|afc-bournemouth,2425,2024-08-17,test
2425|2024-08-17|west-ham-united|aston-villa,2425,2024-08-17,test
2425|2024-08-18|brentford|crystal-palace,2425,2024-08-18,test
2425|2024-08-18|chelsea|manchester-city,2425,2024-08-18,test
2425|2024-08-19|leicester-city|tottenham-hotspur,2425,2024-08-19,test
2425|2024-08-24|aston-villa|arsenal,2425,2024-08-24,test
2425|2024-08-24|brighton-and-hove-albion|manchester-united,2425,2024-08-24,test
2425|2024-08-24|crystal-palace|west-ham-united,2425,2024-08-24,test
2425|2024-08-24|fulham|leicester-city,2425,2024-08-24,test
2425|2024-08-24|manchester-city|ipswich-town,2425,2024-08-24,test
2425|2024-08-24|southampton|nottingham-forest,2425,2024-08-24,test
2425|2024-08-24|tottenham-hotspur|everton,2425,2024-08-24,test
2425|2024-08-25|afc-bournemouth|newcastle-united,2425,2024-08-25,test
2425|2024-08-25|liverpool|brentford,2425,2024-08-25,test
2425|2024-08-25|wolverhampton-wanderers|chelsea,2425,2024-08-25,test
2425|2024-08-31|arsenal|brighton-and-hove-albion,2425,2024-08-31,test
2425|2024-08-31|brentford|southampton,2425,2024-08-31,test
2425|2024-08-31|everton|afc-bournemouth,2425,2024-08-31,test
2425|2024-08-31|ipswich-town|fulham,2425,2024-08-31,test
2425|2024-08-31|leicester-city|aston-villa,2425,2024-08-31,test
2425|2024-08-31|nottingham-forest|wolverhampton-wanderers,2425,2024-08-31,test
2425|2024-08-31|west-ham-united|manchester-city,2425,2024-08-31,test
2425|2024-09-01|chelsea|crystal-palace,2425,2024-09-01,test
2425|2024-09-01|manchester-united|liverpool,2425,2024-09-01,test
2425|2024-09-01|newcastle-united|tottenham-hotspur,2425,2024-09-01,test
2425|2024-09-14|afc-bournemouth|chelsea,2425,2024-09-14,test
2425|2024-09-14|aston-villa|everton,2425,2024-09-14,test
2425|2024-09-14|brighton-and-hove-albion|ipswich-town,2425,2024-09-14,test
2425|2024-09-14|crystal-palace|leicester-city,2425,2024-09-14,test
2425|2024-09-14|fulham|west-ham-united,2425,2024-09-14,test
2425|2024-09-14|liverpool|nottingham-forest,2425,2024-09-14,test
2425|2024-09-14|manchester-city|brentford,2425,2024-09-14,test
2425|2024-09-14|southampton|manchester-united,2425,2024-09-14,test
2425|2024-09-15|tottenham-hotspur|arsenal,2425,2024-09-15,test
2425|2024-09-15|wolverhampton-wanderers|newcastle-united,2425,2024-09-15,test
2425|2024-09-21|aston-villa|wolverhampton-wanderers,2425,2024-09-21,test
2425|2024-09-21|crystal-palace|manchester-united,2425,2024-09-21,test
2425|2024-09-21|fulham|newcastle-united,2425,2024-09-21,test
2425|2024-09-21|leicester-city|everton,2425,2024-09-21,test
2425|2024-09-21|liverpool|afc-bournemouth,2425,2024-09-21,test
2425|2024-09-21|southampton|ipswich-town,2425,2024-09-21,test
2425|2024-09-21|tottenham-hotspur|brentford,2425,2024-09-21,test
2425|2024-09-21|west-ham-united|chelsea,2425,2024-09-21,test
2425|2024-09-22|brighton-and-hove-albion|nottingham-forest,2425,2024-09-22,test
2425|2024-09-22|manchester-city|arsenal,2425,2024-09-22,test
2425|2024-09-28|arsenal|leicester-city,2425,2024-09-28,test
2425|2024-09-28|brentford|west-ham-united,2425,2024-09-28,test
2425|2024-09-28|chelsea|brighton-and-hove-albion,2425,2024-09-28,test
2425|2024-09-28|everton|crystal-palace,2425,2024-09-28,test
2425|2024-09-28|newcastle-united|manchester-city,2425,2024-09-28,test
2425|2024-09-28|nottingham-forest|fulham,2425,2024-09-28,test
2425|2024-09-28|wolverhampton-wanderers|liverpool,2425,2024-09-28,test
2425|2024-09-29|ipswich-town|aston-villa,2425,2024-09-29,test
2425|2024-09-29|manchester-united|tottenham-hotspur,2425,2024-09-29,test
2425|2024-09-30|afc-bournemouth|southampton,2425,2024-09-30,test
2425|2024-10-05|arsenal|southampton,2425,2024-10-05,test
2425|2024-10-05|brentford|wolverhampton-wanderers,2425,2024-10-05,test
2425|2024-10-05|crystal-palace|liverpool,2425,2024-10-05,test
2425|2024-10-05|everton|newcastle-united,2425,2024-10-05,test
2425|2024-10-05|leicester-city|afc-bournemouth,2425,2024-10-05,test
2425|2024-10-05|manchester-city|fulham,2425,2024-10-05,test
2425|2024-10-05|west-ham-united|ipswich-town,2425,2024-10-05,test
2425|2024-10-06|aston-villa|manchester-united,2425,2024-10-06,test
2425|2024-10-06|brighton-and-hove-albion|tottenham-hotspur,2425,2024-10-06,test
2425|2024-10-06|chelsea|nottingham-forest,2425,2024-10-06,test
2425|2024-10-19|afc-bournemouth|arsenal,2425,2024-10-19,test
2425|2024-10-19|fulham|aston-villa,2425,2024-10-19,test
2425|2024-10-19|ipswich-town|everton,2425,2024-10-19,test
2425|2024-10-19|manchester-united|brentford,2425,2024-10-19,test
2425|2024-10-19|newcastle-united|brighton-and-hove-albion,2425,2024-10-19,test
2425|2024-10-19|southampton|leicester-city,2425,2024-10-19,test
2425|2024-10-19|tottenham-hotspur|west-ham-united,2425,2024-10-19,test
2425|2024-10-20|liverpool|chelsea,2425,2024-10-20,test
2425|2024-10-20|wolverhampton-wanderers|manchester-city,2425,2024-10-20,test
2425|2024-10-21|nottingham-forest|crystal-palace,2425,2024-10-21,test
2425|2024-10-25|leicester-city|nottingham-forest,2425,2024-10-25,test
2425|2024-10-26|aston-villa|afc-bournemouth,2425,2024-10-26,test
2425|2024-10-26|brentford|ipswich-town,2425,2024-10-26,test
2425|2024-10-26|brighton-and-hove-albion|wolverhampton-wanderers,2425,2024-10-26,test
2425|2024-10-26|everton|fulham,2425,2024-10-26,test
2425|2024-10-26|manchester-city|southampton,2425,2024-10-26,test
2425|2024-10-27|arsenal|liverpool,2425,2024-10-27,test
2425|2024-10-27|chelsea|newcastle-united,2425,2024-10-27,test
2425|2024-10-27|crystal-palace|tottenham-hotspur,2425,2024-10-27,test
2425|2024-10-27|west-ham-united|manchester-united,2425,2024-10-27,test
2425|2024-11-02|afc-bournemouth|manchester-city,2425,2024-11-02,test
2425|2024-11-02|ipswich-town|leicester-city,2425,2024-11-02,test
2425|2024-11-02|liverpool|brighton-and-hove-albion,2425,2024-11-02,test
2425|2024-11-02|newcastle-united|arsenal,2425,2024-11-02,test
2425|2024-11-02|nottingham-forest|west-ham-united,2425,2024-11-02,test
2425|2024-11-02|southampton|everton,2425,2024-11-02,test
2425|2024-11-02|wolverhampton-wanderers|crystal-palace,2425,2024-11-02,test
2425|2024-11-03|manchester-united|chelsea,2425,2024-11-03,test
2425|2024-11-03|tottenham-hotspur|aston-villa,2425,2024-11-03,test
2425|2024-11-04|fulham|brentford,2425,2024-11-04,test
2425|2024-11-09|brentford|afc-bournemouth,2425,2024-11-09,test
2425|2024-11-09|brighton-and-hove-albion|manchester-city,2425,2024-11-09,test
2425|2024-11-09|crystal-palace|fulham,2425,2024-11-09,test
2425|2024-11-09|liverpool|aston-villa,2425,2024-11-09,test
2425|2024-11-09|west-ham-united|everton,2425,2024-11-09,test
2425|2024-11-09|wolverhampton-wanderers|southampton,2425,2024-11-09,test
2425|2024-11-10|chelsea|arsenal,2425,2024-11-10,test
2425|2024-11-10|manchester-united|leicester-city,2425,2024-11-10,test
2425|2024-11-10|nottingham-forest|newcastle-united,2425,2024-11-10,test
2425|2024-11-10|tottenham-hotspur|ipswich-town,2425,2024-11-10,test
2425|2024-11-23|afc-bournemouth|brighton-and-hove-albion,2425,2024-11-23,test
2425|2024-11-23|arsenal|nottingham-forest,2425,2024-11-23,test
2425|2024-11-23|aston-villa|crystal-palace,2425,2024-11-23,test
2425|2024-11-23|everton|brentford,2425,2024-11-23,test
2425|2024-11-23|fulham|wolverhampton-wanderers,2425,2024-11-23,test
2425|2024-11-23|leicester-city|chelsea,2425,2024-11-23,test
2425|2024-11-23|manchester-city|tottenham-hotspur,2425,2024-11-23,test
2425|2024-11-24|ipswich-town|manchester-united,2425,2024-11-24,test
2425|2024-11-24|southampton|liverpool,2425,2024-11-24,test
2425|2024-11-25|newcastle-united|west-ham-united,2425,2024-11-25,test
2425|2024-11-29|brighton-and-hove-albion|southampton,2425,2024-11-29,test
2425|2024-11-30|brentford|leicester-city,2425,2024-11-30,test
2425|2024-11-30|crystal-palace|newcastle-united,2425,2024-11-30,test
2425|2024-11-30|nottingham-forest|ipswich-town,2425,2024-11-30,test
2425|2024-11-30|west-ham-united|arsenal,2425,2024-11-30,test
2425|2024-11-30|wolverhampton-wanderers|afc-bournemouth,2425,2024-11-30,test
2425|2024-12-01|chelsea|aston-villa,2425,2024-12-01,test
2425|2024-12-01|liverpool|manchester-city,2425,2024-12-01,test
2425|2024-12-01|manchester-united|everton,2425,2024-12-01,test
2425|2024-12-01|tottenham-hotspur|fulham,2425,2024-12-01,test
2425|2024-12-03|ipswich-town|crystal-palace,2425,2024-12-03,test
2425|2024-12-03|leicester-city|west-ham-united,2425,2024-12-03,test
2425|2024-12-04|arsenal|manchester-united,2425,2024-12-04,test
2425|2024-12-04|aston-villa|brentford,2425,2024-12-04,test
2425|2024-12-04|everton|wolverhampton-wanderers,2425,2024-12-04,test
2425|2024-12-04|manchester-city|nottingham-forest,2425,2024-12-04,test
2425|2024-12-04|newcastle-united|liverpool,2425,2024-12-04,test
2425|2024-12-04|southampton|chelsea,2425,2024-12-04,test
2425|2024-12-05|afc-bournemouth|tottenham-hotspur,2425,2024-12-05,test
2425|2024-12-05|fulham|brighton-and-hove-albion,2425,2024-12-05,test
2425|2024-12-07|aston-villa|southampton,2425,2024-12-07,test
2425|2024-12-07|brentford|newcastle-united,2425,2024-12-07,test
2425|2024-12-07|crystal-palace|manchester-city,2425,2024-12-07,test
2425|2024-12-07|manchester-united|nottingham-forest,2425,2024-12-07,test
2425|2024-12-08|fulham|arsenal,2425,2024-12-08,test
2425|2024-12-08|ipswich-town|afc-bournemouth,2425,2024-12-08,test
2425|2024-12-08|leicester-city|brighton-and-hove-albion,2425,2024-12-08,test
2425|2024-12-08|tottenham-hotspur|chelsea,2425,2024-12-08,test
2425|2024-12-09|west-ham-united|wolverhampton-wanderers,2425,2024-12-09,test
2425|2024-12-14|arsenal|everton,2425,2024-12-14,test
2425|2024-12-14|liverpool|fulham,2425,2024-12-14,test
2425|2024-12-14|newcastle-united|leicester-city,2425,2024-12-14,test
2425|2024-12-14|nottingham-forest|aston-villa,2425,2024-12-14,test
2425|2024-12-14|wolverhampton-wanderers|ipswich-town,2425,2024-12-14,test
2425|2024-12-15|brighton-and-hove-albion|crystal-palace,2425,2024-12-15,test
2425|2024-12-15|chelsea|brentford,2425,2024-12-15,test
2425|2024-12-15|manchester-city|manchester-united,2425,2024-12-15,test
2425|2024-12-15|southampton|tottenham-hotspur,2425,2024-12-15,test
2425|2024-12-16|afc-bournemouth|west-ham-united,2425,2024-12-16,test
2425|2024-12-21|aston-villa|manchester-city,2425,2024-12-21,test
2425|2024-12-21|brentford|nottingham-forest,2425,2024-12-21,test
2425|2024-12-21|crystal-palace|arsenal,2425,2024-12-21,test
2425|2024-12-21|ipswich-town|newcastle-united,2425,2024-12-21,test
2425|2024-12-21|west-ham-united|brighton-and-hove-albion,2425,2024-12-21,test
2425|2024-12-22|everton|chelsea,2425,2024-12-22,test
2425|2024-12-22|fulham|southampton,2425,2024-12-22,test
2425|2024-12-22|leicester-city|wolverhampton-wanderers,2425,2024-12-22,test
2425|2024-12-22|manchester-united|afc-bournemouth,2425,2024-12-22,test
2425|2024-12-22|tottenham-hotspur|liverpool,2425,2024-12-22,test
2425|2024-12-26|afc-bournemouth|crystal-palace,2425,2024-12-26,test
2425|2024-12-26|chelsea|fulham,2425,2024-12-26,test
2425|2024-12-26|liverpool|leicester-city,2425,2024-12-26,test
2425|2024-12-26|manchester-city|everton,2425,2024-12-26,test
2425|2024-12-26|newcastle-united|aston-villa,2425,2024-12-26,test
2425|2024-12-26|nottingham-forest|tottenham-hotspur,2425,2024-12-26,test
2425|2024-12-26|southampton|west-ham-united,2425,2024-12-26,test
2425|2024-12-26|wolverhampton-wanderers|manchester-united,2425,2024-12-26,test
2425|2024-12-27|arsenal|ipswich-town,2425,2024-12-27,test
2425|2024-12-27|brighton-and-hove-albion|brentford,2425,2024-12-27,test
2425|2024-12-29|crystal-palace|southampton,2425,2024-12-29,test
2425|2024-12-29|everton|nottingham-forest,2425,2024-12-29,test
2425|2024-12-29|fulham|afc-bournemouth,2425,2024-12-29,test
2425|2024-12-29|leicester-city|manchester-city,2425,2024-12-29,test
2425|2024-12-29|tottenham-hotspur|wolverhampton-wanderers,2425,2024-12-29,test
2425|2024-12-29|west-ham-united|liverpool,2425,2024-12-29,test
2425|2024-12-30|aston-villa|brighton-and-hove-albion,2425,2024-12-30,test
2425|2024-12-30|ipswich-town|chelsea,2425,2024-12-30,test
2425|2024-12-30|manchester-united|newcastle-united,2425,2024-12-30,test
2425|2025-01-01|brentford|arsenal,2425,2025-01-01,test
2425|2025-01-04|afc-bournemouth|everton,2425,2025-01-04,test
2425|2025-01-04|aston-villa|leicester-city,2425,2025-01-04,test
2425|2025-01-04|brighton-and-hove-albion|arsenal,2425,2025-01-04,test
2425|2025-01-04|crystal-palace|chelsea,2425,2025-01-04,test
2425|2025-01-04|manchester-city|west-ham-united,2425,2025-01-04,test
2425|2025-01-04|southampton|brentford,2425,2025-01-04,test
2425|2025-01-04|tottenham-hotspur|newcastle-united,2425,2025-01-04,test
2425|2025-01-05|fulham|ipswich-town,2425,2025-01-05,test
2425|2025-01-05|liverpool|manchester-united,2425,2025-01-05,test
2425|2025-01-06|wolverhampton-wanderers|nottingham-forest,2425,2025-01-06,test
2425|2025-01-14|brentford|manchester-city,2425,2025-01-14,test
2425|2025-01-14|chelsea|afc-bournemouth,2425,2025-01-14,test
2425|2025-01-14|nottingham-forest|liverpool,2425,2025-01-14,test
2425|2025-01-14|west-ham-united|fulham,2425,2025-01-14,test
2425|2025-01-15|arsenal|tottenham-hotspur,2425,2025-01-15,test
2425|2025-01-15|everton|aston-villa,2425,2025-01-15,test
2425|2025-01-15|leicester-city|crystal-palace,2425,2025-01-15,test
2425|2025-01-15|newcastle-united|wolverhampton-wanderers,2425,2025-01-15,test
2425|2025-01-16|ipswich-town|brighton-and-hove-albion,2425,2025-01-16,test
2425|2025-01-16|manchester-united|southampton,2425,2025-01-16,test
2425|2025-01-18|arsenal|aston-villa,2425,2025-01-18,test
2425|2025-01-18|brentford|liverpool,2425,2025-01-18,test
2425|2025-01-18|leicester-city|fulham,2425,2025-01-18,test
2425|2025-01-18|newcastle-united|afc-bournemouth,2425,2025-01-18,test
2425|2025-01-18|west-ham-united|crystal-palace,2425,2025-01-18,test
2425|2025-01-19|everton|tottenham-hotspur,2425,2025-01-19,test
2425|2025-01-19|ipswich-town|manchester-city,2425,2025-01-19,test
2425|2025-01-19|manchester-united|brighton-and-hove-albion,2425,2025-01-19,test
2425|2025-01-19|nottingham-forest|southampton,2425,2025-01-19,test
2425|2025-01-20|chelsea|wolverhampton-wanderers,2425,2025-01-20,test
2425|2025-01-25|afc-bournemouth|nottingham-forest,2425,2025-01-25,test
2425|2025-01-25|brighton-and-hove-albion|everton,2425,2025-01-25,test
2425|2025-01-25|liverpool|ipswich-town,2425,2025-01-25,test
2425|2025-01-25|manchester-city|chelsea,2425,2025-01-25,test
2425|2025-01-25|southampton|newcastle-united,2425,2025-01-25,test
2425|2025-01-25|wolverhampton-wanderers|arsenal,2425,2025-01-25,test
2425|2025-01-26|aston-villa|west-ham-united,2425,2025-01-26,test
2425|2025-01-26|crystal-palace|brentford,2425,2025-01-26,test
2425|2025-01-26|fulham|manchester-united,2425,2025-01-26,test
2425|2025-01-26|tottenham-hotspur|leicester-city,2425,2025-01-26,test
2425|2025-02-01|afc-bournemouth|liverpool,2425,2025-02-01,test
2425|2025-02-01|everton|leicester-city,2425,2025-02-01,test
2425|2025-02-01|ipswich-town|southampton,2425,2025-02-01,test
2425|2025-02-01|newcastle-united|fulham,2425,2025-02-01,test
2425|2025-02-01|nottingham-forest|brighton-and-hove-albion,2425,2025-02-01,test
2425|2025-02-01|wolverhampton-wanderers|aston-villa,2425,2025-02-01,test
2425|2025-02-02|arsenal|manchester-city,2425,2025-02-02,test
2425|2025-02-02|brentford|tottenham-hotspur,2425,2025-02-02,test
2425|2025-02-02|manchester-united|crystal-palace,2425,2025-02-02,test
2425|2025-02-03|chelsea|west-ham-united,2425,2025-02-03,test
2425|2025-02-12|everton|liverpool,2425,2025-02-12,test
2425|2025-02-14|brighton-and-hove-albion|chelsea,2425,2025-02-14,test
2425|2025-02-15|aston-villa|ipswich-town,2425,2025-02-15,test
2425|2025-02-15|crystal-palace|everton,2425,2025-02-15,test
2425|2025-02-15|fulham|nottingham-forest,2425,2025-02-15,test
2425|2025-02-15|leicester-city|arsenal,2425,2025-02-15,test
2425|2025-02-15|manchester-city|newcastle-united,2425,2025-02-15,test
2425|2025-02-15|southampton|afc-bournemouth,2425,2025-02-15,test
2425|2025-02-15|west-ham-united|brentford,2425,2025-02-15,test
2425|2025-02-16|liverpool|wolverhampton-wanderers,2425,2025-02-16,test
2425|2025-02-16|tottenham-hotspur|manchester-united,2425,2025-02-16,test
2425|2025-02-19|aston-villa|liverpool,2425,2025-02-19,test
2425|2025-02-21|leicester-city|brentford,2425,2025-02-21,test
2425|2025-02-22|afc-bournemouth|wolverhampton-wanderers,2425,2025-02-22,test
2425|2025-02-22|arsenal|west-ham-united,2425,2025-02-22,test
2425|2025-02-22|aston-villa|chelsea,2425,2025-02-22,test
2425|2025-02-22|everton|manchester-united,2425,2025-02-22,test
2425|2025-02-22|fulham|crystal-palace,2425,2025-02-22,test
2425|2025-02-22|ipswich-town|tottenham-hotspur,2425,2025-02-22,test
2425|2025-02-22|southampton|brighton-and-hove-albion,2425,2025-02-22,test
2425|2025-02-23|manchester-city|liverpool,2425,2025-02-23,test
2425|2025-02-23|newcastle-united|nottingham-forest,2425,2025-02-23,test
2425|2025-02-25|brighton-and-hove-albion|afc-bournemouth,2425,2025-02-25,test
2425|2025-02-25|chelsea|southampton,2425,2025-02-25,test
2425|2025-02-25|crystal-palace|aston-villa,2425,2025-02-25,test
2425|2025-02-25|wolverhampton-wanderers|fulham,2425,2025-02-25,test
2425|2025-02-26|brentford|everton,2425,2025-02-26,test
2425|2025-02-26|liverpool|newcastle-united,2425,2025-02-26,test
2425|2025-02-26|manchester-united|ipswich-town,2425,2025-02-26,test
2425|2025-02-26|nottingham-forest|arsenal,2425,2025-02-26,test
2425|2025-02-26|tottenham-hotspur|manchester-city,2425,2025-02-26,test
2425|2025-02-27|west-ham-united|leicester-city,2425,2025-02-27,test
2425|2025-03-08|brentford|aston-villa,2425,2025-03-08,test
2425|2025-03-08|brighton-and-hove-albion|fulham,2425,2025-03-08,test
2425|2025-03-08|crystal-palace|ipswich-town,2425,2025-03-08,test
2425|2025-03-08|liverpool|southampton,2425,2025-03-08,test
2425|2025-03-08|nottingham-forest|manchester-city,2425,2025-03-08,test
2425|2025-03-08|wolverhampton-wanderers|everton,2425,2025-03-08,test
2425|2025-03-09|chelsea|leicester-city,2425,2025-03-09,test
2425|2025-03-09|manchester-united|arsenal,2425,2025-03-09,test
2425|2025-03-09|tottenham-hotspur|afc-bournemouth,2425,2025-03-09,test
2425|2025-03-10|west-ham-united|newcastle-united,2425,2025-03-10,test
2425|2025-03-15|afc-bournemouth|brentford,2425,2025-03-15,test
2425|2025-03-15|everton|west-ham-united,2425,2025-03-15,test
2425|2025-03-15|ipswich-town|nottingham-forest,2425,2025-03-15,test
2425|2025-03-15|manchester-city|brighton-and-hove-albion,2425,2025-03-15,test
2425|2025-03-15|southampton|wolverhampton-wanderers,2425,2025-03-15,test
2425|2025-03-16|arsenal|chelsea,2425,2025-03-16,test
2425|2025-03-16|fulham|tottenham-hotspur,2425,2025-03-16,test
2425|2025-03-16|leicester-city|manchester-united,2425,2025-03-16,test
2425|2025-04-01|arsenal|fulham,2425,2025-04-01,test
2425|2025-04-01|nottingham-forest|manchester-united,2425,2025-04-01,test
2425|2025-04-01|wolverhampton-wanderers|west-ham-united,2425,2025-04-01,test
2425|2025-04-02|afc-bournemouth|ipswich-town,2425,2025-04-02,test
2425|2025-04-02|brighton-and-hove-albion|aston-villa,2425,2025-04-02,test
2425|2025-04-02|liverpool|everton,2425,2025-04-02,test
2425|2025-04-02|manchester-city|leicester-city,2425,2025-04-02,test
2425|2025-04-02|newcastle-united|brentford,2425,2025-04-02,test
2425|2025-04-02|southampton|crystal-palace,2425,2025-04-02,test
2425|2025-04-03|chelsea|tottenham-hotspur,2425,2025-04-03,test
2425|2025-04-05|aston-villa|nottingham-forest,2425,2025-04-05,test
2425|2025-04-05|crystal-palace|brighton-and-hove-albion,2425,2025-04-05,test
2425|2025-04-05|everton|arsenal,2425,2025-04-05,test
2425|2025-04-05|ipswich-town|wolverhampton-wanderers,2425,2025-04-05,test
2425|2025-04-05|west-ham-united|afc-bournemouth,2425,2025-04-05,test
2425|2025-04-06|brentford|chelsea,2425,2025-04-06,test
2425|2025-04-06|fulham|liverpool,2425,2025-04-06,test
2425|2025-04-06|manchester-united|manchester-city,2425,2025-04-06,test
2425|2025-04-06|tottenham-hotspur|southampton,2425,2025-04-06,test
2425|2025-04-07|leicester-city|newcastle-united,2425,2025-04-07,test
2425|2025-04-12|arsenal|brentford,2425,2025-04-12,test
2425|2025-04-12|brighton-and-hove-albion|leicester-city,2425,2025-04-12,test
2425|2025-04-12|manchester-city|crystal-palace,2425,2025-04-12,test
2425|2025-04-12|nottingham-forest|everton,2425,2025-04-12,test
2425|2025-04-12|southampton|aston-villa,2425,2025-04-12,test
2425|2025-04-13|chelsea|ipswich-town,2425,2025-04-13,test
2425|2025-04-13|liverpool|west-ham-united,2425,2025-04-13,test
2425|2025-04-13|newcastle-united|manchester-united,2425,2025-04-13,test
2425|2025-04-13|wolverhampton-wanderers|tottenham-hotspur,2425,2025-04-13,test
2425|2025-04-14|afc-bournemouth|fulham,2425,2025-04-14,test
2425|2025-04-16|newcastle-united|crystal-palace,2425,2025-04-16,test
2425|2025-04-19|aston-villa|newcastle-united,2425,2025-04-19,test
2425|2025-04-19|brentford|brighton-and-hove-albion,2425,2025-04-19,test
2425|2025-04-19|crystal-palace|afc-bournemouth,2425,2025-04-19,test
2425|2025-04-19|everton|manchester-city,2425,2025-04-19,test
2425|2025-04-19|west-ham-united|southampton,2425,2025-04-19,test
2425|2025-04-20|fulham|chelsea,2425,2025-04-20,test
2425|2025-04-20|ipswich-town|arsenal,2425,2025-04-20,test
2425|2025-04-20|leicester-city|liverpool,2425,2025-04-20,test
2425|2025-04-20|manchester-united|wolverhampton-wanderers,2425,2025-04-20,test
2425|2025-04-21|tottenham-hotspur|nottingham-forest,2425,2025-04-21,test
2425|2025-04-22|manchester-city|aston-villa,2425,2025-04-22,test
2425|2025-04-23|arsenal|crystal-palace,2425,2025-04-23,test
2425|2025-04-26|brighton-and-hove-albion|west-ham-united,2425,2025-04-26,test
2425|2025-04-26|chelsea|everton,2425,2025-04-26,test
2425|2025-04-26|newcastle-united|ipswich-town,2425,2025-04-26,test
2425|2025-04-26|southampton|fulham,2425,2025-04-26,test
2425|2025-04-26|wolverhampton-wanderers|leicester-city,2425,2025-04-26,test
2425|2025-04-27|afc-bournemouth|manchester-united,2425,2025-04-27,test
2425|2025-04-27|liverpool|tottenham-hotspur,2425,2025-04-27,test
2425|2025-05-01|nottingham-forest|brentford,2425,2025-05-01,test
2425|2025-05-02|manchester-city|wolverhampton-wanderers,2425,2025-05-02,test
2425|2025-05-03|arsenal|afc-bournemouth,2425,2025-05-03,test
2425|2025-05-03|aston-villa|fulham,2425,2025-05-03,test
2425|2025-05-03|everton|ipswich-town,2425,2025-05-03,test
2425|2025-05-03|leicester-city|southampton,2425,2025-05-03,test
2425|2025-05-04|brentford|manchester-united,2425,2025-05-04,test
2425|2025-05-04|brighton-and-hove-albion|newcastle-united,2425,2025-05-04,test
2425|2025-05-04|chelsea|liverpool,2425,2025-05-04,test
2425|2025-05-04|west-ham-united|tottenham-hotspur,2425,2025-05-04,test
2425|2025-05-05|crystal-palace|nottingham-forest,2425,2025-05-05,test
2425|2025-05-10|afc-bournemouth|aston-villa,2425,2025-05-10,test
2425|2025-05-10|fulham|everton,2425,2025-05-10,test
2425|2025-05-10|ipswich-town|brentford,2425,2025-05-10,test
2425|2025-05-10|southampton|manchester-city,2425,2025-05-10,test
2425|2025-05-10|wolverhampton-wanderers|brighton-and-hove-albion,2425,2025-05-10,test
2425|2025-05-11|liverpool|arsenal,2425,2025-05-11,test
2425|2025-05-11|manchester-united|west-ham-united,2425,2025-05-11,test
2425|2025-05-11|newcastle-united|chelsea,2425,2025-05-11,test
2425|2025-05-11|nottingham-forest|leicester-city,2425,2025-05-11,test
2425|2025-05-11|tottenham-hotspur|crystal-palace,2425,2025-05-11,test
2425|2025-05-16|aston-villa|tottenham-hotspur,2425,2025-05-16,test
2425|2025-05-16|chelsea|manchester-united,2425,2025-05-16,test
2425|2025-05-18|arsenal|newcastle-united,2425,2025-05-18,test
2425|2025-05-18|brentford|fulham,2425,2025-05-18,test
2425|2025-05-18|everton|southampton,2425,2025-05-18,test
2425|2025-05-18|leicester-city|ipswich-town,2425,2025-05-18,test
2425|2025-05-18|west-ham-united|nottingham-forest,2425,2025-05-18,test
2425|2025-05-19|brighton-and-hove-albion|liverpool,2425,2025-05-19,test
2425|2025-05-20|crystal-palace|wolverhampton-wanderers,2425,2025-05-20,test
2425|2025-05-20|manchester-city|afc-bournemouth,2425,2025-05-20,test
2425|2025-05-25|afc-bournemouth|leicester-city,2425,2025-05-25,test
2425|2025-05-25|fulham|manchester-city,2425,2025-05-25,test
2425|2025-05-25|ipswich-town|west-ham-united,2425,2025-05-25,test
2425|2025-05-25|liverpool|crystal-palace,2425,2025-05-25,test
2425|2025-05-25|manchester-united|aston-villa,2425,2025-05-25,test
2425|2025-05-25|newcastle-united|everton,2425,2025-05-25,test
2425|2025-05-25|nottingham-forest|chelsea,2425,2025-05-25,test
2425|2025-05-25|southampton|arsenal,2425,2025-05-25,test
2425|2025-05-25|tottenham-hotspur|brighton-and-hove-albion,2425,2025-05-25,test
2425|2025-05-25|wolverhampton-wanderers|brentford,2425,2025-05-25,test
2526|2025-08-15|liverpool|afc-bournemouth,2526,2025-08-15,holdout
2526|2025-08-16|aston-villa|newcastle-united,2526,2025-08-16,holdout
2526|2025-08-16|brighton-and-hove-albion|fulham,2526,2025-08-16,holdout
2526|2025-08-16|sunderland|west-ham-united,2526,2025-08-16,holdout
2526|2025-08-16|tottenham-hotspur|burnley,2526,2025-08-16,holdout
2526|2025-08-16|wolverhampton-wanderers|manchester-city,2526,2025-08-16,holdout
2526|2025-08-17|chelsea|crystal-palace,2526,2025-08-17,holdout
2526|2025-08-17|manchester-united|arsenal,2526,2025-08-17,holdout
2526|2025-08-17|nottingham-forest|brentford,2526,2025-08-17,holdout
2526|2025-08-18|leeds-united|everton,2526,2025-08-18,holdout
2526|2025-08-22|west-ham-united|chelsea,2526,2025-08-22,holdout
2526|2025-08-23|afc-bournemouth|wolverhampton-wanderers,2526,2025-08-23,holdout
2526|2025-08-23|arsenal|leeds-united,2526,2025-08-23,holdout
2526|2025-08-23|brentford|aston-villa,2526,2025-08-23,holdout
2526|2025-08-23|burnley|sunderland,2526,2025-08-23,holdout
2526|2025-08-23|manchester-city|tottenham-hotspur,2526,2025-08-23,holdout
2526|2025-08-24|crystal-palace|nottingham-forest,2526,2025-08-24,holdout
2526|2025-08-24|everton|brighton-and-hove-albion,2526,2025-08-24,holdout
2526|2025-08-24|fulham|manchester-united,2526,2025-08-24,holdout
2526|2025-08-25|newcastle-united|liverpool,2526,2025-08-25,holdout
2526|2025-08-30|chelsea|fulham,2526,2025-08-30,holdout
2526|2025-08-30|leeds-united|newcastle-united,2526,2025-08-30,holdout
2526|2025-08-30|manchester-united|burnley,2526,2025-08-30,holdout
2526|2025-08-30|sunderland|brentford,2526,2025-08-30,holdout
2526|2025-08-30|tottenham-hotspur|afc-bournemouth,2526,2025-08-30,holdout
2526|2025-08-30|wolverhampton-wanderers|everton,2526,2025-08-30,holdout
2526|2025-08-31|aston-villa|crystal-palace,2526,2025-08-31,holdout
2526|2025-08-31|brighton-and-hove-albion|manchester-city,2526,2025-08-31,holdout
2526|2025-08-31|liverpool|arsenal,2526,2025-08-31,holdout
2526|2025-08-31|nottingham-forest|west-ham-united,2526,2025-08-31,holdout
2526|2025-09-13|afc-bournemouth|brighton-and-hove-albion,2526,2025-09-13,holdout
2526|2025-09-13|arsenal|nottingham-forest,2526,2025-09-13,holdout
2526|2025-09-13|brentford|chelsea,2526,2025-09-13,holdout
2526|2025-09-13|crystal-palace|sunderland,2526,2025-09-13,holdout
2526|2025-09-13|everton|aston-villa,2526,2025-09-13,holdout
2526|2025-09-13|fulham|leeds-united,2526,2025-09-13,holdout
2526|2025-09-13|newcastle-united|wolverhampton-wanderers,2526,2025-09-13,holdout
2526|2025-09-13|west-ham-united|tottenham-hotspur,2526,2025-09-13,holdout
2526|2025-09-14|burnley|liverpool,2526,2025-09-14,holdout
2526|2025-09-14|manchester-city|manchester-united,2526,2025-09-14,holdout
2526|2025-09-20|brighton-and-hove-albion|tottenham-hotspur,2526,2025-09-20,holdout
2526|2025-09-20|burnley|nottingham-forest,2526,2025-09-20,holdout
2526|2025-09-20|fulham|brentford,2526,2025-09-20,holdout
2526|2025-09-20|liverpool|everton,2526,2025-09-20,holdout
2526|2025-09-20|manchester-united|chelsea,2526,2025-09-20,holdout
2526|2025-09-20|west-ham-united|crystal-palace,2526,2025-09-20,holdout
2526|2025-09-20|wolverhampton-wanderers|leeds-united,2526,2025-09-20,holdout
2526|2025-09-21|afc-bournemouth|newcastle-united,2526,2025-09-21,holdout
2526|2025-09-21|arsenal|manchester-city,2526,2025-09-21,holdout
2526|2025-09-21|sunderland|aston-villa,2526,2025-09-21,holdout
2526|2025-09-27|brentford|manchester-united,2526,2025-09-27,holdout
2526|2025-09-27|chelsea|brighton-and-hove-albion,2526,2025-09-27,holdout
2526|2025-09-27|crystal-palace|liverpool,2526,2025-09-27,holdout
2526|2025-09-27|leeds-united|afc-bournemouth,2526,2025-09-27,holdout
2526|2025-09-27|manchester-city|burnley,2526,2025-09-27,holdout
2526|2025-09-27|nottingham-forest|sunderland,2526,2025-09-27,holdout
2526|2025-09-27|tottenham-hotspur|wolverhampton-wanderers,2526,2025-09-27,holdout
2526|2025-09-28|aston-villa|fulham,2526,2025-09-28,holdout
2526|2025-09-28|newcastle-united|arsenal,2526,2025-09-28,holdout
2526|2025-09-29|everton|west-ham-united,2526,2025-09-29,holdout
2526|2025-10-03|afc-bournemouth|fulham,2526,2025-10-03,holdout
2526|2025-10-04|arsenal|west-ham-united,2526,2025-10-04,holdout
2526|2025-10-04|chelsea|liverpool,2526,2025-10-04,holdout
2526|2025-10-04|leeds-united|tottenham-hotspur,2526,2025-10-04,holdout
2526|2025-10-04|manchester-united|sunderland,2526,2025-10-04,holdout
2526|2025-10-05|aston-villa|burnley,2526,2025-10-05,holdout
2526|2025-10-05|brentford|manchester-city,2526,2025-10-05,holdout
2526|2025-10-05|everton|crystal-palace,2526,2025-10-05,holdout
2526|2025-10-05|newcastle-united|nottingham-forest,2526,2025-10-05,holdout
2526|2025-10-05|wolverhampton-wanderers|brighton-and-hove-albion,2526,2025-10-05,holdout
2526|2025-10-18|brighton-and-hove-albion|newcastle-united,2526,2025-10-18,holdout
2526|2025-10-18|burnley|leeds-united,2526,2025-10-18,holdout
2526|2025-10-18|crystal-palace|afc-bournemouth,2526,2025-10-18,holdout
2526|2025-10-18|fulham|arsenal,2526,2025-10-18,holdout
2526|2025-10-18|manchester-city|everton,2526,2025-10-18,holdout
2526|2025-10-18|nottingham-forest|chelsea,2526,2025-10-18,holdout
2526|2025-10-18|sunderland|wolverhampton-wanderers,2526,2025-10-18,holdout
2526|2025-10-19|liverpool|manchester-united,2526,2025-10-19,holdout
2526|2025-10-19|tottenham-hotspur|aston-villa,2526,2025-10-19,holdout
2526|2025-10-20|west-ham-united|brentford,2526,2025-10-20,holdout
2526|2025-10-24|leeds-united|west-ham-united,2526,2025-10-24,holdout
2526|2025-10-25|brentford|liverpool,2526,2025-10-25,holdout
2526|2025-10-25|chelsea|sunderland,2526,2025-10-25,holdout
2526|2025-10-25|manchester-united|brighton-and-hove-albion,2526,2025-10-25,holdout
2526|2025-10-25|newcastle-united|fulham,2526,2025-10-25,holdout
2526|2025-10-26|afc-bournemouth|nottingham-forest,2526,2025-10-26,holdout
2526|2025-10-26|arsenal|crystal-palace,2526,2025-10-26,holdout
2526|2025-10-26|aston-villa|manchester-city,2526,2025-10-26,holdout
2526|2025-10-26|everton|tottenham-hotspur,2526,2025-10-26,holdout
2526|2025-10-26|wolverhampton-wanderers|burnley,2526,2025-10-26,holdout
2526|2025-11-01|brighton-and-hove-albion|leeds-united,2526,2025-11-01,holdout
2526|2025-11-01|burnley|arsenal,2526,2025-11-01,holdout
2526|2025-11-01|crystal-palace|brentford,2526,2025-11-01,holdout
2526|2025-11-01|fulham|wolverhampton-wanderers,2526,2025-11-01,holdout
2526|2025-11-01|liverpool|aston-villa,2526,2025-11-01,holdout
2526|2025-11-01|nottingham-forest|manchester-united,2526,2025-11-01,holdout
2526|2025-11-01|tottenham-hotspur|chelsea,2526,2025-11-01,holdout
2526|2025-11-02|manchester-city|afc-bournemouth,2526,2025-11-02,holdout
2526|2025-11-02|west-ham-united|newcastle-united,2526,2025-11-02,holdout
2526|2025-11-03|sunderland|everton,2526,2025-11-03,holdout
2526|2025-11-08|chelsea|wolverhampton-wanderers,2526,2025-11-08,holdout
2526|2025-11-08|everton|fulham,2526,2025-11-08,holdout
2526|2025-11-08|sunderland|arsenal,2526,2025-11-08,holdout
2526|2025-11-08|tottenham-hotspur|manchester-united,2526,2025-11-08,holdout
2526|2025-11-08|west-ham-united|burnley,2526,2025-11-08,holdout
2526|2025-11-09|aston-villa|afc-bournemouth,2526,2025-11-09,holdout
2526|2025-11-09|brentford|newcastle-united,2526,2025-11-09,holdout
2526|2025-11-09|crystal-palace|brighton-and-hove-albion,2526,2025-11-09,holdout
2526|2025-11-09|manchester-city|liverpool,2526,2025-11-09,holdout
2526|2025-11-09|nottingham-forest|leeds-united,2526,2025-11-09,holdout
2526|2025-11-22|afc-bournemouth|west-ham-united,2526,2025-11-22,holdout
2526|2025-11-22|brighton-and-hove-albion|brentford,2526,2025-11-22,holdout
2526|2025-11-22|burnley|chelsea,2526,2025-11-22,holdout
2526|2025-11-22|fulham|sunderland,2526,2025-11-22,holdout
2526|2025-11-22|liverpool|nottingham-forest,2526,2025-11-22,holdout
2526|2025-11-22|newcastle-united|manchester-city,2526,2025-11-22,holdout
2526|2025-11-22|wolverhampton-wanderers|crystal-palace,2526,2025-11-22,holdout
2526|2025-11-23|arsenal|tottenham-hotspur,2526,2025-11-23,holdout
2526|2025-11-23|leeds-united|aston-villa,2526,2025-11-23,holdout
2526|2025-11-24|manchester-united|everton,2526,2025-11-24,holdout
2526|2025-11-29|brentford|burnley,2526,2025-11-29,holdout
2526|2025-11-29|everton|newcastle-united,2526,2025-11-29,holdout
2526|2025-11-29|manchester-city|leeds-united,2526,2025-11-29,holdout
2526|2025-11-29|sunderland|afc-bournemouth,2526,2025-11-29,holdout
2526|2025-11-29|tottenham-hotspur|fulham,2526,2025-11-29,holdout
2526|2025-11-30|aston-villa|wolverhampton-wanderers,2526,2025-11-30,holdout
2526|2025-11-30|chelsea|arsenal,2526,2025-11-30,holdout
2526|2025-11-30|crystal-palace|manchester-united,2526,2025-11-30,holdout
2526|2025-11-30|nottingham-forest|brighton-and-hove-albion,2526,2025-11-30,holdout
2526|2025-11-30|west-ham-united|liverpool,2526,2025-11-30,holdout
2526|2025-12-02|afc-bournemouth|everton,2526,2025-12-02,holdout
2526|2025-12-02|fulham|manchester-city,2526,2025-12-02,holdout
2526|2025-12-02|newcastle-united|tottenham-hotspur,2526,2025-12-02,holdout
2526|2025-12-03|arsenal|brentford,2526,2025-12-03,holdout
2526|2025-12-03|brighton-and-hove-albion|aston-villa,2526,2025-12-03,holdout
2526|2025-12-03|burnley|crystal-palace,2526,2025-12-03,holdout
2526|2025-12-03|leeds-united|chelsea,2526,2025-12-03,holdout
2526|2025-12-03|liverpool|sunderland,2526,2025-12-03,holdout
2526|2025-12-03|wolverhampton-wanderers|nottingham-forest,2526,2025-12-03,holdout
2526|2025-12-04|manchester-united|west-ham-united,2526,2025-12-04,holdout
2526|2025-12-06|afc-bournemouth|chelsea,2526,2025-12-06,holdout
2526|2025-12-06|aston-villa|arsenal,2526,2025-12-06,holdout
2526|2025-12-06|everton|nottingham-forest,2526,2025-12-06,holdout
2526|2025-12-06|leeds-united|liverpool,2526,2025-12-06,holdout
2526|2025-12-06|manchester-city|sunderland,2526,2025-12-06,holdout
2526|2025-12-06|newcastle-united|burnley,2526,2025-12-06,holdout
2526|2025-12-06|tottenham-hotspur|brentford,2526,2025-12-06,holdout
2526|2025-12-07|brighton-and-hove-albion|west-ham-united,2526,2025-12-07,holdout
2526|2025-12-07|fulham|crystal-palace,2526,2025-12-07,holdout
2526|2025-12-08|wolverhampton-wanderers|manchester-united,2526,2025-12-08,holdout
2526|2025-12-13|arsenal|wolverhampton-wanderers,2526,2025-12-13,holdout
2526|2025-12-13|burnley|fulham,2526,2025-12-13,holdout
2526|2025-12-13|chelsea|everton,2526,2025-12-13,holdout
2526|2025-12-13|liverpool|brighton-and-hove-albion,2526,2025-12-13,holdout
2526|2025-12-14|brentford|leeds-united,2526,2025-12-14,holdout
2526|2025-12-14|crystal-palace|manchester-city,2526,2025-12-14,holdout
2526|2025-12-14|nottingham-forest|tottenham-hotspur,2526,2025-12-14,holdout
2526|2025-12-14|sunderland|newcastle-united,2526,2025-12-14,holdout
2526|2025-12-14|west-ham-united|aston-villa,2526,2025-12-14,holdout
2526|2025-12-15|manchester-united|afc-bournemouth,2526,2025-12-15,holdout
2526|2025-12-20|afc-bournemouth|burnley,2526,2025-12-20,holdout
2526|2025-12-20|brighton-and-hove-albion|sunderland,2526,2025-12-20,holdout
2526|2025-12-20|everton|arsenal,2526,2025-12-20,holdout
2526|2025-12-20|leeds-united|crystal-palace,2526,2025-12-20,holdout
2526|2025-12-20|manchester-city|west-ham-united,2526,2025-12-20,holdout
2526|2025-12-20|newcastle-united|chelsea,2526,2025-12-20,holdout
2526|2025-12-20|tottenham-hotspur|liverpool,2526,2025-12-20,holdout
2526|2025-12-20|wolverhampton-wanderers|brentford,2526,2025-12-20,holdout
2526|2025-12-21|aston-villa|manchester-united,2526,2025-12-21,holdout
2526|2025-12-22|fulham|nottingham-forest,2526,2025-12-22,holdout
2526|2025-12-26|manchester-united|newcastle-united,2526,2025-12-26,holdout
2526|2025-12-27|arsenal|brighton-and-hove-albion,2526,2025-12-27,holdout
2526|2025-12-27|brentford|afc-bournemouth,2526,2025-12-27,holdout
2526|2025-12-27|burnley|everton,2526,2025-12-27,holdout
2526|2025-12-27|chelsea|aston-villa,2526,2025-12-27,holdout
2526|2025-12-27|liverpool|wolverhampton-wanderers,2526,2025-12-27,holdout
2526|2025-12-27|nottingham-forest|manchester-city,2526,2025-12-27,holdout
2526|2025-12-27|west-ham-united|fulham,2526,2025-12-27,holdout
2526|2025-12-28|crystal-palace|tottenham-hotspur,2526,2025-12-28,holdout
2526|2025-12-28|sunderland|leeds-united,2526,2025-12-28,holdout
2526|2025-12-30|arsenal|aston-villa,2526,2025-12-30,holdout
2526|2025-12-30|burnley|newcastle-united,2526,2025-12-30,holdout
2526|2025-12-30|chelsea|afc-bournemouth,2526,2025-12-30,holdout
2526|2025-12-30|manchester-united|wolverhampton-wanderers,2526,2025-12-30,holdout
2526|2025-12-30|nottingham-forest|everton,2526,2025-12-30,holdout
2526|2025-12-30|west-ham-united|brighton-and-hove-albion,2526,2025-12-30,holdout
2526|2026-01-01|brentford|tottenham-hotspur,2526,2026-01-01,holdout
2526|2026-01-01|crystal-palace|fulham,2526,2026-01-01,holdout
2526|2026-01-01|liverpool|leeds-united,2526,2026-01-01,holdout
2526|2026-01-01|sunderland|manchester-city,2526,2026-01-01,holdout
2526|2026-01-03|afc-bournemouth|arsenal,2526,2026-01-03,holdout
2526|2026-01-03|aston-villa|nottingham-forest,2526,2026-01-03,holdout
2526|2026-01-03|brighton-and-hove-albion|burnley,2526,2026-01-03,holdout
2526|2026-01-03|wolverhampton-wanderers|west-ham-united,2526,2026-01-03,holdout
2526|2026-01-04|everton|brentford,2526,2026-01-04,holdout
2526|2026-01-04|fulham|liverpool,2526,2026-01-04,holdout
2526|2026-01-04|leeds-united|manchester-united,2526,2026-01-04,holdout
2526|2026-01-04|manchester-city|chelsea,2526,2026-01-04,holdout
2526|2026-01-04|newcastle-united|crystal-palace,2526,2026-01-04,holdout
2526|2026-01-04|tottenham-hotspur|sunderland,2526,2026-01-04,holdout
2526|2026-01-06|west-ham-united|nottingham-forest,2526,2026-01-06,holdout
2526|2026-01-07|afc-bournemouth|tottenham-hotspur,2526,2026-01-07,holdout
2526|2026-01-07|brentford|sunderland,2526,2026-01-07,holdout
2526|2026-01-07|burnley|manchester-united,2526,2026-01-07,holdout
2526|2026-01-07|crystal-palace|aston-villa,2526,2026-01-07,holdout
2526|2026-01-07|everton|wolverhampton-wanderers,2526,2026-01-07,holdout
2526|2026-01-07|fulham|chelsea,2526,2026-01-07,holdout
2526|2026-01-07|manchester-city|brighton-and-hove-albion,2526,2026-01-07,holdout
2526|2026-01-07|newcastle-united|leeds-united,2526,2026-01-07,holdout
2526|2026-01-08|arsenal|liverpool,2526,2026-01-08,holdout
2526|2026-01-17|chelsea|brentford,2526,2026-01-17,holdout
2526|2026-01-17|leeds-united|fulham,2526,2026-01-17,holdout
2526|2026-01-17|liverpool|burnley,2526,2026-01-17,holdout
2526|2026-01-17|manchester-united|manchester-city,2526,2026-01-17,holdout
2526|2026-01-17|nottingham-forest|arsenal,2526,2026-01-17,holdout
2526|2026-01-17|sunderland|crystal-palace,2526,2026-01-17,holdout
2526|2026-01-17|tottenham-hotspur|west-ham-united,2526,2026-01-17,holdout
2526|2026-01-18|aston-villa|everton,2526,2026-01-18,holdout
2526|2026-01-18|wolverhampton-wanderers|newcastle-united,2526,2026-01-18,holdout
2526|2026-01-19|brighton-and-hove-albion|afc-bournemouth,2526,2026-01-19,holdout
2526|2026-01-24|afc-bournemouth|liverpool,2526,2026-01-24,holdout
2526|2026-01-24|burnley|tottenham-hotspur,2526,2026-01-24,holdout
2526|2026-01-24|fulham|brighton-and-hove-albion,2526,2026-01-24,holdout
2526|2026-01-24|manchester-city|wolverhampton-wanderers,2526,2026-01-24,holdout
2526|2026-01-24|west-ham-united|sunderland,2526,2026-01-24,holdout
2526|2026-01-25|arsenal|manchester-united,2526,2026-01-25,holdout
2526|2026-01-25|brentford|nottingham-forest,2526,2026-01-25,holdout
2526|2026-01-25|crystal-palace|chelsea,2526,2026-01-25,holdout
2526|2026-01-25|newcastle-united|aston-villa,2526,2026-01-25,holdout
2526|2026-01-26|everton|leeds-united,2526,2026-01-26,holdout
2526|2026-01-31|brighton-and-hove-albion|everton,2526,2026-01-31,holdout
2526|2026-01-31|chelsea|west-ham-united,2526,2026-01-31,holdout
2526|2026-01-31|leeds-united|arsenal,2526,2026-01-31,holdout
2526|2026-01-31|liverpool|newcastle-united,2526,2026-01-31,holdout
2526|2026-01-31|wolverhampton-wanderers|afc-bournemouth,2526,2026-01-31,holdout
2526|2026-02-01|aston-villa|brentford,2526,2026-02-01,holdout
2526|2026-02-01|manchester-united|fulham,2526,2026-02-01,holdout
2526|2026-02-01|nottingham-forest|crystal-palace,2526,2026-02-01,holdout
2526|2026-02-01|tottenham-hotspur|manchester-city,2526,2026-02-01,holdout
2526|2026-02-02|sunderland|burnley,2526,2026-02-02,holdout
2526|2026-02-06|leeds-united|nottingham-forest,2526,2026-02-06,holdout
2526|2026-02-07|afc-bournemouth|aston-villa,2526,2026-02-07,holdout
2526|2026-02-07|arsenal|sunderland,2526,2026-02-07,holdout
2526|2026-02-07|burnley|west-ham-united,2526,2026-02-07,holdout
2526|2026-02-07|fulham|everton,2526,2026-02-07,holdout
2526|2026-02-07|manchester-united|tottenham-hotspur,2526,2026-02-07,holdout
2526|2026-02-07|newcastle-united|brentford,2526,2026-02-07,holdout
2526|2026-02-07|wolverhampton-wanderers|chelsea,2526,2026-02-07,holdout
2526|2026-02-08|brighton-and-hove-albion|crystal-palace,2526,2026-02-08,holdout
2526|2026-02-08|liverpool|manchester-city,2526,2026-02-08,holdout
2526|2026-02-10|chelsea|leeds-united,2526,2026-02-10,holdout
2526|2026-02-10|everton|afc-bournemouth,2526,2026-02-10,holdout
2526|2026-02-10|tottenham-hotspur|newcastle-united,2526,2026-02-10,holdout
2526|2026-02-10|west-ham-united|manchester-united,2526,2026-02-10,holdout
2526|2026-02-11|aston-villa|brighton-and-hove-albion,2526,2026-02-11,holdout
2526|2026-02-11|crystal-palace|burnley,2526,2026-02-11,holdout
2526|2026-02-11|manchester-city|fulham,2526,2026-02-11,holdout
2526|2026-02-11|nottingham-forest|wolverhampton-wanderers,2526,2026-02-11,holdout
2526|2026-02-11|sunderland|liverpool,2526,2026-02-11,holdout
2526|2026-02-12|brentford|arsenal,2526,2026-02-12,holdout
2526|2026-02-18|wolverhampton-wanderers|arsenal,2526,2026-02-18,holdout
2526|2026-02-21|aston-villa|leeds-united,2526,2026-02-21,holdout
2526|2026-02-21|brentford|brighton-and-hove-albion,2526,2026-02-21,holdout
2526|2026-02-21|chelsea|burnley,2526,2026-02-21,holdout
2526|2026-02-21|manchester-city|newcastle-united,2526,2026-02-21,holdout
2526|2026-02-21|west-ham-united|afc-bournemouth,2526,2026-02-21,holdout
2526|2026-02-22|crystal-palace|wolverhampton-wanderers,2526,2026-02-22,holdout
2526|2026-02-22|nottingham-forest|liverpool,2526,2026-02-22,holdout
2526|2026-02-22|sunderland|fulham,2526,2026-02-22,holdout
2526|2026-02-22|tottenham-hotspur|arsenal,2526,2026-02-22,holdout
2526|2026-02-23|everton|manchester-united,2526,2026-02-23,holdout
2526|2026-02-27|wolverhampton-wanderers|aston-villa,2526,2026-02-27,holdout
2526|2026-02-28|afc-bournemouth|sunderland,2526,2026-02-28,holdout
2526|2026-02-28|burnley|brentford,2526,2026-02-28,holdout
2526|2026-02-28|leeds-united|manchester-city,2526,2026-02-28,holdout
2526|2026-02-28|liverpool|west-ham-united,2526,2026-02-28,holdout
2526|2026-02-28|newcastle-united|everton,2526,2026-02-28,holdout
2526|2026-03-01|arsenal|chelsea,2526,2026-03-01,holdout
2526|2026-03-01|brighton-and-hove-albion|nottingham-forest,2526,2026-03-01,holdout
2526|2026-03-01|fulham|tottenham-hotspur,2526,2026-03-01,holdout
2526|2026-03-01|manchester-united|crystal-palace,2526,2026-03-01,holdout
2526|2026-03-03|afc-bournemouth|brentford,2526,2026-03-03,holdout
2526|2026-03-03|everton|burnley,2526,2026-03-03,holdout
2526|2026-03-03|leeds-united|sunderland,2526,2026-03-03,holdout
2526|2026-03-03|wolverhampton-wanderers|liverpool,2526,2026-03-03,holdout
2526|2026-03-04|aston-villa|chelsea,2526,2026-03-04,holdout
2526|2026-03-04|brighton-and-hove-albion|arsenal,2526,2026-03-04,holdout
2526|2026-03-04|fulham|west-ham-united,2526,2026-03-04,holdout
2526|2026-03-04|manchester-city|nottingham-forest,2526,2026-03-04,holdout
2526|2026-03-04|newcastle-united|manchester-united,2526,2026-03-04,holdout
2526|2026-03-05|tottenham-hotspur|crystal-palace,2526,2026-03-05,holdout
2526|2026-03-14|arsenal|everton,2526,2026-03-14,holdout
2526|2026-03-14|burnley|afc-bournemouth,2526,2026-03-14,holdout
2526|2026-03-14|chelsea|newcastle-united,2526,2026-03-14,holdout
2526|2026-03-14|sunderland|brighton-and-hove-albion,2526,2026-03-14,holdout
2526|2026-03-14|west-ham-united|manchester-city,2526,2026-03-14,holdout
2526|2026-03-15|crystal-palace|leeds-united,2526,2026-03-15,holdout
2526|2026-03-15|liverpool|tottenham-hotspur,2526,2026-03-15,holdout
2526|2026-03-15|manchester-united|aston-villa,2526,2026-03-15,holdout
2526|2026-03-15|nottingham-forest|fulham,2526,2026-03-15,holdout
2526|2026-03-16|brentford|wolverhampton-wanderers,2526,2026-03-16,holdout
2526|2026-03-20|afc-bournemouth|manchester-united,2526,2026-03-20,holdout
2526|2026-03-21|brighton-and-hove-albion|liverpool,2526,2026-03-21,holdout
2526|2026-03-21|everton|chelsea,2526,2026-03-21,holdout
2526|2026-03-21|fulham|burnley,2526,2026-03-21,holdout
2526|2026-03-21|leeds-united|brentford,2526,2026-03-21,holdout
2526|2026-03-22|aston-villa|west-ham-united,2526,2026-03-22,holdout
2526|2026-03-22|newcastle-united|sunderland,2526,2026-03-22,holdout
2526|2026-03-22|tottenham-hotspur|nottingham-forest,2526,2026-03-22,holdout
2526|2026-04-10|west-ham-united|wolverhampton-wanderers,2526,2026-04-10,holdout
2526|2026-04-11|arsenal|afc-bournemouth,2526,2026-04-11,holdout
2526|2026-04-11|brentford|everton,2526,2026-04-11,holdout
2526|2026-04-11|burnley|brighton-and-hove-albion,2526,2026-04-11,holdout
2526|2026-04-11|liverpool|fulham,2526,2026-04-11,holdout
2526|2026-04-12|chelsea|manchester-city,2526,2026-04-12,holdout
2526|2026-04-12|crystal-palace|newcastle-united,2526,2026-04-12,holdout
2526|2026-04-12|nottingham-forest|aston-villa,2526,2026-04-12,holdout
2526|2026-04-12|sunderland|tottenham-hotspur,2526,2026-04-12,holdout
2526|2026-04-13|manchester-united|leeds-united,2526,2026-04-13,holdout
2526|2026-04-18|brentford|fulham,2526,2026-04-18,holdout
2526|2026-04-18|chelsea|manchester-united,2526,2026-04-18,holdout
2526|2026-04-18|leeds-united|wolverhampton-wanderers,2526,2026-04-18,holdout
2526|2026-04-18|newcastle-united|afc-bournemouth,2526,2026-04-18,holdout
2526|2026-04-18|tottenham-hotspur|brighton-and-hove-albion,2526,2026-04-18,holdout
2526|2026-04-19|aston-villa|sunderland,2526,2026-04-19,holdout
2526|2026-04-19|everton|liverpool,2526,2026-04-19,holdout
2526|2026-04-19|manchester-city|arsenal,2526,2026-04-19,holdout
2526|2026-04-19|nottingham-forest|burnley,2526,2026-04-19,holdout
2526|2026-04-20|crystal-palace|west-ham-united,2526,2026-04-20,holdout
2526|2026-04-21|brighton-and-hove-albion|chelsea,2526,2026-04-21,holdout
2526|2026-04-22|afc-bournemouth|leeds-united,2526,2026-04-22,holdout
2526|2026-04-22|burnley|manchester-city,2526,2026-04-22,holdout
2526|2026-04-24|sunderland|nottingham-forest,2526,2026-04-24,holdout
2526|2026-04-25|arsenal|newcastle-united,2526,2026-04-25,holdout
2526|2026-04-25|fulham|aston-villa,2526,2026-04-25,holdout
2526|2026-04-25|liverpool|crystal-palace,2526,2026-04-25,holdout
2526|2026-04-25|west-ham-united|everton,2526,2026-04-25,holdout
2526|2026-04-25|wolverhampton-wanderers|tottenham-hotspur,2526,2026-04-25,holdout
2526|2026-04-27|manchester-united|brentford,2526,2026-04-27,holdout
2526|2026-05-01|leeds-united|burnley,2526,2026-05-01,holdout
2526|2026-05-02|arsenal|fulham,2526,2026-05-02,holdout
2526|2026-05-02|brentford|west-ham-united,2526,2026-05-02,holdout
2526|2026-05-02|newcastle-united|brighton-and-hove-albion,2526,2026-05-02,holdout
2526|2026-05-02|wolverhampton-wanderers|sunderland,2526,2026-05-02,holdout
2526|2026-05-03|afc-bournemouth|crystal-palace,2526,2026-05-03,holdout
2526|2026-05-03|aston-villa|tottenham-hotspur,2526,2026-05-03,holdout
2526|2026-05-03|manchester-united|liverpool,2526,2026-05-03,holdout
2526|2026-05-04|chelsea|nottingham-forest,2526,2026-05-04,holdout
2526|2026-05-04|everton|manchester-city,2526,2026-05-04,holdout
2526|2026-05-09|brighton-and-hove-albion|wolverhampton-wanderers,2526,2026-05-09,holdout
2526|2026-05-09|fulham|afc-bournemouth,2526,2026-05-09,holdout
2526|2026-05-09|liverpool|chelsea,2526,2026-05-09,holdout
2526|2026-05-09|manchester-city|brentford,2526,2026-05-09,holdout
2526|2026-05-09|sunderland|manchester-united,2526,2026-05-09,holdout
2526|2026-05-10|burnley|aston-villa,2526,2026-05-10,holdout
2526|2026-05-10|crystal-palace|everton,2526,2026-05-10,holdout
2526|2026-05-10|nottingham-forest|newcastle-united,2526,2026-05-10,holdout
2526|2026-05-10|west-ham-united|arsenal,2526,2026-05-10,holdout
2526|2026-05-11|tottenham-hotspur|leeds-united,2526,2026-05-11,holdout
2526|2026-05-13|manchester-city|crystal-palace,2526,2026-05-13,holdout
2526|2026-05-15|aston-villa|liverpool,2526,2026-05-15,holdout
2526|2026-05-17|brentford|crystal-palace,2526,2026-05-17,holdout
2526|2026-05-17|everton|sunderland,2526,2026-05-17,holdout
2526|2026-05-17|leeds-united|brighton-and-hove-albion,2526,2026-05-17,holdout
2526|2026-05-17|manchester-united|nottingham-forest,2526,2026-05-17,holdout
2526|2026-05-17|newcastle-united|west-ham-united,2526,2026-05-17,holdout
2526|2026-05-17|wolverhampton-wanderers|fulham,2526,2026-05-17,holdout
2526|2026-05-18|arsenal|burnley,2526,2026-05-18,holdout
2526|2026-05-19|afc-bournemouth|manchester-city,2526,2026-05-19,holdout
2526|2026-05-19|chelsea|tottenham-hotspur,2526,2026-05-19,holdout
2526|2026-05-24|brighton-and-hove-albion|manchester-united,2526,2026-05-24,holdout
2526|2026-05-24|burnley|wolverhampton-wanderers,2526,2026-05-24,holdout
2526|2026-05-24|crystal-palace|arsenal,2526,2026-05-24,holdout
2526|2026-05-24|fulham|newcastle-united,2526,2026-05-24,holdout
2526|2026-05-24|liverpool|brentford,2526,2026-05-24,holdout
2526|2026-05-24|manchester-city|aston-villa,2526,2026-05-24,holdout
2526|2026-05-24|nottingham-forest|afc-bournemouth,2526,2026-05-24,holdout
2526|2026-05-24|sunderland|chelsea,2526,2026-05-24,holdout
2526|2026-05-24|tottenham-hotspur|everton,2526,2026-05-24,holdout
2526|2026-05-24|west-ham-united|leeds-united,2526,2026-05-24,holdout
