match_id,season,date,home_team,away_team,target,home_goals_for_avg_5,home_goals_against_avg_5,home_shots_avg_5,home_form_points_5,home_overall_ppg_5,home_venue_ppg_5,home_history_matches,home_venue_history_matches,away_goals_for_avg_5,away_goals_against_avg_5,away_shots_avg_5,away_form_points_5,away_overall_ppg_5,away_venue_ppg_5,away_history_matches,away_venue_history_matches,goals_scored_edge,defensive_edge,shots_edge,form_edge,venue_edge,history_edge,home_previous_season_possession,away_previous_season_possession,possession_edge
1819|2018-08-10|manchester-united|leicester-city,1819,2018-08-10,Manchester United,Leicester City,2,1.0,0.4,13.8,10.0,2.0,2.4,304,152,1.4,2.6,13.0,4.0,0.8,1.2,152,76,-0.3999999999999999,2.2,0.8000000000000007,6.0,1.2,152,54.8,48.0,6.799999999999997
1819|2018-08-11|afc-bournemouth|cardiff-city,1819,2018-08-11,AFC Bournemouth,Cardiff City,2,0.8,1.6,12.4,6.0,1.2,1.4,114,57,0.6,2.0,10.2,4.0,0.8,0.8,38,19,0.20000000000000007,0.3999999999999999,2.200000000000001,2.0,0.5999999999999999,76,48.1,,
1819|2018-08-11|fulham|crystal-palace,1819,2018-08-11,Fulham,Crystal Palace,0,1.4,2.2,12.0,5.0,1.0,1.6,152,76,2.4,0.6,12.0,13.0,2.6,1.6,190,95,-1.0,-1.6,0.0,-8.0,0.0,-38,,45.1,
1819|2018-08-11|huddersfield-town|chelsea,1819,2018-08-11,Huddersfield Town,Chelsea,0,0.4,0.8,8.8,5.0,1.0,0.8,38,19,1.0,1.0,13.4,10.0,2.0,1.8,304,152,-0.6,0.19999999999999996,-4.6,-5.0,-1.0,-266,45.6,55.6,-10.0
1819|2018-08-11|newcastle-united|tottenham-hotspur,1819,2018-08-11,Newcastle United,Tottenham Hotspur,0,0.8,1.0,13.0,3.0,0.6,2.4,266,133,1.8,1.2,14.4,10.0,2.0,2.0,304,152,-1.0,0.19999999999999996,-1.4000000000000004,-7.0,0.3999999999999999,-38,41.7,62.1,-20.4
1819|2018-08-11|watford|brighton-and-hove-albion,1819,2018-08-11,Watford,Brighton & Hove Albion,2,0.4,1.0,9.8,4.0,0.8,1.6,114,57,0.6,1.6,7.2,5.0,1.0,0.2,38,19,-0.19999999999999996,0.6000000000000001,2.6000000000000005,-1.0,1.4000000000000001,76,49.8,43.2,6.599999999999994
1819|2018-08-11|wolverhampton-wanderers|everton,1819,2018-08-11,Wolverhampton Wanderers,Everton,1,1.2,1.8,10.2,3.0,0.6,0.2,76,38,1.2,1.0,10.2,8.0,1.6,1.4,304,152,0.0,-0.8,0.0,-5.0,-1.2,-228,,45.5,
1819|2018-08-12|arsenal|manchester-city,1819,2018-08-12,Arsenal,Manchester City,0,2.4,1.2,13.4,9.0,1.8,3.0,304,152,2.6,0.4,17.0,13.0,2.6,3.0,304,152,-0.20000000000000018,-0.7999999999999999,-3.5999999999999996,-4.0,0.0,0,61.9,71.7,-9.800000000000004
1819|2018-08-12|liverpool|west-ham-united,1819,2018-08-12,Liverpool,West Ham United,2,1.8,0.6,16.2,8.0,1.6,2.6,304,152,1.4,1.8,10.4,7.0,1.4,0.8,266,133,0.40000000000000013,1.2000000000000002,5.799999999999999,1.0,1.8,38,60.7,44.7,16.0
1819|2018-08-12|southampton|burnley,1819,2018-08-12,Southampton,Burnley,1,0.8,0.6,10.4,8.0,1.6,0.8,228,114,0.6,2.0,9.8,2.0,0.4,2.0,114,57,0.20000000000000007,1.4,0.5999999999999996,6.0,-1.2,114,51.5,43.7,7.799999999999997
1819|2018-08-18|cardiff-city|newcastle-united,1819,2018-08-18,Cardiff City,Newcastle United,1,0.4,2.4,11.0,1.0,0.2,0.8,39,19,1.0,1.2,14.2,3.0,0.6,0.6,267,133,-0.6,-1.2,-3.1999999999999993,-2.0,0.20000000000000007,-228,,41.7,
1819|2018-08-18|chelsea|arsenal,1819,2018-08-18,Chelsea,Arsenal,2,1.2,0.8,12.8,10.0,2.0,1.6,305,152,1.6,1.4,11.2,6.0,1.2,0.6,305,152,-0.40000000000000013,0.5999999999999999,1.6000000000000014,4.0,1.0,0,55.6,61.9,-6.299999999999997
1819|2018-08-18|everton|southampton,1819,2018-08-18,Everton,Southampton,2,1.4,1.2,9.0,8.0,1.6,1.6,305,152,0.8,0.6,12.8,8.0,1.6,1.0,229,114,0.5999999999999999,-0.6,-3.8000000000000007,0.0,0.6000000000000001,76,45.5,51.5,-6.0
1819|2018-08-18|leicester-city|wolverhampton-wanderers,1819,2018-08-18,Leicester City,Wolverhampton Wanderers,2,1.6,3.0,13.4,3.0,0.6,1.0,153,76,1.6,2.2,10.0,3.0,0.6,0.4,77,38,0.0,-0.7999999999999998,3.4000000000000004,0.0,0.6,76,48.0,,
1819|2018-08-18|tottenham-hotspur|fulham,1819,2018-08-18,Tottenham Hotspur,Fulham,2,2.0,1.2,14.2,12.0,2.4,2.4,305,152,1.2,2.6,12.2,2.0,0.4,0.6,153,76,0.8,1.4000000000000001,2.0,10.0,1.7999999999999998,152,62.1,,
1819|2018-08-18|west-ham-united|afc-bournemouth,1819,2018-08-18,West Ham United,AFC Bournemouth,0,1.2,1.8,9.2,7.0,1.4,1.6,267,133,1.2,1.0,13.6,9.0,1.8,1.0,115,57,0.0,-0.8,-4.4,-2.0,0.6000000000000001,152,44.7,48.1,-3.3999999999999986
1819|2018-08-19|brighton-and-hove-albion|manchester-united,1819,2018-08-19,Brighton & Hove Albion,Manchester United,2,0.4,1.8,6.8,4.0,0.8,1.6,39,19,1.0,0.6,12.8,10.0,2.0,2.0,305,152,-0.6,-1.2000000000000002,-6.000000000000001,-6.0,-0.3999999999999999,-266,43.2,54.8,-11.599999999999994
1819|2018-08-19|burnley|watford,1819,2018-08-19,Burnley,Watford,0,0.4,1.6,12.0,3.0,0.6,1.4,115,57,0.8,0.8,12.8,7.0,1.4,0.0,115,57,-0.4,-0.8,-0.8000000000000007,-4.0,1.4,0,43.7,49.8,-6.099999999999994
1819|2018-08-19|manchester-city|huddersfield-town,1819,2018-08-19,Manchester City,Huddersfield Town,2,2.0,0.4,16.6,13.0,2.6,2.0,305,152,0.2,1.4,8.2,2.0,0.4,0.6,39,19,1.8,0.9999999999999999,8.400000000000002,11.0,1.4,266,71.7,45.6,26.1
1819|2018-08-20|crystal-palace|liverpool,1819,2018-08-20,Crystal Palace,Liverpool,0,2.2,0.2,11.0,13.0,2.6,1.8,191,95,2.0,0.6,15.8,8.0,1.6,1.0,305,152,0.20000000000000018,0.39999999999999997,-4.800000000000001,5.0,0.8,-114,45.1,60.7,-15.600000000000001
1819|2018-08-25|afc-bournemouth|everton,1819,2018-08-25,AFC Bournemouth,Everton,1,1.6,0.8,13.4,12.0,2.4,2.0,116,58,1.6,1.4,9.8,8.0,1.6,1.6,306,153,0.0,0.5999999999999999,3.5999999999999996,4.0,0.3999999999999999,-190,48.1,45.5,2.6000000000000014
1819|2018-08-25|arsenal|west-ham-united,1819,2018-08-25,Arsenal,West Ham United,2,1.8,1.6,12.6,6.0,1.2,2.4,306,153,1.2,1.4,10.6,7.0,1.4,0.8,268,134,0.6000000000000001,-0.20000000000000018,2.0,-1.0,1.5999999999999999,38,61.9,44.7,17.199999999999996
1819|2018-08-25|huddersfield-town|cardiff-city,1819,2018-08-25,Huddersfield Town,Cardiff City,1,0.4,2.2,7.4,2.0,0.4,0.6,40,20,0.2,2.2,10.8,1.0,0.2,0.8,40,20,0.2,0.0,-3.4000000000000004,1.0,-0.20000000000000007,0,45.6,,
1819|2018-08-25|liverpool|brighton-and-hove-albion,1819,2018-08-25,Liverpool,Brighton & Hove Albion,2,2.0,0.2,17.2,10.0,2.0,2.6,306,153,1.0,2.2,6.2,6.0,1.2,0.2,40,20,1.0,2.0,11.0,4.0,2.4,266,60.7,43.2,17.5
1819|2018-08-25|southampton|leicester-city,1819,2018-08-25,Southampton,Leicester City,0,0.6,0.8,13.0,5.0,1.0,1.0,230,115,2.0,2.0,13.4,6.0,1.2,0.6,154,77,-1.4,1.2,-0.40000000000000036,-1.0,0.4,76,51.5,48.0,3.5
1819|2018-08-25|wolverhampton-wanderers|manchester-city,1819,2018-08-25,Wolverhampton Wanderers,Manchester City,1,1.6,2.2,10.8,3.0,0.6,0.4,78,39,2.4,0.4,19.2,13.0,2.6,3.0,306,153,-0.7999999999999998,-1.8000000000000003,-8.399999999999999,-10.0,-2.6,-228,,71.7,
1819|2018-08-26|fulham|burnley,1819,2018-08-26,Fulham,Burnley,2,1.2,2.6,12.0,2.0,0.4,1.0,154,77,0.4,2.0,10.4,2.0,0.4,1.6,116,58,0.7999999999999999,-0.6000000000000001,1.5999999999999996,0.0,-0.6000000000000001,38,,43.7,
1819|2018-08-26|newcastle-united|chelsea,1819,2018-08-26,Newcastle United,Chelsea,0,1.0,1.0,13.2,4.0,0.8,1.8,268,134,1.6,1.2,15.4,10.0,2.0,2.4,306,153,-0.6000000000000001,0.19999999999999996,-2.200000000000001,-6.0,-0.5999999999999999,-38,41.7,55.6,-13.899999999999999
1819|2018-08-26|watford|crystal-palace,1819,2018-08-26,Watford,Crystal Palace,2,1.4,1.0,11.8,9.0,1.8,1.6,116,58,2.2,0.6,11.4,12.0,2.4,2.2,192,96,-0.8000000000000003,-0.4,0.40000000000000036,-3.0,-0.6000000000000001,-76,49.8,45.1,4.699999999999996
1819|2018-08-27|manchester-united|tottenham-hotspur,1819,2018-08-27,Manchester United,Tottenham Hotspur,0,1.0,1.0,11.2,7.0,1.4,2.4,306,153,2.2,1.4,16.6,12.0,2.4,2.0,306,153,-1.2000000000000002,0.3999999999999999,-5.400000000000002,-5.0,0.3999999999999999,0,54.8,62.1,-7.300000000000004
1819|2018-09-01|brighton-and-hove-albion|fulham,1819,2018-09-01,Brighton & Hove Albion,Fulham,1,0.8,2.4,5.2,3.0,0.6,1.6,41,20,1.6,2.6,15.0,4.0,0.8,0.6,155,77,-0.8,0.20000000000000018,-9.8,-1.0,1.0,-114,43.2,,
1819|2018-09-01|chelsea|afc-bournemouth,1819,2018-09-01,Chelsea,AFC Bournemouth,2,1.8,1.4,16.0,10.0,2.0,1.6,307,153,1.8,0.8,14.0,13.0,2.6,1.4,117,58,0.0,-0.5999999999999999,2.0,-3.0,0.20000000000000018,190,55.6,48.1,7.5
1819|2018-09-01|crystal-palace|southampton,1819,2018-09-01,Crystal Palace,Southampton,0,1.4,1.0,10.2,9.0,1.8,1.8,193,96,0.6,1.0,13.0,4.0,0.8,1.0,231,115,0.7999999999999999,0.0,-2.8000000000000007,5.0,0.8,-38,45.1,51.5,-6.399999999999999
1819|2018-09-01|everton|huddersfield-town,1819,2018-09-01,Everton,Huddersfield Town,1,1.6,1.8,10.6,6.0,1.2,1.6,307,153,0.4,2.2,7.4,2.0,0.4,0.6,41,20,1.2000000000000002,0.40000000000000013,3.1999999999999993,4.0,1.0,266,45.5,45.6,-0.10000000000000142
1819|2018-09-01|leicester-city|liverpool,1819,2018-09-01,Leicester City,Liverpool,0,2.4,1.8,12.4,9.0,1.8,1.4,155,77,2.2,0.2,17.6,12.0,2.4,1.6,307,153,0.19999999999999973,-1.6,-5.200000000000001,-3.0,-0.20000000000000018,-152,48.0,60.7,-12.700000000000003
1819|2018-09-01|manchester-city|newcastle-united,1819,2018-09-01,Manchester City,Newcastle United,2,2.6,0.6,19.8,13.0,2.6,2.0,307,153,1.0,1.0,12.6,4.0,0.8,0.8,269,134,1.6,0.4,7.200000000000001,9.0,1.2,38,71.7,41.7,30.0
1819|2018-09-01|west-ham-united|wolverhampton-wanderers,1819,2018-09-01,West Ham United,Wolverhampton Wanderers,0,1.0,2.0,10.6,4.0,0.8,1.0,269,134,1.0,1.6,10.0,3.0,0.6,0.4,79,39,0.0,-0.3999999999999999,0.5999999999999996,1.0,0.6,190,44.7,,
1819|2018-09-02|burnley|manchester-united,1819,2018-09-02,Burnley,Manchester United,0,0.8,2.8,10.8,1.0,0.2,0.8,117,58,1.0,1.4,12.6,7.0,1.4,1.4,307,153,-0.19999999999999996,-1.4,-1.799999999999999,-6.0,-0.5999999999999999,-190,43.7,54.8,-11.099999999999994
1819|2018-09-02|cardiff-city|arsenal,1819,2018-09-02,Cardiff City,Arsenal,0,0.2,1.4,12.4,2.0,0.4,0.4,41,20,1.4,1.8,12.8,6.0,1.2,0.6,307,153,-1.2,0.40000000000000013,-0.40000000000000036,-4.0,-0.19999999999999996,-266,,61.9,
1819|2018-09-02|watford|tottenham-hotspur,1819,2018-09-02,Watford,Tottenham Hotspur,2,1.8,0.8,11.8,12.0,2.4,2.0,117,59,2.8,1.2,14.8,15.0,3.0,2.0,307,154,-0.9999999999999998,0.3999999999999999,-3.0,-3.0,0.0,-190,49.8,62.1,-12.300000000000004
1819|2018-09-15|afc-bournemouth|leicester-city,1819,2018-09-15,AFC Bournemouth,Leicester City,2,1.6,1.2,13.0,10.0,2.0,1.6,118,59,2.0,2.0,11.0,6.0,1.2,0.6,156,78,-0.3999999999999999,0.8,2.0,4.0,1.0,-38,48.1,48.0,0.10000000000000142
1819|2018-09-15|chelsea|cardiff-city,1819,2018-09-15,Chelsea,Cardiff City,2,2.0,1.2,16.4,12.0,2.4,2.2,308,154,0.6,1.4,12.0,2.0,0.4,0.8,42,21,1.4,0.19999999999999996,4.399999999999999,10.0,1.4000000000000001,266,55.6,,
1819|2018-09-15|huddersfield-town|crystal-palace,1819,2018-09-15,Huddersfield Town,Crystal Palace,0,0.4,2.2,8.6,2.0,0.4,0.8,42,21,1.0,1.2,11.6,6.0,1.2,1.6,194,97,-0.6,-1.0000000000000002,-3.0,-4.0,-0.8,-152,45.6,45.1,0.5
1819|2018-09-15|manchester-city|fulham,1819,2018-09-15,Manchester City,Fulham,2,2.4,0.6,20.8,13.0,2.6,2.6,308,154,1.8,2.2,15.0,5.0,1.0,0.8,156,78,0.5999999999999999,1.6,5.800000000000001,8.0,1.8,152,71.7,,
1819|2018-09-15|newcastle-united|arsenal,1819,2018-09-15,Newcastle United,Arsenal,0,1.2,1.2,10.4,4.0,0.8,1.2,270,135,1.8,1.6,13.4,9.0,1.8,1.2,308,154,-0.6000000000000001,0.40000000000000013,-3.0,-5.0,0.0,-38,41.7,61.9,-20.199999999999996
1819|2018-09-15|tottenham-hotspur|liverpool,1819,2018-09-15,Tottenham Hotspur,Liverpool,0,2.8,1.6,14.8,12.0,2.4,2.4,308,153,2.6,0.2,17.6,15.0,3.0,1.6,308,154,0.19999999999999973,-1.4000000000000001,-2.8000000000000007,-3.0,0.7999999999999998,0,62.1,60.7,1.3999999999999986
1819|2018-09-15|watford|manchester-united,1819,2018-09-15,Watford,Manchester United,0,1.8,0.8,11.0,12.0,2.4,2.6,118,60,1.4,1.4,13.6,9.0,1.8,1.4,308,154,0.40000000000000013,0.5999999999999999,-2.5999999999999996,3.0,1.2000000000000002,-190,49.8,54.8,-5.0
1819|2018-09-16|everton|west-ham-united,1819,2018-09-16,Everton,West Ham United,0,1.6,1.8,11.0,6.0,1.2,1.8,308,154,1.0,2.2,11.4,3.0,0.6,0.8,270,135,0.6000000000000001,0.40000000000000013,-0.40000000000000036,3.0,1.0,38,45.5,44.7,0.7999999999999972
1819|2018-09-16|wolverhampton-wanderers|burnley,1819,2018-09-16,Wolverhampton Wanderers,Burnley,2,1.2,1.6,11.6,5.0,1.0,0.6,80,40,0.8,2.2,11.4,1.0,0.2,1.0,118,59,0.3999999999999999,0.6000000000000001,0.1999999999999993,4.0,-0.4,-38,,43.7,
1819|2018-09-17|southampton|brighton-and-hove-albion,1819,2018-09-17,Southampton,Brighton & Hove Albion,1,0.8,1.0,14.2,4.0,0.8,0.8,232,116,1.0,2.2,7.0,4.0,0.8,0.2,42,21,-0.19999999999999996,1.2000000000000002,7.199999999999999,0.0,0.6000000000000001,190,51.5,43.2,8.299999999999997
1819|2018-09-22|brighton-and-hove-albion|tottenham-hotspur,1819,2018-09-22,Brighton & Hove Albion,Tottenham Hotspur,0,1.4,1.8,9.0,5.0,1.0,1.8,43,21,2.0,1.2,14.2,9.0,1.8,1.4,309,155,-0.6000000000000001,-0.6000000000000001,-5.199999999999999,-4.0,0.40000000000000013,-266,43.2,62.1,-18.9
1819|2018-09-22|burnley|afc-bournemouth,1819,2018-09-22,Burnley,AFC Bournemouth,2,0.6,2.0,10.4,1.0,0.2,0.2,119,59,2.0,1.4,11.8,10.0,2.0,1.2,119,59,-1.4,-0.6000000000000001,-1.4000000000000004,-9.0,-1.0,0,43.7,48.1,-4.399999999999999
1819|2018-09-22|cardiff-city|manchester-city,1819,2018-09-22,Cardiff City,Manchester City,0,0.6,1.8,11.2,2.0,0.4,0.4,43,21,2.8,0.6,23.8,13.0,2.6,2.6,309,154,-2.1999999999999997,-1.2000000000000002,-12.600000000000001,-11.0,-2.2,-266,,71.7,
1819|2018-09-22|crystal-palace|newcastle-united,1819,2018-09-22,Crystal Palace,Newcastle United,1,0.8,1.2,10.8,6.0,1.2,1.8,195,97,0.8,1.6,8.0,1.0,0.2,0.2,271,135,0.0,0.40000000000000013,2.8000000000000007,5.0,1.6,-76,45.1,41.7,3.3999999999999986
1819|2018-09-22|fulham|watford,1819,2018-09-22,Fulham,Watford,1,1.4,2.4,13.8,4.0,0.8,1.6,157,78,2.0,1.0,12.4,12.0,2.4,0.6,119,58,-0.6000000000000001,-1.4,1.4000000000000004,-8.0,1.0,38,,49.8,
1819|2018-09-22|leicester-city|huddersfield-town,1819,2018-09-22,Leicester City,Huddersfield Town,2,1.6,1.8,10.6,6.0,1.2,1.4,157,78,0.4,2.2,8.0,2.0,0.4,0.8,43,21,1.2000000000000002,0.40000000000000013,2.5999999999999996,4.0,0.5999999999999999,114,48.0,45.6,2.3999999999999986
1819|2018-09-22|liverpool|southampton,1819,2018-09-22,Liverpool,Southampton,2,2.2,0.4,16.6,15.0,3.0,2.6,309,154,1.2,1.2,15.4,5.0,1.0,1.6,233,116,1.0000000000000002,0.7999999999999999,1.200000000000001,10.0,1.0,76,60.7,51.5,9.200000000000003
1819|2018-09-22|manchester-united|wolverhampton-wanderers,1819,2018-09-22,Manchester United,Wolverhampton Wanderers,1,1.6,1.6,14.0,9.0,1.8,1.8,309,154,1.0,1.0,15.6,8.0,1.6,1.0,81,40,0.6000000000000001,-0.6000000000000001,-1.5999999999999996,1.0,0.8,228,54.8,,
1819|2018-09-23|arsenal|everton,1819,2018-09-23,Arsenal,Everton,2,2.0,1.8,14.0,9.0,1.8,2.4,309,154,1.6,1.8,11.4,6.0,1.2,1.2,309,154,0.3999999999999999,0.0,2.5999999999999996,3.0,1.2,0,61.9,45.5,16.4
1819|2018-09-23|west-ham-united|chelsea,1819,2018-09-23,West Ham United,Chelsea,1,1.0,2.2,10.2,3.0,0.6,0.8,271,135,2.8,0.8,18.8,15.0,3.0,2.4,309,154,-1.7999999999999998,-1.4000000000000001,-8.600000000000001,-12.0,-1.5999999999999999,-38,44.7,55.6,-10.899999999999999
1819|2018-09-29|arsenal|watford,1819,2018-09-29,Arsenal,Watford,2,2.4,1.4,14.0,12.0,2.4,2.4,310,155,1.8,1.2,10.8,10.0,2.0,0.8,120,59,0.5999999999999999,-0.19999999999999996,3.1999999999999993,2.0,1.5999999999999999,190,61.9,49.8,12.100000000000001
1819|2018-09-29|chelsea|liverpool,1819,2018-09-29,Chelsea,Liverpool,1,2.2,0.8,19.6,13.0,2.6,2.6,310,155,2.0,0.4,15.4,15.0,3.0,2.0,310,155,0.20000000000000018,-0.4,4.200000000000001,-2.0,0.6000000000000001,0,55.6,60.7,-5.100000000000001
1819|2018-09-29|everton|fulham,1819,2018-09-29,Everton,Fulham,2,1.2,1.8,12.0,5.0,1.0,1.6,310,155,1.6,2.2,13.8,5.0,1.0,0.2,158,79,-0.40000000000000013,0.40000000000000013,-1.8000000000000007,0.0,1.4000000000000001,152,45.5,,
1819|2018-09-29|huddersfield-town|tottenham-hotspur,1819,2018-09-29,Huddersfield Town,Tottenham Hotspur,0,0.6,2.2,8.6,2.0,0.4,0.2,44,22,2.0,1.2,14.4,9.0,1.8,1.8,310,156,-1.4,-1.0000000000000002,-5.800000000000001,-7.0,-1.6,-266,45.6,62.1,-16.5
1819|2018-09-29|manchester-city|brighton-and-hove-albion,1819,2018-09-29,Manchester City,Brighton & Hove Albion,2,3.4,0.6,24.6,13.0,2.6,2.6,310,155,1.6,1.8,9.4,5.0,1.0,0.2,44,22,1.7999999999999998,1.2000000000000002,15.200000000000001,8.0,2.4,266,71.7,43.2,28.5
1819|2018-09-29|newcastle-united|leicester-city,1819,2018-09-29,Newcastle United,Leicester City,0,0.6,1.2,6.2,2.0,0.4,0.6,272,136,2.0,1.6,11.6,9.0,1.8,0.6,158,79,-1.4,0.40000000000000013,-5.3999999999999995,-7.0,0.0,114,41.7,48.0,-6.299999999999997
1819|2018-09-29|west-ham-united|manchester-united,1819,2018-09-29,West Ham United,Manchester United,2,1.0,1.4,10.4,4.0,0.8,1.0,272,136,1.4,1.6,15.4,7.0,1.4,1.4,310,155,-0.3999999999999999,0.20000000000000018,-5.0,-3.0,-0.3999999999999999,-38,44.7,54.8,-10.099999999999994
1819|2018-09-29|wolverhampton-wanderers|southampton,1819,2018-09-29,Wolverhampton Wanderers,Southampton,2,0.8,0.8,15.6,8.0,1.6,1.2,82,41,1.2,1.8,13.2,4.0,0.8,1.4,234,117,-0.3999999999999999,1.0,2.4000000000000004,4.0,-0.19999999999999996,-152,,51.5,
1819|2018-09-30|cardiff-city|burnley,1819,2018-09-30,Cardiff City,Burnley,0,0.6,2.4,9.6,2.0,0.4,0.4,44,22,1.4,2.0,9.6,3.0,0.6,0.4,120,60,-0.7999999999999999,-0.3999999999999999,0.0,-1.0,0.0,-76,,43.7,
1819|2018-10-01|afc-bournemouth|crystal-palace,1819,2018-10-01,AFC Bournemouth,Crystal Palace,2,1.6,2.2,13.2,7.0,1.4,2.0,120,60,0.4,1.2,12.0,4.0,0.8,2.0,196,98,1.2000000000000002,-1.0000000000000002,1.1999999999999993,3.0,0.0,-76,48.1,45.1,3.0
1819|2018-10-05|brighton-and-hove-albion|west-ham-united,1819,2018-10-05,Brighton & Hove Albion,West Ham United,2,1.0,1.8,9.0,2.0,0.4,1.6,45,22,1.4,1.2,9.8,7.0,1.4,1.2,273,136,-0.3999999999999999,-0.6000000000000001,-0.8000000000000007,-5.0,0.40000000000000013,-228,43.2,44.7,-1.5
1819|2018-10-06|burnley|huddersfield-town,1819,2018-10-06,Burnley,Huddersfield Town,1,1.6,1.6,8.6,6.0,1.2,0.8,121,60,0.4,1.4,9.4,2.0,0.4,0.6,45,22,1.2000000000000002,-0.20000000000000018,-0.8000000000000007,4.0,0.20000000000000007,76,43.7,45.6,-1.8999999999999986
1819|2018-10-06|crystal-palace|wolverhampton-wanderers,1819,2018-10-06,Crystal Palace,Wolverhampton Wanderers,0,0.6,1.2,12.4,4.0,0.8,1.4,197,98,1.2,0.4,16.2,11.0,2.2,1.0,83,41,-0.6,-0.7999999999999999,-3.799999999999999,-7.0,0.3999999999999999,114,45.1,,
1819|2018-10-06|leicester-city|everton,1819,2018-10-06,Leicester City,Everton,0,2.0,1.6,12.8,9.0,1.8,1.8,159,79,1.4,1.6,13.2,5.0,1.0,1.0,311,155,0.6000000000000001,0.0,-0.3999999999999986,4.0,0.8,-152,48.0,45.5,2.5
1819|2018-10-06|manchester-united|newcastle-united,1819,2018-10-06,Manchester United,Newcastle United,2,1.2,1.6,15.4,7.0,1.4,2.0,311,155,0.6,1.6,5.0,1.0,0.2,0.4,273,136,0.6,0.0,10.4,6.0,1.6,38,54.8,41.7,13.099999999999994
1819|2018-10-06|tottenham-hotspur|cardiff-city,1819,2018-10-06,Tottenham Hotspur,Cardiff City,2,1.8,1.0,11.4,9.0,1.8,2.4,311,154,0.8,2.8,11.0,1.0,0.2,0.2,45,22,1.0,1.7999999999999998,0.40000000000000036,8.0,2.1999999999999997,266,62.1,,
1819|2018-10-06|watford|afc-bournemouth,1819,2018-10-06,Watford,AFC Bournemouth,0,1.2,1.4,11.6,7.0,1.4,2.4,121,61,1.6,2.2,13.0,7.0,1.4,1.2,121,60,-0.40000000000000013,0.8000000000000003,-1.4000000000000004,0.0,1.2,0,49.8,48.1,1.6999999999999957
1819|2018-10-07|fulham|arsenal,1819,2018-10-07,Fulham,Arsenal,0,1.4,2.2,13.0,5.0,1.0,1.2,159,79,2.4,0.8,12.8,15.0,3.0,1.8,311,155,-1.0,-1.4000000000000001,0.1999999999999993,-10.0,-0.6000000000000001,-152,,61.9,
1819|2018-10-07|liverpool|manchester-city,1819,2018-10-07,Liverpool,Manchester City,1,1.8,0.6,14.8,13.0,2.6,2.6,311,155,2.6,0.4,23.8,13.0,2.6,2.6,311,155,-0.8,-0.19999999999999996,-9.0,0.0,0.0,0,60.7,71.7,-11.0
1819|2018-10-07|southampton|chelsea,1819,2018-10-07,Southampton,Chelsea,0,1.0,1.8,13.6,4.0,0.8,1.0,235,117,1.8,0.6,16.8,11.0,2.2,2.0,311,155,-0.8,-1.2000000000000002,-3.200000000000001,-7.0,-1.0,-76,51.5,55.6,-4.100000000000001
1819|2018-10-20|afc-bournemouth|southampton,1819,2018-10-20,AFC Bournemouth,Southampton,1,2.0,1.8,11.6,9.0,1.8,2.6,122,61,0.8,2.0,14.4,4.0,0.8,1.2,236,118,1.2,0.19999999999999996,-2.8000000000000007,5.0,1.4000000000000001,-114,48.1,51.5,-3.3999999999999986
1819|2018-10-20|cardiff-city|fulham,1819,2018-10-20,Cardiff City,Fulham,2,0.8,3.0,9.8,0.0,0.0,0.2,46,23,0.8,2.8,12.2,2.0,0.4,0.2,160,80,0.0,-0.20000000000000018,-2.3999999999999986,-2.0,0.0,-114,,,
1819|2018-10-20|chelsea|manchester-united,1819,2018-10-20,Chelsea,Manchester United,1,2.0,0.4,18.0,11.0,2.2,2.2,312,156,1.8,1.4,14.4,10.0,2.0,1.4,312,156,0.19999999999999996,0.9999999999999999,3.5999999999999996,1.0,0.8000000000000003,0,55.6,54.8,0.8000000000000043
1819|2018-10-20|huddersfield-town|liverpool,1819,2018-10-20,Huddersfield Town,Liverpool,0,0.6,1.6,12.2,2.0,0.4,0.2,46,23,1.6,0.6,11.8,11.0,2.2,2.0,312,156,-1.0,-1.0,0.3999999999999986,-9.0,-1.8,-266,45.6,60.7,-15.100000000000001
1819|2018-10-20|manchester-city|burnley,1819,2018-10-20,Manchester City,Burnley,2,2.4,0.2,21.4,13.0,2.6,3.0,312,156,1.4,1.0,7.4,7.0,1.4,0.8,122,61,1.0,0.8,13.999999999999998,6.0,2.2,190,71.7,43.7,28.0
1819|2018-10-20|newcastle-united|brighton-and-hove-albion,1819,2018-10-20,Newcastle United,Brighton & Hove Albion,0,0.8,1.8,6.4,1.0,0.2,0.6,274,137,1.2,1.6,9.6,5.0,1.0,0.2,46,23,-0.3999999999999999,-0.19999999999999996,-3.1999999999999993,-4.0,0.39999999999999997,228,41.7,43.2,-1.5
1819|2018-10-20|west-ham-united|tottenham-hotspur,1819,2018-10-20,West Ham United,Tottenham Hotspur,0,1.2,0.8,10.6,7.0,1.4,1.4,274,137,1.4,1.0,13.4,9.0,1.8,2.4,312,157,-0.19999999999999996,0.19999999999999996,-2.8000000000000007,-2.0,-1.0,-38,44.7,62.1,-17.4
1819|2018-10-20|wolverhampton-wanderers|watford,1819,2018-10-20,Wolverhampton Wanderers,Watford,0,1.2,0.2,15.4,13.0,2.6,1.8,84,42,0.8,2.0,11.8,4.0,0.8,0.8,122,60,0.3999999999999999,1.8,3.5999999999999996,9.0,1.0,-38,,49.8,
1819|2018-10-21|everton|crystal-palace,1819,2018-10-21,Everton,Crystal Palace,2,1.4,1.4,14.4,7.0,1.4,1.6,312,156,0.4,1.0,12.8,4.0,0.8,1.8,198,99,0.9999999999999999,-0.3999999999999999,1.5999999999999996,3.0,-0.19999999999999996,114,45.5,45.1,0.3999999999999986
1819|2018-10-22|arsenal|leicester-city,1819,2018-10-22,Arsenal,Leicester City,2,2.8,0.8,11.2,15.0,3.0,2.4,312,156,1.8,1.8,12.8,6.0,1.2,1.2,160,80,0.9999999999999998,1.0,-1.6000000000000014,9.0,1.2,152,61.9,48.0,13.899999999999999
1819|2018-10-27|brighton-and-hove-albion|wolverhampton-wanderers,1819,2018-10-27,Brighton & Hove Albion,Wolverhampton Wanderers,2,1.0,1.2,8.2,7.0,1.4,2.0,47,23,1.0,0.6,14.4,10.0,2.0,1.4,85,42,0.0,-0.6,-6.200000000000001,-3.0,0.6000000000000001,-38,43.2,,
1819|2018-10-27|fulham|afc-bournemouth,1819,2018-10-27,Fulham,AFC Bournemouth,0,0.8,3.2,12.0,1.0,0.2,1.0,161,80,2.0,1.4,12.0,10.0,2.0,1.8,123,61,-1.2,-1.8000000000000003,0.0,-9.0,-0.8,38,,48.1,
1819|2018-10-27|leicester-city|west-ham-united,1819,2018-10-27,Leicester City,West Ham United,1,1.8,2.0,12.0,6.0,1.2,1.8,161,80,1.2,0.8,10.6,7.0,1.4,1.2,275,137,0.6000000000000001,-1.2,1.4000000000000004,-1.0,0.6000000000000001,-114,48.0,44.7,3.299999999999997
1819|2018-10-27|liverpool|cardiff-city,1819,2018-10-27,Liverpool,Cardiff City,2,1.4,0.4,12.0,11.0,2.2,2.6,313,156,1.2,2.8,11.4,3.0,0.6,0.2,47,23,0.19999999999999996,2.4,0.5999999999999996,8.0,2.4,266,60.7,,
1819|2018-10-27|southampton|newcastle-united,1819,2018-10-27,Southampton,Newcastle United,1,0.4,2.0,12.2,2.0,0.4,0.4,237,118,0.6,1.6,11.2,1.0,0.2,0.4,275,137,-0.19999999999999996,-0.3999999999999999,1.0,1.0,0.0,-38,51.5,41.7,9.799999999999997
1819|2018-10-27|watford|huddersfield-town,1819,2018-10-27,Watford,Huddersfield Town,2,0.8,1.8,12.2,4.0,0.8,1.8,123,62,0.4,1.6,13.0,1.0,0.2,0.6,47,23,0.4,-0.19999999999999996,-0.8000000000000007,3.0,1.2000000000000002,76,49.8,45.6,4.199999999999996
1819|2018-10-28|burnley|chelsea,1819,2018-10-28,Burnley,Chelsea,0,1.4,1.6,6.6,7.0,1.4,0.8,123,61,2.0,0.8,17.4,9.0,1.8,2.0,313,156,-0.6000000000000001,-0.8,-10.799999999999999,-2.0,-1.2,-190,43.7,55.6,-11.899999999999999
1819|2018-10-28|crystal-palace|arsenal,1819,2018-10-28,Crystal Palace,Arsenal,1,0.4,1.0,10.2,4.0,0.8,0.8,199,99,2.8,0.6,11.6,15.0,3.0,2.4,313,156,-2.4,-0.4,-1.4000000000000004,-11.0,-1.5999999999999999,-114,45.1,61.9,-16.799999999999997
1819|2018-10-28|manchester-united|everton,1819,2018-10-28,Manchester United,Everton,2,1.8,1.8,11.6,8.0,1.6,2.0,313,156,1.6,1.2,16.2,9.0,1.8,1.0,313,156,0.19999999999999996,-0.6000000000000001,-4.6,-1.0,1.0,0,54.8,45.5,9.299999999999997
1819|2018-10-29|tottenham-hotspur|manchester-city,1819,2018-10-29,Tottenham Hotspur,Manchester City,0,1.4,0.6,13.2,12.0,2.4,2.4,313,155,3.0,0.0,21.4,13.0,2.6,2.2,313,156,-1.6,-0.6,-8.2,-1.0,0.19999999999999973,0,62.1,71.7,-9.600000000000001
1819|2018-11-03|afc-bournemouth|manchester-united,1819,2018-11-03,AFC Bournemouth,Manchester United,0,1.8,1.0,12.4,10.0,2.0,2.2,124,62,1.8,1.8,12.6,8.0,1.6,1.4,314,157,0.0,0.8,-0.1999999999999993,2.0,0.8000000000000003,-190,48.1,54.8,-6.699999999999996
1819|2018-11-03|arsenal|liverpool,1819,2018-11-03,Arsenal,Liverpool,1,2.8,0.8,10.6,13.0,2.6,2.4,314,157,1.8,0.4,12.4,11.0,2.2,2.6,314,157,0.9999999999999998,-0.4,-1.8000000000000007,2.0,-0.20000000000000018,0,61.9,60.7,1.1999999999999957
1819|2018-11-03|cardiff-city|leicester-city,1819,2018-11-03,Cardiff City,Leicester City,0,1.2,2.8,10.6,3.0,0.6,0.8,48,24,1.6,1.4,13.4,7.0,1.4,1.2,162,81,-0.40000000000000013,-1.4,-2.8000000000000007,-4.0,-0.3999999999999999,-114,,48.0,
1819|2018-11-03|everton|brighton-and-hove-albion,1819,2018-11-03,Everton,Brighton & Hove Albion,2,1.6,1.0,15.8,9.0,1.8,2.0,314,157,0.8,0.8,6.2,9.0,1.8,0.8,48,24,0.8,-0.19999999999999996,9.600000000000001,0.0,1.2,266,45.5,43.2,2.299999999999997
1819|2018-11-03|newcastle-united|watford,1819,2018-11-03,Newcastle United,Watford,2,0.4,1.2,11.6,2.0,0.4,0.0,276,138,1.2,1.4,11.8,7.0,1.4,1.4,124,61,-0.7999999999999999,0.19999999999999996,-0.20000000000000107,-5.0,-1.4,152,41.7,49.8,-8.099999999999994
1819|2018-11-03|west-ham-united|burnley,1819,2018-11-03,West Ham United,Burnley,2,0.8,0.8,11.0,5.0,1.0,0.8,276,138,1.4,2.2,6.6,7.0,1.4,0.8,124,62,-0.5999999999999999,1.4000000000000001,4.4,-2.0,0.0,152,44.7,43.7,1.0
1819|2018-11-03|wolverhampton-wanderers|tottenham-hotspur,1819,2018-11-03,Wolverhampton Wanderers,Tottenham Hotspur,0,0.8,0.8,13.4,7.0,1.4,1.6,86,43,1.2,0.4,11.8,12.0,2.4,2.4,314,158,-0.3999999999999999,-0.4,1.5999999999999996,-5.0,-0.7999999999999998,-228,,62.1,
1819|2018-11-04|chelsea|crystal-palace,1819,2018-11-04,Chelsea,Crystal Palace,2,2.0,0.6,18.6,9.0,1.8,2.2,314,157,0.6,1.4,12.0,2.0,0.4,1.2,200,100,1.4,0.7999999999999999,6.600000000000001,7.0,1.0000000000000002,114,55.6,45.1,10.5
1819|2018-11-04|manchester-city|southampton,1819,2018-11-04,Manchester City,Southampton,2,2.6,0.0,18.4,13.0,2.6,3.0,314,157,0.0,1.6,13.8,2.0,0.4,0.8,238,119,2.6,1.6,4.599999999999998,11.0,2.2,76,71.7,51.5,20.200000000000003
1819|2018-11-05|huddersfield-town|fulham,1819,2018-11-05,Huddersfield Town,Fulham,2,0.4,2.0,12.6,1.0,0.2,0.2,48,24,0.8,3.2,12.4,1.0,0.2,0.2,162,81,-0.4,1.2000000000000002,0.1999999999999993,0.0,0.0,-114,45.6,,
1819|2018-11-10|cardiff-city|brighton-and-hove-albion,1819,2018-11-10,Cardiff City,Brighton & Hove Albion,2,1.2,2.0,12.4,3.0,0.6,0.6,49,25,0.8,1.0,5.6,9.0,1.8,0.8,49,25,0.3999999999999999,-1.0,6.800000000000001,-6.0,-0.20000000000000007,0,,43.2,
1819|2018-11-10|crystal-palace|tottenham-hotspur,1819,2018-11-10,Crystal Palace,Tottenham Hotspur,0,0.8,2.0,10.2,1.0,0.2,0.4,201,100,1.4,0.6,10.6,12.0,2.4,2.4,315,159,-0.5999999999999999,-1.4,-0.40000000000000036,-11.0,-2.0,-114,45.1,62.1,-17.0
1819|2018-11-10|huddersfield-town|west-ham-united,1819,2018-11-10,Huddersfield Town,West Ham United,1,0.4,1.4,12.8,4.0,0.8,0.8,49,25,1.6,1.2,14.2,7.0,1.4,0.8,277,138,-1.2000000000000002,-0.19999999999999996,-1.3999999999999986,-3.0,0.0,-228,45.6,44.7,0.8999999999999986
1819|2018-11-10|leicester-city|burnley,1819,2018-11-10,Leicester City,Burnley,1,1.2,1.2,12.4,7.0,1.4,1.4,163,81,1.0,3.0,5.4,4.0,0.8,0.6,125,63,0.19999999999999996,1.8,7.0,3.0,0.7999999999999999,38,48.0,43.7,4.299999999999997
1819|2018-11-10|newcastle-united|afc-bournemouth,1819,2018-11-10,Newcastle United,AFC Bournemouth,2,0.6,1.2,12.4,4.0,0.8,0.6,277,139,2.0,0.6,12.2,10.0,2.0,1.8,125,62,-1.4,-0.6,0.20000000000000107,-6.0,-1.2000000000000002,152,41.7,48.1,-6.399999999999999
1819|2018-11-10|southampton|watford,1819,2018-11-10,Southampton,Watford,1,0.2,2.2,14.8,2.0,0.4,0.6,239,119,1.0,1.4,12.8,6.0,1.2,1.4,125,62,-0.8,-0.8000000000000003,2.0,-4.0,-0.7999999999999999,114,51.5,49.8,1.7000000000000028
1819|2018-11-11|arsenal|wolverhampton-wanderers,1819,2018-11-11,Arsenal,Wolverhampton Wanderers,1,2.6,1.0,11.2,11.0,2.2,2.6,315,158,1.0,1.2,14.4,6.0,1.2,1.4,87,43,1.6,0.19999999999999996,-3.200000000000001,5.0,1.2000000000000002,228,61.9,,
1819|2018-11-11|chelsea|everton,1819,2018-11-11,Chelsea,Everton,1,2.6,0.8,18.2,11.0,2.2,2.2,315,158,2.2,0.8,16.8,12.0,2.4,1.0,315,157,0.3999999999999999,0.0,1.3999999999999986,-1.0,1.2000000000000002,0,55.6,45.5,10.100000000000001
1819|2018-11-11|liverpool|fulham,1819,2018-11-11,Liverpool,Fulham,2,1.4,0.6,12.6,9.0,1.8,2.6,315,157,0.6,3.2,10.8,0.0,0.0,0.2,163,82,0.7999999999999999,2.6,1.799999999999999,9.0,2.4,152,60.7,,
1819|2018-11-11|manchester-city|manchester-united,1819,2018-11-11,Manchester City,Manchester United,2,2.8,0.2,17.8,13.0,2.6,3.0,315,158,2.0,1.8,13.2,10.0,2.0,2.0,315,158,0.7999999999999998,1.6,4.600000000000001,3.0,1.0,0,71.7,54.8,16.900000000000006
1819|2018-11-24|brighton-and-hove-albion|leicester-city,1819,2018-11-24,Brighton & Hove Albion,Leicester City,1,1.0,1.0,6.2,9.0,1.8,2.0,50,24,0.8,1.2,14.4,5.0,1.0,1.8,164,82,0.19999999999999996,0.19999999999999996,-8.2,4.0,0.19999999999999996,-114,43.2,48.0,-4.799999999999997
1819|2018-11-24|everton|cardiff-city,1819,2018-11-24,Everton,Cardiff City,2,1.6,0.8,14.2,10.0,2.0,2.0,316,158,1.4,1.8,12.6,6.0,1.2,0.2,50,24,0.20000000000000018,1.0,1.5999999999999996,4.0,1.8,266,45.5,,
1819|2018-11-24|fulham|southampton,1819,2018-11-24,Fulham,Southampton,2,0.6,3.0,11.2,0.0,0.0,0.8,164,81,0.4,2.0,14.2,3.0,0.6,0.8,240,120,0.19999999999999996,-1.0,-3.0,-3.0,0.0,-76,,51.5,
1819|2018-11-24|manchester-united|crystal-palace,1819,2018-11-24,Manchester United,Crystal Palace,1,2.0,1.8,12.6,10.0,2.0,2.0,316,157,0.6,1.8,10.4,1.0,0.2,0.6,202,101,1.4,0.0,2.1999999999999993,9.0,1.4,114,54.8,45.1,9.699999999999996
1819|2018-11-24|tottenham-hotspur|chelsea,1819,2018-11-24,Tottenham Hotspur,Chelsea,2,1.2,0.6,10.8,12.0,2.4,1.8,316,156,2.4,0.6,19.2,11.0,2.2,2.6,316,157,-1.2,0.0,-8.399999999999999,1.0,-0.8,0,62.1,55.6,6.5
1819|2018-11-24|watford|liverpool,1819,2018-11-24,Watford,Liverpool,0,1.2,1.2,12.6,7.0,1.4,1.8,126,63,1.6,0.4,14.0,11.0,2.2,2.2,316,158,-0.40000000000000013,-0.7999999999999999,-1.4000000000000004,-4.0,-0.40000000000000013,-190,49.8,60.7,-10.900000000000006
1819|2018-11-24|west-ham-united|manchester-city,1819,2018-11-24,West Ham United,Manchester City,0,1.2,1.2,15.0,5.0,1.0,1.4,278,139,3.0,0.4,15.6,13.0,2.6,2.2,316,157,-1.8,-0.7999999999999999,-0.5999999999999996,-8.0,-0.8000000000000003,-38,44.7,71.7,-27.0
1819|2018-11-25|afc-bournemouth|arsenal,1819,2018-11-25,AFC Bournemouth,Arsenal,0,1.8,0.8,12.8,7.0,1.4,1.6,126,63,2.4,1.2,11.4,9.0,1.8,2.0,316,157,-0.5999999999999999,0.3999999999999999,1.4000000000000004,-2.0,-0.3999999999999999,-190,48.1,61.9,-13.799999999999997
1819|2018-11-25|wolverhampton-wanderers|huddersfield-town,1819,2018-11-25,Wolverhampton Wanderers,Huddersfield Town,0,0.8,1.4,14.0,4.0,0.8,1.4,88,44,0.6,1.2,14.0,5.0,1.0,0.4,50,24,0.20000000000000007,-0.19999999999999996,0.0,-1.0,0.9999999999999999,38,,45.6,
1819|2018-11-26|burnley|newcastle-united,1819,2018-11-26,Burnley,Newcastle United,0,0.6,2.8,6.0,2.0,0.4,0.8,126,62,1.0,1.0,14.8,7.0,1.4,0.6,278,138,-0.4,-1.7999999999999998,-8.8,-5.0,0.20000000000000007,-152,43.7,41.7,2.0
1819|2018-11-30|cardiff-city|wolverhampton-wanderers,1819,2018-11-30,Cardiff City,Wolverhampton Wanderers,2,1.4,1.8,12.4,6.0,1.2,1.2,51,26,0.6,1.8,15.0,1.0,0.2,1.6,89,44,0.7999999999999999,0.0,-2.5999999999999996,5.0,-0.40000000000000013,-38,,,
1819|2018-12-01|crystal-palace|burnley,1819,2018-12-01,Crystal Palace,Burnley,2,0.6,1.6,10.8,2.0,0.4,0.4,203,101,0.6,3.0,7.6,1.0,0.2,0.8,127,64,0.0,1.4,3.200000000000001,1.0,-0.4,76,45.1,43.7,1.3999999999999986
1819|2018-12-01|huddersfield-town|brighton-and-hove-albion,1819,2018-12-01,Huddersfield Town,Brighton & Hove Albion,0,0.8,1.0,13.0,7.0,1.4,0.8,51,26,1.0,1.2,7.2,7.0,1.4,0.8,51,26,-0.19999999999999996,0.19999999999999996,5.8,0.0,0.0,0,45.6,43.2,2.3999999999999986
1819|2018-12-01|leicester-city|watford,1819,2018-12-01,Leicester City,Watford,2,0.8,1.0,14.4,6.0,1.2,1.0,165,82,1.2,1.0,10.8,7.0,1.4,1.0,127,63,-0.3999999999999999,0.0,3.5999999999999996,-1.0,0.0,38,48.0,49.8,-1.7999999999999972
1819|2018-12-01|manchester-city|afc-bournemouth,1819,2018-12-01,Manchester City,AFC Bournemouth,2,3.8,0.4,16.2,15.0,3.0,3.0,317,159,1.2,1.2,13.0,4.0,0.8,1.2,127,63,2.5999999999999996,0.7999999999999999,3.1999999999999993,11.0,1.8,190,71.7,48.1,23.6
1819|2018-12-01|newcastle-united|west-ham-united,1819,2018-12-01,Newcastle United,West Ham United,0,1.0,0.6,15.6,10.0,2.0,1.2,279,140,1.2,1.8,13.4,5.0,1.0,1.0,279,139,-0.19999999999999996,1.2000000000000002,2.1999999999999993,5.0,0.19999999999999996,0,41.7,44.7,-3.0
1819|2018-12-01|southampton|manchester-united,1819,2018-12-01,Southampton,Manchester United,1,0.8,2.0,15.0,3.0,0.6,0.6,241,120,1.4,1.4,11.4,8.0,1.6,1.4,317,159,-0.5999999999999999,-0.6000000000000001,3.5999999999999996,-5.0,-0.7999999999999999,-76,51.5,54.8,-3.299999999999997
1819|2018-12-02|arsenal|tottenham-hotspur,1819,2018-12-02,Arsenal,Tottenham Hotspur,2,1.8,1.2,13.6,9.0,1.8,2.2,317,159,1.6,0.8,10.6,12.0,2.4,3.0,317,160,0.19999999999999996,-0.3999999999999999,3.0,-3.0,-0.7999999999999998,0,61.9,62.1,-0.20000000000000284
1819|2018-12-02|chelsea|fulham,1819,2018-12-02,Chelsea,Fulham,2,2.0,1.2,17.6,8.0,1.6,1.8,317,159,1.0,2.4,9.0,3.0,0.6,0.0,165,83,1.0,1.2,8.600000000000001,5.0,1.8,152,55.6,,
1819|2018-12-02|liverpool|everton,1819,2018-12-02,Liverpool,Everton,2,2.2,0.4,14.6,13.0,2.6,2.6,317,158,1.4,0.6,14.0,10.0,2.0,1.0,317,158,0.8000000000000003,0.19999999999999996,0.5999999999999996,3.0,1.6,0,60.7,45.5,15.200000000000003
1819|2018-12-04|afc-bournemouth|huddersfield-town,1819,2018-12-04,AFC Bournemouth,Huddersfield Town,2,1.4,1.8,11.8,3.0,0.6,1.4,128,64,1.0,1.2,11.8,7.0,1.4,1.0,52,25,0.3999999999999999,-0.6000000000000001,0.0,-4.0,0.3999999999999999,76,48.1,45.6,2.5
1819|2018-12-04|brighton-and-hove-albion|crystal-palace,1819,2018-12-04,Brighton & Hove Albion,Crystal Palace,2,1.2,1.4,8.4,7.0,1.4,1.6,52,25,1.0,1.2,15.2,5.0,1.0,0.8,204,102,0.19999999999999996,-0.19999999999999996,-6.799999999999999,2.0,0.8,-152,43.2,45.1,-1.8999999999999986
1819|2018-12-04|watford|manchester-city,1819,2018-12-04,Watford,Manchester City,0,0.8,1.4,10.6,4.0,0.8,1.2,128,64,3.4,0.6,14.6,15.0,3.0,2.2,318,158,-2.5999999999999996,-0.7999999999999999,-4.0,-11.0,-1.0000000000000002,-190,49.8,71.7,-21.900000000000006
1819|2018-12-04|west-ham-united|cardiff-city,1819,2018-12-04,West Ham United,Cardiff City,2,1.8,1.6,12.2,8.0,1.6,1.4,280,140,1.0,1.6,11.4,6.0,1.2,0.2,52,25,0.8,0.0,0.7999999999999989,2.0,1.2,228,44.7,,
1819|2018-12-05|burnley|liverpool,1819,2018-12-05,Burnley,Liverpool,0,0.6,2.4,7.4,1.0,0.2,0.8,128,63,2.2,0.4,15.6,13.0,2.6,2.2,318,159,-1.6,-2.0,-8.2,-12.0,-1.4000000000000001,-190,43.7,60.7,-17.0
1819|2018-12-05|everton|newcastle-united,1819,2018-12-05,Everton,Newcastle United,1,1.0,0.8,11.8,7.0,1.4,2.4,318,159,1.0,1.0,13.4,10.0,2.0,1.0,280,139,0.0,0.19999999999999996,-1.5999999999999996,-3.0,1.4,38,45.5,41.7,3.799999999999997
1819|2018-12-05|fulham|leicester-city,1819,2018-12-05,Fulham,Leicester City,1,0.6,2.0,9.0,3.0,0.6,1.4,166,82,1.0,0.4,14.2,9.0,1.8,1.4,166,83,-0.4,-1.6,-5.199999999999999,-6.0,0.0,0,,48.0,
1819|2018-12-05|manchester-united|arsenal,1819,2018-12-05,Manchester United,Arsenal,1,1.4,1.4,12.2,8.0,1.6,1.6,318,158,2.0,1.4,14.2,9.0,1.8,2.6,318,158,-0.6000000000000001,0.0,-2.0,-1.0,-1.0,0,54.8,61.9,-7.100000000000001
1819|2018-12-05|tottenham-hotspur|southampton,1819,2018-12-05,Tottenham Hotspur,Southampton,2,1.8,1.6,10.8,9.0,1.8,1.8,318,157,1.2,2.4,16.6,3.0,0.6,0.2,242,121,0.6000000000000001,0.7999999999999998,-5.800000000000001,6.0,1.6,76,62.1,51.5,10.600000000000001
1819|2018-12-05|wolverhampton-wanderers|chelsea,1819,2018-12-05,Wolverhampton Wanderers,Chelsea,2,0.8,1.8,16.0,1.0,0.2,1.2,90,45,2.0,0.8,16.6,10.0,2.0,2.0,318,158,-1.2,-1.0,-0.6000000000000014,-9.0,-0.8,-228,,55.6,
1819|2018-12-08|afc-bournemouth|liverpool,1819,2018-12-08,AFC Bournemouth,Liverpool,0,1.2,2.0,10.6,3.0,0.6,1.4,129,65,2.0,0.4,15.4,13.0,2.6,2.2,319,160,-0.8,-1.6,-4.800000000000001,-10.0,-0.8000000000000003,-190,48.1,60.7,-12.600000000000001
1819|2018-12-08|arsenal|huddersfield-town,1819,2018-12-08,Arsenal,Huddersfield Town,2,2.0,1.4,14.6,9.0,1.8,2.2,319,160,1.2,1.0,13.8,7.0,1.4,0.8,53,26,0.8,-0.3999999999999999,0.7999999999999989,2.0,1.4000000000000001,266,61.9,45.6,16.299999999999997
1819|2018-12-08|burnley|brighton-and-hove-albion,1819,2018-12-08,Burnley,Brighton & Hove Albion,2,0.8,2.2,8.0,1.0,0.2,0.8,129,64,1.6,1.6,9.8,7.0,1.4,1.2,53,27,-0.8,-0.6000000000000001,-1.8000000000000007,-6.0,-0.3999999999999999,76,43.7,43.2,0.5
1819|2018-12-08|cardiff-city|southampton,1819,2018-12-08,Cardiff City,Southampton,2,1.0,1.4,12.8,6.0,1.2,1.8,53,27,1.4,3.0,15.8,2.0,0.4,0.2,243,122,-0.3999999999999999,1.6,-3.0,4.0,1.6,-190,,51.5,
1819|2018-12-08|chelsea|manchester-city,1819,2018-12-08,Chelsea,Manchester City,2,1.4,1.2,15.2,7.0,1.4,1.8,319,160,3.6,0.8,15.0,15.0,3.0,2.6,319,159,-2.2,-0.3999999999999999,0.1999999999999993,-8.0,-0.8,0,55.6,71.7,-16.1
1819|2018-12-08|leicester-city|tottenham-hotspur,1819,2018-12-08,Leicester City,Tottenham Hotspur,0,1.0,0.4,12.6,9.0,1.8,1.6,167,83,2.4,1.6,12.6,12.0,2.4,2.4,319,161,-1.4,1.2000000000000002,0.0,-3.0,-0.7999999999999998,-152,48.0,62.1,-14.100000000000001
1819|2018-12-08|manchester-united|fulham,1819,2018-12-08,Manchester United,Fulham,2,1.4,1.6,11.4,6.0,1.2,1.8,319,159,0.8,1.6,11.8,4.0,0.8,0.0,167,84,0.5999999999999999,0.0,-0.40000000000000036,2.0,1.8,152,54.8,,
1819|2018-12-08|west-ham-united|crystal-palace,1819,2018-12-08,West Ham United,Crystal Palace,2,2.2,1.6,13.4,10.0,2.0,1.8,281,141,0.8,1.4,15.6,4.0,0.8,0.2,205,103,1.4000000000000001,-0.20000000000000018,-2.1999999999999993,6.0,1.6,76,44.7,45.1,-0.3999999999999986
1819|2018-12-09|newcastle-united|wolverhampton-wanderers,1819,2018-12-09,Newcastle United,Wolverhampton Wanderers,0,1.2,1.2,13.8,10.0,2.0,1.2,281,141,1.2,1.8,12.2,4.0,0.8,1.0,91,45,0.0,0.6000000000000001,1.6000000000000014,6.0,0.19999999999999996,190,41.7,,
1819|2018-12-10|everton|watford,1819,2018-12-10,Everton,Watford,1,1.0,0.6,12.8,8.0,1.6,2.6,319,160,0.4,1.8,10.4,1.0,0.2,0.8,129,64,0.6,1.2000000000000002,2.4000000000000004,7.0,1.8,190,45.5,49.8,-4.299999999999997
1819|2018-12-15|crystal-palace|leicester-city,1819,2018-12-15,Crystal Palace,Leicester City,2,1.0,1.4,15.8,4.0,0.8,1.0,206,102,0.8,0.8,12.2,6.0,1.2,1.6,168,84,0.19999999999999996,-0.5999999999999999,3.6000000000000014,-2.0,-0.6000000000000001,38,45.1,48.0,-2.8999999999999986
1819|2018-12-15|fulham|west-ham-united,1819,2018-12-15,Fulham,West Ham United,0,1.0,2.2,12.4,4.0,0.8,1.0,168,83,2.0,1.6,11.6,10.0,2.0,1.6,282,140,-1.0,-0.6000000000000001,0.8000000000000007,-6.0,-0.6000000000000001,-114,,44.7,
1819|2018-12-15|huddersfield-town|newcastle-united,1819,2018-12-15,Huddersfield Town,Newcastle United,0,1.0,1.2,13.0,4.0,0.8,0.8,54,27,1.2,1.6,14.2,7.0,1.4,1.2,282,140,-0.19999999999999996,0.40000000000000013,-1.1999999999999993,-3.0,-0.3999999999999999,-228,45.6,41.7,3.8999999999999986
1819|2018-12-15|manchester-city|everton,1819,2018-12-15,Manchester City,Everton,2,2.4,1.0,14.2,12.0,2.4,3.0,320,160,0.8,0.8,12.4,6.0,1.2,0.8,320,159,1.5999999999999999,-0.19999999999999996,1.799999999999999,6.0,2.2,0,71.7,45.5,26.200000000000003
1819|2018-12-15|tottenham-hotspur|burnley,1819,2018-12-15,Tottenham Hotspur,Burnley,2,2.2,1.2,12.0,12.0,2.4,1.8,320,158,0.6,1.4,9.6,4.0,0.8,0.8,130,65,1.6,0.19999999999999996,2.4000000000000004,8.0,1.0,190,62.1,43.7,18.4
1819|2018-12-15|watford|cardiff-city,1819,2018-12-15,Watford,Cardiff City,2,0.8,2.0,10.2,2.0,0.4,0.6,130,65,1.2,1.2,13.2,9.0,1.8,0.0,54,26,-0.3999999999999999,-0.8,-3.0,-7.0,0.6,76,49.8,,
1819|2018-12-15|wolverhampton-wanderers|afc-bournemouth,1819,2018-12-15,Wolverhampton Wanderers,AFC Bournemouth,2,1.2,1.4,11.6,7.0,1.4,1.2,92,46,1.0,2.4,8.6,3.0,0.6,1.2,130,64,0.19999999999999996,1.0,3.0,4.0,0.0,-38,,48.1,
1819|2018-12-16|brighton-and-hove-albion|chelsea,1819,2018-12-16,Brighton & Hove Albion,Chelsea,0,1.4,1.2,11.6,7.0,1.4,2.0,54,26,1.2,1.0,13.8,7.0,1.4,1.4,320,159,0.19999999999999996,-0.19999999999999996,-2.200000000000001,0.0,0.6000000000000001,-266,43.2,55.6,-12.399999999999999
1819|2018-12-16|liverpool|manchester-united,1819,2018-12-16,Liverpool,Manchester United,2,2.6,0.2,14.8,15.0,3.0,2.6,320,159,1.8,1.6,11.8,6.0,1.2,1.0,320,160,0.8,1.4000000000000001,3.0,9.0,1.6,0,60.7,54.8,5.900000000000006
1819|2018-12-16|southampton|arsenal,1819,2018-12-16,Southampton,Arsenal,2,1.2,2.0,15.8,2.0,0.4,0.8,244,121,2.0,1.2,15.0,11.0,2.2,2.2,320,159,-0.8,-0.8,0.8000000000000007,-9.0,-1.4000000000000001,-76,51.5,61.9,-10.399999999999999
1819|2018-12-21|wolverhampton-wanderers|liverpool,1819,2018-12-21,Wolverhampton Wanderers,Liverpool,0,1.4,1.2,11.0,9.0,1.8,1.2,93,47,2.8,0.4,18.0,15.0,3.0,2.6,321,161,-1.4,-0.7999999999999999,-7.0,-6.0,-1.4000000000000001,-228,,60.7,
1819|2018-12-22|afc-bournemouth|brighton-and-hove-albion,1819,2018-12-22,AFC Bournemouth,Brighton & Hove Albion,2,0.8,2.4,8.4,3.0,0.6,0.8,131,66,1.4,1.2,11.4,7.0,1.4,1.2,55,28,-0.5999999999999999,-1.2,-3.0,-4.0,-0.3999999999999999,76,48.1,43.2,4.899999999999999
1819|2018-12-22|arsenal|burnley,1819,2018-12-22,Arsenal,Burnley,2,2.2,1.6,15.6,10.0,2.0,2.2,321,161,0.6,1.6,9.2,3.0,0.6,0.2,131,66,1.6,0.0,6.4,7.0,2.0,190,61.9,43.7,18.199999999999996
1819|2018-12-22|cardiff-city|manchester-united,1819,2018-12-22,Cardiff City,Manchester United,0,1.2,1.6,11.2,6.0,1.2,2.4,55,28,1.8,1.6,11.8,6.0,1.2,1.0,321,161,-0.6000000000000001,0.0,-0.6000000000000014,0.0,1.4,-266,,54.8,
1819|2018-12-22|chelsea|leicester-city,1819,2018-12-22,Chelsea,Leicester City,0,1.6,1.2,12.8,9.0,1.8,2.2,321,161,0.8,1.0,10.2,5.0,1.0,1.0,169,85,0.8,-0.19999999999999996,2.6000000000000014,4.0,1.2000000000000002,152,55.6,48.0,7.600000000000001
1819|2018-12-22|huddersfield-town|southampton,1819,2018-12-22,Huddersfield Town,Southampton,0,0.8,1.2,13.0,3.0,0.6,0.8,55,28,1.6,2.2,15.4,4.0,0.8,0.2,245,123,-0.8,1.0000000000000002,-2.4000000000000004,-1.0,0.6000000000000001,-190,45.6,51.5,-5.899999999999999
1819|2018-12-22|manchester-city|crystal-palace,1819,2018-12-22,Manchester City,Crystal Palace,0,2.4,1.0,13.4,12.0,2.4,3.0,321,161,1.2,1.2,15.2,7.0,1.4,0.2,207,104,1.2,0.19999999999999996,-1.799999999999999,5.0,2.8,114,71.7,45.1,26.6
1819|2018-12-22|newcastle-united|fulham,1819,2018-12-22,Newcastle United,Fulham,1,1.0,1.4,12.2,7.0,1.4,1.2,283,142,1.0,2.2,14.0,4.0,0.8,0.0,169,85,0.0,0.8000000000000003,-1.8000000000000007,3.0,1.2,114,41.7,,
1819|2018-12-22|west-ham-united|watford,1819,2018-12-22,West Ham United,Watford,0,2.2,1.4,10.4,12.0,2.4,1.8,283,142,1.2,2.2,11.2,4.0,0.8,1.0,131,65,1.0000000000000002,0.8000000000000003,-0.7999999999999989,8.0,0.8,152,44.7,49.8,-5.099999999999994
1819|2018-12-23|everton|tottenham-hotspur,1819,2018-12-23,Everton,Tottenham Hotspur,0,1.0,1.4,13.0,5.0,1.0,2.2,321,161,2.2,1.2,12.8,12.0,2.4,2.4,321,162,-1.2000000000000002,-0.19999999999999996,0.1999999999999993,-7.0,-0.19999999999999973,0,45.5,62.1,-16.6
1819|2018-12-26|brighton-and-hove-albion|arsenal,1819,2018-12-26,Brighton & Hove Albion,Arsenal,1,1.2,1.4,10.6,6.0,1.2,2.0,56,27,2.4,1.6,13.6,10.0,2.0,1.6,322,160,-1.2,0.20000000000000018,-3.0,-4.0,0.3999999999999999,-266,43.2,61.9,-18.699999999999996
1819|2018-12-26|burnley|everton,1819,2018-12-26,Burnley,Everton,0,0.6,1.8,7.8,3.0,0.6,0.8,132,65,1.2,2.6,11.8,2.0,0.4,0.8,322,160,-0.6,0.8,-4.000000000000001,1.0,0.0,-190,43.7,45.5,-1.7999999999999972
1819|2018-12-26|crystal-palace|cardiff-city,1819,2018-12-26,Crystal Palace,Cardiff City,1,1.8,1.6,13.6,9.0,1.8,1.4,208,103,1.4,2.4,11.6,6.0,1.2,0.0,56,27,0.40000000000000013,0.7999999999999998,2.0,3.0,1.4,152,45.1,,
1819|2018-12-26|fulham|wolverhampton-wanderers,1819,2018-12-26,Fulham,Wolverhampton Wanderers,1,0.4,1.8,12.8,2.0,0.4,0.8,170,84,1.4,1.2,10.8,9.0,1.8,1.4,94,46,-0.9999999999999999,-0.6000000000000001,2.0,-7.0,-0.5999999999999999,76,,,
1819|2018-12-26|leicester-city|manchester-city,1819,2018-12-26,Leicester City,Manchester City,2,0.8,0.8,10.2,7.0,1.4,1.0,170,84,2.0,1.6,15.4,9.0,1.8,2.0,322,160,-1.2,0.8,-5.200000000000001,-2.0,-1.0,-152,48.0,71.7,-23.700000000000003
1819|2018-12-26|liverpool|newcastle-united,1819,2018-12-26,Liverpool,Newcastle United,2,2.6,0.4,19.0,15.0,3.0,2.6,322,160,0.6,1.2,10.6,5.0,1.0,1.6,284,141,2.0,0.7999999999999999,8.4,10.0,1.0,38,60.7,41.7,19.0
1819|2018-12-26|manchester-united|huddersfield-town,1819,2018-12-26,Manchester United,Huddersfield Town,2,2.8,1.8,12.8,8.0,1.6,2.2,322,160,0.6,1.8,13.4,0.0,0.0,0.8,56,27,2.1999999999999997,0.0,-0.5999999999999996,8.0,1.4000000000000001,266,54.8,45.6,9.199999999999996
1819|2018-12-26|tottenham-hotspur|afc-bournemouth,1819,2018-12-26,Tottenham Hotspur,AFC Bournemouth,2,2.8,1.4,12.6,12.0,2.4,2.4,322,159,1.0,2.0,9.0,6.0,1.2,1.2,132,65,1.7999999999999998,0.6000000000000001,3.5999999999999996,6.0,1.2,190,62.1,48.1,14.0
1819|2018-12-26|watford|chelsea,1819,2018-12-26,Watford,Chelsea,0,1.6,1.6,12.4,7.0,1.4,1.2,132,66,1.4,0.8,13.6,9.0,1.8,1.8,322,160,0.20000000000000018,-0.8,-1.1999999999999993,-2.0,-0.6000000000000001,-190,49.8,55.6,-5.800000000000004
1819|2018-12-27|southampton|west-ham-united,1819,2018-12-27,Southampton,West Ham United,0,1.8,1.8,14.2,7.0,1.4,1.2,246,122,2.2,1.0,12.2,12.0,2.4,1.6,284,141,-0.40000000000000013,-0.8,2.0,-5.0,-0.40000000000000013,-38,51.5,44.7,6.799999999999997
1819|2018-12-29|brighton-and-hove-albion|everton,1819,2018-12-29,Brighton & Hove Albion,Everton,2,1.0,1.4,10.2,4.0,0.8,1.6,57,28,2.2,2.6,12.6,5.0,1.0,0.8,323,161,-1.2000000000000002,1.2000000000000002,-2.4000000000000004,-1.0,0.8,-266,43.2,45.5,-2.299999999999997
1819|2018-12-29|fulham|huddersfield-town,1819,2018-12-29,Fulham,Huddersfield Town,2,0.6,1.6,13.2,3.0,0.6,1.0,171,85,0.6,2.0,14.0,0.0,0.0,0.6,57,28,0.0,0.3999999999999999,-0.8000000000000007,3.0,0.4,114,,45.6,
1819|2018-12-29|leicester-city|cardiff-city,1819,2018-12-29,Leicester City,Cardiff City,0,0.8,1.0,10.8,7.0,1.4,1.6,171,85,1.0,2.2,10.0,4.0,0.8,0.2,57,28,-0.19999999999999996,1.2000000000000002,0.8000000000000007,3.0,1.4000000000000001,114,48.0,,
1819|2018-12-29|liverpool|arsenal,1819,2018-12-29,Liverpool,Arsenal,2,3.2,0.4,19.0,15.0,3.0,3.0,323,161,1.8,1.4,10.6,8.0,1.6,1.2,323,161,1.4000000000000001,0.9999999999999999,8.4,7.0,1.8,0,60.7,61.9,-1.1999999999999957
1819|2018-12-29|tottenham-hotspur|wolverhampton-wanderers,1819,2018-12-29,Tottenham Hotspur,Wolverhampton Wanderers,0,3.4,0.6,12.4,15.0,3.0,2.4,323,160,1.4,1.0,10.6,10.0,2.0,1.0,95,47,2.0,0.4,1.8000000000000007,5.0,1.4,228,62.1,,
1819|2018-12-29|watford|newcastle-united,1819,2018-12-29,Watford,Newcastle United,1,1.8,1.6,12.8,7.0,1.4,1.2,133,67,0.6,1.4,8.6,5.0,1.0,1.6,285,142,1.2000000000000002,-0.20000000000000018,4.200000000000001,2.0,-0.40000000000000013,-152,49.8,41.7,8.099999999999994
1819|2018-12-30|burnley|west-ham-united,1819,2018-12-30,Burnley,West Ham United,2,0.8,2.4,9.2,3.0,0.6,0.6,133,66,2.0,1.2,14.0,12.0,2.4,2.2,285,142,-1.2,-1.2,-4.800000000000001,-9.0,-1.6,-152,43.7,44.7,-1.0
1819|2018-12-30|crystal-palace|chelsea,1819,2018-12-30,Crystal Palace,Chelsea,0,1.4,1.6,14.0,7.0,1.4,1.6,209,104,1.4,1.0,12.4,9.0,1.8,1.8,323,161,0.0,-0.6000000000000001,1.5999999999999996,-2.0,-0.19999999999999996,-114,45.1,55.6,-10.5
1819|2018-12-30|manchester-united|afc-bournemouth,1819,2018-12-30,Manchester United,AFC Bournemouth,2,3.0,1.6,13.8,10.0,2.0,2.2,323,161,0.8,2.4,11.0,6.0,1.2,0.6,133,66,2.2,0.7999999999999998,2.8000000000000007,4.0,1.6,190,54.8,48.1,6.699999999999996
1819|2018-12-30|southampton|manchester-city,1819,2018-12-30,Southampton,Manchester City,0,1.6,1.8,13.2,6.0,1.2,1.2,247,123,1.6,1.8,14.4,6.0,1.2,1.8,323,161,0.0,0.0,-1.200000000000001,0.0,-0.6000000000000001,-76,51.5,71.7,-20.200000000000003
1819|2019-01-01|arsenal|fulham,1819,2019-01-01,Arsenal,Fulham,2,1.6,2.0,10.4,7.0,1.4,2.2,324,162,0.6,1.4,11.0,5.0,1.0,0.2,172,86,1.0,-0.6000000000000001,-0.5999999999999996,2.0,2.0,152,61.9,,
1819|2019-01-01|cardiff-city|tottenham-hotspur,1819,2019-01-01,Cardiff City,Tottenham Hotspur,0,1.0,1.6,10.6,7.0,1.4,1.8,58,29,3.0,1.0,11.8,12.0,2.4,2.4,324,163,-2.0,-0.6000000000000001,-1.200000000000001,-5.0,-0.5999999999999999,-266,,62.1,
1819|2019-01-01|everton|leicester-city,1819,2019-01-01,Everton,Leicester City,0,2.0,2.6,11.4,4.0,0.8,1.6,324,162,0.6,1.0,11.4,6.0,1.2,1.6,172,86,1.4,-1.6,0.0,-2.0,0.0,152,45.5,48.0,-2.5
1819|2019-01-02|afc-bournemouth|watford,1819,2019-01-02,AFC Bournemouth,Watford,1,0.6,3.0,11.2,3.0,0.6,1.2,134,67,1.8,1.4,13.0,8.0,1.6,1.0,134,66,-1.2000000000000002,-1.6,-1.8000000000000007,-5.0,0.19999999999999996,0,48.1,49.8,-1.6999999999999957
1819|2019-01-02|chelsea|southampton,1819,2019-01-02,Chelsea,Southampton,1,1.4,0.6,11.4,12.0,2.4,2.0,324,162,1.6,1.8,10.6,6.0,1.2,0.6,248,124,-0.20000000000000018,1.2000000000000002,0.8000000000000007,6.0,1.4,76,55.6,51.5,4.100000000000001
1819|2019-01-02|huddersfield-town|burnley,1819,2019-01-02,Huddersfield Town,Burnley,0,0.4,1.8,11.2,0.0,0.0,0.8,58,29,1.0,1.8,10.6,6.0,1.2,0.2,134,67,-0.6,0.0,0.5999999999999996,-6.0,0.6000000000000001,-76,45.6,43.7,1.8999999999999986
1819|2019-01-02|newcastle-united|manchester-united,1819,2019-01-02,Newcastle United,Manchester United,0,0.6,1.4,8.6,5.0,1.0,1.4,286,143,3.4,1.4,14.0,12.0,2.4,1.4,324,162,-2.8,0.0,-5.4,-7.0,0.0,-38,41.7,54.8,-13.099999999999994
1819|2019-01-02|west-ham-united|brighton-and-hove-albion,1819,2019-01-02,West Ham United,Brighton & Hove Albion,1,1.4,1.4,12.8,9.0,1.8,1.8,286,143,0.6,1.2,10.6,4.0,0.8,0.6,58,29,0.7999999999999999,-0.19999999999999996,2.200000000000001,5.0,1.2000000000000002,228,44.7,43.2,1.5
1819|2019-01-02|wolverhampton-wanderers|crystal-palace,1819,2019-01-02,Wolverhampton Wanderers,Crystal Palace,0,1.6,1.0,11.6,10.0,2.0,1.2,96,48,1.2,1.2,11.2,7.0,1.4,0.8,210,105,0.40000000000000013,0.19999999999999996,0.40000000000000036,3.0,0.3999999999999999,-114,,45.1,
1819|2019-01-03|manchester-city|liverpool,1819,2019-01-03,Manchester City,Liverpool,2,1.8,1.8,14.2,6.0,1.2,2.4,324,162,3.6,0.4,18.4,15.0,3.0,2.6,324,162,-1.8,-1.4,-4.199999999999999,-9.0,-0.20000000000000018,0,71.7,60.7,11.0
1819|2019-01-12|brighton-and-hove-albion|liverpool,1819,2019-01-12,Brighton & Hove Albion,Liverpool,0,1.0,1.4,10.4,5.0,1.0,1.6,59,29,3.0,0.8,17.8,12.0,2.4,2.4,325,163,-2.0,-0.5999999999999999,-7.4,-7.0,-0.7999999999999998,-266,43.2,60.7,-17.5
1819|2019-01-12|burnley|fulham,1819,2019-01-12,Burnley,Fulham,2,1.2,2.0,11.0,6.0,1.2,1.2,135,67,0.6,1.4,10.8,5.0,1.0,0.2,173,87,0.6,-0.6000000000000001,0.1999999999999993,1.0,1.0,-38,43.7,,
1819|2019-01-12|cardiff-city|huddersfield-town,1819,2019-01-12,Cardiff City,Huddersfield Town,1,0.8,2.2,9.2,4.0,0.8,1.8,59,30,0.6,2.0,11.8,0.0,0.0,0.6,59,29,0.20000000000000007,-0.20000000000000018,-2.6000000000000014,4.0,1.2000000000000002,0,,45.6,
1819|2019-01-12|chelsea|newcastle-united,1819,2019-01-12,Chelsea,Newcastle United,2,1.0,0.6,13.2,10.0,2.0,1.6,325,163,0.4,1.4,9.0,5.0,1.0,1.6,287,143,0.6,0.7999999999999999,4.199999999999999,5.0,0.0,38,55.6,41.7,13.899999999999999
1819|2019-01-12|crystal-palace|watford,1819,2019-01-12,Crystal Palace,Watford,0,1.2,0.6,13.0,10.0,2.0,1.4,211,105,2.0,1.6,12.2,8.0,1.6,1.2,135,67,-0.8,1.0,0.8000000000000007,2.0,0.19999999999999996,76,45.1,49.8,-4.699999999999996
1819|2019-01-12|leicester-city|southampton,1819,2019-01-12,Leicester City,Southampton,0,0.8,0.6,10.8,9.0,1.8,1.4,173,86,1.6,1.6,9.4,7.0,1.4,0.8,249,125,-0.8,1.0,1.4000000000000004,2.0,0.5999999999999999,-76,48.0,51.5,-3.5
1819|2019-01-12|west-ham-united|arsenal,1819,2019-01-12,West Ham United,Arsenal,2,1.2,1.4,12.8,7.0,1.4,1.4,287,144,2.2,2.2,10.8,7.0,1.4,1.0,325,162,-1.0000000000000002,0.8000000000000003,2.0,0.0,0.3999999999999999,-38,44.7,61.9,-17.199999999999996
1819|2019-01-13|everton|afc-bournemouth,1819,2019-01-13,Everton,AFC Bournemouth,2,1.6,2.4,12.4,3.0,0.6,1.0,325,163,1.2,2.8,14.6,4.0,0.8,0.0,135,67,0.40000000000000013,0.3999999999999999,-2.1999999999999993,-1.0,1.0,190,45.5,48.1,-2.6000000000000014
1819|2019-01-13|tottenham-hotspur|manchester-united,1819,2019-01-13,Tottenham Hotspur,Manchester United,0,3.2,1.0,13.0,12.0,2.4,2.4,325,161,3.0,1.2,13.2,12.0,2.4,1.4,325,163,0.20000000000000018,0.19999999999999996,-0.1999999999999993,0.0,1.0,0,62.1,54.8,7.300000000000004
1819|2019-01-14|manchester-city|wolverhampton-wanderers,1819,2019-01-14,Manchester City,Wolverhampton Wanderers,2,2.2,1.6,13.2,9.0,1.8,2.4,325,163,1.2,1.2,10.8,7.0,1.4,1.6,97,48,1.0000000000000002,-0.40000000000000013,2.3999999999999986,2.0,0.7999999999999998,228,71.7,,
1819|2019-01-19|afc-bournemouth|west-ham-united,1819,2019-01-19,AFC Bournemouth,West Ham United,2,1.2,2.8,15.2,4.0,0.8,1.4,136,68,1.0,1.4,13.8,7.0,1.4,2.0,288,143,0.19999999999999996,-1.4,1.3999999999999986,-3.0,-0.6000000000000001,-152,48.1,44.7,3.3999999999999986
1819|2019-01-19|arsenal|chelsea,1819,2019-01-19,Arsenal,Chelsea,2,1.8,1.8,10.4,7.0,1.4,2.6,326,163,1.0,0.6,13.2,10.0,2.0,1.8,326,162,0.8,-1.2000000000000002,-2.799999999999999,-3.0,0.8,0,61.9,55.6,6.299999999999997
1819|2019-01-19|liverpool|crystal-palace,1819,2019-01-19,Liverpool,Crystal Palace,2,2.6,0.6,12.6,12.0,2.4,3.0,326,162,1.2,1.0,14.4,7.0,1.4,1.4,212,106,1.4000000000000001,0.4,-1.8000000000000007,5.0,1.6,114,60.7,45.1,15.600000000000001
1819|2019-01-19|manchester-united|brighton-and-hove-albion,1819,2019-01-19,Manchester United,Brighton & Hove Albion,2,3.0,0.6,14.6,15.0,3.0,2.2,326,162,0.8,1.2,10.6,5.0,1.0,0.8,60,30,2.2,0.6,4.0,10.0,1.4000000000000001,266,54.8,43.2,11.599999999999994
1819|2019-01-19|newcastle-united|cardiff-city,1819,2019-01-19,Newcastle United,Cardiff City,2,0.4,1.8,9.2,2.0,0.4,0.8,288,144,0.4,1.6,7.8,5.0,1.0,0.8,60,29,0.0,-0.19999999999999996,1.3999999999999995,-3.0,0.0,228,41.7,,
1819|2019-01-19|southampton|everton,1819,2019-01-19,Southampton,Everton,2,1.4,1.4,8.6,7.0,1.4,1.0,250,124,1.8,1.8,13.6,6.0,1.2,0.8,326,162,-0.40000000000000013,0.40000000000000013,-5.0,1.0,0.19999999999999996,-76,51.5,45.5,6.0
1819|2019-01-19|watford|burnley,1819,2019-01-19,Watford,Burnley,1,1.8,1.4,12.0,8.0,1.6,0.8,136,68,1.6,2.0,12.4,9.0,1.8,0.8,136,68,0.19999999999999996,0.6000000000000001,-0.40000000000000036,-1.0,0.0,0,49.8,43.7,6.099999999999994
1819|2019-01-19|wolverhampton-wanderers|leicester-city,1819,2019-01-19,Wolverhampton Wanderers,Leicester City,2,0.8,1.8,9.6,4.0,0.8,1.2,98,49,1.0,0.8,13.0,9.0,1.8,1.6,174,87,-0.19999999999999996,-1.0,-3.4000000000000004,-5.0,-0.40000000000000013,-76,,48.0,
1819|2019-01-20|fulham|tottenham-hotspur,1819,2019-01-20,Fulham,Tottenham Hotspur,0,0.8,1.4,10.0,5.0,1.0,1.6,174,86,3.0,1.2,14.2,9.0,1.8,2.4,326,164,-2.2,-0.19999999999999996,-4.199999999999999,-4.0,-0.7999999999999998,-152,,62.1,
1819|2019-01-20|huddersfield-town|manchester-city,1819,2019-01-20,Huddersfield Town,Manchester City,0,0.6,1.8,11.6,1.0,0.2,0.2,60,30,2.2,1.4,15.4,9.0,1.8,1.8,326,162,-1.6,-0.40000000000000013,-3.8000000000000007,-8.0,-1.6,-266,45.6,71.7,-26.1
1819|2019-01-29|arsenal|cardiff-city,1819,2019-01-29,Arsenal,Cardiff City,2,1.6,1.6,11.0,7.0,1.4,3.0,327,164,0.2,1.2,7.8,5.0,1.0,0.8,61,30,1.4000000000000001,-0.40000000000000013,3.2,2.0,2.2,266,61.9,,
1819|2019-01-29|fulham|brighton-and-hove-albion,1819,2019-01-29,Fulham,Brighton & Hove Albion,2,1.0,1.8,11.6,4.0,0.8,1.0,175,87,1.0,1.2,10.0,5.0,1.0,0.8,61,31,0.0,-0.6000000000000001,1.5999999999999996,-1.0,0.19999999999999996,114,,43.2,
1819|2019-01-29|huddersfield-town|everton,1819,2019-01-29,Huddersfield Town,Everton,0,0.4,1.8,9.4,1.0,0.2,0.0,61,31,1.6,1.0,13.0,6.0,1.2,0.6,327,163,-1.2000000000000002,-0.8,-3.5999999999999996,-5.0,-0.6,-266,45.6,45.5,0.10000000000000142
1819|2019-01-29|manchester-united|burnley,1819,2019-01-29,Manchester United,Burnley,1,2.4,0.6,15.2,15.0,3.0,2.6,327,163,1.4,1.4,13.2,10.0,2.0,0.8,137,69,1.0,0.7999999999999999,2.0,5.0,1.8,190,54.8,43.7,11.099999999999994
1819|2019-01-29|newcastle-united|manchester-city,1819,2019-01-29,Newcastle United,Manchester City,2,1.0,1.8,10.6,4.0,0.8,0.8,289,145,2.4,0.8,14.0,12.0,2.4,1.8,327,163,-1.4,-1.0,-3.4000000000000004,-8.0,-1.0,-38,41.7,71.7,-30.0
1819|2019-01-29|wolverhampton-wanderers|west-ham-united,1819,2019-01-29,Wolverhampton Wanderers,West Ham United,2,1.6,2.0,9.8,7.0,1.4,1.8,99,50,1.0,1.4,12.0,7.0,1.4,1.8,289,144,0.6000000000000001,-0.6000000000000001,-2.1999999999999993,0.0,0.0,-190,,44.7,
1819|2019-01-30|afc-bournemouth|chelsea,1819,2019-01-30,AFC Bournemouth,Chelsea,2,1.2,2.8,14.4,4.0,0.8,2.0,137,69,1.0,0.8,12.4,10.0,2.0,1.8,327,163,0.19999999999999996,-1.9999999999999998,2.0,-6.0,0.19999999999999996,-190,48.1,55.6,-7.5
1819|2019-01-30|liverpool|leicester-city,1819,2019-01-30,Liverpool,Leicester City,1,3.0,1.2,13.4,12.0,2.4,3.0,327,163,1.4,1.6,14.6,6.0,1.2,1.4,175,88,1.6,0.40000000000000013,-1.1999999999999993,6.0,1.6,152,60.7,48.0,12.700000000000003
1819|2019-01-30|southampton|crystal-palace,1819,2019-01-30,Southampton,Crystal Palace,1,1.2,1.4,8.2,7.0,1.4,1.4,251,125,1.2,1.4,15.2,4.0,0.8,1.2,213,107,0.0,0.0,-7.0,3.0,0.19999999999999996,38,51.5,45.1,6.399999999999999
1819|2019-01-30|tottenham-hotspur|watford,1819,2019-01-30,Tottenham Hotspur,Watford,2,2.2,1.0,13.6,9.0,1.8,1.8,327,162,1.4,1.4,11.6,6.0,1.2,1.6,137,68,0.8000000000000003,0.3999999999999999,2.0,3.0,0.19999999999999996,190,62.1,49.8,12.300000000000004
1819|2019-02-02|brighton-and-hove-albion|watford,1819,2019-02-02,Brighton & Hove Albion,Watford,1,1.2,1.8,10.6,4.0,0.8,1.4,62,30,1.4,1.4,11.4,6.0,1.2,1.6,138,69,-0.19999999999999996,-0.40000000000000013,-0.8000000000000007,-2.0,-0.20000000000000018,-76,43.2,49.8,-6.599999999999994
1819|2019-02-02|burnley|southampton,1819,2019-02-02,Burnley,Southampton,1,1.6,0.8,12.2,11.0,2.2,1.8,138,68,1.2,1.2,8.6,8.0,1.6,1.4,252,126,0.40000000000000013,0.3999999999999999,3.5999999999999996,3.0,0.40000000000000013,-114,43.7,51.5,-7.799999999999997
1819|2019-02-02|cardiff-city|afc-bournemouth,1819,2019-02-02,Cardiff City,AFC Bournemouth,2,0.4,1.6,9.8,4.0,0.8,1.4,62,31,2.0,1.8,14.0,7.0,1.4,0.0,138,68,-1.6,0.19999999999999996,-4.199999999999999,-3.0,1.4,-76,,48.1,
1819|2019-02-02|chelsea|huddersfield-town,1819,2019-02-02,Chelsea,Huddersfield Town,2,0.6,1.4,12.6,7.0,1.4,2.0,328,164,0.2,1.4,9.4,1.0,0.2,0.2,62,30,0.39999999999999997,0.0,3.1999999999999993,6.0,1.8,266,55.6,45.6,10.0
1819|2019-02-02|crystal-palace|fulham,1819,2019-02-02,Crystal Palace,Fulham,2,1.4,1.6,12.0,4.0,0.8,1.4,214,106,1.6,2.0,14.2,6.0,1.2,0.2,176,88,-0.20000000000000018,0.3999999999999999,-2.1999999999999993,-2.0,1.2,38,45.1,,
1819|2019-02-02|everton|wolverhampton-wanderers,1819,2019-02-02,Everton,Wolverhampton Wanderers,0,0.8,0.8,12.4,6.0,1.2,1.0,328,164,2.0,1.8,11.0,9.0,1.8,1.4,100,49,-1.2,1.0,1.4000000000000004,-3.0,-0.3999999999999999,228,45.5,,
1819|2019-02-02|tottenham-hotspur|newcastle-united,1819,2019-02-02,Tottenham Hotspur,Newcastle United,2,1.6,1.2,15.0,9.0,1.8,1.8,328,163,1.4,1.2,10.6,7.0,1.4,1.0,290,144,0.20000000000000018,0.0,4.4,2.0,0.8,38,62.1,41.7,20.4
1819|2019-02-03|leicester-city|manchester-united,1819,2019-02-03,Leicester City,Manchester United,0,1.2,1.6,13.6,4.0,0.8,1.2,176,87,2.2,0.8,17.6,13.0,2.6,2.0,328,164,-1.0000000000000002,-0.8,-4.000000000000002,-9.0,-0.8,-152,48.0,54.8,-6.799999999999997
1819|2019-02-03|manchester-city|arsenal,1819,2019-02-03,Manchester City,Arsenal,2,2.4,0.8,14.2,12.0,2.4,2.4,328,164,1.8,1.6,12.6,9.0,1.8,0.4,328,163,0.5999999999999999,0.8,1.5999999999999996,3.0,2.0,0,71.7,61.9,9.800000000000004
1819|2019-02-04|west-ham-united|liverpool,1819,2019-02-04,West Ham United,Liverpool,1,0.6,1.8,9.6,4.0,0.8,2.0,290,145,2.4,1.4,12.2,10.0,2.0,2.4,328,164,-1.7999999999999998,-0.40000000000000013,-2.5999999999999996,-6.0,-0.3999999999999999,-38,44.7,60.7,-16.0
1819|2019-02-06|everton|manchester-city,1819,2019-02-06,Everton,Manchester City,0,1.0,1.2,12.4,6.0,1.2,0.8,329,165,2.4,0.8,15.2,12.0,2.4,1.2,329,164,-1.4,-0.3999999999999999,-2.799999999999999,-6.0,-0.3999999999999999,0,45.5,71.7,-26.200000000000003
1819|2019-02-09|brighton-and-hove-albion|burnley,1819,2019-02-09,Brighton & Hove Albion,Burnley,0,1.0,1.8,12.6,2.0,0.4,1.0,63,31,1.4,1.0,11.8,9.0,1.8,1.0,139,70,-0.3999999999999999,-0.8,0.7999999999999989,-7.0,0.0,-76,43.2,43.7,-0.5
1819|2019-02-09|crystal-palace|west-ham-united,1819,2019-02-09,Crystal Palace,West Ham United,1,1.8,1.4,14.6,7.0,1.4,1.4,215,107,0.8,1.6,10.0,5.0,1.0,1.2,291,145,1.0,0.20000000000000018,4.6,2.0,0.19999999999999996,-76,45.1,44.7,0.3999999999999986
1819|2019-02-09|fulham|manchester-united,1819,2019-02-09,Fulham,Manchester United,0,1.4,2.4,13.0,3.0,0.6,1.4,177,88,1.6,0.6,17.4,13.0,2.6,2.4,329,165,-0.20000000000000018,-1.7999999999999998,-4.399999999999999,-10.0,-1.0,-152,,54.8,
1819|2019-02-09|huddersfield-town|arsenal,1819,2019-02-09,Huddersfield Town,Arsenal,0,0.2,2.2,8.6,1.0,0.2,0.0,63,32,1.8,1.2,11.8,9.0,1.8,0.2,329,164,-1.6,-1.0000000000000002,-3.200000000000001,-8.0,-0.2,-266,45.6,61.9,-16.299999999999997
1819|2019-02-09|liverpool|afc-bournemouth,1819,2019-02-09,Liverpool,AFC Bournemouth,2,1.6,1.4,11.4,8.0,1.6,2.6,329,164,1.8,1.4,14.4,7.0,1.4,0.0,139,69,-0.19999999999999996,0.0,-3.0,1.0,2.6,190,60.7,48.1,12.600000000000001
1819|2019-02-09|southampton|cardiff-city,1819,2019-02-09,Southampton,Cardiff City,0,1.2,0.8,9.6,9.0,1.8,1.4,253,126,0.6,1.6,9.8,4.0,0.8,0.8,63,31,0.6,0.8,-0.20000000000000107,5.0,0.5999999999999999,190,51.5,,
1819|2019-02-09|watford|everton,1819,2019-02-09,Watford,Everton,2,1.2,1.2,10.0,6.0,1.2,1.0,139,69,1.0,1.4,9.8,6.0,1.2,1.2,330,164,0.19999999999999996,0.19999999999999996,0.1999999999999993,0.0,-0.19999999999999996,-191,49.8,45.5,4.299999999999997
1819|2019-02-10|manchester-city|chelsea,1819,2019-02-10,Manchester City,Chelsea,2,2.4,0.6,16.4,12.0,2.4,2.4,330,165,1.4,1.4,14.8,7.0,1.4,1.8,329,164,1.0,0.7999999999999999,1.5999999999999979,5.0,0.5999999999999999,1,71.7,55.6,16.1
1819|2019-02-10|tottenham-hotspur|leicester-city,1819,2019-02-10,Tottenham Hotspur,Leicester City,2,1.6,0.6,17.2,12.0,2.4,1.8,329,164,1.2,1.6,13.8,4.0,0.8,1.4,177,89,0.40000000000000013,1.0,3.3999999999999986,8.0,0.40000000000000013,152,62.1,48.0,14.100000000000001
1819|2019-02-11|wolverhampton-wanderers|newcastle-united,1819,2019-02-11,Wolverhampton Wanderers,Newcastle United,1,2.0,1.8,10.4,9.0,1.8,1.8,101,51,1.2,1.2,10.6,6.0,1.2,0.8,291,145,0.8,-0.6000000000000001,-0.1999999999999993,3.0,1.0,-190,,41.7,
1819|2019-02-22|cardiff-city|watford,1819,2019-02-22,Cardiff City,Watford,0,1.0,1.2,9.8,7.0,1.4,1.4,64,32,0.8,0.6,9.2,8.0,1.6,1.6,140,70,0.19999999999999996,-0.6,0.6000000000000014,-1.0,-0.20000000000000018,-76,,49.8,
1819|2019-02-22|west-ham-united|fulham,1819,2019-02-22,West Ham United,Fulham,2,0.6,1.4,8.6,5.0,1.0,1.6,292,146,1.2,2.2,14.2,3.0,0.6,0.2,178,89,-0.6,0.8000000000000003,-5.6,2.0,1.4000000000000001,114,44.7,,
1819|2019-02-23|afc-bournemouth|wolverhampton-wanderers,1819,2019-02-23,AFC Bournemouth,Wolverhampton Wanderers,1,1.2,1.4,11.8,6.0,1.2,2.0,140,70,2.2,1.6,13.0,10.0,2.0,2.0,102,50,-1.0000000000000002,0.20000000000000018,-1.1999999999999993,-4.0,0.0,38,48.1,,
1819|2019-02-23|burnley|tottenham-hotspur,1819,2019-02-23,Burnley,Tottenham Hotspur,2,1.6,1.0,10.4,9.0,1.8,2.0,140,69,1.6,0.8,17.0,12.0,2.4,2.4,330,165,0.0,-0.19999999999999996,-6.6,-3.0,-0.3999999999999999,-190,43.7,62.1,-18.4
1819|2019-02-23|leicester-city|crystal-palace,1819,2019-02-23,Leicester City,Crystal Palace,0,1.2,2.2,16.2,1.0,0.2,0.6,178,88,1.6,1.6,16.2,5.0,1.0,1.4,216,108,-0.40000000000000013,-0.6000000000000001,0.0,-4.0,-0.7999999999999999,-38,48.0,45.1,2.8999999999999986
1819|2019-02-23|newcastle-united|huddersfield-town,1819,2019-02-23,Newcastle United,Huddersfield Town,2,1.4,1.0,9.6,7.0,1.4,1.4,292,146,0.2,2.2,9.8,1.0,0.2,0.2,64,31,1.2,1.2000000000000002,-0.20000000000000107,6.0,1.2,228,41.7,45.6,-3.8999999999999986
1819|2019-02-24|arsenal|southampton,1819,2019-02-24,Arsenal,Southampton,2,1.4,1.2,10.4,9.0,1.8,3.0,330,165,1.4,1.2,11.2,8.0,1.6,1.6,254,127,0.0,0.0,-0.7999999999999989,1.0,1.4,76,61.9,51.5,10.399999999999999
1819|2019-02-24|manchester-united|liverpool,1819,2019-02-24,Manchester United,Liverpool,1,1.8,0.6,17.2,13.0,2.6,2.6,330,164,2.0,1.0,14.0,11.0,2.2,2.0,330,165,-0.19999999999999996,0.4,3.1999999999999993,2.0,0.6000000000000001,0,54.8,60.7,-5.900000000000006
1819|2019-02-26|cardiff-city|everton,1819,2019-02-26,Cardiff City,Everton,0,1.2,2.2,12.2,6.0,1.2,0.8,65,33,0.6,1.6,8.6,3.0,0.6,1.2,331,165,0.6,-0.6000000000000001,3.5999999999999996,3.0,-0.3999999999999999,-266,,45.5,
1819|2019-02-26|huddersfield-town|wolverhampton-wanderers,1819,2019-02-26,Huddersfield Town,Wolverhampton Wanderers,2,0.2,2.6,7.6,0.0,0.0,0.0,65,33,2.4,1.2,14.4,11.0,2.2,1.6,103,51,-2.1999999999999997,-1.4000000000000001,-6.800000000000001,-11.0,-1.6,-38,45.6,,
1819|2019-02-26|leicester-city|brighton-and-hove-albion,1819,2019-02-26,Leicester City,Brighton & Hove Albion,2,1.2,2.6,17.0,1.0,0.2,0.6,179,89,0.8,2.0,13.2,1.0,0.2,0.2,64,32,0.3999999999999999,-0.6000000000000001,3.8000000000000007,0.0,0.39999999999999997,115,48.0,43.2,4.799999999999997
1819|2019-02-26|newcastle-united|burnley,1819,2019-02-26,Newcastle United,Burnley,2,1.6,0.6,13.6,10.0,2.0,2.0,293,147,1.6,1.0,10.2,9.0,1.8,1.6,141,71,0.0,0.4,3.4000000000000004,1.0,0.3999999999999999,152,41.7,43.7,-2.0
1819|2019-02-27|arsenal|afc-bournemouth,1819,2019-02-27,Arsenal,AFC Bournemouth,2,1.8,1.0,10.6,12.0,2.4,3.0,331,166,1.4,1.2,10.6,7.0,1.4,0.0,141,70,0.40000000000000013,0.19999999999999996,0.0,5.0,3.0,190,61.9,48.1,13.799999999999997
1819|2019-02-27|chelsea|tottenham-hotspur,1819,2019-02-27,Chelsea,Tottenham Hotspur,2,1.4,2.6,13.8,6.0,1.2,2.0,330,165,1.8,1.0,16.2,12.0,2.4,2.4,331,166,-0.40000000000000013,-1.6,-2.3999999999999986,-6.0,-0.3999999999999999,-1,55.6,62.1,-6.5
1819|2019-02-27|crystal-palace|manchester-united,1819,2019-02-27,Crystal Palace,Manchester United,0,2.2,1.4,14.6,8.0,1.6,1.0,217,108,1.6,0.6,15.8,11.0,2.2,3.0,331,166,0.6000000000000001,-0.7999999999999999,-1.200000000000001,-3.0,-2.0,-114,45.1,54.8,-9.699999999999996
1819|2019-02-27|liverpool|watford,1819,2019-02-27,Liverpool,Watford,2,1.8,1.0,13.4,9.0,1.8,2.6,331,165,1.4,0.6,8.4,8.0,1.6,1.6,141,71,0.40000000000000013,-0.4,5.0,1.0,1.0,190,60.7,49.8,10.900000000000006
1819|2019-02-27|manchester-city|west-ham-united,1819,2019-02-27,Manchester City,West Ham United,2,3.0,0.6,14.6,12.0,2.4,2.4,331,166,1.0,1.6,10.6,5.0,1.0,0.8,293,146,2.0,1.0,4.0,7.0,1.5999999999999999,38,71.7,44.7,27.0
1819|2019-02-27|southampton|fulham,1819,2019-02-27,Southampton,Fulham,2,1.0,1.4,11.6,5.0,1.0,0.8,255,127,1.2,2.4,13.4,3.0,0.6,0.2,179,90,-0.19999999999999996,1.0,-1.8000000000000007,2.0,0.6000000000000001,76,51.5,,
1819|2019-03-02|afc-bournemouth|manchester-city,1819,2019-03-02,AFC Bournemouth,Manchester City,0,1.2,2.2,11.2,4.0,0.8,2.2,142,71,2.6,0.6,16.2,12.0,2.4,1.8,332,165,-1.4000000000000001,-1.6,-5.0,-8.0,0.40000000000000013,-190,48.1,71.7,-23.6
1819|2019-03-02|brighton-and-hove-albion|huddersfield-town,1819,2019-03-02,Brighton & Hove Albion,Huddersfield Town,2,1.0,2.2,14.8,1.0,0.2,1.0,65,32,0.4,2.0,9.6,3.0,0.6,0.2,66,32,0.6,-0.20000000000000018,5.200000000000001,-2.0,0.8,-1,43.2,45.6,-2.3999999999999986
1819|2019-03-02|burnley|crystal-palace,1819,2019-03-02,Burnley,Crystal Palace,0,1.6,1.4,10.4,8.0,1.6,2.0,142,70,1.8,1.2,16.2,8.0,1.6,2.0,218,109,-0.19999999999999996,-0.19999999999999996,-5.799999999999999,0.0,0.0,-76,43.7,45.1,-1.3999999999999986
1819|2019-03-02|manchester-united|southampton,1819,2019-03-02,Manchester United,Southampton,2,1.8,0.6,14.4,11.0,2.2,2.2,332,165,1.0,1.2,12.2,5.0,1.0,1.6,256,128,0.8,0.6,2.200000000000001,6.0,0.6000000000000001,76,54.8,51.5,3.299999999999997
1819|2019-03-02|tottenham-hotspur|arsenal,1819,2019-03-02,Tottenham Hotspur,Arsenal,1,1.4,1.2,15.2,9.0,1.8,1.8,332,165,2.4,1.2,11.2,12.0,2.4,0.8,332,165,-1.0,0.0,4.0,-3.0,1.0,0,62.1,61.9,0.20000000000000284
1819|2019-03-02|west-ham-united|newcastle-united,1819,2019-03-02,West Ham United,Newcastle United,2,1.0,1.4,9.2,5.0,1.0,1.6,294,147,1.4,0.6,12.8,10.0,2.0,0.4,294,146,-0.3999999999999999,-0.7999999999999999,-3.6000000000000014,-5.0,1.2000000000000002,0,44.7,41.7,3.0
1819|2019-03-02|wolverhampton-wanderers|cardiff-city,1819,2019-03-02,Wolverhampton Wanderers,Cardiff City,2,1.6,0.8,13.4,8.0,1.6,1.4,104,52,1.2,2.2,11.6,6.0,1.2,1.4,66,32,0.40000000000000013,1.4000000000000001,1.8000000000000007,2.0,0.0,38,,,
1819|2019-03-03|everton|liverpool,1819,2019-03-03,Everton,Liverpool,1,1.0,1.2,9.6,6.0,1.2,0.6,332,166,2.0,0.4,13.4,9.0,1.8,1.6,332,166,-1.0,-0.7999999999999999,-3.8000000000000007,-3.0,-1.0,0,45.5,60.7,-15.200000000000003
1819|2019-03-03|fulham|chelsea,1819,2019-03-03,Fulham,Chelsea,0,1.0,2.4,13.8,3.0,0.6,1.4,180,89,1.4,2.4,14.0,6.0,1.2,1.2,331,165,-0.3999999999999999,0.0,-0.1999999999999993,-3.0,0.19999999999999996,-151,,55.6,
1819|2019-03-03|watford|leicester-city,1819,2019-03-03,Watford,Leicester City,2,1.4,1.6,7.6,7.0,1.4,1.6,142,70,1.0,2.0,17.6,4.0,0.8,1.4,180,90,0.3999999999999999,0.3999999999999999,-10.000000000000002,3.0,0.20000000000000018,-38,49.8,48.0,1.7999999999999972
1819|2019-03-09|cardiff-city|west-ham-united,1819,2019-03-09,Cardiff City,West Ham United,2,1.0,2.2,10.2,6.0,1.2,0.8,67,34,1.4,0.8,10.4,8.0,1.6,0.2,295,147,-0.3999999999999999,-1.4000000000000001,-0.20000000000000107,-2.0,0.6000000000000001,-228,,44.7,
1819|2019-03-09|crystal-palace|brighton-and-hove-albion,1819,2019-03-09,Crystal Palace,Brighton & Hove Albion,0,2.2,1.2,15.2,10.0,2.0,0.8,219,109,1.0,1.8,16.0,4.0,0.8,0.2,66,33,1.2000000000000002,0.6000000000000001,-0.8000000000000007,6.0,0.6000000000000001,153,45.1,43.2,1.8999999999999986
1819|2019-03-09|huddersfield-town|afc-bournemouth,1819,2019-03-09,Huddersfield Town,AFC Bournemouth,0,0.4,2.0,8.8,3.0,0.6,0.6,67,34,0.4,2.4,8.8,1.0,0.2,0.0,143,71,0.0,0.3999999999999999,0.0,2.0,0.6,-76,45.6,48.1,-2.5
1819|2019-03-09|leicester-city|fulham,1819,2019-03-09,Leicester City,Fulham,2,1.0,2.2,19.4,3.0,0.6,0.6,181,90,0.4,2.4,11.4,0.0,0.0,0.0,181,91,0.6,0.19999999999999973,7.999999999999998,3.0,0.6,0,48.0,,
1819|2019-03-09|manchester-city|watford,1819,2019-03-09,Manchester City,Watford,2,2.6,0.2,18.4,15.0,3.0,3.0,333,167,1.6,1.4,7.0,10.0,2.0,1.4,143,72,1.0,1.2,11.399999999999999,5.0,1.6,190,71.7,49.8,21.900000000000006
1819|2019-03-09|newcastle-united|everton,1819,2019-03-09,Newcastle United,Everton,2,1.0,0.8,15.0,7.0,1.4,2.4,295,148,0.8,1.2,9.0,4.0,0.8,1.2,333,166,0.19999999999999996,0.3999999999999999,6.0,3.0,1.2,-38,41.7,45.5,-3.799999999999997
1819|2019-03-09|southampton|tottenham-hotspur,1819,2019-03-09,Southampton,Tottenham Hotspur,2,1.2,1.6,10.8,4.0,0.8,1.4,257,128,1.2,1.2,13.8,7.0,1.4,1.8,333,167,0.0,-0.40000000000000013,-3.0,-3.0,-0.40000000000000013,-76,51.5,62.1,-10.600000000000001
1819|2019-03-10|arsenal|manchester-united,1819,2019-03-10,Arsenal,Manchester United,2,2.2,1.2,10.0,10.0,2.0,3.0,333,167,2.0,0.6,12.0,13.0,2.6,3.0,333,167,0.20000000000000018,-0.6,-2.0,-3.0,0.0,0,61.9,54.8,7.100000000000001
1819|2019-03-10|chelsea|wolverhampton-wanderers,1819,2019-03-10,Chelsea,Wolverhampton Wanderers,1,1.8,2.2,15.4,9.0,1.8,2.0,332,166,1.4,0.8,12.0,8.0,1.6,1.4,105,52,0.40000000000000013,-1.4000000000000001,3.4000000000000004,1.0,0.6000000000000001,227,55.6,,
1819|2019-03-10|liverpool|burnley,1819,2019-03-10,Liverpool,Burnley,2,1.8,0.2,13.4,9.0,1.8,2.6,333,166,1.4,1.6,12.8,7.0,1.4,1.6,143,72,0.40000000000000013,1.4000000000000001,0.5999999999999996,2.0,1.0,190,60.7,43.7,17.0
1819|2019-03-16|afc-bournemouth|newcastle-united,1819,2019-03-16,AFC Bournemouth,Newcastle United,1,0.8,2.0,8.6,4.0,0.8,1.6,144,72,1.6,1.0,17.2,10.0,2.0,0.4,296,147,-0.8,-1.0,-8.6,-6.0,1.2000000000000002,-152,48.1,41.7,6.399999999999999
1819|2019-03-16|burnley|leicester-city,1819,2019-03-16,Burnley,Leicester City,0,1.6,2.2,10.4,6.0,1.2,2.0,144,71,1.6,2.2,19.6,6.0,1.2,0.8,182,91,0.0,0.0,-9.200000000000001,0.0,1.2,-38,43.7,48.0,-4.299999999999997
1819|2019-03-16|west-ham-united|huddersfield-town,1819,2019-03-16,West Ham United,Huddersfield Town,2,1.2,1.0,9.6,7.0,1.4,2.2,296,148,0.4,1.4,9.4,3.0,0.6,0.2,68,33,0.7999999999999999,0.3999999999999999,0.1999999999999993,4.0,2.0,228,44.7,45.6,-0.8999999999999986
1819|2019-03-17|everton|chelsea,1819,2019-03-17,Everton,Chelsea,2,1.0,1.2,7.8,4.0,0.8,0.8,334,167,2.0,1.6,17.6,10.0,2.0,1.2,333,166,-1.0,0.40000000000000013,-9.8,-6.0,-0.3999999999999999,1,45.5,55.6,-10.100000000000001
1819|2019-03-17|fulham|liverpool,1819,2019-03-17,Fulham,Liverpool,0,0.6,2.6,11.0,0.0,0.0,1.2,182,90,2.4,0.4,15.8,11.0,2.2,1.2,334,167,-1.7999999999999998,-2.2,-4.800000000000001,-11.0,0.0,-152,,60.7,
1819|2019-03-30|brighton-and-hove-albion|southampton,1819,2019-03-30,Brighton & Hove Albion,Southampton,0,1.0,1.2,13.8,7.0,1.4,1.4,67,33,1.4,1.6,11.2,6.0,1.2,1.0,258,129,-0.3999999999999999,0.40000000000000013,2.6000000000000014,1.0,0.3999999999999999,-191,43.2,51.5,-8.299999999999997
1819|2019-03-30|burnley|wolverhampton-wanderers,1819,2019-03-30,Burnley,Wolverhampton Wanderers,2,1.2,2.4,11.2,3.0,0.6,1.4,145,72,1.0,0.8,10.8,6.0,1.2,1.0,106,53,0.19999999999999996,-1.5999999999999999,0.3999999999999986,-3.0,0.3999999999999999,39,43.7,,
1819|2019-03-30|crystal-palace|huddersfield-town,1819,2019-03-30,Crystal Palace,Huddersfield Town,2,2.0,1.6,14.8,7.0,1.4,0.8,220,110,0.8,1.8,9.4,3.0,0.6,0.2,69,34,1.2,0.19999999999999996,5.4,4.0,0.6000000000000001,151,45.1,45.6,-0.5
1819|2019-03-30|fulham|manchester-city,1819,2019-03-30,Fulham,Manchester City,0,0.8,2.4,9.4,0.0,0.0,0.6,183,91,2.6,0.2,18.4,15.0,3.0,2.4,334,166,-1.8,-2.1999999999999997,-8.999999999999998,-15.0,-1.7999999999999998,-151,,71.7,
1819|2019-03-30|leicester-city|afc-bournemouth,1819,2019-03-30,Leicester City,AFC Bournemouth,2,1.8,1.8,17.4,9.0,1.8,1.2,183,91,1.2,1.8,8.2,5.0,1.0,0.6,145,72,0.6000000000000001,0.0,9.2,4.0,0.6,38,48.0,48.1,-0.10000000000000142
1819|2019-03-30|manchester-united|watford,1819,2019-03-30,Manchester United,Watford,2,1.8,1.0,12.8,10.0,2.0,2.2,334,166,1.8,2.0,6.4,9.0,1.8,0.8,144,73,0.0,1.0,6.4,1.0,1.4000000000000001,190,54.8,49.8,5.0
1819|2019-03-30|west-ham-united|everton,1819,2019-03-30,West Ham United,Everton,0,1.8,1.4,11.6,9.0,1.8,2.6,297,149,1.4,0.8,10.0,7.0,1.4,1.2,335,167,0.40000000000000013,-0.5999999999999999,1.5999999999999996,2.0,1.4000000000000001,-38,44.7,45.5,-0.7999999999999972
1819|2019-03-31|cardiff-city|chelsea,1819,2019-03-31,Cardiff City,Chelsea,0,1.0,2.2,11.0,6.0,1.2,1.4,68,35,1.0,2.0,16.2,7.0,1.4,0.6,334,167,0.0,-0.20000000000000018,-5.199999999999999,-1.0,0.7999999999999999,-266,,55.6,
1819|2019-03-31|liverpool|tottenham-hotspur,1819,2019-03-31,Liverpool,Tottenham Hotspur,2,2.2,0.6,15.0,11.0,2.2,2.6,335,167,1.2,1.6,12.8,4.0,0.8,1.2,334,168,1.0000000000000002,1.0,2.1999999999999993,7.0,1.4000000000000001,1,60.7,62.1,-1.3999999999999986
1819|2019-04-01|arsenal|newcastle-united,1819,2019-04-01,Arsenal,Newcastle United,2,2.4,0.6,12.0,13.0,2.6,3.0,334,168,1.8,1.2,17.8,10.0,2.0,0.4,297,148,0.5999999999999999,0.6,-5.800000000000001,3.0,2.6,37,61.9,41.7,20.199999999999996
1819|2019-04-02|watford|fulham,1819,2019-04-02,Watford,Fulham,2,1.8,2.4,9.0,6.0,1.2,1.6,145,71,0.6,2.2,8.8,0.0,0.0,0.0,184,92,1.2000000000000002,-0.19999999999999973,0.1999999999999993,6.0,1.6,-39,49.8,,
1819|2019-04-02|wolverhampton-wanderers|manchester-united,1819,2019-04-02,Wolverhampton Wanderers,Manchester United,2,0.8,1.0,8.0,5.0,1.0,2.0,107,53,1.6,1.2,11.4,10.0,2.0,2.4,335,168,-0.8,0.19999999999999996,-3.4000000000000004,-5.0,-0.3999999999999999,-228,,54.8,
1819|2019-04-03|chelsea|brighton-and-hove-albion,1819,2019-04-03,Chelsea,Brighton & Hove Albion,2,1.4,1.0,18.0,10.0,2.0,2.2,335,167,1.0,1.4,12.4,6.0,1.2,0.8,68,34,0.3999999999999999,0.3999999999999999,5.6,4.0,1.4000000000000001,267,55.6,43.2,12.399999999999999
1819|2019-04-03|manchester-city|cardiff-city,1819,2019-04-03,Manchester City,Cardiff City,2,2.6,0.2,20.2,15.0,3.0,3.0,335,168,0.8,2.4,11.4,3.0,0.6,1.2,69,33,1.8,2.1999999999999997,8.799999999999999,12.0,1.8,266,71.7,,
1819|2019-04-03|tottenham-hotspur|crystal-palace,1819,2019-04-03,Tottenham Hotspur,Crystal Palace,2,0.8,1.8,12.6,1.0,0.2,2.0,335,166,2.2,1.4,13.6,9.0,1.8,2.0,221,110,-1.4000000000000001,-0.40000000000000013,-1.0,-8.0,0.0,114,62.1,45.1,17.0
1819|2019-04-05|southampton|liverpool,1819,2019-04-05,Southampton,Liverpool,0,1.4,1.2,10.0,9.0,1.8,2.0,259,129,2.6,0.8,16.4,13.0,2.6,1.8,336,168,-1.2000000000000002,-0.3999999999999999,-6.399999999999999,-4.0,0.19999999999999996,-77,51.5,60.7,-9.200000000000003
1819|2019-04-06|afc-bournemouth|burnley,1819,2019-04-06,AFC Bournemouth,Burnley,0,1.0,2.0,7.8,4.0,0.8,1.6,146,73,1.2,2.2,10.2,3.0,0.6,1.0,146,73,-0.19999999999999996,0.20000000000000018,-2.3999999999999995,1.0,0.6000000000000001,0,48.1,43.7,4.399999999999999
1819|2019-04-06|huddersfield-town|leicester-city,1819,2019-04-06,Huddersfield Town,Leicester City,0,0.8,1.8,11.8,3.0,0.6,0.6,70,35,2.0,1.0,15.6,12.0,2.4,0.8,184,92,-1.2,-0.8,-3.799999999999999,-9.0,-0.20000000000000007,-114,45.6,48.0,-2.3999999999999986
1819|2019-04-06|newcastle-united|crystal-palace,1819,2019-04-06,Newcastle United,Crystal Palace,0,1.4,1.6,12.6,7.0,1.4,3.0,298,149,1.4,1.6,13.2,6.0,1.2,1.4,222,111,0.0,0.0,-0.5999999999999996,1.0,1.6,76,41.7,45.1,-3.3999999999999986
1819|2019-04-07|everton|arsenal,1819,2019-04-07,Everton,Arsenal,2,1.8,0.6,11.6,10.0,2.0,1.4,336,168,2.4,0.4,11.6,13.0,2.6,0.8,335,166,-0.5999999999999999,-0.19999999999999996,0.0,-3.0,0.5999999999999999,1,45.5,61.9,-16.4
1819|2019-04-08|chelsea|west-ham-united,1819,2019-04-08,Chelsea,West Ham United,2,1.6,1.0,19.2,10.0,2.0,2.6,336,168,1.2,1.6,8.0,6.0,1.2,0.2,298,148,0.40000000000000013,0.6000000000000001,11.2,4.0,2.4,38,55.6,44.7,10.899999999999999
1819|2019-04-12|leicester-city|newcastle-united,1819,2019-04-12,Leicester City,Newcastle United,0,2.4,1.0,15.4,12.0,2.4,1.8,185,92,1.0,1.8,13.8,4.0,0.8,0.4,299,149,1.4,0.8,1.5999999999999996,8.0,1.4,-114,48.0,41.7,6.299999999999997
1819|2019-04-13|brighton-and-hove-albion|afc-bournemouth,1819,2019-04-13,Brighton & Hove Albion,AFC Bournemouth,0,0.8,1.4,9.8,6.0,1.2,0.8,69,34,1.0,1.6,7.2,4.0,0.8,0.6,147,73,-0.19999999999999996,0.20000000000000018,2.6000000000000005,2.0,0.20000000000000007,-78,43.2,48.1,-4.899999999999999
1819|2019-04-13|burnley|cardiff-city,1819,2019-04-13,Burnley,Cardiff City,2,1.8,2.0,10.0,6.0,1.2,1.4,147,73,0.6,1.8,9.2,3.0,0.6,0.6,70,34,1.2000000000000002,-0.19999999999999996,0.8000000000000007,3.0,0.7999999999999999,77,43.7,,
1819|2019-04-13|fulham|everton,1819,2019-04-13,Fulham,Everton,2,0.8,2.6,9.4,0.0,0.0,0.6,185,92,1.4,0.6,13.8,10.0,2.0,1.8,337,168,-0.5999999999999999,-2.0,-4.4,-10.0,-1.2000000000000002,-152,,45.5,
1819|2019-04-13|manchester-united|west-ham-united,1819,2019-04-13,Manchester United,West Ham United,2,1.8,1.6,13.8,9.0,1.8,2.2,336,167,1.2,1.8,9.4,6.0,1.2,0.2,299,149,0.6000000000000001,0.19999999999999996,4.4,3.0,2.0,37,54.8,44.7,10.099999999999994
1819|2019-04-13|southampton|wolverhampton-wanderers,1819,2019-04-13,Southampton,Wolverhampton Wanderers,2,1.6,1.4,10.2,9.0,1.8,1.4,260,130,1.0,1.0,7.8,7.0,1.4,1.0,108,54,0.6000000000000001,-0.3999999999999999,2.3999999999999995,2.0,0.3999999999999999,152,51.5,,
1819|2019-04-13|tottenham-hotspur|huddersfield-town,1819,2019-04-13,Tottenham Hotspur,Huddersfield Town,2,1.0,1.4,14.4,4.0,0.8,2.6,336,167,0.8,2.6,10.8,0.0,0.0,0.0,71,35,0.19999999999999996,1.2000000000000002,3.5999999999999996,4.0,2.6,265,62.1,45.6,16.5
1819|2019-04-14|crystal-palace|manchester-city,1819,2019-04-14,Crystal Palace,Manchester City,0,1.4,1.0,10.4,9.0,1.8,1.4,223,111,1.8,0.2,22.6,15.0,3.0,2.4,336,167,-0.40000000000000013,-0.8,-12.200000000000001,-6.0,-1.0,-113,45.1,71.7,-26.6
1819|2019-04-14|liverpool|chelsea,1819,2019-04-14,Liverpool,Chelsea,2,2.2,1.0,16.0,13.0,2.6,2.6,337,168,1.6,0.8,18.4,10.0,2.0,1.2,337,168,0.6000000000000001,-0.19999999999999996,-2.3999999999999986,3.0,1.4000000000000001,0,60.7,55.6,5.100000000000001
1819|2019-04-15|watford|arsenal,1819,2019-04-15,Watford,Arsenal,0,1.6,2.4,9.6,6.0,1.2,2.2,146,72,2.0,0.6,10.6,10.0,2.0,0.8,336,167,-0.3999999999999999,-1.7999999999999998,-1.0,-4.0,1.4000000000000001,-190,49.8,61.9,-12.100000000000001
1819|2019-04-16|brighton-and-hove-albion|cardiff-city,1819,2019-04-16,Brighton & Hove Albion,Cardiff City,0,0.6,2.0,8.4,6.0,1.2,0.8,70,35,0.6,1.6,10.8,3.0,0.6,0.6,71,35,0.0,-0.3999999999999999,-2.4000000000000004,3.0,0.20000000000000007,-1,43.2,,
1819|2019-04-20|afc-bournemouth|fulham,1819,2019-04-20,AFC Bournemouth,Fulham,0,2.0,1.4,10.0,7.0,1.4,1.0,148,74,1.0,2.2,9.4,3.0,0.6,0.0,186,93,1.0,0.8000000000000003,0.5999999999999996,4.0,1.0,-38,48.1,,
1819|2019-04-20|huddersfield-town|watford,1819,2019-04-20,Huddersfield Town,Watford,0,0.8,3.2,11.0,0.0,0.0,0.6,72,36,1.6,1.6,10.8,6.0,1.2,0.8,147,74,-0.8,-1.6,0.1999999999999993,-6.0,-0.20000000000000007,-75,45.6,49.8,-4.199999999999996
1819|2019-04-20|manchester-city|tottenham-hotspur,1819,2019-04-20,Manchester City,Tottenham Hotspur,2,2.2,0.4,22.6,15.0,3.0,3.0,337,169,1.8,1.0,17.0,7.0,1.4,0.6,337,169,0.40000000000000013,0.6,5.600000000000001,8.0,2.4,0,71.7,62.1,9.600000000000001
1819|2019-04-20|newcastle-united|southampton,1819,2019-04-20,Newcastle United,Southampton,2,1.2,1.4,12.6,7.0,1.4,2.4,300,150,1.8,1.6,10.0,9.0,1.8,1.4,261,130,-0.6000000000000001,0.20000000000000018,2.5999999999999996,-2.0,1.0,39,41.7,51.5,-9.799999999999997
1819|2019-04-20|west-ham-united|leicester-city,1819,2019-04-20,West Ham United,Leicester City,1,1.0,2.2,11.0,3.0,0.6,2.0,300,150,2.2,0.8,15.0,12.0,2.4,1.4,186,93,-1.2000000000000002,-1.4000000000000001,-4.0,-9.0,0.6000000000000001,114,44.7,48.0,-3.299999999999997
1819|2019-04-20|wolverhampton-wanderers|brighton-and-hove-albion,1819,2019-04-20,Wolverhampton Wanderers,Brighton & Hove Albion,1,1.2,1.4,9.8,7.0,1.4,2.6,109,54,0.4,2.4,8.6,3.0,0.6,0.6,71,35,0.7999999999999999,1.0,1.200000000000001,4.0,2.0,38,,43.2,
1819|2019-04-21|arsenal|crystal-palace,1819,2019-04-21,Arsenal,Crystal Palace,0,1.2,0.4,11.2,10.0,2.0,3.0,337,169,1.0,1.4,9.8,6.0,1.2,2.0,224,112,0.19999999999999996,0.9999999999999999,1.3999999999999986,4.0,1.0,113,61.9,45.1,16.799999999999997
1819|2019-04-21|cardiff-city|liverpool,1819,2019-04-21,Cardiff City,Liverpool,0,1.0,1.2,10.4,6.0,1.2,1.2,72,36,2.6,1.0,17.0,15.0,3.0,1.8,338,169,-1.6,-0.19999999999999996,-6.6,-9.0,-0.6000000000000001,-266,,60.7,
1819|2019-04-21|everton|manchester-united,1819,2019-04-21,Everton,Manchester United,2,1.4,1.0,14.0,9.0,1.8,1.4,338,169,1.6,1.6,14.0,9.0,1.8,1.8,337,169,-0.20000000000000018,0.6000000000000001,0.0,0.0,-0.40000000000000013,1,45.5,54.8,-9.299999999999997
1819|2019-04-22|chelsea|burnley,1819,2019-04-22,Chelsea,Burnley,1,1.4,1.0,15.2,9.0,1.8,2.6,338,169,2.0,1.4,9.2,9.0,1.8,1.4,148,74,-0.6000000000000001,0.3999999999999999,6.0,0.0,1.2000000000000002,190,55.6,43.7,11.899999999999999
1819|2019-04-23|tottenham-hotspur|brighton-and-hove-albion,1819,2019-04-23,Tottenham Hotspur,Brighton & Hove Albion,2,1.6,1.0,17.0,6.0,1.2,2.6,338,168,0.0,2.2,8.8,1.0,0.2,0.8,72,36,1.6,1.2000000000000002,8.2,5.0,1.8,266,62.1,43.2,18.9
1819|2019-04-23|watford|southampton,1819,2019-04-23,Watford,Southampton,1,1.6,1.6,11.8,6.0,1.2,2.0,148,73,1.6,1.6,11.8,9.0,1.8,0.8,262,131,0.0,0.0,0.0,-3.0,1.2,-114,49.8,51.5,-1.7000000000000028
1819|2019-04-24|manchester-united|manchester-city,1819,2019-04-24,Manchester United,Manchester City,0,1.0,2.0,12.2,6.0,1.2,2.2,338,168,2.2,0.4,21.0,15.0,3.0,2.4,338,168,-1.2000000000000002,-1.6,-8.8,-9.0,-0.19999999999999973,0,54.8,71.7,-16.900000000000006
1819|2019-04-24|wolverhampton-wanderers|arsenal,1819,2019-04-24,Wolverhampton Wanderers,Arsenal,2,0.8,1.4,11.6,5.0,1.0,2.2,110,55,1.4,0.8,11.8,9.0,1.8,1.4,338,168,-0.5999999999999999,-0.5999999999999999,-0.20000000000000107,-4.0,0.8000000000000003,-228,,61.9,
1819|2019-04-26|liverpool|huddersfield-town,1819,2019-04-26,Liverpool,Huddersfield Town,2,2.2,0.6,15.8,15.0,3.0,3.0,339,169,1.0,3.2,12.0,0.0,0.0,0.0,73,36,1.2000000000000002,2.6,3.8000000000000007,15.0,3.0,266,60.7,45.6,15.100000000000001
1819|2019-04-27|brighton-and-hove-albion|newcastle-united,1819,2019-04-27,Brighton & Hove Albion,Newcastle United,1,0.0,2.2,7.2,1.0,0.2,0.6,73,36,1.2,1.2,11.8,7.0,1.4,1.0,301,150,-1.2,-1.0000000000000002,-4.6000000000000005,-6.0,-0.4,-228,43.2,41.7,1.5
1819|2019-04-27|crystal-palace|everton,1819,2019-04-27,Crystal Palace,Everton,1,1.4,1.4,10.0,9.0,1.8,0.8,225,112,1.8,0.4,15.6,12.0,2.4,1.2,339,169,-0.40000000000000013,-0.9999999999999999,-5.6,-3.0,-0.3999999999999999,-114,45.1,45.5,-0.3999999999999986
1819|2019-04-27|fulham|cardiff-city,1819,2019-04-27,Fulham,Cardiff City,2,1.0,1.6,11.6,6.0,1.2,0.6,187,93,0.6,1.6,8.6,3.0,0.6,1.2,73,36,0.4,0.0,3.0,3.0,-0.6,114,,,
1819|2019-04-27|southampton|afc-bournemouth,1819,2019-04-27,Southampton,AFC Bournemouth,1,1.4,1.6,11.0,7.0,1.4,1.8,263,131,1.6,1.6,11.4,4.0,0.8,1.2,149,74,-0.20000000000000018,0.0,-0.40000000000000036,3.0,0.6000000000000001,114,51.5,48.1,3.3999999999999986
1819|2019-04-27|tottenham-hotspur|west-ham-united,1819,2019-04-27,Tottenham Hotspur,West Ham United,0,1.6,0.6,19.6,9.0,1.8,2.6,339,169,1.4,2.2,11.4,4.0,0.8,0.2,301,150,0.20000000000000018,1.6,8.200000000000001,5.0,2.4,38,62.1,44.7,17.4
1819|2019-04-27|watford|wolverhampton-wanderers,1819,2019-04-27,Watford,Wolverhampton Wanderers,0,1.6,1.2,14.4,7.0,1.4,2.0,149,74,1.2,1.4,13.4,7.0,1.4,0.4,111,55,0.40000000000000013,0.19999999999999996,1.0,0.0,1.6,38,49.8,,
1819|2019-04-28|burnley|manchester-city,1819,2019-04-28,Burnley,Manchester City,0,2.0,1.0,9.8,10.0,2.0,1.8,149,74,2.0,0.2,18.8,15.0,3.0,3.0,339,169,0.0,-0.8,-9.0,-5.0,-1.2,-190,43.7,71.7,-28.0
1819|2019-04-28|leicester-city|arsenal,1819,2019-04-28,Leicester City,Arsenal,2,2.0,1.0,13.6,10.0,2.0,1.8,187,93,1.2,1.4,11.2,6.0,1.2,1.4,339,169,0.8,0.3999999999999999,2.4000000000000004,4.0,0.40000000000000013,-152,48.0,61.9,-13.899999999999999
1819|2019-04-28|manchester-united|chelsea,1819,2019-04-28,Manchester United,Chelsea,1,1.0,2.0,11.8,6.0,1.2,2.0,339,169,1.8,1.0,16.4,10.0,2.0,1.2,339,169,-0.8,-1.0,-4.599999999999998,-4.0,0.8,0,54.8,55.6,-0.8000000000000043
1819|2019-05-03|everton|burnley,1819,2019-05-03,Everton,Burnley,2,1.4,0.4,17.0,10.0,2.0,2.0,340,170,1.8,0.8,7.6,10.0,2.0,1.4,150,75,-0.40000000000000013,0.4,9.4,0.0,0.6000000000000001,190,45.5,43.7,1.7999999999999972
1819|2019-05-04|afc-bournemouth|tottenham-hotspur,1819,2019-05-04,AFC Bournemouth,Tottenham Hotspur,2,1.8,1.8,11.2,4.0,0.8,0.4,150,75,1.4,0.4,20.2,9.0,1.8,0.0,340,170,0.40000000000000013,-1.4,-9.0,-5.0,0.4,-190,48.1,62.1,-14.0
1819|2019-05-04|cardiff-city|crystal-palace,1819,2019-05-04,Cardiff City,Crystal Palace,0,0.4,1.4,9.6,3.0,0.6,0.6,74,37,1.0,1.4,7.8,7.0,1.4,2.4,226,113,-0.6,0.0,1.7999999999999998,-4.0,-1.7999999999999998,-152,,45.1,
1819|2019-05-04|newcastle-united|liverpool,1819,2019-05-04,Newcastle United,Liverpool,0,1.0,1.0,11.2,7.0,1.4,2.4,302,151,2.8,0.4,16.8,15.0,3.0,2.2,340,170,-1.7999999999999998,-0.6,-5.600000000000001,-8.0,0.19999999999999973,-38,41.7,60.7,-19.0
1819|2019-05-04|west-ham-united|southampton,1819,2019-05-04,West Ham United,Southampton,2,0.8,1.6,11.4,4.0,0.8,2.0,302,151,1.8,2.2,13.8,5.0,1.0,0.8,264,132,-1.0,0.6000000000000001,-2.4000000000000004,-1.0,1.2,38,44.7,51.5,-6.799999999999997
1819|2019-05-04|wolverhampton-wanderers|fulham,1819,2019-05-04,Wolverhampton Wanderers,Fulham,2,1.6,1.2,14.0,10.0,2.0,2.2,112,56,1.0,1.2,11.8,9.0,1.8,0.6,188,94,0.6000000000000001,0.0,2.1999999999999993,1.0,1.6,-76,,,
1819|2019-05-05|arsenal|brighton-and-hove-albion,1819,2019-05-05,Arsenal,Brighton & Hove Albion,1,0.8,2.0,11.0,3.0,0.6,2.4,340,170,0.2,1.8,8.4,2.0,0.4,0.8,74,37,0.6000000000000001,-0.19999999999999996,2.5999999999999996,1.0,1.5999999999999999,266,61.9,43.2,18.699999999999996
1819|2019-05-05|chelsea|watford,1819,2019-05-05,Chelsea,Watford,2,1.6,1.0,15.4,8.0,1.6,2.2,340,170,1.6,1.2,12.4,7.0,1.4,1.2,150,75,0.0,0.19999999999999996,3.0,1.0,1.0000000000000002,190,55.6,49.8,5.800000000000004
1819|2019-05-05|huddersfield-town|manchester-united,1819,2019-05-05,Huddersfield Town,Manchester United,1,0.4,3.4,10.0,0.0,0.0,0.6,74,37,0.8,2.0,11.6,4.0,0.8,1.2,340,170,-0.4,-1.4,-1.5999999999999996,-4.0,-0.6,-266,45.6,54.8,-9.199999999999996
1819|2019-05-06|manchester-city|leicester-city,1819,2019-05-06,Manchester City,Leicester City,2,1.8,0.2,19.0,15.0,3.0,3.0,340,170,2.2,0.8,16.6,10.0,2.0,1.4,188,94,-0.40000000000000013,0.6000000000000001,2.3999999999999986,5.0,1.6,152,71.7,48.0,23.700000000000003
1819|2019-05-12|brighton-and-hove-albion|manchester-city,1819,2019-05-12,Brighton & Hove Albion,Manchester City,0,0.4,1.0,9.0,3.0,0.6,0.8,75,37,1.6,0.2,17.4,15.0,3.0,3.0,341,170,-1.2000000000000002,-0.8,-8.399999999999999,-12.0,-2.2,-266,43.2,71.7,-28.5
1819|2019-05-12|burnley|arsenal,1819,2019-05-12,Burnley,Arsenal,0,1.4,1.2,7.6,7.0,1.4,1.2,151,75,1.0,2.0,13.6,4.0,0.8,0.8,341,170,0.3999999999999999,0.8,-6.0,3.0,0.3999999999999999,-190,43.7,61.9,-18.199999999999996
1819|2019-05-12|crystal-palace|afc-bournemouth,1819,2019-05-12,Crystal Palace,AFC Bournemouth,2,1.6,1.4,11.0,10.0,2.0,0.8,227,113,2.0,1.4,13.6,7.0,1.4,1.4,151,75,-0.3999999999999999,0.0,-2.5999999999999996,3.0,-0.5999999999999999,76,45.1,48.1,-3.0
1819|2019-05-12|fulham|newcastle-united,1819,2019-05-12,Fulham,Newcastle United,0,1.0,1.0,12.0,9.0,1.8,1.2,189,94,1.4,1.2,13.4,7.0,1.4,1.0,303,151,-0.3999999999999999,0.19999999999999996,-1.4000000000000004,2.0,0.19999999999999996,-114,,41.7,
1819|2019-05-12|leicester-city|chelsea,1819,2019-05-12,Leicester City,Chelsea,1,1.8,1.0,14.4,7.0,1.4,2.4,189,94,1.6,1.0,15.8,8.0,1.6,1.4,341,170,0.19999999999999996,0.0,-1.4000000000000004,-1.0,1.0,-152,48.0,55.6,-7.600000000000001
1819|2019-05-12|liverpool|wolverhampton-wanderers,1819,2019-05-12,Liverpool,Wolverhampton Wanderers,2,3.0,0.6,16.2,15.0,3.0,3.0,341,170,1.4,1.0,16.0,10.0,2.0,0.8,113,56,1.6,0.4,0.1999999999999993,5.0,2.2,228,60.7,,
1819|2019-05-12|manchester-united|cardiff-city,1819,2019-05-12,Manchester United,Cardiff City,0,0.8,1.8,12.6,5.0,1.0,2.0,341,170,0.8,1.6,12.4,3.0,0.6,0.6,75,37,0.0,-0.19999999999999996,0.1999999999999993,2.0,1.4,266,54.8,,
1819|2019-05-12|southampton|huddersfield-town,1819,2019-05-12,Southampton,Huddersfield Town,1,1.6,2.2,13.8,5.0,1.0,2.0,265,132,0.6,3.2,8.4,1.0,0.2,0.0,75,37,1.0,1.0,5.4,4.0,2.0,190,51.5,45.6,5.899999999999999
1819|2019-05-12|tottenham-hotspur|everton,1819,2019-05-12,Tottenham Hotspur,Everton,1,1.0,0.6,17.2,6.0,1.2,2.0,341,170,1.4,0.4,17.6,10.0,2.0,1.4,341,170,-0.3999999999999999,-0.19999999999999996,-0.40000000000000213,-4.0,0.6000000000000001,0,62.1,45.5,16.6
1819|2019-05-12|watford|west-ham-united,1819,2019-05-12,Watford,West Ham United,0,0.8,1.6,12.4,4.0,0.8,1.4,151,75,1.4,1.2,14.2,7.0,1.4,0.6,303,151,-0.5999999999999999,-0.40000000000000013,-1.799999999999999,-3.0,0.7999999999999999,-152,49.8,44.7,5.099999999999994
1920|2019-08-09|liverpool|norwich-city,1920,2019-08-09,Liverpool,Norwich City,2,2.8,0.4,15.4,15.0,3.0,3.0,342,171,0.8,2.0,13.4,3.0,0.6,0.6,152,76,1.9999999999999998,1.6,2.0,12.0,2.4,190,62.3,,
1920|2019-08-10|afc-bournemouth|sheffield-united,1920,2019-08-10,AFC Bournemouth,Sheffield United,1,2.4,1.8,14.8,7.0,1.4,0.8,152,76,,,,,,,0,0,,,,,,152,46.8,,
1920|2019-08-10|burnley|southampton,1920,2019-08-10,Burnley,Southampton,2,1.0,1.6,8.2,4.0,0.8,1.2,152,76,1.2,2.2,13.2,3.0,0.6,0.8,266,133,-0.19999999999999996,0.6000000000000001,-5.0,1.0,0.3999999999999999,-114,40.7,43.3,-2.5999999999999943
1920|2019-08-10|crystal-palace|everton,1920,2019-08-10,Crystal Palace,Everton,1,2.4,2.0,13.8,10.0,2.0,1.4,228,114,1.6,0.8,16.4,8.0,1.6,1.0,342,171,0.7999999999999998,-1.2,-2.599999999999998,2.0,0.3999999999999999,-114,45.1,51.7,-6.600000000000001
1920|2019-08-10|tottenham-hotspur|aston-villa,1920,2019-08-10,Tottenham Hotspur,Aston Villa,2,0.6,1.0,15.0,4.0,0.8,2.0,342,171,0.8,2.4,7.4,1.0,0.2,0.0,228,114,-0.20000000000000007,1.4,7.6,3.0,2.0,114,59.4,,
1920|2019-08-10|watford|brighton-and-hove-albion,1920,2019-08-10,Watford,Brighton & Hove Albion,0,1.0,2.2,13.6,4.0,0.8,0.8,152,76,0.6,1.4,7.4,3.0,0.6,1.0,76,38,0.4,-0.8000000000000003,6.199999999999999,1.0,-0.19999999999999996,76,46.7,41.9,4.800000000000004
1920|2019-08-10|west-ham-united|manchester-city,1920,2019-08-10,West Ham United,Manchester City,0,2.2,1.0,15.6,10.0,2.0,2.0,304,152,1.8,0.2,17.4,15.0,3.0,3.0,342,171,0.40000000000000013,-0.8,-1.799999999999999,-5.0,-1.0,-38,48.6,68.3,-19.699999999999996
1920|2019-08-11|leicester-city|wolverhampton-wanderers,1920,2019-08-11,Leicester City,Wolverhampton Wanderers,1,1.0,0.8,12.6,5.0,1.0,2.0,190,95,1.2,0.8,14.0,10.0,2.0,0.8,114,57,-0.19999999999999996,0.0,-1.4000000000000004,-5.0,1.2,76,51.0,46.7,4.299999999999997
1920|2019-08-11|manchester-united|chelsea,1920,2019-08-11,Manchester United,Chelsea,2,0.4,2.0,15.0,2.0,0.4,1.4,342,171,1.2,1.0,15.4,6.0,1.2,1.0,342,171,-0.7999999999999999,-1.0,-0.40000000000000036,-4.0,0.3999999999999999,0,54.8,63.5,-8.700000000000003
1920|2019-08-11|newcastle-united|arsenal,1920,2019-08-11,Newcastle United,Arsenal,0,2.2,1.0,12.4,10.0,2.0,1.8,304,152,1.4,2.2,13.2,4.0,0.8,1.2,342,171,0.8000000000000003,1.2000000000000002,-0.7999999999999989,6.0,0.6000000000000001,-38,40.1,58.4,-18.299999999999997
1920|2019-08-17|arsenal|burnley,1920,2019-08-17,Arsenal,Burnley,2,1.2,1.6,12.4,7.0,1.4,2.0,343,171,1.2,1.6,7.4,4.0,0.8,0.8,153,76,0.0,0.0,5.0,3.0,1.2,190,58.4,40.7,17.699999999999996
1920|2019-08-17|aston-villa|afc-bournemouth,1920,2019-08-17,Aston Villa,AFC Bournemouth,0,1.0,2.8,7.4,1.0,0.2,0.2,229,114,1.6,2.0,14.6,5.0,1.0,1.4,153,76,-0.6000000000000001,-0.7999999999999998,-7.199999999999999,-4.0,-1.2,76,,46.8,
1920|2019-08-17|brighton-and-hove-albion|west-ham-united,1920,2019-08-17,Brighton & Hove Albion,West Ham United,1,1.2,1.4,7.4,5.0,1.0,0.2,77,38,2.0,1.6,13.0,10.0,2.0,1.2,305,152,-0.8,0.20000000000000018,-5.6,-5.0,-1.0,-228,41.9,48.6,-6.700000000000003
1920|2019-08-17|everton|watford,1920,2019-08-17,Everton,Watford,2,1.6,0.4,16.8,9.0,1.8,2.6,343,171,0.6,2.6,13.6,1.0,0.2,0.6,153,76,1.0,2.2,3.200000000000001,8.0,2.0,190,51.7,46.7,5.0
1920|2019-08-17|manchester-city|tottenham-hotspur,1920,2019-08-17,Manchester City,Tottenham Hotspur,1,2.6,0.2,17.2,15.0,3.0,3.0,343,171,1.2,1.0,19.2,7.0,1.4,0.0,343,171,1.4000000000000001,0.8,-2.0,8.0,3.0,0,68.3,59.4,8.899999999999999
1920|2019-08-17|norwich-city|newcastle-united,1920,2019-08-17,Norwich City,Newcastle United,2,1.0,2.2,12.0,3.0,0.6,1.4,153,76,2.0,1.2,12.0,7.0,1.4,1.6,305,152,-1.0,-1.0000000000000002,0.0,-4.0,-0.20000000000000018,-152,,40.1,
1920|2019-08-17|southampton|liverpool,1920,2019-08-17,Southampton,Liverpool,0,1.0,2.2,12.4,3.0,0.6,1.6,267,133,3.2,0.6,15.4,15.0,3.0,2.6,343,171,-2.2,-1.6,-3.0,-12.0,-1.0,-76,43.3,62.3,-19.0
1920|2019-08-18|chelsea|leicester-city,1920,2019-08-18,Chelsea,Leicester City,1,1.2,1.4,17.8,6.0,1.2,2.2,343,171,1.0,0.6,13.2,6.0,1.2,1.4,191,95,0.19999999999999996,-0.7999999999999999,4.600000000000001,0.0,0.8000000000000003,152,63.5,51.0,12.5
1920|2019-08-18|sheffield-united|crystal-palace,1920,2019-08-18,Sheffield United,Crystal Palace,2,,,,,,,1,0,2.2,1.4,13.6,11.0,2.2,2.4,229,114,,,,,,-228,,45.1,
1920|2019-08-19|wolverhampton-wanderers|manchester-united,1920,2019-08-19,Wolverhampton Wanderers,Manchester United,1,1.2,0.8,11.2,10.0,2.0,2.6,115,57,1.2,1.2,15.8,5.0,1.0,0.8,343,171,0.0,0.3999999999999999,-4.600000000000001,5.0,1.8,-228,46.7,54.8,-8.099999999999994
1920|2019-08-23|aston-villa|everton,1920,2019-08-23,Aston Villa,Everton,2,0.8,2.4,8.6,1.0,0.2,0.2,230,115,1.0,0.4,16.2,9.0,1.8,1.2,344,172,-0.19999999999999996,-2.0,-7.6,-8.0,-1.0,-114,,51.7,
1920|2019-08-24|brighton-and-hove-albion|southampton,1920,2019-08-24,Brighton & Hove Albion,Southampton,0,1.4,1.4,9.4,6.0,1.2,0.4,78,39,1.0,2.4,13.6,2.0,0.4,0.8,268,134,0.3999999999999999,1.0,-4.199999999999999,4.0,-0.4,-190,41.9,43.3,-1.3999999999999986
1920|2019-08-24|liverpool|arsenal,1920,2019-08-24,Liverpool,Arsenal,2,3.2,0.8,15.0,15.0,3.0,3.0,344,172,1.4,1.2,13.4,10.0,2.0,1.8,344,172,1.8000000000000003,0.3999999999999999,1.5999999999999996,5.0,1.2,0,62.3,58.4,3.8999999999999986
1920|2019-08-24|manchester-united|crystal-palace,1920,2019-08-24,Manchester United,Crystal Palace,0,1.4,1.0,15.2,6.0,1.2,1.4,344,172,1.6,1.2,11.6,8.0,1.6,1.8,230,115,-0.20000000000000018,0.19999999999999996,3.5999999999999996,-2.0,-0.40000000000000013,114,54.8,45.1,9.699999999999996
1920|2019-08-24|norwich-city|chelsea,1920,2019-08-24,Norwich City,Chelsea,0,1.6,2.2,12.6,6.0,1.2,1.8,154,77,1.0,1.2,16.2,6.0,1.2,1.0,344,172,0.6000000000000001,-1.0000000000000002,-3.5999999999999996,0.0,0.8,-190,,63.5,
1920|2019-08-24|sheffield-united|leicester-city,1920,2019-08-24,Sheffield United,Leicester City,0,,,,,,,2,1,0.8,0.4,13.4,6.0,1.2,1.6,192,96,,,,,,-190,,51.0,
1920|2019-08-24|watford|west-ham-united,1920,2019-08-24,Watford,West Ham United,0,0.4,2.6,12.2,0.0,0.0,0.2,154,77,1.8,1.4,12.4,10.0,2.0,1.4,306,153,-1.4,-1.2000000000000002,-0.20000000000000107,-10.0,-1.2,-152,46.7,48.6,-1.8999999999999986
1920|2019-08-25|afc-bournemouth|manchester-city,1920,2019-08-25,AFC Bournemouth,Manchester City,0,2.0,2.0,14.0,8.0,1.6,1.0,154,77,2.6,0.6,21.6,13.0,2.6,3.0,344,172,-0.6000000000000001,-1.4,-7.600000000000001,-5.0,-2.0,-190,46.8,68.3,-21.5
1920|2019-08-25|tottenham-hotspur|newcastle-united,1920,2019-08-25,Tottenham Hotspur,Newcastle United,0,1.4,1.4,14.0,5.0,1.0,2.0,344,172,1.6,1.6,11.0,4.0,0.8,1.4,306,153,-0.20000000000000018,0.20000000000000018,3.0,1.0,0.6000000000000001,38,59.4,40.1,19.299999999999997
1920|2019-08-25|wolverhampton-wanderers|burnley,1920,2019-08-25,Wolverhampton Wanderers,Burnley,1,0.8,0.8,10.2,8.0,1.6,2.2,116,58,1.0,1.6,9.8,3.0,0.6,0.8,154,77,-0.19999999999999996,0.8,0.3999999999999986,5.0,1.4000000000000001,-38,46.7,40.7,6.0
1920|2019-08-31|burnley|liverpool,1920,2019-08-31,Burnley,Liverpool,0,1.2,1.6,12.0,4.0,0.8,1.8,155,77,2.8,1.0,15.8,15.0,3.0,3.0,345,172,-1.5999999999999999,-0.6000000000000001,-3.8000000000000007,-11.0,-1.2,-190,40.7,62.3,-21.599999999999994
1920|2019-08-31|chelsea|sheffield-united,1920,2019-08-31,Chelsea,Sheffield United,1,1.4,1.4,17.6,8.0,1.6,2.2,345,172,1.0,1.0,10.333333333333334,4.0,1.3333333333333333,,3,1,0.3999999999999999,-0.3999999999999999,7.2666666666666675,4.0,,342,63.5,,
1920|2019-08-31|crystal-palace|aston-villa,1920,2019-08-31,Crystal Palace,Aston Villa,2,2.0,1.4,11.0,10.0,2.0,1.6,231,115,0.8,1.8,8.6,4.0,0.8,0.0,231,115,1.2,0.40000000000000013,2.4000000000000004,6.0,1.6,0,45.1,,
1920|2019-08-31|leicester-city|afc-bournemouth,1920,2019-08-31,Leicester City,AFC Bournemouth,2,0.6,0.6,10.6,6.0,1.2,1.6,193,96,1.6,2.0,14.2,7.0,1.4,1.4,155,77,-1.0,1.4,-3.5999999999999996,-1.0,0.20000000000000018,38,51.0,46.8,4.200000000000003
1920|2019-08-31|manchester-city|brighton-and-hove-albion,1920,2019-08-31,Manchester City,Brighton & Hove Albion,2,3.0,0.8,20.4,13.0,2.6,2.6,345,172,1.2,1.6,10.0,5.0,1.0,1.0,79,39,1.8,0.8,10.399999999999999,8.0,1.6,266,68.3,41.9,26.4
1920|2019-08-31|newcastle-united|watford,1920,2019-08-31,Newcastle United,Watford,1,1.6,1.4,10.8,6.0,1.2,1.2,307,153,0.4,2.8,14.8,0.0,0.0,0.6,155,77,1.2000000000000002,1.4,-4.0,6.0,0.6,152,40.1,46.7,-6.600000000000001
1920|2019-08-31|southampton|manchester-united,1920,2019-08-31,Southampton,Manchester United,1,0.8,1.8,11.6,4.0,0.8,1.0,269,134,1.4,1.2,18.2,5.0,1.0,0.4,345,172,-0.5999999999999999,-0.6000000000000001,-6.6,-1.0,0.6,-76,43.3,54.8,-11.5
1920|2019-08-31|west-ham-united|norwich-city,1920,2019-08-31,West Ham United,Norwich City,2,2.2,1.6,12.4,10.0,2.0,1.4,307,153,2.0,2.6,12.2,6.0,1.2,0.6,155,77,0.20000000000000018,1.0,0.20000000000000107,4.0,0.7999999999999999,152,48.6,,
1920|2019-09-01|arsenal|tottenham-hotspur,1920,2019-09-01,Arsenal,Tottenham Hotspur,1,1.6,1.2,14.0,10.0,2.0,2.0,345,172,1.4,1.4,14.6,5.0,1.0,0.2,345,172,0.20000000000000018,0.19999999999999996,-0.5999999999999996,5.0,1.8,0,58.4,59.4,-1.0
1920|2019-09-01|everton|wolverhampton-wanderers,1920,2019-09-01,Everton,Wolverhampton Wanderers,2,1.0,0.8,14.2,8.0,1.6,3.0,345,172,0.6,0.8,11.4,6.0,1.2,0.8,117,58,0.4,0.0,2.799999999999999,2.0,2.2,228,51.7,46.7,5.0
1920|2019-09-14|brighton-and-hove-albion|burnley,1920,2019-09-14,Brighton & Hove Albion,Burnley,1,1.0,2.2,9.0,4.0,0.8,0.4,80,40,1.2,1.8,12.4,4.0,0.8,1.0,156,78,-0.19999999999999996,-0.40000000000000013,-3.4000000000000004,0.0,-0.6,-76,41.9,40.7,1.1999999999999957
1920|2019-09-14|liverpool|newcastle-united,1920,2019-09-14,Liverpool,Newcastle United,2,2.8,0.6,16.6,15.0,3.0,3.0,346,173,1.4,1.0,10.6,7.0,1.4,2.0,308,154,1.4,0.4,6.000000000000002,8.0,1.0,38,62.3,40.1,22.199999999999996
1920|2019-09-14|manchester-united|leicester-city,1920,2019-09-14,Manchester United,Leicester City,2,1.4,1.2,17.8,5.0,1.0,0.8,346,173,1.2,0.6,11.8,9.0,1.8,1.6,194,97,0.19999999999999996,-0.6,6.0,-4.0,-0.8,152,54.8,51.0,3.799999999999997
1920|2019-09-14|norwich-city|manchester-city,1920,2019-09-14,Norwich City,Manchester City,2,1.2,2.6,10.2,3.0,0.6,1.2,156,78,3.6,0.8,19.6,13.0,2.6,3.0,346,173,-2.4000000000000004,-1.8,-9.400000000000002,-10.0,-1.8,-190,,68.3,
1920|2019-09-14|sheffield-united|southampton,1920,2019-09-14,Sheffield United,Southampton,0,1.25,1.25,9.75,5.0,1.25,,4,2,1.0,1.4,11.4,5.0,1.0,0.8,270,135,0.25,0.1499999999999999,-1.6500000000000004,0.0,,-266,,43.3,
1920|2019-09-14|tottenham-hotspur|crystal-palace,1920,2019-09-14,Tottenham Hotspur,Crystal Palace,2,1.8,1.6,15.0,6.0,1.2,1.4,346,173,1.6,1.0,11.2,10.0,2.0,2.4,232,116,0.19999999999999996,-0.6000000000000001,3.8000000000000007,-4.0,-1.0,114,59.4,45.1,14.299999999999997
1920|2019-09-14|wolverhampton-wanderers|chelsea,1920,2019-09-14,Wolverhampton Wanderers,Chelsea,0,0.8,1.4,9.2,3.0,0.6,1.8,118,59,1.2,1.8,16.4,6.0,1.2,1.0,346,173,-0.3999999999999999,0.40000000000000013,-7.199999999999999,-3.0,0.8,-228,46.7,63.5,-16.799999999999997
1920|2019-09-15|afc-bournemouth|everton,1920,2019-09-15,AFC Bournemouth,Everton,2,1.6,2.6,11.8,4.0,0.8,0.8,156,78,1.2,1.2,13.2,8.0,1.6,0.6,346,173,0.40000000000000013,-1.4000000000000001,-1.3999999999999986,-4.0,0.20000000000000007,-190,46.8,51.7,-4.900000000000006
1920|2019-09-15|watford|arsenal,1920,2019-09-15,Watford,Arsenal,1,0.6,2.4,14.4,1.0,0.2,0.2,156,78,1.8,1.4,15.2,10.0,2.0,1.2,346,173,-1.2000000000000002,-1.0,-0.7999999999999989,-9.0,-1.0,-190,46.7,58.4,-11.699999999999996
1920|2019-09-16|aston-villa|west-ham-united,1920,2019-09-16,Aston Villa,West Ham United,1,0.8,2.0,10.2,3.0,0.6,0.8,232,116,2.0,1.6,12.6,10.0,2.0,2.0,308,154,-1.2,-0.3999999999999999,-2.4000000000000004,-7.0,-1.2,-76,,48.6,
1920|2019-09-20|southampton|afc-bournemouth,1920,2019-09-20,Southampton,AFC Bournemouth,0,1.0,1.2,11.6,7.0,1.4,1.2,271,135,1.6,1.8,11.2,7.0,1.4,1.4,157,78,-0.6000000000000001,0.6000000000000001,0.40000000000000036,0.0,-0.19999999999999996,114,43.3,46.8,-3.5
1920|2019-09-21|burnley|norwich-city,1920,2019-09-21,Burnley,Norwich City,2,1.2,1.4,11.0,5.0,1.0,1.2,157,78,1.8,2.4,9.6,6.0,1.2,0.0,157,78,-0.6000000000000001,1.0,1.4000000000000004,-1.0,1.2,0,40.7,,
1920|2019-09-21|everton|sheffield-united,1920,2019-09-21,Everton,Sheffield United,0,1.0,1.4,12.6,7.0,1.4,3.0,347,173,1.0,1.2,11.2,5.0,1.0,,5,2,0.0,-0.19999999999999996,1.4000000000000004,2.0,,342,51.7,,
1920|2019-09-21|leicester-city|tottenham-hotspur,1920,2019-09-21,Leicester City,Tottenham Hotspur,2,1.2,0.8,11.8,8.0,1.6,1.6,195,97,2.2,1.2,15.4,8.0,1.6,0.4,347,173,-1.0000000000000002,0.3999999999999999,-3.5999999999999996,0.0,1.2000000000000002,-152,51.0,59.4,-8.399999999999999
1920|2019-09-21|manchester-city|watford,1920,2019-09-21,Manchester City,Watford,2,3.2,1.2,20.6,10.0,2.0,2.6,347,173,0.8,2.0,17.2,2.0,0.4,0.8,157,78,2.4000000000000004,0.8,3.400000000000002,8.0,1.8,190,68.3,46.7,21.599999999999994
1920|2019-09-21|newcastle-united|brighton-and-hove-albion,1920,2019-09-21,Newcastle United,Brighton & Hove Albion,1,0.8,1.6,9.6,4.0,0.8,0.8,309,154,1.0,1.6,10.6,5.0,1.0,1.0,81,40,-0.19999999999999996,0.0,-1.0,-1.0,-0.19999999999999996,228,40.1,41.9,-1.7999999999999972
1920|2019-09-22|arsenal|aston-villa,1920,2019-09-22,Arsenal,Aston Villa,2,1.6,1.6,13.8,8.0,1.6,1.6,347,173,0.8,1.2,11.2,4.0,0.8,0.0,233,116,0.8,-0.40000000000000013,2.6000000000000014,4.0,1.6,114,58.4,,
1920|2019-09-22|chelsea|liverpool,1920,2019-09-22,Chelsea,Liverpool,0,2.2,2.2,16.6,8.0,1.6,1.8,347,173,3.0,0.8,18.2,15.0,3.0,3.0,347,173,-0.7999999999999998,-1.4000000000000001,-1.5999999999999979,-7.0,-1.2,0,63.5,62.3,1.2000000000000028
1920|2019-09-22|crystal-palace|wolverhampton-wanderers,1920,2019-09-22,Crystal Palace,Wolverhampton Wanderers,1,0.6,1.2,10.0,7.0,1.4,1.6,233,116,1.2,2.0,10.0,3.0,0.6,0.8,119,59,-0.6,0.8,0.0,4.0,0.8,114,45.1,46.7,-1.6000000000000014
1920|2019-09-22|west-ham-united|manchester-united,1920,2019-09-22,West Ham United,Manchester United,2,1.2,1.4,12.0,8.0,1.6,1.4,309,154,1.6,0.8,14.6,8.0,1.6,0.6,347,173,-0.40000000000000013,-0.5999999999999999,-2.5999999999999996,0.0,0.7999999999999999,-38,48.6,54.8,-6.199999999999996
1920|2019-09-28|afc-bournemouth|west-ham-united,1920,2019-09-28,AFC Bournemouth,West Ham United,1,2.0,1.8,9.8,9.0,1.8,1.4,158,79,1.6,0.4,12.6,11.0,2.2,2.2,310,155,0.3999999999999999,-1.4,-2.799999999999999,-2.0,-0.8000000000000003,-152,46.8,48.6,-1.8000000000000043
1920|2019-09-28|aston-villa|burnley,1920,2019-09-28,Aston Villa,Burnley,1,1.0,1.2,12.6,4.0,0.8,1.0,234,117,1.0,1.4,11.6,5.0,1.0,0.6,158,79,0.0,0.19999999999999996,1.0,-1.0,0.4,76,,40.7,
1920|2019-09-28|chelsea|brighton-and-hove-albion,1920,2019-09-28,Chelsea,Brighton & Hove Albion,2,2.4,1.8,15.6,8.0,1.6,1.2,348,174,0.4,1.6,12.8,3.0,0.6,1.0,82,41,2.0,-0.19999999999999996,2.799999999999999,5.0,0.19999999999999996,266,63.5,41.9,21.6
1920|2019-09-28|crystal-palace|norwich-city,1920,2019-09-28,Crystal Palace,Norwich City,2,0.8,1.4,11.4,7.0,1.4,1.8,234,117,1.6,2.0,9.4,6.0,1.2,0.0,158,79,-0.8,0.6000000000000001,2.0,1.0,1.8,76,45.1,,
1920|2019-09-28|everton|manchester-city,1920,2019-09-28,Everton,Manchester City,0,1.0,1.8,13.8,6.0,1.2,2.4,348,174,3.8,1.2,23.4,10.0,2.0,2.4,348,174,-2.8,-0.6000000000000001,-9.599999999999998,-4.0,0.0,0,51.7,68.3,-16.599999999999994
1920|2019-09-28|sheffield-united|liverpool,1920,2019-09-28,Sheffield United,Liverpool,0,1.2,1.0,10.0,7.0,1.4,1.0,6,3,2.6,0.8,16.4,15.0,3.0,3.0,348,174,-1.4000000000000001,-0.19999999999999996,-6.399999999999999,-8.0,-2.0,-342,,62.3,
1920|2019-09-28|tottenham-hotspur|southampton,1920,2019-09-28,Tottenham Hotspur,Southampton,2,1.8,1.4,11.4,5.0,1.0,1.4,348,174,1.2,1.2,14.4,7.0,1.4,1.4,272,136,0.6000000000000001,-0.19999999999999996,-3.0,-2.0,0.0,76,59.4,43.3,16.1
1920|2019-09-28|wolverhampton-wanderers|watford,1920,2019-09-28,Wolverhampton Wanderers,Watford,2,1.4,2.2,11.2,3.0,0.6,1.6,120,60,0.8,3.0,16.0,2.0,0.4,0.8,158,79,0.5999999999999999,0.7999999999999998,-4.800000000000001,1.0,0.8,-38,46.7,46.7,0.0
1920|2019-09-29|leicester-city|newcastle-united,1920,2019-09-29,Leicester City,Newcastle United,2,1.6,1.0,12.0,10.0,2.0,2.2,196,98,0.8,1.4,10.0,5.0,1.0,1.4,310,155,0.8,0.3999999999999999,2.0,5.0,0.8000000000000003,-114,51.0,40.1,10.899999999999999
1920|2019-09-30|manchester-united|arsenal,1920,2019-09-30,Manchester United,Arsenal,1,0.8,1.2,14.2,5.0,1.0,1.4,348,174,2.0,2.0,16.4,8.0,1.6,1.4,348,174,-1.2,0.8,-2.1999999999999993,-3.0,0.0,0,54.8,58.4,-3.6000000000000014
1920|2019-10-05|brighton-and-hove-albion|tottenham-hotspur,1920,2019-10-05,Brighton & Hove Albion,Tottenham Hotspur,2,0.2,1.8,11.2,2.0,0.4,0.6,83,41,1.8,1.2,12.6,7.0,1.4,0.4,349,174,-1.6,-0.6000000000000001,-1.4000000000000004,-5.0,0.19999999999999996,-266,41.9,59.4,-17.5
1920|2019-10-05|burnley|everton,1920,2019-10-05,Burnley,Everton,2,1.2,1.4,10.0,6.0,1.2,1.2,159,79,1.0,2.4,13.8,3.0,0.6,0.6,349,174,0.19999999999999996,1.0,-3.8000000000000007,3.0,0.6,-190,40.7,51.7,-11.0
1920|2019-10-05|liverpool|leicester-city,1920,2019-10-05,Liverpool,Leicester City,2,2.4,0.6,16.6,15.0,3.0,3.0,349,174,2.4,0.8,12.2,12.0,2.4,1.0,197,98,0.0,0.20000000000000007,4.400000000000002,3.0,2.0,152,62.3,51.0,11.299999999999997
1920|2019-10-05|norwich-city|aston-villa,1920,2019-10-05,Norwich City,Aston Villa,0,1.0,2.2,8.4,3.0,0.6,1.8,159,79,1.2,1.2,11.4,5.0,1.0,0.0,235,117,-0.19999999999999996,-1.0000000000000002,-3.0,-2.0,1.8,-76,,,
1920|2019-10-05|watford|sheffield-united,1920,2019-10-05,Watford,Sheffield United,1,0.8,3.2,17.2,2.0,0.4,0.2,159,79,1.0,1.2,9.4,4.0,0.8,1.6666666666666667,7,3,-0.19999999999999996,-2.0,7.799999999999999,-2.0,-1.4666666666666668,152,46.7,,
1920|2019-10-05|west-ham-united|crystal-palace,1920,2019-10-05,West Ham United,Crystal Palace,0,1.8,0.6,14.4,11.0,2.2,2.0,311,155,1.2,1.2,13.2,10.0,2.0,1.8,235,117,0.6000000000000001,0.6,1.200000000000001,1.0,0.19999999999999996,76,48.6,45.1,3.5
1920|2019-10-06|arsenal|afc-bournemouth,1920,2019-10-06,Arsenal,AFC Bournemouth,2,1.8,2.0,15.2,6.0,1.2,1.6,349,174,2.0,2.0,10.0,7.0,1.4,1.4,159,79,-0.19999999999999996,0.0,5.199999999999999,-1.0,0.20000000000000018,190,58.4,46.8,11.600000000000001
1920|2019-10-06|manchester-city|wolverhampton-wanderers,1920,2019-10-06,Manchester City,Wolverhampton Wanderers,0,4.0,1.0,21.4,12.0,2.4,2.6,349,174,1.6,2.0,11.2,5.0,1.0,1.0,121,60,2.4,1.0,10.2,7.0,1.6,228,68.3,46.7,21.599999999999994
1920|2019-10-06|newcastle-united|manchester-united,1920,2019-10-06,Newcastle United,Manchester United,2,0.6,1.8,8.6,5.0,1.0,1.0,311,155,0.8,1.2,15.6,5.0,1.0,0.6,349,174,-0.20000000000000007,-0.6000000000000001,-7.0,0.0,0.4,-38,40.1,54.8,-14.699999999999996
1920|2019-10-06|southampton|chelsea,1920,2019-10-06,Southampton,Chelsea,0,1.2,1.2,14.4,7.0,1.4,0.6,273,136,2.6,1.6,17.6,10.0,2.0,1.6,349,174,-1.4000000000000001,0.40000000000000013,-3.200000000000001,-3.0,-1.0,-76,43.3,63.5,-20.200000000000003
1920|2019-10-19|afc-bournemouth|norwich-city,1920,2019-10-19,AFC Bournemouth,Norwich City,1,1.8,1.6,10.0,7.0,1.4,1.6,160,80,0.8,2.6,11.4,3.0,0.6,0.0,160,80,1.0,1.0,-1.4000000000000004,4.0,1.6,0,46.8,,
1920|2019-10-19|aston-villa|brighton-and-hove-albion,1920,2019-10-19,Aston Villa,Brighton & Hove Albion,2,1.8,1.4,14.4,5.0,1.0,1.2,236,118,0.8,1.4,12.2,5.0,1.0,1.0,84,42,1.0,0.0,2.200000000000001,0.0,0.19999999999999996,152,,41.9,
1920|2019-10-19|chelsea|newcastle-united,1920,2019-10-19,Chelsea,Newcastle United,2,2.8,1.4,15.6,10.0,2.0,1.6,350,175,0.6,1.8,9.4,5.0,1.0,1.2,312,156,2.1999999999999997,0.40000000000000013,6.199999999999999,5.0,0.40000000000000013,38,63.5,40.1,23.4
1920|2019-10-19|crystal-palace|manchester-city,1920,2019-10-19,Crystal Palace,Manchester City,0,1.2,1.2,13.6,10.0,2.0,2.2,236,118,3.4,1.2,21.2,9.0,1.8,2.4,350,175,-2.2,0.0,-7.6,1.0,-0.19999999999999973,-114,45.1,68.3,-23.199999999999996
1920|2019-10-19|everton|west-ham-united,1920,2019-10-19,Everton,West Ham United,2,1.0,2.2,13.6,3.0,0.6,1.8,350,175,1.4,0.8,13.0,8.0,1.6,1.8,312,156,-0.3999999999999999,-1.4000000000000001,0.5999999999999996,-5.0,0.0,38,51.7,48.6,3.1000000000000014
1920|2019-10-19|leicester-city|burnley,1920,2019-10-19,Leicester City,Burnley,2,2.2,1.0,10.6,9.0,1.8,2.2,198,99,1.2,1.2,9.2,8.0,1.6,0.6,160,80,1.0000000000000002,0.19999999999999996,1.4000000000000004,1.0,1.6,38,51.0,40.7,10.299999999999997
1920|2019-10-19|tottenham-hotspur|watford,1920,2019-10-19,Tottenham Hotspur,Watford,1,1.8,1.6,10.8,7.0,1.4,2.0,350,175,0.6,2.6,14.2,3.0,0.6,0.2,160,80,1.2000000000000002,1.0,-3.3999999999999986,4.0,1.8,190,59.4,46.7,12.699999999999996
1920|2019-10-19|wolverhampton-wanderers|southampton,1920,2019-10-19,Wolverhampton Wanderers,Southampton,1,1.8,1.8,9.2,7.0,1.4,1.6,122,61,1.0,2.0,14.0,4.0,0.8,1.2,274,137,0.8,0.19999999999999996,-4.800000000000001,3.0,0.40000000000000013,-152,46.7,43.3,3.4000000000000057
1920|2019-10-20|manchester-united|liverpool,1920,2019-10-20,Manchester United,Liverpool,1,0.6,1.0,13.6,5.0,1.0,1.4,350,175,2.2,0.6,15.2,15.0,3.0,3.0,350,175,-1.6,-0.4,-1.5999999999999996,-10.0,-1.6,0,54.8,62.3,-7.5
1920|2019-10-21|sheffield-united|arsenal,1920,2019-10-21,Sheffield United,Arsenal,2,0.8,0.8,9.6,5.0,1.0,0.75,8,4,1.8,1.4,15.8,9.0,1.8,1.6,350,175,-1.0,0.5999999999999999,-6.200000000000001,-4.0,-0.8500000000000001,-342,,58.4,
1920|2019-10-25|southampton|leicester-city,1920,2019-10-25,Southampton,Leicester City,0,1.0,2.0,14.8,4.0,0.8,0.4,275,137,2.0,1.0,11.8,9.0,1.8,0.8,199,99,-1.0,-1.0,3.0,-5.0,-0.4,76,43.3,51.0,-7.700000000000003
1920|2019-10-26|brighton-and-hove-albion|everton,1920,2019-10-26,Brighton & Hove Albion,Everton,2,1.0,1.0,15.0,5.0,1.0,1.0,85,42,0.8,1.8,14.4,3.0,0.6,0.4,351,175,0.19999999999999996,0.8,0.5999999999999996,2.0,0.6,-266,41.9,51.7,-9.800000000000004
1920|2019-10-26|burnley|chelsea,1920,2019-10-26,Burnley,Chelsea,0,1.4,1.0,10.4,8.0,1.6,1.8,161,80,2.6,1.0,16.2,12.0,2.4,2.0,351,175,-1.2000000000000002,0.0,-5.799999999999999,-4.0,-0.19999999999999996,-190,40.7,63.5,-22.799999999999997
1920|2019-10-26|manchester-city|aston-villa,1920,2019-10-26,Manchester City,Aston Villa,2,3.0,1.2,22.4,9.0,1.8,2.0,351,175,2.2,1.4,17.2,8.0,1.6,0.6,237,118,0.7999999999999998,0.19999999999999996,5.199999999999999,1.0,1.4,114,68.3,,
1920|2019-10-26|watford|afc-bournemouth,1920,2019-10-26,Watford,AFC Bournemouth,1,0.6,2.6,13.0,3.0,0.6,0.4,161,80,1.6,1.0,10.6,8.0,1.6,1.2,161,80,-1.0,-1.6,2.4000000000000004,-5.0,-0.7999999999999999,0,46.7,46.8,-0.09999999999999432
1920|2019-10-26|west-ham-united|sheffield-united,1920,2019-10-26,West Ham United,Sheffield United,1,1.0,1.2,11.0,5.0,1.0,1.8,313,156,0.6,0.4,9.6,7.0,1.4,1.5,9,4,0.4,-0.7999999999999999,1.4000000000000004,-2.0,0.30000000000000004,304,48.6,,
1920|2019-10-27|arsenal|crystal-palace,1920,2019-10-27,Arsenal,Crystal Palace,1,1.4,1.2,12.4,8.0,1.6,2.2,351,175,1.0,1.6,10.6,7.0,1.4,1.8,237,118,0.3999999999999999,0.40000000000000013,1.8000000000000007,1.0,0.40000000000000013,114,58.4,45.1,13.299999999999997
1920|2019-10-27|liverpool|tottenham-hotspur,1920,2019-10-27,Liverpool,Tottenham Hotspur,2,1.8,0.8,14.2,13.0,2.6,3.0,351,175,1.6,1.4,10.6,7.0,1.4,0.4,351,175,0.19999999999999996,0.5999999999999999,3.5999999999999996,6.0,2.6,0,62.3,59.4,2.8999999999999986
1920|2019-10-27|newcastle-united|wolverhampton-wanderers,1920,2019-10-27,Newcastle United,Wolverhampton Wanderers,1,0.4,1.8,7.8,4.0,0.8,1.0,313,156,1.6,1.4,8.4,8.0,1.6,1.0,123,61,-1.2000000000000002,-0.40000000000000013,-0.6000000000000005,-4.0,0.0,190,40.1,46.7,-6.600000000000001
1920|2019-10-27|norwich-city|manchester-united,1920,2019-10-27,Norwich City,Manchester United,0,0.8,2.2,11.8,4.0,0.8,1.8,161,80,0.6,1.0,10.8,5.0,1.0,0.6,351,175,0.20000000000000007,-1.2000000000000002,1.0,-1.0,1.2000000000000002,-190,,54.8,
1920|2019-11-02|afc-bournemouth|manchester-united,1920,2019-11-02,AFC Bournemouth,Manchester United,2,1.0,0.8,11.0,6.0,1.2,1.2,162,81,1.0,1.2,13.0,5.0,1.0,1.0,352,176,0.0,0.3999999999999999,-2.0,1.0,0.19999999999999996,-190,46.8,54.8,-8.0
1920|2019-11-02|arsenal|wolverhampton-wanderers,1920,2019-11-02,Arsenal,Wolverhampton Wanderers,1,1.4,1.2,13.4,8.0,1.6,2.2,352,176,1.4,0.6,8.8,9.0,1.8,1.2,124,62,0.0,-0.6,4.6,-1.0,1.0000000000000002,228,58.4,46.7,11.699999999999996
1920|2019-11-02|aston-villa|liverpool,1920,2019-11-02,Aston Villa,Liverpool,0,2.2,2.0,17.4,7.0,1.4,1.6,238,119,1.6,0.8,14.2,13.0,2.6,2.6,352,176,0.6000000000000001,-1.2,3.1999999999999993,-6.0,-1.0,-114,,62.3,
1920|2019-11-02|brighton-and-hove-albion|norwich-city,1920,2019-11-02,Brighton & Hove Albion,Norwich City,2,1.4,1.2,13.8,7.0,1.4,1.6,86,43,0.4,2.4,12.4,1.0,0.2,0.2,162,81,0.9999999999999999,1.2,1.4000000000000004,6.0,1.4000000000000001,-76,41.9,,
1920|2019-11-02|manchester-city|southampton,1920,2019-11-02,Manchester City,Southampton,2,3.2,0.6,22.4,12.0,2.4,2.0,352,176,0.8,3.8,13.8,1.0,0.2,1.4,276,138,2.4000000000000004,3.1999999999999997,8.599999999999998,11.0,0.6000000000000001,76,68.3,43.3,25.0
1920|2019-11-02|sheffield-united|burnley,1920,2019-11-02,Sheffield United,Burnley,2,0.8,0.4,8.2,8.0,1.6,1.2,10,5,1.6,1.6,11.6,7.0,1.4,0.6,162,81,-0.8,1.2000000000000002,-3.4000000000000004,1.0,0.6,-152,,40.7,
1920|2019-11-02|watford|chelsea,1920,2019-11-02,Watford,Chelsea,0,0.2,2.2,8.2,3.0,0.6,0.6,162,81,2.4,1.0,16.4,12.0,2.4,2.4,352,176,-2.1999999999999997,-1.2000000000000002,-8.2,-9.0,-1.7999999999999998,-190,46.7,63.5,-16.799999999999997
1920|2019-11-02|west-ham-united|newcastle-united,1920,2019-11-02,West Ham United,Newcastle United,0,1.2,1.4,10.8,5.0,1.0,1.4,314,157,0.4,1.4,8.8,5.0,1.0,0.6,314,157,0.7999999999999999,0.0,2.0,0.0,0.7999999999999999,0,48.6,40.1,8.5
1920|2019-11-03|crystal-palace|leicester-city,1920,2019-11-03,Crystal Palace,Leicester City,0,1.4,1.2,10.4,8.0,1.6,1.6,238,119,3.8,0.8,15.0,12.0,2.4,1.4,200,100,-2.4,-0.3999999999999999,-4.6,-4.0,0.20000000000000018,38,45.1,51.0,-5.899999999999999
1920|2019-11-03|everton|tottenham-hotspur,1920,2019-11-03,Everton,Tottenham Hotspur,1,1.0,1.8,13.6,3.0,0.6,1.8,352,176,1.0,1.8,10.2,4.0,0.8,0.4,352,176,0.0,0.0,3.4000000000000004,-1.0,1.4,0,51.7,59.4,-7.699999999999996
1920|2019-11-08|norwich-city|watford,1920,2019-11-08,Norwich City,Watford,0,0.4,2.4,11.6,1.0,0.2,1.2,163,81,0.4,1.0,9.6,3.0,0.6,0.4,163,81,0.0,-1.4,2.0,-2.0,0.7999999999999999,0,,46.7,
1920|2019-11-09|burnley|west-ham-united,1920,2019-11-09,Burnley,West Ham United,2,1.2,2.2,10.2,4.0,0.8,1.8,163,81,1.2,2.0,12.4,2.0,0.4,1.2,315,157,0.0,-0.20000000000000018,-2.200000000000001,2.0,0.6000000000000001,-152,40.7,48.6,-7.899999999999999
1920|2019-11-09|chelsea|crystal-palace,1920,2019-11-09,Chelsea,Crystal Palace,2,2.6,0.8,17.0,15.0,3.0,1.6,353,176,1.2,1.4,10.2,7.0,1.4,1.4,239,119,1.4000000000000001,0.5999999999999999,6.800000000000001,8.0,0.20000000000000018,114,63.5,45.1,18.4
1920|2019-11-09|leicester-city|arsenal,1920,2019-11-09,Leicester City,Arsenal,2,3.8,0.6,14.6,12.0,2.4,2.6,201,100,1.0,1.0,11.2,6.0,1.2,1.0,353,176,2.8,0.4,3.4000000000000004,6.0,1.6,-152,51.0,58.4,-7.399999999999999
1920|2019-11-09|newcastle-united|afc-bournemouth,1920,2019-11-09,Newcastle United,AFC Bournemouth,2,1.0,1.8,9.0,7.0,1.4,1.2,315,157,0.6,0.6,12.2,6.0,1.2,1.4,163,81,0.4,-1.2000000000000002,-3.1999999999999993,1.0,-0.19999999999999996,152,40.1,46.8,-6.699999999999996
1920|2019-11-09|southampton|everton,1920,2019-11-09,Southampton,Everton,0,0.8,3.6,9.4,1.0,0.2,0.2,277,138,1.2,1.6,11.8,4.0,0.8,0.2,353,176,-0.3999999999999999,-2.0,-2.4000000000000004,-3.0,0.0,-76,43.3,51.7,-8.400000000000006
1920|2019-11-09|tottenham-hotspur|sheffield-united,1920,2019-11-09,Tottenham Hotspur,Sheffield United,1,1.0,1.6,8.8,5.0,1.0,2.0,353,176,1.0,0.4,10.4,8.0,1.6,1.4,11,5,0.0,-1.2000000000000002,-1.5999999999999996,-3.0,0.6000000000000001,342,59.4,,
1920|2019-11-10|liverpool|manchester-city,1920,2019-11-10,Liverpool,Manchester City,2,1.6,0.8,18.0,13.0,2.6,3.0,353,176,2.0,0.8,22.0,12.0,2.4,2.4,353,176,-0.3999999999999999,0.0,-4.0,1.0,0.6000000000000001,0,62.3,68.3,-6.0
1920|2019-11-10|manchester-united|brighton-and-hove-albion,1920,2019-11-10,Manchester United,Brighton & Hove Albion,2,1.0,1.0,14.2,5.0,1.0,1.6,353,176,1.8,1.2,14.8,9.0,1.8,0.8,87,43,-0.8,0.19999999999999996,-0.6000000000000014,-4.0,0.8,266,54.8,41.9,12.899999999999999
1920|2019-11-10|wolverhampton-wanderers|aston-villa,1920,2019-11-10,Wolverhampton Wanderers,Aston Villa,2,1.4,0.6,11.0,9.0,1.8,1.2,125,62,2.0,1.8,15.6,7.0,1.4,0.6,239,119,-0.6000000000000001,1.2000000000000002,-4.6,2.0,0.6,-114,46.7,,
1920|2019-11-23|afc-bournemouth|wolverhampton-wanderers,1920,2019-11-23,AFC Bournemouth,Wolverhampton Wanderers,0,0.4,0.6,12.8,5.0,1.0,1.6,164,82,1.4,0.8,13.2,9.0,1.8,1.2,126,63,-0.9999999999999999,0.20000000000000007,-0.3999999999999986,-4.0,0.40000000000000013,38,46.8,46.7,0.09999999999999432
1920|2019-11-23|arsenal|southampton,1920,2019-11-23,Arsenal,Southampton,1,0.8,1.2,10.8,5.0,1.0,1.8,354,177,0.8,3.6,7.4,1.0,0.2,1.4,278,139,0.0,2.4000000000000004,3.4000000000000004,4.0,0.40000000000000013,76,58.4,43.3,15.100000000000001
1920|2019-11-23|brighton-and-hove-albion|leicester-city,1920,2019-11-23,Brighton & Hove Albion,Leicester City,0,2.0,1.4,14.4,9.0,1.8,2.0,88,44,3.2,0.6,15.8,12.0,2.4,1.8,202,101,-1.2000000000000002,-0.7999999999999999,-1.4000000000000004,-3.0,0.19999999999999996,-114,41.9,51.0,-9.100000000000001
1920|2019-11-23|crystal-palace|liverpool,1920,2019-11-23,Crystal Palace,Liverpool,0,0.8,1.8,7.8,4.0,0.8,1.4,240,120,2.0,1.0,17.2,13.0,2.6,2.6,354,177,-1.2,-0.8,-9.399999999999999,-9.0,-1.2000000000000002,-114,45.1,62.3,-17.199999999999996
1920|2019-11-23|everton|norwich-city,1920,2019-11-23,Everton,Norwich City,0,1.4,1.2,14.2,7.0,1.4,1.4,354,177,0.4,2.4,13.0,1.0,0.2,0.2,164,82,0.9999999999999999,1.2,1.1999999999999993,6.0,1.2,190,51.7,,
1920|2019-11-23|manchester-city|chelsea,1920,2019-11-23,Manchester City,Chelsea,2,1.6,1.2,21.6,9.0,1.8,2.4,354,177,2.6,0.8,16.8,15.0,3.0,3.0,354,177,-1.0,-0.3999999999999999,4.800000000000001,-6.0,-0.6000000000000001,0,68.3,63.5,4.799999999999997
1920|2019-11-23|watford|burnley,1920,2019-11-23,Watford,Burnley,0,0.8,0.6,9.2,6.0,1.2,0.6,164,82,1.4,1.8,11.0,6.0,1.2,0.6,164,82,-0.5999999999999999,1.2000000000000002,-1.8000000000000007,0.0,0.0,0,46.7,40.7,6.0
1920|2019-11-23|west-ham-united|tottenham-hotspur,1920,2019-11-23,West Ham United,Tottenham Hotspur,0,0.8,2.2,10.4,1.0,0.2,1.4,316,158,0.8,1.6,10.4,3.0,0.6,0.4,354,177,0.0,-0.6000000000000001,0.0,-2.0,0.9999999999999999,-38,48.6,59.4,-10.799999999999997
1920|2019-11-24|sheffield-united|manchester-united,1920,2019-11-24,Sheffield United,Manchester United,1,1.2,0.4,10.8,9.0,1.8,1.2,12,6,1.4,1.0,15.2,7.0,1.4,0.8,354,177,-0.19999999999999996,0.6,-4.399999999999999,2.0,0.3999999999999999,-342,,54.8,
1920|2019-11-25|aston-villa|newcastle-united,1920,2019-11-25,Aston Villa,Newcastle United,2,1.8,1.8,15.0,6.0,1.2,1.6,240,120,1.4,1.0,12.4,10.0,2.0,1.2,316,158,0.40000000000000013,-0.8,2.5999999999999996,-4.0,0.40000000000000013,-76,,40.1,
1920|2019-11-30|burnley|crystal-palace,1920,2019-11-30,Burnley,Crystal Palace,0,1.8,1.8,11.4,6.0,1.2,1.8,165,82,0.6,2.0,9.6,1.0,0.2,1.4,241,120,1.2000000000000002,0.19999999999999996,1.8000000000000007,5.0,0.40000000000000013,-76,40.7,45.1,-4.399999999999999
1920|2019-11-30|chelsea|west-ham-united,1920,2019-11-30,Chelsea,West Ham United,0,2.0,1.0,16.4,12.0,2.4,2.0,355,177,1.0,2.4,10.8,1.0,0.2,1.0,317,158,1.0,1.4,5.599999999999998,11.0,1.0,38,63.5,48.6,14.899999999999999
1920|2019-11-30|liverpool|brighton-and-hove-albion,1920,2019-11-30,Liverpool,Brighton & Hove Albion,2,2.0,1.0,16.0,13.0,2.6,3.0,355,177,1.4,1.8,12.4,6.0,1.2,0.2,89,44,0.6000000000000001,0.8,3.5999999999999996,7.0,2.8,266,62.3,41.9,20.4
1920|2019-11-30|newcastle-united|manchester-city,1920,2019-11-30,Newcastle United,Manchester City,1,1.2,1.4,12.2,7.0,1.4,1.8,317,158,2.0,1.0,21.0,12.0,2.4,1.8,355,177,-0.8,-0.3999999999999999,-8.8,-5.0,0.0,-38,40.1,68.3,-28.199999999999996
1920|2019-11-30|southampton|watford,1920,2019-11-30,Southampton,Watford,2,1.0,3.2,9.6,2.0,0.4,0.2,279,139,0.8,1.2,10.6,5.0,1.0,1.0,165,82,0.19999999999999996,-2.0,-1.0,-3.0,-0.8,114,43.3,46.7,-3.4000000000000057
1920|2019-11-30|tottenham-hotspur|afc-bournemouth,1920,2019-11-30,Tottenham Hotspur,AFC Bournemouth,2,1.4,1.4,11.8,6.0,1.2,1.6,355,177,0.6,0.8,12.6,5.0,1.0,0.8,165,82,0.7999999999999999,-0.5999999999999999,-0.7999999999999989,1.0,0.8,190,59.4,46.8,12.600000000000001
1920|2019-12-01|leicester-city|everton,1920,2019-12-01,Leicester City,Everton,2,3.4,0.2,19.2,15.0,3.0,3.0,203,101,1.4,1.4,15.6,7.0,1.4,0.6,355,177,2.0,1.2,3.5999999999999996,8.0,2.4,-152,51.0,51.7,-0.7000000000000028
1920|2019-12-01|manchester-united|aston-villa,1920,2019-12-01,Manchester United,Aston Villa,1,2.0,1.4,15.0,8.0,1.6,1.6,355,177,1.2,1.6,14.0,6.0,1.2,0.6,241,120,0.8,0.20000000000000018,1.0,2.0,1.0,114,54.8,,
1920|2019-12-01|norwich-city|arsenal,1920,2019-12-01,Norwich City,Arsenal,1,0.6,1.4,11.4,4.0,0.8,0.6,165,82,1.0,1.6,10.8,3.0,0.6,0.4,355,177,-0.4,0.20000000000000018,0.5999999999999996,1.0,0.19999999999999996,-190,,58.4,
1920|2019-12-01|wolverhampton-wanderers|sheffield-united,1920,2019-12-01,Wolverhampton Wanderers,Sheffield United,1,1.4,1.0,15.2,9.0,1.8,1.6,127,63,1.8,1.0,11.4,9.0,1.8,1.4,13,6,-0.40000000000000013,0.0,3.799999999999999,0.0,0.20000000000000018,114,46.7,,
1920|2019-12-03|burnley|manchester-city,1920,2019-12-03,Burnley,Manchester City,0,1.6,1.8,11.8,6.0,1.2,1.8,166,83,2.0,1.4,21.6,10.0,2.0,1.4,356,178,-0.3999999999999999,-0.40000000000000013,-9.8,-4.0,0.40000000000000013,-190,40.7,68.3,-27.599999999999994
1920|2019-12-03|crystal-palace|afc-bournemouth,1920,2019-12-03,Crystal Palace,AFC Bournemouth,2,1.0,1.6,9.6,4.0,0.8,0.8,242,121,1.0,1.4,14.4,4.0,0.8,0.8,166,83,0.0,-0.20000000000000018,-4.800000000000001,0.0,0.0,76,45.1,46.8,-1.6999999999999957
1920|2019-12-04|chelsea|aston-villa,1920,2019-12-04,Chelsea,Aston Villa,2,1.8,1.2,17.0,9.0,1.8,1.8,356,178,1.2,1.8,11.0,4.0,0.8,0.8,242,121,0.6000000000000001,0.6000000000000001,6.0,5.0,1.0,114,63.5,,
1920|2019-12-04|leicester-city|watford,1920,2019-12-04,Leicester City,Watford,2,3.4,0.2,18.6,15.0,3.0,3.0,204,102,0.8,1.4,10.4,4.0,0.8,0.8,166,83,2.5999999999999996,1.2,8.200000000000001,11.0,2.2,38,51.0,46.7,4.299999999999997
1920|2019-12-04|liverpool|everton,1920,2019-12-04,Liverpool,Everton,2,2.2,1.0,17.0,15.0,3.0,3.0,356,178,1.2,1.8,14.0,4.0,0.8,0.6,356,178,1.0000000000000002,0.8,3.0,11.0,2.4,0,62.3,51.7,10.599999999999994
1920|2019-12-04|manchester-united|tottenham-hotspur,1920,2019-12-04,Manchester United,Tottenham Hotspur,2,2.2,1.6,16.8,8.0,1.6,1.8,356,178,1.8,1.6,12.4,8.0,1.6,0.8,356,178,0.40000000000000013,0.0,4.4,0.0,1.0,0,54.8,59.4,-4.600000000000001
1920|2019-12-04|southampton|norwich-city,1920,2019-12-04,Southampton,Norwich City,2,1.2,3.2,9.0,4.0,0.8,0.6,280,140,1.0,1.8,12.4,4.0,0.8,0.8,166,83,0.19999999999999996,-1.4000000000000001,-3.4000000000000004,0.0,-0.20000000000000007,114,43.3,,
1920|2019-12-04|wolverhampton-wanderers|west-ham-united,1920,2019-12-04,Wolverhampton Wanderers,West Ham United,2,1.4,1.0,17.0,9.0,1.8,1.6,128,64,1.2,2.0,10.2,4.0,0.8,1.0,318,159,0.19999999999999996,1.0,6.800000000000001,5.0,0.6000000000000001,-190,46.7,48.6,-1.8999999999999986
1920|2019-12-05|arsenal|brighton-and-hove-albion,1920,2019-12-05,Arsenal,Brighton & Hove Albion,0,1.4,1.8,12.2,4.0,0.8,1.8,356,178,1.4,1.8,10.8,6.0,1.2,0.2,90,45,0.0,0.0,1.3999999999999986,-2.0,1.6,266,58.4,41.9,16.5
1920|2019-12-05|sheffield-united|newcastle-united,1920,2019-12-05,Sheffield United,Newcastle United,0,1.8,1.2,11.6,7.0,1.4,1.4,14,7,1.6,1.6,12.4,8.0,1.6,0.6,318,159,0.19999999999999996,0.40000000000000013,-0.8000000000000007,-1.0,0.7999999999999999,-304,,40.1,
1920|2019-12-07|afc-bournemouth|liverpool,1920,2019-12-07,AFC Bournemouth,Liverpool,0,1.0,1.6,12.6,3.0,0.6,1.6,167,83,2.8,1.2,15.0,15.0,3.0,2.6,357,178,-1.7999999999999998,-0.40000000000000013,-2.4000000000000004,-12.0,-1.0,-190,46.8,62.3,-15.5
1920|2019-12-07|everton|chelsea,1920,2019-12-07,Everton,Chelsea,2,1.2,2.2,14.4,4.0,0.8,0.8,357,178,1.4,1.0,18.8,9.0,1.8,2.4,357,178,-0.19999999999999996,-1.2000000000000002,-4.4,-5.0,-1.5999999999999999,0,51.7,63.5,-11.799999999999997
1920|2019-12-07|manchester-city|manchester-united,1920,2019-12-07,Manchester City,Manchester United,0,2.2,1.6,20.0,10.0,2.0,2.4,357,178,2.0,1.6,15.0,8.0,1.6,0.8,357,178,0.20000000000000018,0.0,5.0,2.0,1.5999999999999999,0,68.3,54.8,13.5
1920|2019-12-07|tottenham-hotspur|burnley,1920,2019-12-07,Tottenham Hotspur,Burnley,2,1.8,1.6,11.8,8.0,1.6,2.2,357,178,1.4,1.8,10.0,6.0,1.2,1.0,167,83,0.40000000000000013,0.19999999999999996,1.8000000000000007,2.0,1.2000000000000002,190,59.4,40.7,18.699999999999996
1920|2019-12-07|watford|crystal-palace,1920,2019-12-07,Watford,Crystal Palace,1,0.8,1.8,9.8,3.0,0.6,0.6,167,83,0.8,1.2,9.0,6.0,1.2,1.4,243,121,0.0,-0.6000000000000001,0.8000000000000007,-3.0,-0.7999999999999999,-76,46.7,45.1,1.6000000000000014
1920|2019-12-08|aston-villa|leicester-city,1920,2019-12-08,Aston Villa,Leicester City,0,1.4,1.6,10.6,4.0,0.8,1.6,243,121,2.0,0.2,16.0,15.0,3.0,1.8,205,102,-0.6000000000000001,-1.4000000000000001,-5.4,-11.0,-0.19999999999999996,38,,51.0,
1920|2019-12-08|brighton-and-hove-albion|wolverhampton-wanderers,1920,2019-12-08,Brighton & Hove Albion,Wolverhampton Wanderers,1,1.2,1.6,13.2,6.0,1.2,2.0,91,45,1.6,0.8,17.0,11.0,2.2,1.8,129,64,-0.40000000000000013,-0.8,-3.8000000000000007,-5.0,0.19999999999999996,-38,41.9,46.7,-4.800000000000004
1920|2019-12-08|newcastle-united|southampton,1920,2019-12-08,Newcastle United,Southampton,2,1.8,1.4,11.0,10.0,2.0,1.8,319,159,1.6,1.6,10.6,7.0,1.4,1.0,281,140,0.19999999999999996,0.20000000000000018,0.40000000000000036,3.0,0.8,38,40.1,43.3,-3.1999999999999957
1920|2019-12-08|norwich-city|sheffield-united,1920,2019-12-08,Norwich City,Sheffield United,0,1.0,1.6,12.4,4.0,0.8,0.8,167,83,1.6,1.4,12.2,6.0,1.2,1.4,15,7,-0.6000000000000001,-0.20000000000000018,0.20000000000000107,-2.0,-0.5999999999999999,152,,,
1920|2019-12-09|west-ham-united|arsenal,1920,2019-12-09,West Ham United,Arsenal,0,1.0,2.2,9.0,3.0,0.6,0.8,319,159,1.2,1.8,11.6,3.0,0.6,0.6,357,178,-0.19999999999999996,-0.40000000000000013,-2.5999999999999996,0.0,0.20000000000000007,-38,48.6,58.4,-9.799999999999997
1920|2019-12-14|burnley|newcastle-united,1920,2019-12-14,Burnley,Newcastle United,2,1.4,2.2,10.2,6.0,1.2,1.2,168,84,1.6,1.2,11.0,10.0,2.0,1.2,320,160,-0.20000000000000018,-1.0000000000000002,-0.8000000000000007,-4.0,0.0,-152,40.7,40.1,0.6000000000000014
1920|2019-12-14|chelsea|afc-bournemouth,1920,2019-12-14,Chelsea,AFC Bournemouth,0,1.2,1.4,18.6,6.0,1.2,2.4,358,179,0.8,2.2,10.8,0.0,0.0,0.2,168,84,0.3999999999999999,0.8000000000000003,7.800000000000001,6.0,2.1999999999999997,190,63.5,46.8,16.700000000000003
1920|2019-12-14|leicester-city|norwich-city,1920,2019-12-14,Leicester City,Norwich City,1,2.4,0.4,17.8,15.0,3.0,3.0,206,103,1.2,1.6,13.8,4.0,0.8,0.8,168,84,1.2,1.2000000000000002,4.0,11.0,2.2,38,51.0,,
1920|2019-12-14|liverpool|watford,1920,2019-12-14,Liverpool,Watford,2,3.0,1.0,14.2,15.0,3.0,3.0,358,179,0.6,1.4,10.0,4.0,0.8,0.8,168,84,2.4,0.3999999999999999,4.199999999999999,11.0,2.2,190,62.3,46.7,15.599999999999994
1920|2019-12-14|sheffield-united|aston-villa,1920,2019-12-14,Sheffield United,Aston Villa,2,1.4,1.6,11.4,6.0,1.2,1.4,16,8,1.4,2.0,12.6,4.0,0.8,0.8,244,122,0.0,0.3999999999999999,-1.1999999999999993,2.0,0.5999999999999999,-228,,,
1920|2019-12-14|southampton|west-ham-united,1920,2019-12-14,Southampton,West Ham United,0,1.6,1.6,13.8,7.0,1.4,1.2,282,141,0.8,2.2,8.0,3.0,0.6,0.8,320,160,0.8,0.6000000000000001,5.800000000000001,4.0,0.3999999999999999,-38,43.3,48.6,-5.300000000000004
1920|2019-12-15|arsenal|manchester-city,1920,2019-12-15,Arsenal,Manchester City,0,1.6,1.8,11.6,5.0,1.0,1.2,358,179,2.0,1.8,19.2,7.0,1.4,2.0,358,179,-0.3999999999999999,0.0,-7.6,-2.0,-0.8,0,58.4,68.3,-9.899999999999999
1920|2019-12-15|manchester-united|everton,1920,2019-12-15,Manchester United,Everton,1,2.4,1.6,14.2,11.0,2.2,1.8,358,179,1.6,2.2,15.6,6.0,1.2,0.6,358,179,0.7999999999999998,0.6000000000000001,-1.4000000000000004,5.0,1.2000000000000002,0,54.8,51.7,3.0999999999999943
1920|2019-12-15|wolverhampton-wanderers|tottenham-hotspur,1920,2019-12-15,Wolverhampton Wanderers,Tottenham Hotspur,0,1.8,1.0,14.6,11.0,2.2,2.2,130,65,2.6,1.4,13.6,10.0,2.0,0.8,358,179,-0.8,0.3999999999999999,1.0,1.0,1.4000000000000001,-228,46.7,59.4,-12.699999999999996
1920|2019-12-16|crystal-palace|brighton-and-hove-albion,1920,2019-12-16,Crystal Palace,Brighton & Hove Albion,1,0.8,0.8,7.2,7.0,1.4,1.2,244,122,1.2,2.0,11.6,4.0,0.8,0.6,92,46,-0.3999999999999999,1.2,-4.3999999999999995,3.0,0.6,152,45.1,41.9,3.200000000000003
1920|2019-12-21|afc-bournemouth|burnley,1920,2019-12-21,AFC Bournemouth,Burnley,0,0.8,1.8,9.8,3.0,0.6,1.0,169,84,1.0,2.2,8.8,6.0,1.2,0.8,169,84,-0.19999999999999996,0.40000000000000013,1.0,-3.0,0.19999999999999996,0,46.8,40.7,6.099999999999994
1920|2019-12-21|aston-villa|southampton,1920,2019-12-21,Aston Villa,Southampton,0,1.2,2.0,11.6,4.0,0.8,1.4,245,122,1.4,1.4,15.2,7.0,1.4,0.4,283,141,-0.19999999999999996,-0.6000000000000001,-3.5999999999999996,-3.0,0.9999999999999999,-38,,43.3,
1920|2019-12-21|brighton-and-hove-albion|sheffield-united,1920,2019-12-21,Brighton & Hove Albion,Sheffield United,0,1.2,1.6,13.4,5.0,1.0,2.0,93,46,1.6,1.4,10.0,8.0,1.6,1.4,17,8,-0.40000000000000013,-0.20000000000000018,3.4000000000000004,-3.0,0.6000000000000001,76,41.9,,
1920|2019-12-21|everton|arsenal,1920,2019-12-21,Everton,Arsenal,1,1.4,2.2,12.4,4.0,0.8,1.4,359,179,1.6,2.0,11.2,5.0,1.0,1.0,359,179,-0.20000000000000018,-0.20000000000000018,1.200000000000001,-1.0,0.3999999999999999,0,51.7,58.4,-6.699999999999996
1920|2019-12-21|manchester-city|leicester-city,1920,2019-12-21,Manchester City,Leicester City,2,2.4,1.2,18.4,10.0,2.0,1.8,359,179,2.2,0.6,17.6,13.0,2.6,2.4,207,103,0.19999999999999973,-0.6,0.7999999999999972,-3.0,-0.5999999999999999,152,68.3,51.0,17.299999999999997
1920|2019-12-21|newcastle-united|crystal-palace,1920,2019-12-21,Newcastle United,Crystal Palace,2,1.2,1.2,8.8,7.0,1.4,2.2,321,160,1.0,0.6,8.8,8.0,1.6,1.6,245,122,0.19999999999999996,-0.6,0.0,-1.0,0.6000000000000001,76,40.1,45.1,-5.0
1920|2019-12-21|norwich-city|wolverhampton-wanderers,1920,2019-12-21,Norwich City,Wolverhampton Wanderers,0,1.4,1.4,12.4,5.0,1.0,0.2,169,84,1.6,1.2,14.8,8.0,1.6,1.8,131,65,-0.20000000000000018,-0.19999999999999996,-2.4000000000000004,-3.0,-1.6,38,,46.7,
1920|2019-12-22|tottenham-hotspur|chelsea,1920,2019-12-22,Tottenham Hotspur,Chelsea,0,2.8,1.4,12.0,12.0,2.4,2.2,359,179,0.8,1.6,17.6,3.0,0.6,1.8,359,179,1.9999999999999998,0.20000000000000018,-5.600000000000001,9.0,0.40000000000000013,0,59.4,63.5,-4.100000000000001
1920|2019-12-22|watford|manchester-united,1920,2019-12-22,Watford,Manchester United,2,0.2,1.8,9.2,1.0,0.2,0.6,169,84,2.0,1.6,14.8,9.0,1.8,1.4,359,179,-1.8,-0.19999999999999996,-5.600000000000001,-8.0,-0.7999999999999999,-190,46.7,54.8,-8.099999999999994
1920|2019-12-26|afc-bournemouth|arsenal,1920,2019-12-26,AFC Bournemouth,Arsenal,1,0.6,1.6,8.6,3.0,0.6,0.8,170,85,1.2,1.6,10.0,5.0,1.0,1.0,360,180,-0.6,0.0,-1.4000000000000004,-2.0,-0.19999999999999996,-190,46.8,58.4,-11.600000000000001
1920|2019-12-26|aston-villa|norwich-city,1920,2019-12-26,Aston Villa,Norwich City,2,1.0,2.6,12.0,1.0,0.2,1.2,246,123,1.2,1.8,12.4,2.0,0.4,1.0,170,85,-0.19999999999999996,-0.8,-0.40000000000000036,-1.0,0.19999999999999996,76,,,
1920|2019-12-26|chelsea|southampton,1920,2019-12-26,Chelsea,Southampton,0,1.0,1.2,18.0,6.0,1.2,1.8,360,180,1.6,1.2,14.4,9.0,1.8,1.0,284,142,-0.6000000000000001,0.0,3.5999999999999996,-3.0,0.8,76,63.5,43.3,20.200000000000003
1920|2019-12-26|crystal-palace|west-ham-united,1920,2019-12-26,Crystal Palace,West Ham United,2,0.8,0.4,8.8,8.0,1.6,0.8,246,123,1.0,1.6,8.8,6.0,1.2,1.2,321,161,-0.19999999999999996,1.2000000000000002,0.0,2.0,-0.3999999999999999,-75,45.1,48.6,-3.5
1920|2019-12-26|everton|burnley,1920,2019-12-26,Everton,Burnley,2,1.4,1.8,10.6,5.0,1.0,1.6,360,180,0.6,2.2,7.0,6.0,1.2,1.2,170,85,0.7999999999999999,0.40000000000000013,3.5999999999999996,-1.0,0.40000000000000013,190,51.7,40.7,11.0
1920|2019-12-26|leicester-city|liverpool,1920,2019-12-26,Leicester City,Liverpool,0,2.0,1.2,14.8,10.0,2.0,2.6,208,104,2.8,0.8,15.0,15.0,3.0,2.6,359,179,-0.7999999999999998,-0.3999999999999999,-0.1999999999999993,-5.0,0.0,-151,51.0,62.3,-11.299999999999997
1920|2019-12-26|manchester-united|newcastle-united,1920,2019-12-26,Manchester United,Newcastle United,2,1.4,1.4,16.0,8.0,1.6,1.8,360,180,1.4,0.8,8.2,10.0,2.0,1.2,322,161,0.0,-0.5999999999999999,7.800000000000001,-2.0,0.6000000000000001,38,54.8,40.1,14.699999999999996
1920|2019-12-26|sheffield-united|watford,1920,2019-12-26,Sheffield United,Watford,1,1.2,0.8,9.0,10.0,2.0,2.0,18,9,0.6,1.2,8.4,4.0,0.8,0.8,170,85,0.6,0.3999999999999999,0.5999999999999996,6.0,1.2,-152,,46.7,
1920|2019-12-26|tottenham-hotspur|brighton-and-hove-albion,1920,2019-12-26,Tottenham Hotspur,Brighton & Hove Albion,2,2.2,1.4,10.0,9.0,1.8,1.6,360,180,1.2,1.4,13.8,5.0,1.0,0.8,94,47,1.0000000000000002,0.0,-3.8000000000000007,4.0,0.8,266,59.4,41.9,17.5
1920|2019-12-27|wolverhampton-wanderers|manchester-city,1920,2019-12-27,Wolverhampton Wanderers,Manchester City,2,1.6,1.2,14.2,8.0,1.6,1.6,132,66,2.6,1.2,20.0,10.0,2.0,2.0,360,180,-1.0,0.0,-5.800000000000001,-2.0,-0.3999999999999999,-228,46.7,68.3,-21.599999999999994
1920|2019-12-28|brighton-and-hove-albion|afc-bournemouth,1920,2019-12-28,Brighton & Hove Albion,AFC Bournemouth,2,1.2,1.4,13.6,5.0,1.0,1.4,95,47,0.4,1.2,7.0,4.0,0.8,0.8,171,85,0.7999999999999999,-0.19999999999999996,6.6,1.0,0.5999999999999999,-76,41.9,46.8,-4.899999999999999
1920|2019-12-28|burnley|manchester-united,1920,2019-12-28,Burnley,Manchester United,0,0.6,2.0,5.2,6.0,1.2,1.2,171,85,1.8,1.2,17.2,10.0,2.0,1.4,361,180,-1.2000000000000002,-0.8,-12.0,-4.0,-0.19999999999999996,-190,40.7,54.8,-14.099999999999994
1920|2019-12-28|newcastle-united|everton,1920,2019-12-28,Newcastle United,Everton,0,1.2,1.2,8.4,9.0,1.8,2.2,323,161,1.4,1.4,12.6,8.0,1.6,0.8,361,180,-0.19999999999999996,0.19999999999999996,-4.199999999999999,1.0,1.4000000000000001,-38,40.1,51.7,-11.600000000000001
1920|2019-12-28|norwich-city|tottenham-hotspur,1920,2019-12-28,Norwich City,Tottenham Hotspur,1,0.8,1.6,12.6,1.0,0.2,0.2,171,85,2.0,1.2,9.2,9.0,1.8,1.4,361,180,-1.2,-0.40000000000000013,3.4000000000000004,-8.0,-1.2,-190,,59.4,
1920|2019-12-28|southampton|crystal-palace,1920,2019-12-28,Southampton,Crystal Palace,1,1.6,1.0,13.2,9.0,1.8,1.2,285,142,0.8,0.6,10.0,8.0,1.6,1.0,247,123,0.8,-0.4,3.1999999999999993,1.0,0.19999999999999996,38,43.3,45.1,-1.8000000000000043
1920|2019-12-28|watford|aston-villa,1920,2019-12-28,Watford,Aston Villa,2,0.6,1.0,8.2,5.0,1.0,1.0,171,85,0.8,2.2,12.4,3.0,0.6,0.2,247,123,-0.20000000000000007,1.2000000000000002,-4.200000000000001,2.0,0.8,-76,46.7,,
1920|2019-12-28|west-ham-united|leicester-city,1920,2019-12-28,West Ham United,Leicester City,0,0.8,1.4,8.6,6.0,1.2,0.2,322,160,1.6,1.8,12.2,7.0,1.4,2.4,209,104,-0.8,0.40000000000000013,-3.5999999999999996,-1.0,-2.1999999999999997,113,48.6,51.0,-2.3999999999999986
1920|2019-12-29|arsenal|chelsea,1920,2019-12-29,Arsenal,Chelsea,0,1.0,1.4,10.2,5.0,1.0,0.6,361,180,1.0,1.4,16.2,6.0,1.2,1.8,361,180,0.0,0.0,-6.0,-1.0,-1.2000000000000002,0,58.4,63.5,-5.100000000000001
1920|2019-12-29|liverpool|wolverhampton-wanderers,1920,2019-12-29,Liverpool,Wolverhampton Wanderers,2,3.2,0.6,15.6,15.0,3.0,3.0,360,180,2.0,1.4,15.6,10.0,2.0,1.8,133,66,1.2000000000000002,0.7999999999999999,0.0,5.0,1.2,227,62.3,46.7,15.599999999999994
1920|2019-12-29|manchester-city|sheffield-united,1920,2019-12-29,Manchester City,Sheffield United,2,2.6,1.4,16.6,9.0,1.8,2.4,361,180,1.2,0.8,10.4,10.0,2.0,1.8,19,9,1.4000000000000001,-0.5999999999999999,6.200000000000001,-1.0,0.5999999999999999,342,68.3,,
1920|2020-01-01|arsenal|manchester-united,1920,2020-01-01,Arsenal,Manchester United,2,1.0,1.4,9.2,5.0,1.0,0.4,362,181,1.8,1.0,17.6,10.0,2.0,1.4,362,181,-0.8,-0.3999999999999999,-8.400000000000002,-5.0,-0.9999999999999999,0,58.4,54.8,3.6000000000000014
1920|2020-01-01|brighton-and-hove-albion|chelsea,1920,2020-01-01,Brighton & Hove Albion,Chelsea,1,1.2,1.2,12.8,5.0,1.0,1.4,96,48,1.0,1.4,13.8,6.0,1.2,1.8,362,181,0.19999999999999996,0.19999999999999996,-1.0,-1.0,-0.40000000000000013,-266,41.9,63.5,-21.6
1920|2020-01-01|burnley|aston-villa,1920,2020-01-01,Burnley,Aston Villa,0,0.4,1.6,6.0,6.0,1.2,1.2,172,86,0.6,2.4,12.8,3.0,0.6,0.2,248,124,-0.19999999999999996,0.7999999999999998,-6.800000000000001,3.0,1.0,-76,40.7,,
1920|2020-01-01|manchester-city|everton,1920,2020-01-01,Manchester City,Everton,2,2.2,1.2,16.4,9.0,1.8,2.4,362,181,1.4,0.6,14.6,11.0,2.2,1.4,362,181,0.8000000000000003,-0.6,1.799999999999999,-2.0,1.0,0,68.3,51.7,16.599999999999994
1920|2020-01-01|newcastle-united|leicester-city,1920,2020-01-01,Newcastle United,Leicester City,0,1.0,1.6,11.2,6.0,1.2,2.0,324,162,1.6,2.0,12.4,7.0,1.4,2.4,210,105,-0.6000000000000001,0.3999999999999999,-1.200000000000001,-1.0,-0.3999999999999999,114,40.1,51.0,-10.899999999999999
1920|2020-01-01|norwich-city|crystal-palace,1920,2020-01-01,Norwich City,Crystal Palace,1,1.0,1.6,11.6,2.0,0.4,0.4,172,86,0.8,0.8,9.6,6.0,1.2,1.0,248,124,0.19999999999999996,-0.8,2.0,-4.0,-0.6,-76,,45.1,
1920|2020-01-01|southampton|tottenham-hotspur,1920,2020-01-01,Southampton,Tottenham Hotspur,2,1.4,1.0,13.2,7.0,1.4,1.4,286,143,2.2,1.2,10.6,10.0,2.0,1.6,362,181,-0.8000000000000003,0.19999999999999996,2.5999999999999996,-3.0,-0.20000000000000018,-76,43.3,59.4,-16.1
1920|2020-01-01|watford|wolverhampton-wanderers,1920,2020-01-01,Watford,Wolverhampton Wanderers,2,1.2,0.6,11.4,8.0,1.6,1.4,172,86,1.6,1.6,15.0,7.0,1.4,1.6,134,67,-0.40000000000000013,1.0,-3.5999999999999996,1.0,-0.20000000000000018,38,46.7,46.7,0.0
1920|2020-01-01|west-ham-united|afc-bournemouth,1920,2020-01-01,West Ham United,AFC Bournemouth,2,0.8,1.8,10.4,3.0,0.6,0.2,323,161,0.4,1.4,7.8,4.0,0.8,0.6,172,86,0.4,-0.40000000000000013,2.6000000000000005,-1.0,-0.39999999999999997,151,48.6,46.8,1.8000000000000043
1920|2020-01-02|liverpool|sheffield-united,1920,2020-01-02,Liverpool,Sheffield United,2,3.0,0.4,14.6,15.0,3.0,3.0,361,181,1.2,0.8,9.4,10.0,2.0,1.6,20,10,1.8,0.4,5.199999999999999,5.0,1.4,341,62.3,,
1920|2020-01-10|sheffield-united|west-ham-united,1920,2020-01-10,Sheffield United,West Ham United,2,0.8,1.0,8.2,7.0,1.4,1.6,21,10,1.6,1.4,12.0,6.0,1.2,1.2,324,162,-0.8,0.3999999999999999,-3.8000000000000007,1.0,0.40000000000000013,-303,,48.6,
1920|2020-01-11|chelsea|burnley,1920,2020-01-11,Chelsea,Burnley,2,1.0,1.0,14.0,7.0,1.4,1.2,363,181,0.6,1.0,8.6,6.0,1.2,1.2,173,86,0.4,0.0,5.4,1.0,0.0,190,63.5,40.7,22.799999999999997
1920|2020-01-11|crystal-palace|arsenal,1920,2020-01-11,Crystal Palace,Arsenal,1,1.0,1.0,11.4,6.0,1.2,1.4,249,124,0.8,1.2,9.2,5.0,1.0,1.2,363,181,0.19999999999999996,0.19999999999999996,2.200000000000001,1.0,0.19999999999999996,-114,45.1,58.4,-13.299999999999997
1920|2020-01-11|everton|brighton-and-hove-albion,1920,2020-01-11,Everton,Brighton & Hove Albion,2,1.0,0.8,13.4,8.0,1.6,1.6,363,181,1.0,1.0,13.4,5.0,1.0,0.8,97,48,0.0,0.19999999999999996,0.0,3.0,0.8,266,51.7,41.9,9.800000000000004
1920|2020-01-11|leicester-city|southampton,1920,2020-01-11,Leicester City,Southampton,0,1.4,1.8,11.2,7.0,1.4,2.0,211,105,1.4,0.6,11.8,10.0,2.0,1.4,287,143,0.0,-1.2000000000000002,-0.6000000000000014,-3.0,0.6000000000000001,-76,51.0,43.3,7.700000000000003
1920|2020-01-11|manchester-united|norwich-city,1920,2020-01-11,Manchester United,Norwich City,2,1.4,1.2,17.4,7.0,1.4,2.2,363,181,1.0,1.4,11.8,3.0,0.6,0.8,173,86,0.3999999999999999,0.19999999999999996,5.599999999999998,4.0,1.4000000000000001,190,54.8,,
1920|2020-01-11|tottenham-hotspur|liverpool,1920,2020-01-11,Tottenham Hotspur,Liverpool,0,1.2,1.4,10.2,7.0,1.4,2.0,363,181,2.4,0.0,16.2,15.0,3.0,2.6,362,180,-1.2,-1.4,-6.0,-8.0,-0.6000000000000001,1,59.4,62.3,-2.8999999999999986
1920|2020-01-11|wolverhampton-wanderers|newcastle-united,1920,2020-01-11,Wolverhampton Wanderers,Newcastle United,1,1.4,1.6,15.6,6.0,1.2,2.0,135,67,0.6,2.0,9.8,3.0,0.6,1.2,325,162,0.7999999999999999,0.3999999999999999,5.799999999999999,3.0,0.8,-190,46.7,40.1,6.600000000000001
1920|2020-01-12|afc-bournemouth|watford,1920,2020-01-12,AFC Bournemouth,Watford,0,0.4,1.6,7.8,4.0,0.8,0.8,173,86,1.6,0.8,10.6,10.0,2.0,0.8,173,86,-1.2000000000000002,-0.8,-2.8,-6.0,0.0,0,46.8,46.7,0.09999999999999432
1920|2020-01-12|aston-villa|manchester-city,1920,2020-01-12,Aston Villa,Manchester City,0,0.8,1.8,12.0,6.0,1.2,1.2,249,124,2.4,1.0,15.2,12.0,2.4,1.4,363,181,-1.5999999999999999,-0.8,-3.1999999999999993,-6.0,-0.19999999999999996,-114,,68.3,
1920|2020-01-18|arsenal|sheffield-united,1920,2020-01-18,Arsenal,Sheffield United,1,1.0,0.8,9.4,6.0,1.2,0.8,364,182,0.6,1.0,9.4,7.0,1.4,1.4,22,11,0.4,0.19999999999999996,0.0,-1.0,-0.5999999999999999,342,58.4,,
1920|2020-01-18|brighton-and-hove-albion|aston-villa,1920,2020-01-18,Brighton & Hove Albion,Aston Villa,1,0.8,1.0,12.2,4.0,0.8,1.0,98,49,1.0,2.6,11.8,6.0,1.2,0.8,250,125,-0.19999999999999996,1.6,0.3999999999999986,-2.0,0.19999999999999996,-152,41.9,,
1920|2020-01-18|manchester-city|crystal-palace,1920,2020-01-18,Manchester City,Crystal Palace,1,3.0,1.2,16.8,12.0,2.4,2.4,364,182,1.0,1.0,10.4,6.0,1.2,1.2,250,125,2.0,-0.19999999999999996,6.4,6.0,1.2,114,68.3,45.1,23.199999999999996
1920|2020-01-18|newcastle-united|chelsea,1920,2020-01-18,Newcastle United,Chelsea,2,0.8,2.0,9.0,4.0,0.8,1.4,326,163,1.6,0.8,14.0,10.0,2.0,1.4,364,182,-0.8,-1.2,-5.0,-6.0,0.0,-38,40.1,63.5,-23.4
1920|2020-01-18|norwich-city|afc-bournemouth,1920,2020-01-18,Norwich City,AFC Bournemouth,2,0.8,2.0,11.4,2.0,0.4,0.6,174,87,0.2,2.2,7.6,1.0,0.2,0.6,174,87,0.6000000000000001,0.20000000000000018,3.8000000000000007,1.0,0.0,0,,46.8,
1920|2020-01-18|southampton|wolverhampton-wanderers,1920,2020-01-18,Southampton,Wolverhampton Wanderers,0,1.8,0.6,12.8,13.0,2.6,2.0,288,144,1.4,1.4,13.8,7.0,1.4,1.4,136,68,0.40000000000000013,0.7999999999999999,-1.0,6.0,0.6000000000000001,152,43.3,46.7,-3.4000000000000057
1920|2020-01-18|watford|tottenham-hotspur,1920,2020-01-18,Watford,Tottenham Hotspur,1,2.2,0.4,12.6,13.0,2.6,2.0,174,87,0.8,1.4,11.2,4.0,0.8,1.4,364,182,1.4000000000000001,0.9999999999999999,1.4000000000000004,9.0,0.6000000000000001,-190,46.7,59.4,-12.699999999999996
1920|2020-01-18|west-ham-united|everton,1920,2020-01-18,West Ham United,Everton,1,1.4,1.0,11.2,6.0,1.2,0.6,325,162,1.0,0.6,14.6,10.0,2.0,0.8,364,182,0.3999999999999999,-0.4,-3.4000000000000004,-4.0,-0.20000000000000007,-39,48.6,51.7,-3.1000000000000014
1920|2020-01-19|burnley|leicester-city,1920,2020-01-19,Burnley,Leicester City,2,0.4,1.6,8.6,3.0,0.6,0.6,174,87,1.4,2.0,8.6,6.0,1.2,2.4,212,106,-0.9999999999999999,0.3999999999999999,0.0,-3.0,-1.7999999999999998,-38,40.7,51.0,-10.299999999999997
1920|2020-01-19|liverpool|manchester-united,1920,2020-01-19,Liverpool,Manchester United,2,2.0,0.0,14.6,15.0,3.0,3.0,363,182,2.0,1.0,15.2,9.0,1.8,1.4,364,182,0.0,1.0,-0.5999999999999996,6.0,1.6,-1,62.3,54.8,7.5
1920|2020-01-21|afc-bournemouth|brighton-and-hove-albion,1920,2020-01-21,AFC Bournemouth,Brighton & Hove Albion,2,0.2,2.2,8.2,1.0,0.2,0.2,175,87,1.0,1.0,12.4,5.0,1.0,0.8,99,49,-0.8,-1.2000000000000002,-4.200000000000001,-4.0,-0.6000000000000001,76,46.8,41.9,4.899999999999999
1920|2020-01-21|aston-villa|watford,1920,2020-01-21,Aston Villa,Watford,2,1.0,2.2,9.6,7.0,1.4,1.2,251,125,1.8,0.4,13.4,11.0,2.2,0.8,175,87,-0.8,-1.8000000000000003,-3.8000000000000007,-4.0,0.3999999999999999,76,,46.7,
1920|2020-01-21|chelsea|arsenal,1920,2020-01-21,Chelsea,Arsenal,1,1.2,1.0,15.2,7.0,1.4,1.2,365,182,1.2,1.0,10.4,6.0,1.2,1.4,365,182,0.0,0.0,4.799999999999999,1.0,-0.19999999999999996,0,63.5,58.4,5.100000000000001
1920|2020-01-21|crystal-palace|southampton,1920,2020-01-21,Crystal Palace,Southampton,0,1.4,1.2,8.2,7.0,1.4,1.6,251,125,1.6,1.0,11.6,10.0,2.0,2.0,289,144,-0.20000000000000018,-0.19999999999999996,-3.4000000000000004,-3.0,-0.3999999999999999,-38,45.1,43.3,1.8000000000000043
1920|2020-01-21|everton|newcastle-united,1920,2020-01-21,Everton,Newcastle United,1,1.2,0.8,15.0,10.0,2.0,2.0,365,182,0.8,2.0,8.8,4.0,0.8,0.8,327,163,0.3999999999999999,1.2,6.199999999999999,6.0,1.2,38,51.7,40.1,11.600000000000001
1920|2020-01-21|sheffield-united|manchester-city,1920,2020-01-21,Sheffield United,Manchester City,0,0.6,1.2,10.4,5.0,1.0,1.6,23,11,2.8,1.4,17.2,10.0,2.0,2.0,365,182,-2.1999999999999997,0.19999999999999996,-6.799999999999999,-5.0,-0.3999999999999999,-342,,68.3,
1920|2020-01-22|leicester-city|west-ham-united,1920,2020-01-22,Leicester City,West Ham United,2,1.4,1.8,11.2,6.0,1.2,1.4,213,106,1.4,1.2,11.4,4.0,0.8,1.2,326,163,0.0,-0.6000000000000001,-0.20000000000000107,2.0,0.19999999999999996,-113,51.0,48.6,2.3999999999999986
1920|2020-01-22|manchester-united|burnley,1920,2020-01-22,Manchester United,Burnley,0,2.0,1.0,13.6,9.0,1.8,2.2,365,182,0.6,1.8,9.8,3.0,0.6,1.2,175,87,1.4,0.8,3.799999999999999,6.0,1.0000000000000002,190,54.8,40.7,14.099999999999994
1920|2020-01-22|tottenham-hotspur|norwich-city,1920,2020-01-22,Tottenham Hotspur,Norwich City,2,0.8,1.0,13.6,5.0,1.0,1.8,365,182,0.8,1.6,12.0,5.0,1.0,0.8,175,87,0.0,0.6000000000000001,1.5999999999999996,0.0,1.0,190,59.4,,
1920|2020-01-23|wolverhampton-wanderers|liverpool,1920,2020-01-23,Wolverhampton Wanderers,Liverpool,0,1.6,1.6,12.6,7.0,1.4,1.6,137,68,2.0,0.0,14.6,15.0,3.0,3.0,364,181,-0.3999999999999999,-1.6,-2.0,-8.0,-1.4,-227,46.7,62.3,-15.599999999999994
1920|2020-01-29|west-ham-united|liverpool,1920,2020-01-29,West Ham United,Liverpool,0,1.4,1.6,10.6,4.0,0.8,0.8,327,163,1.6,0.2,14.2,15.0,3.0,3.0,365,182,-0.20000000000000018,-1.4000000000000001,-3.5999999999999996,-11.0,-2.2,-38,48.6,62.3,-13.699999999999996
1920|2020-02-01|afc-bournemouth|aston-villa,1920,2020-02-01,AFC Bournemouth,Aston Villa,2,0.6,2.2,8.0,3.0,0.6,0.8,176,88,1.2,2.4,10.6,7.0,1.4,0.8,252,126,-0.6,0.19999999999999973,-2.5999999999999996,-4.0,0.0,-76,46.8,,
1920|2020-02-01|crystal-palace|sheffield-united,1920,2020-02-01,Crystal Palace,Sheffield United,0,1.0,1.4,6.8,4.0,0.8,1.6,252,126,0.4,1.2,8.0,4.0,0.8,1.4,24,12,0.6,-0.19999999999999996,-1.2000000000000002,0.0,0.20000000000000018,228,45.1,,
1920|2020-02-01|leicester-city|chelsea,1920,2020-02-01,Leicester City,Chelsea,1,2.2,1.2,14.4,9.0,1.8,1.4,214,107,1.6,1.0,17.0,8.0,1.6,1.4,366,183,0.6000000000000001,-0.19999999999999996,-2.5999999999999996,1.0,0.0,-152,51.0,63.5,-12.5
1920|2020-02-01|liverpool|southampton,1920,2020-02-01,Liverpool,Southampton,2,1.8,0.2,14.8,15.0,3.0,3.0,366,183,1.6,1.0,13.6,10.0,2.0,2.4,290,145,0.19999999999999996,0.8,1.200000000000001,5.0,0.6000000000000001,76,62.3,43.3,19.0
1920|2020-02-01|manchester-united|wolverhampton-wanderers,1920,2020-02-01,Manchester United,Wolverhampton Wanderers,1,1.2,1.2,14.0,6.0,1.2,2.0,366,183,1.2,1.6,10.6,4.0,0.8,1.4,138,69,0.0,0.40000000000000013,3.4000000000000004,2.0,0.6000000000000001,228,54.8,46.7,8.099999999999994
1920|2020-02-01|newcastle-united|norwich-city,1920,2020-02-01,Newcastle United,Norwich City,1,1.0,1.6,9.0,5.0,1.0,1.8,328,164,1.0,1.8,11.2,5.0,1.0,0.2,176,88,0.0,0.19999999999999996,-2.1999999999999993,0.0,1.6,152,40.1,,
1920|2020-02-01|watford|everton,1920,2020-02-01,Watford,Everton,0,1.8,0.6,14.0,10.0,2.0,2.2,176,88,1.4,1.2,14.2,8.0,1.6,1.0,366,183,0.40000000000000013,0.6,-0.1999999999999993,2.0,1.2000000000000002,-190,46.7,51.7,-5.0
1920|2020-02-01|west-ham-united|brighton-and-hove-albion,1920,2020-02-01,West Ham United,Brighton & Hove Albion,1,1.2,1.6,9.2,4.0,0.8,0.8,328,164,1.0,1.2,14.4,5.0,1.0,0.8,100,50,0.19999999999999996,-0.40000000000000013,-5.200000000000001,-1.0,0.0,228,48.6,41.9,6.700000000000003
1920|2020-02-02|burnley|arsenal,1920,2020-02-02,Burnley,Arsenal,1,1.0,1.6,9.6,6.0,1.2,1.2,176,88,1.4,1.2,7.4,6.0,1.2,1.4,366,183,-0.3999999999999999,-0.40000000000000013,2.1999999999999993,0.0,-0.19999999999999996,-190,40.7,58.4,-17.699999999999996
1920|2020-02-02|tottenham-hotspur|manchester-city,1920,2020-02-02,Tottenham Hotspur,Manchester City,2,0.8,1.0,14.2,5.0,1.0,1.8,366,183,2.6,0.8,19.4,13.0,2.6,2.4,366,183,-1.8,-0.19999999999999996,-5.199999999999999,-8.0,-0.5999999999999999,0,59.4,68.3,-8.899999999999999
1920|2020-02-08|brighton-and-hove-albion|watford,1920,2020-02-08,Brighton & Hove Albion,Watford,1,1.2,1.8,15.0,3.0,0.6,1.2,101,50,1.6,1.2,12.2,7.0,1.4,0.8,177,88,-0.40000000000000013,-0.6000000000000001,2.8000000000000007,-4.0,0.3999999999999999,-76,41.9,46.7,-4.800000000000004
1920|2020-02-08|everton|crystal-palace,1920,2020-02-08,Everton,Crystal Palace,2,1.6,1.4,12.2,8.0,1.6,2.2,367,183,0.8,1.4,8.4,3.0,0.6,0.8,253,126,0.8,0.0,3.799999999999999,5.0,1.4000000000000001,114,51.7,45.1,6.600000000000001
1920|2020-02-09|sheffield-united|afc-bournemouth,1920,2020-02-09,Sheffield United,AFC Bournemouth,2,0.6,0.8,8.4,7.0,1.4,1.4,25,12,1.0,2.0,9.2,6.0,1.2,0.6,177,88,-0.4,1.2,-0.7999999999999989,1.0,0.7999999999999999,-152,,46.8,
1920|2020-02-14|wolverhampton-wanderers|leicester-city,1920,2020-02-14,Wolverhampton Wanderers,Leicester City,1,1.2,1.4,11.4,5.0,1.0,1.4,139,69,2.2,1.4,14.6,7.0,1.4,1.8,215,107,-1.0000000000000002,0.0,-3.1999999999999993,-2.0,-0.40000000000000013,-76,46.7,51.0,-4.299999999999997
1920|2020-02-15|norwich-city|liverpool,1920,2020-02-15,Norwich City,Liverpool,0,0.6,1.4,14.0,5.0,1.0,1.0,177,88,2.2,0.2,14.2,15.0,3.0,3.0,367,183,-1.6,-1.2,-0.1999999999999993,-10.0,-2.0,-190,,62.3,
1920|2020-02-15|southampton|burnley,1920,2020-02-15,Southampton,Burnley,0,1.4,1.6,14.2,9.0,1.8,1.4,291,145,1.0,1.2,11.0,7.0,1.4,1.2,177,88,0.3999999999999999,-0.40000000000000013,3.1999999999999993,2.0,0.19999999999999996,114,43.3,40.7,2.5999999999999943
1920|2020-02-16|arsenal|newcastle-united,1920,2020-02-16,Arsenal,Newcastle United,2,1.2,0.8,8.6,7.0,1.4,0.8,367,183,0.8,1.2,8.0,6.0,1.2,1.0,329,164,0.3999999999999999,0.3999999999999999,0.5999999999999996,1.0,-0.19999999999999996,38,58.4,40.1,18.299999999999997
1920|2020-02-16|aston-villa|tottenham-hotspur,1920,2020-02-16,Aston Villa,Tottenham Hotspur,0,1.4,2.2,12.0,7.0,1.4,1.2,253,126,0.8,0.6,11.8,7.0,1.4,1.0,367,183,0.5999999999999999,-1.6,0.1999999999999993,0.0,0.19999999999999996,-114,,59.4,
1920|2020-02-17|chelsea|manchester-united,1920,2020-02-17,Chelsea,Manchester United,0,1.6,1.2,15.8,6.0,1.2,1.4,367,183,0.8,1.2,14.2,4.0,0.8,1.2,367,183,0.8,0.0,1.6000000000000014,2.0,0.19999999999999996,0,63.5,54.8,8.700000000000003
1920|2020-02-19|manchester-city|west-ham-united,1920,2020-02-19,Manchester City,West Ham United,2,2.2,1.2,19.8,10.0,2.0,2.0,367,183,1.0,2.2,8.8,2.0,0.4,0.6,329,164,1.2000000000000002,1.0000000000000002,11.0,8.0,1.4,38,68.3,48.6,19.699999999999996
1920|2020-02-22|burnley|afc-bournemouth,1920,2020-02-22,Burnley,AFC Bournemouth,2,1.2,1.0,8.8,10.0,2.0,1.4,178,89,1.2,1.6,10.6,6.0,1.2,0.6,178,89,0.0,0.6000000000000001,-1.799999999999999,4.0,0.7999999999999999,0,40.7,46.8,-6.099999999999994
1920|2020-02-22|chelsea|tottenham-hotspur,1920,2020-02-22,Chelsea,Tottenham Hotspur,2,1.4,1.4,16.0,5.0,1.0,0.8,368,184,1.4,0.8,14.2,10.0,2.0,1.6,368,184,0.0,-0.5999999999999999,1.8000000000000007,-5.0,-0.8,0,63.5,59.4,4.100000000000001
1920|2020-02-22|crystal-palace|newcastle-united,1920,2020-02-22,Crystal Palace,Newcastle United,2,0.8,1.8,8.0,2.0,0.4,1.0,254,127,0.8,1.4,9.0,6.0,1.2,0.4,330,165,0.0,-0.40000000000000013,-1.0,-4.0,0.6,-76,45.1,40.1,5.0
1920|2020-02-22|leicester-city|manchester-city,1920,2020-02-22,Leicester City,Manchester City,0,1.6,1.4,13.0,5.0,1.0,1.0,216,108,2.2,1.0,20.6,10.0,2.0,1.8,368,184,-0.6000000000000001,-0.3999999999999999,-7.600000000000001,-5.0,-0.8,-152,51.0,68.3,-17.299999999999997
1920|2020-02-22|sheffield-united|brighton-and-hove-albion,1920,2020-02-22,Sheffield United,Brighton & Hove Albion,1,1.0,0.6,11.0,10.0,2.0,2.0,26,13,1.2,1.8,13.8,3.0,0.6,0.4,102,51,-0.19999999999999996,1.2000000000000002,-2.8000000000000007,7.0,1.6,-76,,41.9,
1920|2020-02-22|southampton|aston-villa,1920,2020-02-22,Southampton,Aston Villa,2,1.4,2.0,13.8,6.0,1.2,0.8,292,146,1.4,2.6,13.4,4.0,0.8,0.8,254,127,0.0,0.6000000000000001,0.40000000000000036,2.0,0.0,38,43.3,,
1920|2020-02-23|arsenal|everton,1920,2020-02-23,Arsenal,Everton,2,1.6,0.8,9.6,7.0,1.4,1.4,368,184,2.0,1.2,13.6,11.0,2.2,1.6,368,184,-0.3999999999999999,0.3999999999999999,-4.0,-4.0,-0.20000000000000018,0,58.4,51.7,6.699999999999996
1920|2020-02-23|manchester-united|watford,1920,2020-02-23,Manchester United,Watford,2,1.2,0.8,14.0,7.0,1.4,1.6,368,184,1.4,1.2,11.4,5.0,1.0,1.0,178,89,-0.19999999999999996,0.3999999999999999,2.5999999999999996,2.0,0.6000000000000001,190,54.8,46.7,8.099999999999994
1920|2020-02-23|wolverhampton-wanderers|norwich-city,1920,2020-02-23,Wolverhampton Wanderers,Norwich City,2,1.0,1.0,11.2,6.0,1.2,1.0,140,70,0.4,1.4,12.0,4.0,0.8,0.4,178,89,0.6,0.3999999999999999,-0.8000000000000007,2.0,0.6,-38,46.7,,
1920|2020-02-24|liverpool|west-ham-united,1920,2020-02-24,Liverpool,West Ham United,2,2.2,0.2,15.0,15.0,3.0,3.0,368,184,1.0,2.4,8.0,2.0,0.4,0.6,330,165,1.2000000000000002,2.1999999999999997,7.0,13.0,2.4,38,62.3,48.6,13.699999999999996
1920|2020-02-28|norwich-city|leicester-city,1920,2020-02-28,Norwich City,Leicester City,2,0.4,1.2,11.6,4.0,0.8,1.0,179,89,1.4,1.2,14.0,5.0,1.0,1.4,217,108,-0.9999999999999999,0.0,-2.4000000000000004,-1.0,-0.3999999999999999,-38,,51.0,
1920|2020-02-29|afc-bournemouth|chelsea,1920,2020-02-29,AFC Bournemouth,Chelsea,1,1.2,1.6,11.0,6.0,1.2,1.4,179,89,1.2,1.6,15.8,5.0,1.0,1.6,369,184,0.0,0.0,-4.800000000000001,1.0,-0.20000000000000018,-190,46.8,63.5,-16.700000000000003
1920|2020-02-29|brighton-and-hove-albion|crystal-palace,1920,2020-02-29,Brighton & Hove Albion,Crystal Palace,0,1.4,1.8,13.6,4.0,0.8,1.2,103,51,0.8,1.6,10.4,4.0,0.8,0.6,255,127,0.5999999999999999,-0.19999999999999996,3.1999999999999993,0.0,0.6,-152,41.9,45.1,-3.200000000000003
1920|2020-02-29|newcastle-united|burnley,1920,2020-02-29,Newcastle United,Burnley,1,0.6,1.4,9.6,5.0,1.0,1.4,331,165,1.8,0.4,10.6,13.0,2.6,1.8,179,89,-1.2000000000000002,-0.9999999999999999,-1.0,-8.0,-0.40000000000000013,152,40.1,40.7,-0.6000000000000014
1920|2020-02-29|watford|liverpool,1920,2020-02-29,Watford,Liverpool,2,0.8,1.8,9.2,2.0,0.4,2.0,179,89,2.4,0.6,16.8,15.0,3.0,3.0,369,184,-1.5999999999999999,-1.2000000000000002,-7.600000000000001,-13.0,-1.0,-190,46.7,62.3,-15.599999999999994
1920|2020-02-29|west-ham-united|southampton,1920,2020-02-29,West Ham United,Southampton,2,1.2,2.8,7.0,1.0,0.2,1.0,331,165,1.4,1.8,16.2,6.0,1.2,2.4,293,146,-0.19999999999999996,-0.9999999999999998,-9.2,-5.0,-1.4,38,48.6,43.3,5.300000000000004
1920|2020-03-01|everton|manchester-united,1920,2020-03-01,Everton,Manchester United,1,2.2,1.8,14.2,8.0,1.6,2.2,369,184,1.0,0.8,15.6,7.0,1.4,1.2,369,184,1.2000000000000002,-1.0,-1.4000000000000004,1.0,1.0000000000000002,0,51.7,54.8,-3.0999999999999943
1920|2020-03-01|tottenham-hotspur|wolverhampton-wanderers,1920,2020-03-01,Tottenham Hotspur,Wolverhampton Wanderers,0,1.6,1.0,12.4,10.0,2.0,1.8,369,184,1.4,0.8,13.2,8.0,1.6,1.4,141,70,0.20000000000000018,-0.19999999999999996,-0.7999999999999989,2.0,0.40000000000000013,228,59.4,46.7,12.699999999999996
1920|2020-03-07|arsenal|west-ham-united,1920,2020-03-07,Arsenal,West Ham United,2,2.0,1.0,10.0,9.0,1.8,2.0,369,185,1.6,2.2,8.6,4.0,0.8,0.0,332,166,0.3999999999999999,1.2000000000000002,1.4000000000000004,5.0,2.0,37,58.4,48.6,9.799999999999997
1920|2020-03-07|burnley|tottenham-hotspur,1920,2020-03-07,Burnley,Tottenham Hotspur,1,1.4,0.2,10.6,11.0,2.2,1.4,180,90,2.0,1.6,11.6,9.0,1.8,1.0,370,185,-0.6000000000000001,1.4000000000000001,-1.0,2.0,0.3999999999999999,-190,40.7,59.4,-18.699999999999996
1920|2020-03-07|crystal-palace|watford,1920,2020-03-07,Crystal Palace,Watford,2,0.6,1.2,11.8,6.0,1.2,1.4,256,128,1.4,1.8,9.0,4.0,0.8,1.0,180,90,-0.7999999999999999,0.6000000000000001,2.8000000000000007,2.0,0.3999999999999999,76,45.1,46.7,-1.6000000000000014
1920|2020-03-07|liverpool|afc-bournemouth,1920,2020-03-07,Liverpool,AFC Bournemouth,2,2.0,1.0,15.6,12.0,2.4,3.0,370,185,1.6,1.8,11.6,7.0,1.4,0.0,180,90,0.3999999999999999,0.8,4.0,5.0,3.0,190,62.3,46.8,15.5
1920|2020-03-07|sheffield-united|norwich-city,1920,2020-03-07,Sheffield United,Norwich City,2,1.0,0.8,11.2,8.0,1.6,1.6,27,14,0.4,1.2,10.6,4.0,0.8,0.2,180,90,0.6,0.3999999999999999,0.5999999999999996,4.0,1.4000000000000001,-153,,,
1920|2020-03-07|southampton|newcastle-united,1920,2020-03-07,Southampton,Newcastle United,0,1.2,1.8,16.0,6.0,1.2,1.4,294,147,0.4,1.4,12.4,3.0,0.6,0.4,332,166,0.7999999999999999,-0.40000000000000013,3.5999999999999996,3.0,0.9999999999999999,-38,43.3,40.1,3.1999999999999957
1920|2020-03-07|wolverhampton-wanderers|brighton-and-hove-albion,1920,2020-03-07,Wolverhampton Wanderers,Brighton & Hove Albion,1,1.4,0.8,14.4,8.0,1.6,1.6,142,71,1.2,1.8,16.4,3.0,0.6,0.4,104,52,0.19999999999999996,1.0,-1.9999999999999982,5.0,1.2000000000000002,38,46.7,41.9,4.800000000000004
1920|2020-03-08|chelsea|everton,1920,2020-03-08,Chelsea,Everton,2,1.6,1.8,16.6,6.0,1.2,1.4,370,185,2.2,1.8,15.2,8.0,1.6,1.4,370,185,-0.6000000000000001,0.0,1.4000000000000021,-2.0,0.0,0,63.5,51.7,11.799999999999997
1920|2020-03-08|manchester-united|manchester-city,1920,2020-03-08,Manchester United,Manchester City,2,1.2,0.6,16.6,8.0,1.6,2.0,370,185,1.2,0.8,19.8,10.0,2.0,1.8,369,185,0.0,0.20000000000000007,-3.1999999999999993,-2.0,0.19999999999999996,1,54.8,68.3,-13.5
1920|2020-03-09|leicester-city|aston-villa,1920,2020-03-09,Leicester City,Aston Villa,2,1.2,1.0,14.2,5.0,1.0,0.8,218,109,1.2,1.8,12.8,4.0,0.8,0.8,255,128,0.0,0.8,1.3999999999999986,1.0,0.0,-37,51.0,,
1920|2020-06-17|aston-villa|sheffield-united,1920,2020-06-17,Aston Villa,Sheffield United,1,1.0,2.4,12.0,3.0,0.6,1.2,256,127,1.0,0.6,10.8,10.0,2.0,1.4,28,13,0.0,-1.7999999999999998,1.1999999999999993,-7.0,-0.19999999999999996,228,,,
1920|2020-06-17|manchester-city|arsenal,1920,2020-06-17,Manchester City,Arsenal,2,0.8,0.8,16.2,9.0,1.8,2.6,370,184,2.0,0.8,9.6,11.0,2.2,1.0,370,184,-1.2,0.0,6.6,-2.0,1.6,0,68.3,58.4,9.899999999999999
1920|2020-06-19|norwich-city|southampton,1920,2020-06-19,Norwich City,Southampton,0,0.2,1.0,10.6,4.0,0.8,1.6,181,90,0.8,2.0,14.2,3.0,0.6,1.8,295,147,-0.6000000000000001,1.0,-3.5999999999999996,1.0,-0.19999999999999996,-114,,43.3,
1920|2020-06-19|tottenham-hotspur|manchester-united,1920,2020-06-19,Tottenham Hotspur,Manchester United,1,1.8,1.6,11.4,7.0,1.4,1.8,371,185,1.6,0.2,14.2,11.0,2.2,1.4,371,185,0.19999999999999996,-1.4000000000000001,-2.799999999999999,-4.0,0.40000000000000013,0,59.4,54.8,4.600000000000001
1920|2020-06-20|afc-bournemouth|crystal-palace,1920,2020-06-20,AFC Bournemouth,Crystal Palace,0,1.2,2.0,10.6,4.0,0.8,1.6,181,90,0.8,0.8,12.6,9.0,1.8,1.2,257,128,0.3999999999999999,-1.2,-2.0,-5.0,0.40000000000000013,-76,46.8,45.1,1.6999999999999957
1920|2020-06-20|brighton-and-hove-albion|arsenal,1920,2020-06-20,Brighton & Hove Albion,Arsenal,2,1.0,1.2,13.6,4.0,0.8,1.2,105,52,1.6,1.0,9.8,10.0,2.0,0.8,371,185,-0.6000000000000001,-0.19999999999999996,3.799999999999999,-6.0,0.3999999999999999,-266,41.9,58.4,-16.5
1920|2020-06-20|watford|leicester-city,1920,2020-06-20,Watford,Leicester City,1,1.2,1.6,9.4,4.0,0.8,2.0,181,90,1.2,0.8,13.4,5.0,1.0,1.4,219,109,0.0,-0.8,-4.0,-1.0,0.6000000000000001,-38,46.7,51.0,-4.299999999999997
1920|2020-06-20|west-ham-united|wolverhampton-wanderers,1920,2020-06-20,West Ham United,Wolverhampton Wanderers,0,1.6,2.0,10.0,4.0,0.8,1.6,333,166,1.2,0.4,14.6,9.0,1.8,1.4,143,71,0.40000000000000013,-1.6,-4.6,-5.0,0.20000000000000018,190,48.6,46.7,1.8999999999999986
1920|2020-06-21|aston-villa|chelsea,1920,2020-06-21,Aston Villa,Chelsea,0,0.6,2.2,11.6,1.0,0.2,1.4,257,128,2.0,1.4,16.2,8.0,1.6,1.2,371,185,-1.4,-0.8000000000000003,-4.6,-7.0,0.19999999999999996,-114,,63.5,
1920|2020-06-21|everton|liverpool,1920,2020-06-21,Everton,Liverpool,1,1.8,2.2,12.4,7.0,1.4,2.2,371,185,2.0,1.2,15.8,12.0,2.4,2.4,371,185,-0.19999999999999996,-1.0000000000000002,-3.4000000000000004,-5.0,-0.19999999999999973,0,51.7,62.3,-10.599999999999994
1920|2020-06-21|newcastle-united|sheffield-united,1920,2020-06-21,Newcastle United,Sheffield United,2,0.2,1.0,13.6,5.0,1.0,1.0,333,166,1.0,0.4,11.0,11.0,2.2,1.0,29,14,-0.8,-0.6,2.5999999999999996,-6.0,0.0,304,40.1,,
1920|2020-06-22|manchester-city|burnley,1920,2020-06-22,Manchester City,Burnley,2,1.2,0.8,16.6,9.0,1.8,2.6,371,185,1.2,0.4,13.8,9.0,1.8,1.4,181,90,0.0,-0.4,2.8000000000000007,0.0,1.2000000000000002,190,68.3,40.7,27.599999999999994
1920|2020-06-23|leicester-city|brighton-and-hove-albion,1920,2020-06-23,Leicester City,Brighton & Hove Albion,1,1.0,0.6,13.6,5.0,1.0,1.4,220,110,0.8,0.8,11.6,6.0,1.2,0.6,106,53,0.19999999999999996,0.20000000000000007,2.0,-1.0,0.7999999999999999,114,51.0,41.9,9.100000000000001
1920|2020-06-23|tottenham-hotspur|west-ham-united,1920,2020-06-23,Tottenham Hotspur,West Ham United,2,1.6,1.8,12.8,5.0,1.0,1.4,372,186,1.0,1.8,9.0,3.0,0.6,0.0,334,167,0.6000000000000001,0.0,3.8000000000000007,2.0,1.4,38,59.4,48.6,10.799999999999997
1920|2020-06-24|liverpool|crystal-palace,1920,2020-06-24,Liverpool,Crystal Palace,2,1.2,1.2,14.6,10.0,2.0,3.0,372,186,1.2,0.6,11.4,12.0,2.4,1.6,258,129,0.0,-0.6,3.1999999999999993,-2.0,1.4,114,62.3,45.1,17.199999999999996
1920|2020-06-24|manchester-united|sheffield-united,1920,2020-06-24,Manchester United,Sheffield United,2,1.8,0.4,13.6,11.0,2.2,2.0,372,186,0.8,1.0,10.4,8.0,1.6,1.0,30,15,1.0,0.6,3.1999999999999993,3.0,1.0,342,54.8,,
1920|2020-06-24|newcastle-united|aston-villa,1920,2020-06-24,Newcastle United,Aston Villa,1,0.8,1.0,13.0,7.0,1.4,1.6,334,167,0.6,2.2,9.6,1.0,0.2,0.8,258,129,0.20000000000000007,1.2000000000000002,3.4000000000000004,6.0,0.8,76,40.1,,
1920|2020-06-24|norwich-city|everton,1920,2020-06-24,Norwich City,Everton,0,0.2,1.6,8.6,3.0,0.6,1.4,182,91,1.2,1.8,11.8,5.0,1.0,0.8,372,186,-1.0,0.19999999999999996,-3.200000000000001,-2.0,0.5999999999999999,-190,,51.7,
1920|2020-06-24|wolverhampton-wanderers|afc-bournemouth,1920,2020-06-24,Wolverhampton Wanderers,AFC Bournemouth,2,1.6,0.4,13.8,11.0,2.2,1.2,144,72,0.8,2.2,9.8,1.0,0.2,0.0,182,91,0.8,1.8000000000000003,4.0,10.0,1.2,-38,46.7,46.8,-0.09999999999999432
1920|2020-06-25|burnley|watford,1920,2020-06-25,Burnley,Watford,2,1.2,1.4,11.0,8.0,1.6,1.6,182,91,1.0,1.2,8.8,5.0,1.0,0.8,182,91,0.19999999999999996,-0.19999999999999996,2.1999999999999993,3.0,0.8,0,40.7,46.7,-6.0
1920|2020-06-25|chelsea|manchester-city,1920,2020-06-25,Chelsea,Manchester City,2,2.0,1.2,18.6,10.0,2.0,2.0,372,186,2.2,0.4,16.8,12.0,2.4,1.8,372,186,-0.20000000000000018,-0.7999999999999999,1.8000000000000007,-2.0,0.19999999999999996,0,63.5,68.3,-4.799999999999997
1920|2020-06-25|southampton|arsenal,1920,2020-06-25,Southampton,Arsenal,0,1.4,1.2,15.2,6.0,1.2,1.2,296,148,1.8,1.4,9.8,9.0,1.8,0.6,372,186,-0.40000000000000013,0.19999999999999996,5.399999999999999,-3.0,0.6,-76,43.3,58.4,-15.100000000000001
1920|2020-06-27|aston-villa|wolverhampton-wanderers,1920,2020-06-27,Aston Villa,Wolverhampton Wanderers,0,0.4,1.8,8.8,2.0,0.4,0.8,259,129,1.8,0.4,12.8,13.0,2.6,2.0,145,72,-1.4,-1.4,-4.0,-11.0,-1.2,114,,46.7,
1920|2020-06-28|watford|southampton,1920,2020-06-28,Watford,Southampton,0,0.8,1.2,9.8,4.0,0.8,1.6,183,91,1.2,1.2,15.6,6.0,1.2,1.8,297,148,-0.3999999999999999,0.0,-5.799999999999999,-2.0,-0.19999999999999996,-114,46.7,43.3,3.4000000000000057
1920|2020-06-29|crystal-palace|burnley,1920,2020-06-29,Crystal Palace,Burnley,0,1.0,0.8,10.0,12.0,2.4,1.4,259,129,1.0,1.2,11.0,8.0,1.6,1.4,183,91,0.0,0.3999999999999999,-1.0,4.0,0.0,76,45.1,40.7,4.399999999999999
1920|2020-06-30|brighton-and-hove-albion|manchester-united,1920,2020-06-30,Brighton & Hove Albion,Manchester United,0,0.6,0.6,11.6,6.0,1.2,1.2,107,53,2.0,0.4,14.8,11.0,2.2,1.0,373,186,-1.4,-0.19999999999999996,-3.200000000000001,-5.0,0.19999999999999996,-266,41.9,54.8,-12.899999999999999
1920|2020-07-01|afc-bournemouth|newcastle-united,1920,2020-07-01,AFC Bournemouth,Newcastle United,0,0.6,2.0,8.6,1.0,0.2,1.4,183,91,1.0,0.4,13.6,8.0,1.6,1.0,335,167,-0.4,-1.6,-5.0,-7.0,0.3999999999999999,-152,46.8,40.1,6.699999999999996
1920|2020-07-01|arsenal|norwich-city,1920,2020-07-01,Arsenal,Norwich City,2,1.4,1.4,8.8,9.0,1.8,2.6,373,186,0.2,1.6,9.4,3.0,0.6,0.2,183,91,1.2,0.20000000000000018,-0.5999999999999996,6.0,2.4,190,58.4,,
1920|2020-07-01|everton|leicester-city,1920,2020-07-01,Everton,Leicester City,2,0.8,1.6,11.4,5.0,1.0,1.8,373,186,1.0,0.6,14.0,5.0,1.0,1.0,221,110,-0.19999999999999996,-1.0,-2.5999999999999996,0.0,0.8,152,51.7,51.0,0.7000000000000028
1920|2020-07-01|west-ham-united|chelsea,1920,2020-07-01,West Ham United,Chelsea,2,1.0,1.8,10.4,3.0,0.6,1.0,335,167,2.4,1.0,18.2,13.0,2.6,1.2,373,186,-1.4,-0.8,-7.799999999999999,-10.0,-0.19999999999999996,-38,48.6,63.5,-14.899999999999999
1920|2020-07-02|manchester-city|liverpool,1920,2020-07-02,Manchester City,Liverpool,2,2.0,0.8,15.0,9.0,1.8,2.6,373,186,1.8,1.2,15.4,10.0,2.0,2.0,373,186,0.19999999999999996,0.3999999999999999,-0.40000000000000036,-1.0,0.6000000000000001,0,68.3,62.3,6.0
1920|2020-07-02|sheffield-united|tottenham-hotspur,1920,2020-07-02,Sheffield United,Tottenham Hotspur,2,0.4,1.4,8.0,5.0,1.0,2.0,31,15,1.4,1.4,11.2,5.0,1.0,1.0,373,186,-0.9999999999999999,0.0,-3.1999999999999993,0.0,1.0,-342,,59.4,
1920|2020-07-04|chelsea|watford,1920,2020-07-04,Chelsea,Watford,2,2.4,1.4,18.2,10.0,2.0,2.0,374,187,1.0,1.2,10.0,4.0,0.8,0.2,184,92,1.4,-0.19999999999999996,8.2,6.0,1.8,190,63.5,46.7,16.799999999999997
1920|2020-07-04|leicester-city|crystal-palace,1920,2020-07-04,Leicester City,Crystal Palace,2,1.2,0.8,15.0,5.0,1.0,1.6,222,111,0.8,1.0,9.8,9.0,1.8,1.4,260,130,0.3999999999999999,0.19999999999999996,5.199999999999999,-4.0,0.20000000000000018,-38,51.0,45.1,5.899999999999999
1920|2020-07-04|manchester-united|afc-bournemouth,1920,2020-07-04,Manchester United,AFC Bournemouth,2,2.0,0.4,13.0,11.0,2.2,2.0,374,187,0.8,2.2,8.6,1.0,0.2,0.0,184,92,1.2,1.8000000000000003,4.4,10.0,2.0,190,54.8,46.8,8.0
1920|2020-07-04|norwich-city|brighton-and-hove-albion,1920,2020-07-04,Norwich City,Brighton & Hove Albion,0,0.2,1.8,9.8,3.0,0.6,1.2,184,92,0.4,1.0,11.6,5.0,1.0,0.8,108,54,-0.2,-0.8,-1.799999999999999,-2.0,0.3999999999999999,76,,41.9,
1920|2020-07-04|wolverhampton-wanderers|arsenal,1920,2020-07-04,Wolverhampton Wanderers,Arsenal,0,1.4,0.4,10.8,13.0,2.6,1.6,146,73,1.6,1.0,9.6,9.0,1.8,1.0,374,187,-0.20000000000000018,0.6,1.200000000000001,4.0,0.6000000000000001,-228,46.7,58.4,-11.699999999999996
1920|2020-07-05|burnley|sheffield-united,1920,2020-07-05,Burnley,Sheffield United,1,0.6,1.2,9.4,8.0,1.6,2.2,184,92,0.8,1.4,6.6,7.0,1.4,1.0,32,16,-0.20000000000000007,0.19999999999999996,2.8000000000000007,1.0,1.2000000000000002,152,40.7,,
1920|2020-07-05|liverpool|aston-villa,1920,2020-07-05,Liverpool,Aston Villa,2,1.2,1.6,12.6,7.0,1.4,3.0,374,187,0.4,1.6,10.2,2.0,0.4,0.4,260,130,0.7999999999999999,0.0,2.4000000000000004,5.0,2.6,114,62.3,,
1920|2020-07-05|newcastle-united|west-ham-united,1920,2020-07-05,Newcastle United,West Ham United,1,1.8,0.4,14.4,11.0,2.2,1.8,336,168,1.2,1.6,11.0,6.0,1.2,0.0,336,168,0.6000000000000001,1.2000000000000002,3.4000000000000004,5.0,1.8,0,40.1,48.6,-8.5
1920|2020-07-05|southampton|manchester-city,1920,2020-07-05,Southampton,Manchester City,2,1.4,1.4,12.2,6.0,1.2,0.6,298,149,2.6,0.8,14.2,9.0,1.8,1.2,374,187,-1.2000000000000002,-0.5999999999999999,-2.0,-3.0,-0.6,-76,43.3,68.3,-25.0
1920|2020-07-06|tottenham-hotspur|everton,1920,2020-07-06,Tottenham Hotspur,Everton,2,1.4,1.6,12.0,5.0,1.0,2.0,374,187,0.8,1.2,9.4,8.0,1.6,1.4,374,187,0.5999999999999999,-0.40000000000000013,2.5999999999999996,-3.0,0.6000000000000001,0,59.4,51.7,7.699999999999996
1920|2020-07-07|arsenal|leicester-city,1920,2020-07-07,Arsenal,Leicester City,1,1.8,1.0,9.4,9.0,1.8,2.6,375,187,1.8,0.6,14.2,8.0,1.6,0.4,223,111,0.0,-0.4,-4.799999999999999,1.0,2.2,152,58.4,51.0,7.399999999999999
1920|2020-07-07|crystal-palace|chelsea,1920,2020-07-07,Crystal Palace,Chelsea,0,0.6,1.6,8.8,6.0,1.2,1.2,261,130,2.6,1.0,17.8,12.0,2.4,1.0,375,187,-2.0,-0.6000000000000001,-9.0,-6.0,0.19999999999999996,-114,45.1,63.5,-18.4
1920|2020-07-07|watford|norwich-city,1920,2020-07-07,Watford,Norwich City,2,0.4,1.8,8.6,1.0,0.2,1.0,185,92,0.0,2.0,10.0,0.0,0.0,0.2,185,92,0.4,0.19999999999999996,-1.4000000000000004,1.0,0.8,0,46.7,,
1920|2020-07-08|brighton-and-hove-albion|liverpool,1920,2020-07-08,Brighton & Hove Albion,Liverpool,0,0.6,0.8,8.4,8.0,1.6,1.0,109,54,1.6,1.0,12.4,10.0,2.0,1.4,375,187,-1.0,0.19999999999999996,-4.0,-2.0,-0.3999999999999999,-266,41.9,62.3,-20.4
1920|2020-07-08|manchester-city|newcastle-united,1920,2020-07-08,Manchester City,Newcastle United,2,2.6,0.6,18.0,9.0,1.8,2.6,375,187,2.2,0.8,12.4,11.0,2.2,1.4,337,168,0.3999999999999999,0.20000000000000007,5.6,-2.0,1.2000000000000002,38,68.3,40.1,28.199999999999996
1920|2020-07-08|sheffield-united|wolverhampton-wanderers,1920,2020-07-08,Sheffield United,Wolverhampton Wanderers,2,0.8,1.6,6.6,5.0,1.0,2.0,33,16,0.8,0.4,10.0,10.0,2.0,2.6,147,73,0.0,-1.2000000000000002,-3.4000000000000004,-5.0,-0.6000000000000001,-114,,46.7,
1920|2020-07-08|west-ham-united|burnley,1920,2020-07-08,West Ham United,Burnley,0,1.0,1.8,11.6,4.0,0.8,1.4,337,168,0.8,1.4,9.6,8.0,1.6,2.0,185,92,0.19999999999999996,-0.40000000000000013,2.0,-4.0,-0.6000000000000001,152,48.6,40.7,7.899999999999999
1920|2020-07-09|afc-bournemouth|tottenham-hotspur,1920,2020-07-09,AFC Bournemouth,Tottenham Hotspur,1,0.8,2.8,8.2,0.0,0.0,1.4,185,92,1.2,1.0,11.8,8.0,1.6,1.0,375,187,-0.3999999999999999,-1.7999999999999998,-3.6000000000000014,-8.0,0.3999999999999999,-190,46.8,59.4,-12.600000000000001
1920|2020-07-09|aston-villa|manchester-united,1920,2020-07-09,Aston Villa,Manchester United,0,0.4,1.2,11.2,2.0,0.4,0.8,261,130,2.8,0.6,14.0,13.0,2.6,1.6,375,187,-2.4,-0.6,-2.8000000000000007,-11.0,-0.8,-114,,54.8,
1920|2020-07-09|everton|southampton,1920,2020-07-09,Everton,Southampton,1,0.6,1.2,8.4,7.0,1.4,1.8,375,187,1.4,0.8,11.8,9.0,1.8,1.8,299,149,-0.7999999999999999,-0.3999999999999999,-3.4000000000000004,-2.0,0.0,76,51.7,43.3,8.400000000000006
1920|2020-07-11|brighton-and-hove-albion|manchester-city,1920,2020-07-11,Brighton & Hove Albion,Manchester City,0,0.8,1.4,9.4,7.0,1.4,0.8,110,55,3.0,0.6,18.6,9.0,1.8,0.6,376,188,-2.2,-0.7999999999999999,-9.200000000000001,-2.0,0.20000000000000007,-266,41.9,68.3,-26.4
1920|2020-07-11|liverpool|burnley,1920,2020-07-11,Liverpool,Burnley,1,1.8,1.0,13.4,10.0,2.0,3.0,376,188,0.8,1.2,7.0,10.0,2.0,2.0,186,93,1.0,0.19999999999999996,6.4,0.0,1.0,190,62.3,40.7,21.599999999999994
1920|2020-07-11|norwich-city|west-ham-united,1920,2020-07-11,Norwich City,West Ham United,0,0.2,2.2,10.0,0.0,0.0,0.6,186,93,1.0,1.8,13.0,4.0,0.8,0.2,338,169,-0.8,-0.40000000000000013,-3.0,-4.0,0.39999999999999997,-152,,48.6,
1920|2020-07-11|sheffield-united|chelsea,1920,2020-07-11,Sheffield United,Chelsea,2,1.0,1.6,7.0,7.0,1.4,2.6,34,17,2.4,1.4,17.2,12.0,2.4,1.6,376,188,-1.4,-0.20000000000000018,-10.2,-5.0,1.0,-342,,63.5,
1920|2020-07-11|watford|newcastle-united,1920,2020-07-11,Watford,Newcastle United,2,0.8,1.8,8.4,4.0,0.8,1.4,186,93,2.0,1.8,10.8,8.0,1.6,1.2,338,169,-1.2,0.0,-2.4000000000000004,-4.0,0.19999999999999996,-152,46.7,40.1,6.600000000000001
1920|2020-07-12|afc-bournemouth|leicester-city,1920,2020-07-12,AFC Bournemouth,Leicester City,2,0.6,2.4,8.8,1.0,0.2,1.0,186,93,1.2,0.8,13.8,6.0,1.2,0.6,224,112,-0.6,-1.5999999999999999,-5.0,-5.0,0.4,-38,46.8,51.0,-4.200000000000003
1920|2020-07-12|aston-villa|crystal-palace,1920,2020-07-12,Aston Villa,Crystal Palace,2,0.4,1.8,10.2,1.0,0.2,0.2,262,131,0.8,2.2,9.4,3.0,0.6,1.2,262,131,-0.4,0.40000000000000013,0.7999999999999989,-2.0,-1.0,0,,45.1,
1920|2020-07-12|tottenham-hotspur|arsenal,1920,2020-07-12,Tottenham Hotspur,Arsenal,2,1.0,0.8,11.0,8.0,1.6,2.0,376,188,2.0,0.6,11.0,10.0,2.0,1.4,376,188,-1.0,-0.20000000000000007,0.0,-2.0,0.6000000000000001,0,59.4,58.4,1.0
1920|2020-07-12|wolverhampton-wanderers|everton,1920,2020-07-12,Wolverhampton Wanderers,Everton,2,0.8,0.6,9.0,9.0,1.8,1.6,148,74,0.8,0.6,10.0,8.0,1.6,1.2,376,188,0.0,0.0,-1.0,1.0,0.40000000000000013,-228,46.7,51.7,-5.0
1920|2020-07-13|manchester-united|southampton,1920,2020-07-13,Manchester United,Southampton,1,3.0,0.6,14.4,13.0,2.6,2.6,376,188,1.6,0.8,14.0,10.0,2.0,1.4,300,150,1.4,0.20000000000000007,0.40000000000000036,3.0,1.2000000000000002,76,54.8,43.3,11.5
1920|2020-07-14|chelsea|norwich-city,1920,2020-07-14,Chelsea,Norwich City,2,2.0,1.8,16.4,9.0,1.8,2.4,377,188,0.2,2.4,10.4,0.0,0.0,0.2,187,93,1.8,0.5999999999999999,5.999999999999998,9.0,2.1999999999999997,190,63.5,,
1920|2020-07-15|arsenal|liverpool,1920,2020-07-15,Arsenal,Liverpool,2,2.0,0.6,11.0,10.0,2.0,2.6,377,188,2.0,1.2,16.0,10.0,2.0,1.4,377,188,0.0,0.6,-5.0,0.0,1.2000000000000002,0,58.4,62.3,-3.8999999999999986
1920|2020-07-15|burnley|wolverhampton-wanderers,1920,2020-07-15,Burnley,Wolverhampton Wanderers,1,1.0,0.4,8.0,11.0,2.2,1.8,187,93,1.0,0.6,9.8,9.0,1.8,2.0,149,74,0.0,0.19999999999999996,-1.8000000000000007,2.0,-0.19999999999999996,38,40.7,46.7,-6.0
1920|2020-07-15|manchester-city|afc-bournemouth,1920,2020-07-15,Manchester City,AFC Bournemouth,2,3.0,0.6,20.0,9.0,1.8,3.0,377,188,1.4,2.2,8.4,4.0,0.8,0.0,187,93,1.6,1.6,11.6,5.0,3.0,190,68.3,46.8,21.5
1920|2020-07-15|newcastle-united|tottenham-hotspur,1920,2020-07-15,Newcastle United,Tottenham Hotspur,0,1.6,2.2,10.0,5.0,1.0,1.4,339,169,1.2,0.8,12.0,10.0,2.0,1.0,377,188,0.40000000000000013,-1.4000000000000001,-2.0,-5.0,0.3999999999999999,-38,40.1,59.4,-19.299999999999997
1920|2020-07-16|crystal-palace|manchester-united,1920,2020-07-16,Crystal Palace,Manchester United,0,0.4,2.6,9.8,0.0,0.0,1.2,263,131,3.2,0.8,13.6,13.0,2.6,2.2,377,188,-2.8000000000000003,-1.8,-3.799999999999999,-13.0,-1.0000000000000002,-114,45.1,54.8,-9.699999999999996
1920|2020-07-16|everton|aston-villa,1920,2020-07-16,Everton,Aston Villa,1,0.8,1.2,9.4,7.0,1.4,1.8,377,188,0.6,1.4,11.0,4.0,0.8,0.2,263,131,0.20000000000000007,0.19999999999999996,-1.5999999999999996,3.0,1.6,114,51.7,,
1920|2020-07-16|leicester-city|sheffield-united,1920,2020-07-16,Leicester City,Sheffield United,2,1.2,1.4,13.4,5.0,1.0,1.6,225,112,1.6,1.0,7.4,10.0,2.0,1.0,35,17,-0.40000000000000013,-0.3999999999999999,6.0,-5.0,0.6000000000000001,190,51.0,,
1920|2020-07-16|southampton|brighton-and-hove-albion,1920,2020-07-16,Southampton,Brighton & Hove Albion,1,1.4,1.2,11.4,8.0,1.6,1.2,301,150,0.4,2.2,8.2,4.0,0.8,1.4,111,55,0.9999999999999999,1.0000000000000002,3.200000000000001,4.0,-0.19999999999999996,190,43.3,41.9,1.3999999999999986
1920|2020-07-17|west-ham-united|watford,1920,2020-07-17,West Ham United,Watford,2,1.8,1.4,15.4,7.0,1.4,1.4,339,169,1.0,1.8,10.2,6.0,1.2,0.2,187,93,0.8,0.40000000000000013,5.200000000000001,1.0,1.2,152,48.6,46.7,1.8999999999999986
1920|2020-07-18|norwich-city|burnley,1920,2020-07-18,Norwich City,Burnley,0,0.2,2.4,9.0,0.0,0.0,0.6,188,94,1.0,0.6,8.0,9.0,1.8,1.6,188,94,-0.8,-1.7999999999999998,1.0,-9.0,-1.0,0,,40.7,
1920|2020-07-19|afc-bournemouth|southampton,1920,2020-07-19,AFC Bournemouth,Southampton,0,1.6,2.4,10.6,4.0,0.8,1.0,188,94,1.6,1.0,13.2,9.0,1.8,1.6,302,151,0.0,-1.4,-2.5999999999999996,-5.0,-0.6000000000000001,-114,46.8,43.3,3.5
1920|2020-07-19|tottenham-hotspur|leicester-city,1920,2020-07-19,Tottenham Hotspur,Leicester City,2,1.4,1.0,10.6,10.0,2.0,2.0,378,189,1.6,1.4,14.2,7.0,1.4,0.4,226,113,-0.20000000000000018,0.3999999999999999,-3.5999999999999996,3.0,1.6,152,59.4,51.0,8.399999999999999
1920|2020-07-20|brighton-and-hove-albion|newcastle-united,1920,2020-07-20,Brighton & Hove Albion,Newcastle United,1,0.6,2.4,8.2,4.0,0.8,0.6,112,56,1.6,2.6,11.8,4.0,0.8,1.2,340,170,-1.0,0.20000000000000018,-3.6000000000000014,0.0,-0.6,-228,41.9,40.1,1.7999999999999972
1920|2020-07-20|sheffield-united|everton,1920,2020-07-20,Sheffield United,Everton,0,1.6,0.8,7.6,10.0,2.0,2.6,36,18,0.8,1.4,8.8,5.0,1.0,0.6,378,189,0.8,0.5999999999999999,-1.200000000000001,5.0,2.0,-342,,51.7,
1920|2020-07-20|wolverhampton-wanderers|crystal-palace,1920,2020-07-20,Wolverhampton Wanderers,Crystal Palace,2,1.0,0.8,10.6,7.0,1.4,2.0,150,75,0.4,2.2,11.8,0.0,0.0,1.2,264,132,0.6,1.4000000000000001,-1.200000000000001,7.0,0.8,-114,46.7,45.1,1.6000000000000014
1920|2020-07-21|aston-villa|arsenal,1920,2020-07-21,Aston Villa,Arsenal,2,0.6,1.4,11.2,4.0,0.8,0.8,264,132,2.0,0.8,9.6,10.0,2.0,1.2,378,189,-1.4,-0.5999999999999999,1.5999999999999996,-6.0,-0.3999999999999999,-114,,58.4,
1920|2020-07-21|watford|manchester-city,1920,2020-07-21,Watford,Manchester City,0,1.2,2.2,11.0,6.0,1.2,2.0,188,94,3.2,0.4,19.4,12.0,2.4,1.2,378,189,-2.0,-1.8000000000000003,-8.399999999999999,-6.0,0.8,-190,46.7,68.3,-21.599999999999994
1920|2020-07-22|liverpool|chelsea,1920,2020-07-22,Liverpool,Chelsea,2,1.4,1.6,16.6,7.0,1.4,2.6,378,189,1.8,1.6,17.8,9.0,1.8,1.4,378,189,-0.40000000000000013,0.0,-1.1999999999999993,-2.0,1.2000000000000002,0,62.3,63.5,-1.2000000000000028
1920|2020-07-22|manchester-united|west-ham-united,1920,2020-07-22,Manchester United,West Ham United,1,3.0,0.8,14.0,13.0,2.6,2.6,378,189,2.4,1.2,15.4,10.0,2.0,0.8,340,170,0.6000000000000001,0.3999999999999999,-1.4000000000000004,3.0,1.8,38,54.8,48.6,6.199999999999996
1920|2020-07-26|arsenal|watford,1920,2020-07-26,Arsenal,Watford,2,1.2,1.0,8.4,7.0,1.4,2.6,379,189,1.0,2.4,9.8,6.0,1.2,0.0,189,94,0.19999999999999996,1.4,-1.4000000000000004,1.0,2.6,190,58.4,46.7,11.699999999999996
1920|2020-07-26|burnley|brighton-and-hove-albion,1920,2020-07-26,Burnley,Brighton & Hove Albion,0,1.2,0.6,11.0,9.0,1.8,1.8,189,94,0.6,1.8,8.8,5.0,1.0,1.4,113,56,0.6,1.2000000000000002,2.1999999999999993,4.0,0.40000000000000013,76,40.7,41.9,-1.1999999999999957
1920|2020-07-26|chelsea|wolverhampton-wanderers,1920,2020-07-26,Chelsea,Wolverhampton Wanderers,2,2.0,2.0,16.4,9.0,1.8,3.0,379,189,1.2,0.8,11.0,7.0,1.4,2.0,151,75,0.8,-1.2,5.399999999999999,2.0,1.0,228,63.5,46.7,16.799999999999997
1920|2020-07-26|crystal-palace|tottenham-hotspur,1920,2020-07-26,Crystal Palace,Tottenham Hotspur,1,0.4,2.4,9.8,0.0,0.0,1.2,265,132,1.8,0.4,10.2,13.0,2.6,1.0,379,189,-1.4,-2.0,-0.3999999999999986,-13.0,0.19999999999999996,-114,45.1,59.4,-14.299999999999997
1920|2020-07-26|everton|afc-bournemouth,1920,2020-07-26,Everton,AFC Bournemouth,0,0.6,1.2,8.4,5.0,1.0,1.4,379,189,1.4,2.0,10.4,4.0,0.8,0.0,189,94,-0.7999999999999999,0.8,-2.0,1.0,1.4,190,51.7,46.8,4.900000000000006
1920|2020-07-26|leicester-city|manchester-united,1920,2020-07-26,Leicester City,Manchester United,0,1.4,1.6,16.0,7.0,1.4,2.0,227,113,2.6,1.0,13.8,11.0,2.2,2.2,379,189,-1.2000000000000002,-0.6000000000000001,2.1999999999999993,-4.0,-0.20000000000000018,-152,51.0,54.8,-3.799999999999997
1920|2020-07-26|manchester-city|norwich-city,1920,2020-07-26,Manchester City,Norwich City,2,3.2,0.4,21.8,12.0,2.4,3.0,379,189,0.2,2.0,8.6,0.0,0.0,0.0,189,94,3.0,1.6,13.200000000000001,12.0,3.0,190,68.3,,
1920|2020-07-26|newcastle-united|liverpool,1920,2020-07-26,Newcastle United,Liverpool,0,0.8,2.4,11.8,2.0,0.4,1.2,341,170,2.4,1.4,16.4,10.0,2.0,0.8,379,189,-1.5999999999999999,-1.0,-4.599999999999998,-8.0,0.3999999999999999,-38,40.1,62.3,-22.199999999999996
1920|2020-07-26|southampton|sheffield-united,1920,2020-07-26,Southampton,Sheffield United,2,1.4,0.8,14.2,9.0,1.8,1.4,303,151,1.0,0.8,7.8,7.0,1.4,0.4,37,18,0.3999999999999999,0.0,6.3999999999999995,2.0,0.9999999999999999,266,43.3,,
1920|2020-07-26|west-ham-united|aston-villa,1920,2020-07-26,West Ham United,Aston Villa,1,2.0,1.0,15.8,8.0,1.6,1.8,341,170,0.8,1.2,10.6,7.0,1.4,0.4,265,132,1.2,0.19999999999999996,5.200000000000001,1.0,1.4,76,48.6,,
2021|2020-09-12|crystal-palace|southampton,2021,2020-09-12,Crystal Palace,Southampton,2,0.6,2.0,11.0,1.0,0.2,0.8,266,133,1.8,1.0,15.2,9.0,1.8,2.2,304,152,-1.2000000000000002,-1.0,-4.199999999999999,-8.0,-1.4000000000000001,-38,44.6,48.9,-4.299999999999997
2021|2020-09-12|fulham|arsenal,2021,2020-09-12,Fulham,Arsenal,0,0.8,1.0,11.8,9.0,1.8,1.2,190,95,1.4,1.4,9.4,7.0,1.4,1.2,380,190,-0.5999999999999999,0.3999999999999999,2.4000000000000004,2.0,0.0,-190,,53.9,
2021|2020-09-12|liverpool|leeds-united,2021,2020-09-12,Liverpool,Leeds United,2,2.6,1.6,18.0,10.0,2.0,2.6,380,190,,,,,,,0,0,,,,,,380,63.2,,
2021|2020-09-12|west-ham-united|newcastle-united,2021,2020-09-12,West Ham United,Newcastle United,0,1.8,0.8,14.4,8.0,1.6,1.4,342,171,0.6,2.6,10.2,1.0,0.2,1.4,342,171,1.2000000000000002,1.8,4.200000000000001,7.0,0.0,0,43.9,38.6,5.299999999999997
2021|2020-09-13|tottenham-hotspur|everton,2021,2020-09-13,Tottenham Hotspur,Everton,0,1.8,0.6,9.2,11.0,2.2,2.6,380,190,0.8,1.6,8.8,5.0,1.0,1.2,380,190,1.0,1.0,0.3999999999999986,6.0,1.4000000000000001,0,52.2,49.2,3.0
2021|2020-09-13|west-bromwich-albion|leicester-city,2021,2020-09-13,West Bromwich Albion,Leicester City,0,1.0,0.8,9.6,10.0,2.0,1.0,304,152,0.8,2.0,15.8,4.0,0.8,0.4,228,114,0.19999999999999996,1.2,-6.200000000000001,6.0,0.6,76,,57.5,
2021|2020-09-14|brighton-and-hove-albion|chelsea,2021,2020-09-14,Brighton & Hove Albion,Chelsea,0,0.8,2.0,10.0,5.0,1.0,0.8,114,57,1.8,2.0,14.4,9.0,1.8,1.2,380,190,-1.0,0.0,-4.4,-4.0,-0.3999999999999999,-266,52.3,60.7,-8.400000000000006
2021|2020-09-14|sheffield-united|wolverhampton-wanderers,2021,2020-09-14,Sheffield United,Wolverhampton Wanderers,0,1.0,1.2,6.8,6.0,1.2,2.4,38,19,1.2,0.8,10.0,7.0,1.4,1.4,152,76,-0.19999999999999996,-0.3999999999999999,-3.2,-1.0,1.0,-114,42.9,48.3,-5.399999999999999
2021|2020-09-19|arsenal|west-ham-united,2021,2020-09-19,Arsenal,West Ham United,2,1.8,1.2,9.8,9.0,1.8,2.6,381,190,1.8,1.0,13.2,8.0,1.6,1.0,343,171,0.0,-0.19999999999999996,-3.3999999999999986,1.0,1.6,38,53.9,43.9,10.0
2021|2020-09-19|everton|west-bromwich-albion,2021,2020-09-19,Everton,West Bromwich Albion,2,0.8,1.4,9.6,7.0,1.4,1.2,381,190,0.8,1.4,9.0,7.0,1.4,1.2,305,152,0.0,0.0,0.5999999999999996,0.0,0.0,76,49.2,,
2021|2020-09-19|leeds-united|fulham,2021,2020-09-19,Leeds United,Fulham,2,,,,,,,1,0,0.4,1.6,10.4,6.0,1.2,0.6,191,95,,,,,,-190,,,
2021|2020-09-19|manchester-united|crystal-palace,2021,2020-09-19,Manchester United,Crystal Palace,0,2.0,0.6,11.4,11.0,2.2,2.2,380,190,0.4,1.4,9.4,4.0,0.8,0.6,267,133,1.6,0.7999999999999999,2.0,7.0,1.6,113,56.0,44.6,11.399999999999999
2021|2020-09-20|chelsea|liverpool,2021,2020-09-20,Chelsea,Liverpool,0,1.8,1.8,13.6,9.0,1.8,3.0,381,190,2.8,2.0,18.6,10.0,2.0,1.4,381,190,-0.9999999999999998,0.19999999999999996,-5.000000000000002,-1.0,1.6,0,60.7,63.2,-2.5
2021|2020-09-20|leicester-city|burnley,2021,2020-09-20,Leicester City,Burnley,2,1.2,1.8,15.8,6.0,1.2,2.0,229,114,1.2,0.8,11.8,8.0,1.6,2.0,190,95,0.0,-1.0,4.0,-2.0,0.0,39,57.5,41.5,16.0
2021|2020-09-20|newcastle-united|brighton-and-hove-albion,2021,2020-09-20,Newcastle United,Brighton & Hove Albion,0,1.0,1.6,12.0,4.0,0.8,1.0,343,171,0.8,2.0,10.2,5.0,1.0,1.8,115,57,0.19999999999999996,0.3999999999999999,1.8000000000000007,-1.0,-0.8,228,38.6,52.3,-13.699999999999996
2021|2020-09-20|southampton|tottenham-hotspur,2021,2020-09-20,Southampton,Tottenham Hotspur,0,1.6,1.0,13.6,8.0,1.6,1.4,305,152,1.8,0.8,9.2,10.0,2.0,1.2,381,190,-0.19999999999999996,-0.19999999999999996,4.4,-2.0,0.19999999999999996,-76,48.9,52.2,-3.3000000000000043
2021|2020-09-21|aston-villa|sheffield-united,2021,2020-09-21,Aston Villa,Sheffield United,2,1.0,1.0,11.4,8.0,1.6,1.2,266,133,0.8,1.6,7.2,3.0,0.6,0.2,39,19,0.19999999999999996,0.6000000000000001,4.2,5.0,1.0,227,43.9,42.9,1.0
2021|2020-09-21|wolverhampton-wanderers|manchester-city,2021,2020-09-21,Wolverhampton Wanderers,Manchester City,0,1.6,0.6,11.0,10.0,2.0,2.0,153,76,4.2,0.2,22.8,15.0,3.0,1.2,380,190,-2.6,-0.39999999999999997,-11.8,-5.0,0.8,-227,48.3,66.7,-18.400000000000006
2021|2020-09-26|brighton-and-hove-albion|manchester-united,2021,2020-09-26,Brighton & Hove Albion,Manchester United,0,1.4,1.0,12.2,8.0,1.6,0.2,116,58,1.6,1.2,11.2,8.0,1.6,2.6,381,190,-0.20000000000000018,0.19999999999999996,1.0,0.0,-2.4,-265,52.3,56.0,-3.700000000000003
2021|2020-09-26|burnley|southampton,2021,2020-09-26,Burnley,Southampton,0,1.4,1.6,13.4,5.0,1.0,1.2,191,95,1.6,1.6,14.6,7.0,1.4,1.6,306,153,-0.20000000000000018,0.0,-1.1999999999999993,-2.0,-0.40000000000000013,-115,41.5,48.9,-7.399999999999999
2021|2020-09-26|crystal-palace|everton,2021,2020-09-26,Crystal Palace,Everton,0,1.0,1.2,10.4,7.0,1.4,0.8,268,134,1.8,1.2,11.8,10.0,2.0,1.8,382,191,-0.8,0.0,-1.4000000000000004,-3.0,-1.0,-114,44.6,49.2,-4.600000000000001
2021|2020-09-26|west-bromwich-albion|chelsea,2021,2020-09-26,West Bromwich Albion,Chelsea,1,0.8,2.0,7.6,6.0,1.2,1.0,306,153,1.8,1.6,11.6,9.0,1.8,1.2,382,191,-1.0,-0.3999999999999999,-4.0,-3.0,-0.19999999999999996,-76,,60.7,
2021|2020-09-27|manchester-city|leicester-city,2021,2020-09-27,Manchester City,Leicester City,0,3.8,0.4,21.0,15.0,3.0,3.0,381,190,1.8,1.4,16.0,9.0,1.8,0.8,230,115,1.9999999999999998,0.9999999999999999,5.0,6.0,2.2,151,66.7,57.5,9.200000000000003
2021|2020-09-27|sheffield-united|leeds-united,2021,2020-09-27,Sheffield United,Leeds United,0,0.2,1.8,6.2,0.0,0.0,1.8,40,20,,,,,,,2,1,,,,,,38,42.9,,
2021|2020-09-27|tottenham-hotspur|newcastle-united,2021,2020-09-27,Tottenham Hotspur,Newcastle United,1,2.4,1.0,8.0,10.0,2.0,2.4,382,191,0.8,1.8,11.6,4.0,0.8,1.4,344,172,1.5999999999999999,0.8,-3.5999999999999996,6.0,1.0,38,52.2,38.6,13.600000000000001
2021|2020-09-27|west-ham-united|wolverhampton-wanderers,2021,2020-09-27,West Ham United,Wolverhampton Wanderers,2,1.2,1.4,12.2,5.0,1.0,1.4,344,172,1.2,1.2,10.2,7.0,1.4,1.4,154,77,0.0,-0.19999999999999996,2.0,-2.0,0.0,190,43.9,48.3,-4.399999999999999
2021|2020-09-28|fulham|aston-villa,2021,2020-09-28,Fulham,Aston Villa,0,0.8,2.4,9.8,3.0,0.6,1.2,192,96,1.2,0.4,13.2,11.0,2.2,0.6,267,133,-0.3999999999999999,-2.0,-3.3999999999999986,-8.0,0.6,-75,,43.9,
2021|2020-09-28|liverpool|arsenal,2021,2020-09-28,Liverpool,Arsenal,2,3.0,1.8,17.6,12.0,2.4,2.6,382,191,2.0,1.0,8.6,12.0,2.4,1.8,382,191,1.0,-0.8,9.000000000000002,0.0,0.8,0,63.2,53.9,9.300000000000004
2021|2020-10-03|chelsea|crystal-palace,2021,2020-10-03,Chelsea,Crystal Palace,2,2.2,2.2,11.6,7.0,1.4,2.4,383,191,1.2,1.2,9.4,7.0,1.4,0.6,269,134,1.0000000000000002,-1.0000000000000002,2.1999999999999993,0.0,1.7999999999999998,114,60.7,44.6,16.1
2021|2020-10-03|everton|brighton-and-hove-albion,2021,2020-10-03,Everton,Brighton & Hove Albion,2,2.0,1.2,12.0,12.0,2.4,1.6,383,191,1.6,1.4,13.8,7.0,1.4,2.2,117,58,0.3999999999999999,0.19999999999999996,-1.8000000000000007,5.0,-0.6000000000000001,266,49.2,52.3,-3.0999999999999943
2021|2020-10-03|leeds-united|manchester-city,2021,2020-10-03,Leeds United,Manchester City,1,2.6666666666666665,2.3333333333333335,11.0,6.0,2.0,,3,1,3.2,1.4,19.0,12.0,2.4,1.8,382,191,-0.5333333333333337,-0.9333333333333336,-8.0,-6.0,,-379,,66.7,
2021|2020-10-03|newcastle-united|burnley,2021,2020-10-03,Newcastle United,Burnley,2,0.8,1.4,8.4,5.0,1.0,0.4,345,172,1.2,1.6,14.2,4.0,0.8,2.0,192,96,-0.3999999999999999,0.20000000000000018,-5.799999999999999,1.0,-1.6,153,38.6,41.5,-2.8999999999999986
2021|2020-10-04|arsenal|sheffield-united,2021,2020-10-04,Arsenal,Sheffield United,2,1.8,1.4,8.8,9.0,1.8,2.6,383,191,0.2,1.6,8.0,0.0,0.0,0.2,41,20,1.6,0.20000000000000018,0.8000000000000007,9.0,2.4,342,53.9,42.9,11.0
2021|2020-10-04|aston-villa|liverpool,2021,2020-10-04,Aston Villa,Liverpool,2,1.4,0.4,13.2,11.0,2.2,1.8,268,134,3.4,1.6,17.0,15.0,3.0,1.8,383,191,-2.0,1.2000000000000002,-3.8000000000000007,-4.0,0.0,-115,43.9,63.2,-19.300000000000004
2021|2020-10-04|leicester-city|west-ham-united,2021,2020-10-04,Leicester City,West Ham United,0,2.4,1.8,14.4,9.0,1.8,2.0,231,115,1.4,1.2,13.2,5.0,1.0,1.0,345,172,1.0,-0.6000000000000001,1.200000000000001,4.0,1.0,-114,57.5,43.9,13.600000000000001
2021|2020-10-04|manchester-united|tottenham-hotspur,2021,2020-10-04,Manchester United,Tottenham Hotspur,0,1.8,1.2,11.0,10.0,2.0,1.6,382,191,2.0,1.0,11.0,8.0,1.6,1.6,383,191,-0.19999999999999996,-0.19999999999999996,0.0,2.0,0.0,-1,56.0,52.2,3.799999999999997
2021|2020-10-04|southampton|west-bromwich-albion,2021,2020-10-04,Southampton,West Bromwich Albion,2,1.6,1.4,11.4,9.0,1.8,1.4,307,153,1.2,2.6,7.6,4.0,0.8,1.2,307,153,0.40000000000000013,1.2000000000000002,3.8000000000000007,5.0,0.19999999999999996,0,48.9,,
2021|2020-10-04|wolverhampton-wanderers|fulham,2021,2020-10-04,Wolverhampton Wanderers,Fulham,2,1.0,1.8,9.6,6.0,1.2,1.8,155,77,0.6,3.0,11.4,0.0,0.0,0.6,193,96,0.4,1.2,-1.8000000000000007,6.0,1.2000000000000002,-38,48.3,,
2021|2020-10-17|chelsea|southampton,2021,2020-10-17,Chelsea,Southampton,1,2.4,1.2,13.0,10.0,2.0,2.4,384,192,1.6,1.4,10.8,9.0,1.8,1.6,308,154,0.7999999999999998,0.19999999999999996,2.1999999999999993,1.0,0.7999999999999998,76,60.7,48.9,11.800000000000004
2021|2020-10-17|everton|liverpool,2021,2020-10-17,Everton,Liverpool,1,2.6,1.6,13.2,12.0,2.4,1.6,384,192,2.8,2.4,17.8,12.0,2.4,1.8,384,192,-0.19999999999999973,0.7999999999999998,-4.600000000000001,0.0,-0.19999999999999996,0,49.2,63.2,-14.0
2021|2020-10-17|manchester-city|arsenal,2021,2020-10-17,Manchester City,Arsenal,2,3.0,1.4,22.0,10.0,2.0,2.4,383,191,2.2,1.4,8.6,12.0,2.4,1.2,384,192,0.7999999999999998,0.0,13.4,-2.0,1.2,-1,66.7,53.9,12.800000000000004
2021|2020-10-17|newcastle-united|manchester-united,2021,2020-10-17,Newcastle United,Manchester United,0,1.4,1.6,8.0,7.0,1.4,0.8,346,173,1.6,2.4,8.6,7.0,1.4,3.0,383,191,-0.20000000000000018,0.7999999999999998,-0.5999999999999996,0.0,-2.2,-37,38.6,56.0,-17.4
2021|2020-10-18|crystal-palace|brighton-and-hove-albion,2021,2020-10-18,Crystal Palace,Brighton & Hove Albion,1,1.2,1.6,8.8,7.0,1.4,0.8,270,135,2.0,2.2,13.8,6.0,1.2,2.0,118,59,-0.8,0.6000000000000001,-5.0,1.0,-1.2,152,44.6,52.3,-7.699999999999996
2021|2020-10-18|leicester-city|aston-villa,2021,2020-10-18,Leicester City,Aston Villa,0,2.4,1.8,10.4,9.0,1.8,1.8,232,116,2.6,0.6,13.8,13.0,2.6,1.2,269,134,-0.20000000000000018,-1.2000000000000002,-3.4000000000000004,-4.0,0.6000000000000001,-37,57.5,43.9,13.600000000000001
2021|2020-10-18|sheffield-united|fulham,2021,2020-10-18,Sheffield United,Fulham,1,0.4,1.8,7.6,0.0,0.0,1.2,42,21,0.6,3.0,12.2,0.0,0.0,0.6,194,97,-0.19999999999999996,1.2,-4.6,0.0,0.6,-152,42.9,,
2021|2020-10-18|tottenham-hotspur|west-ham-united,2021,2020-10-18,Tottenham Hotspur,West Ham United,1,2.6,1.2,14.0,8.0,1.6,2.0,384,192,1.8,1.0,13.6,7.0,1.4,1.6,346,173,0.8,-0.19999999999999996,0.40000000000000036,1.0,0.3999999999999999,38,52.2,43.9,8.300000000000004
2021|2020-10-19|leeds-united|wolverhampton-wanderers,2021,2020-10-19,Leeds United,Wolverhampton Wanderers,0,2.25,2.0,11.25,7.0,1.75,,4,2,0.8,1.8,10.2,6.0,1.2,0.8,156,78,1.45,-0.19999999999999996,1.0500000000000007,1.0,,-152,,48.3,
2021|2020-10-19|west-bromwich-albion|burnley,2021,2020-10-19,West Bromwich Albion,Burnley,1,1.0,3.0,6.8,1.0,0.2,1.2,308,154,1.2,2.0,13.8,3.0,0.6,1.4,193,97,-0.19999999999999996,-1.0,-7.000000000000001,-2.0,-0.19999999999999996,115,,41.5,
2021|2020-10-23|aston-villa|leeds-united,2021,2020-10-23,Aston Villa,Leeds United,0,2.6,0.6,14.2,13.0,2.6,2.4,270,135,1.8,1.8,11.6,7.0,1.4,,5,2,0.8,1.2000000000000002,2.5999999999999996,6.0,,265,43.9,,
2021|2020-10-24|fulham|crystal-palace,2021,2020-10-24,Fulham,Crystal Palace,0,0.8,2.4,12.0,1.0,0.2,1.2,195,97,1.2,1.6,6.4,7.0,1.4,0.6,271,135,-0.3999999999999999,-0.7999999999999998,5.6,-6.0,0.6,-76,,44.6,
2021|2020-10-24|liverpool|sheffield-united,2021,2020-10-24,Liverpool,Sheffield United,2,2.6,2.6,19.4,10.0,2.0,2.6,385,192,0.4,1.4,8.6,1.0,0.2,0.2,43,21,2.2,-1.2000000000000002,10.799999999999999,9.0,2.4,342,63.2,42.9,20.300000000000004
2021|2020-10-24|manchester-united|chelsea,2021,2020-10-24,Manchester United,Chelsea,1,2.2,2.4,12.0,9.0,1.8,1.0,384,192,2.6,1.8,13.0,8.0,1.6,1.4,385,192,-0.3999999999999999,-0.5999999999999999,-1.0,1.0,-0.3999999999999999,-1,56.0,60.7,-4.700000000000003
2021|2020-10-24|west-ham-united|manchester-city,2021,2020-10-24,West Ham United,Manchester City,1,2.2,1.4,14.2,7.0,1.4,1.4,347,173,2.4,1.4,19.4,10.0,2.0,2.0,384,192,-0.19999999999999973,0.0,-5.199999999999999,-3.0,-0.6000000000000001,-37,43.9,66.7,-22.800000000000004
2021|2020-10-25|arsenal|leicester-city,2021,2020-10-25,Arsenal,Leicester City,0,1.6,1.2,8.2,9.0,1.8,2.6,385,192,2.4,1.6,9.8,9.0,1.8,1.4,233,116,-0.7999999999999998,0.40000000000000013,-1.6000000000000014,0.0,1.2000000000000002,152,53.9,57.5,-3.6000000000000014
2021|2020-10-25|southampton|everton,2021,2020-10-25,Southampton,Everton,2,1.6,1.8,10.8,7.0,1.4,2.0,309,154,2.8,1.4,12.8,13.0,2.6,1.8,385,192,-1.1999999999999997,-0.40000000000000013,-2.0,-6.0,0.19999999999999996,-76,48.9,49.2,-0.30000000000000426
2021|2020-10-25|wolverhampton-wanderers|newcastle-united,2021,2020-10-25,Wolverhampton Wanderers,Newcastle United,1,1.0,1.4,10.6,9.0,1.8,1.8,157,78,1.4,1.8,8.8,7.0,1.4,1.0,347,173,-0.3999999999999999,0.40000000000000013,1.799999999999999,2.0,0.8,-190,48.3,38.6,9.699999999999996
2021|2020-10-26|brighton-and-hove-albion|west-bromwich-albion,2021,2020-10-26,Brighton & Hove Albion,West Bromwich Albion,1,1.8,2.2,15.0,4.0,0.8,0.2,119,59,1.0,2.6,8.0,2.0,0.4,1.2,309,154,0.8,0.3999999999999999,7.0,2.0,-1.0,-190,52.3,,
2021|2020-10-26|burnley|tottenham-hotspur,2021,2020-10-26,Burnley,Tottenham Hotspur,0,0.8,2.0,11.0,1.0,0.2,1.0,194,96,3.0,1.6,14.8,8.0,1.6,2.2,385,192,-2.2,-0.3999999999999999,-3.8000000000000007,-7.0,-1.2000000000000002,-191,41.5,52.2,-10.700000000000003
2021|2020-10-30|wolverhampton-wanderers|crystal-palace,2021,2020-10-30,Wolverhampton Wanderers,Crystal Palace,2,0.8,1.6,11.6,7.0,1.4,2.0,158,79,1.4,1.8,8.2,7.0,1.4,1.2,272,136,-0.5999999999999999,0.19999999999999996,3.4000000000000004,0.0,0.8,-114,48.3,44.6,3.6999999999999957
2021|2020-10-31|burnley|chelsea,2021,2020-10-31,Burnley,Chelsea,0,0.6,1.8,11.0,1.0,0.2,0.4,195,97,2.0,1.6,12.2,6.0,1.2,1.0,386,193,-1.4,-0.19999999999999996,-1.1999999999999993,-5.0,-0.6,-191,41.5,60.7,-19.200000000000003
2021|2020-10-31|liverpool|west-ham-united,2021,2020-10-31,Liverpool,West Ham United,2,2.2,2.2,18.4,10.0,2.0,2.6,386,193,2.4,1.2,12.4,8.0,1.6,1.6,348,174,-0.19999999999999973,-1.0000000000000002,5.999999999999998,2.0,1.0,38,63.2,43.9,19.300000000000004
2021|2020-10-31|sheffield-united|manchester-city,2021,2020-10-31,Sheffield United,Manchester City,0,0.6,1.4,9.4,1.0,0.2,0.8,44,22,1.6,1.6,16.0,8.0,1.6,2.2,385,193,-1.0,0.20000000000000018,-6.6,-7.0,-1.4000000000000001,-341,42.9,66.7,-23.800000000000004
2021|2020-11-01|aston-villa|southampton,2021,2020-11-01,Aston Villa,Southampton,0,2.4,1.0,14.0,12.0,2.4,2.4,271,136,2.0,1.6,11.4,10.0,2.0,1.6,310,155,0.3999999999999999,0.6000000000000001,2.5999999999999996,2.0,0.7999999999999998,-39,43.9,48.9,-5.0
2021|2020-11-01|manchester-united|arsenal,2021,2020-11-01,Manchester United,Arsenal,0,1.8,2.4,13.4,7.0,1.4,0.6,385,193,1.0,1.4,8.0,6.0,1.2,0.6,386,193,0.8,-1.0,5.4,1.0,0.0,-1,56.0,53.9,2.1000000000000014
2021|2020-11-01|newcastle-united|everton,2021,2020-11-01,Newcastle United,Everton,2,1.2,2.0,6.8,5.0,1.0,0.6,348,174,2.6,1.8,11.0,10.0,2.0,1.8,386,193,-1.4000000000000001,-0.19999999999999996,-4.2,-5.0,-1.2000000000000002,-38,38.6,49.2,-10.600000000000001
2021|2020-11-01|tottenham-hotspur|brighton-and-hove-albion,2021,2020-11-01,Tottenham Hotspur,Brighton & Hove Albion,2,3.2,1.4,14.8,11.0,2.2,1.6,386,193,1.8,1.8,13.4,5.0,1.0,1.6,120,60,1.4000000000000001,0.40000000000000013,1.4000000000000004,6.0,0.0,266,52.2,52.3,-0.09999999999999432
2021|2020-11-02|fulham|west-bromwich-albion,2021,2020-11-02,Fulham,West Bromwich Albion,2,1.0,2.2,14.2,1.0,0.2,0.6,196,98,1.2,2.2,8.4,3.0,0.6,0.8,310,155,-0.19999999999999996,0.0,5.799999999999999,-2.0,-0.20000000000000007,-114,,,
2021|2020-11-02|leeds-united|leicester-city,2021,2020-11-02,Leeds United,Leicester City,0,1.8,1.0,15.8,10.0,2.0,1.3333333333333333,6,3,2.0,1.6,8.4,9.0,1.8,1.8,234,117,-0.19999999999999996,0.6000000000000001,7.4,1.0,-0.4666666666666668,-228,,57.5,
2021|2020-11-06|brighton-and-hove-albion|burnley,2021,2020-11-06,Brighton & Hove Albion,Burnley,1,1.4,2.2,12.0,2.0,0.4,0.4,121,60,0.2,1.6,8.8,1.0,0.2,1.0,196,98,1.2,-0.6000000000000001,3.1999999999999993,1.0,-0.6,-75,52.3,41.5,10.799999999999997
2021|2020-11-06|southampton|newcastle-united,2021,2020-11-06,Southampton,Newcastle United,2,2.4,1.2,10.4,13.0,2.6,2.0,311,155,1.6,1.6,7.8,8.0,1.6,1.2,349,174,0.7999999999999998,0.40000000000000013,2.6000000000000005,5.0,0.8,-38,48.9,38.6,10.299999999999997
2021|2020-11-07|chelsea|sheffield-united,2021,2020-11-07,Chelsea,Sheffield United,2,2.6,1.2,14.0,9.0,1.8,2.0,387,193,0.6,1.4,9.6,1.0,0.2,0.0,45,22,2.0,0.19999999999999996,4.4,8.0,2.0,342,60.7,42.9,17.800000000000004
2021|2020-11-07|crystal-palace|leeds-united,2021,2020-11-07,Crystal Palace,Leeds United,2,0.8,2.0,7.6,4.0,0.8,1.0,273,136,1.2,1.2,16.0,7.0,1.4,2.0,7,3,-0.3999999999999999,-0.8,-8.4,-3.0,-1.0,266,44.6,,
2021|2020-11-07|everton|manchester-united,2021,2020-11-07,Everton,Manchester United,0,1.8,1.8,10.6,7.0,1.4,1.6,387,193,1.6,2.0,12.4,7.0,1.4,3.0,386,192,0.19999999999999996,0.19999999999999996,-1.8000000000000007,0.0,-1.4,1,49.2,56.0,-6.799999999999997
2021|2020-11-07|west-ham-united|fulham,2021,2020-11-07,West Ham United,Fulham,2,2.4,1.2,10.4,8.0,1.6,1.6,349,174,0.8,1.4,14.0,4.0,0.8,0.8,197,98,1.5999999999999999,0.19999999999999996,-3.5999999999999996,4.0,0.8,152,43.9,,
2021|2020-11-08|arsenal|aston-villa,2021,2020-11-08,Arsenal,Aston Villa,0,0.8,1.2,8.0,6.0,1.2,2.4,387,193,2.8,1.8,14.2,9.0,1.8,1.6,272,135,-1.9999999999999998,0.6000000000000001,-6.199999999999999,-3.0,0.7999999999999998,115,53.9,43.9,10.0
2021|2020-11-08|leicester-city|wolverhampton-wanderers,2021,2020-11-08,Leicester City,Wolverhampton Wanderers,2,2.0,1.4,7.6,9.0,1.8,1.2,235,117,1.0,1.0,12.6,10.0,2.0,1.4,159,79,1.0,-0.3999999999999999,-5.0,-1.0,-0.19999999999999996,76,57.5,48.3,9.200000000000003
2021|2020-11-08|manchester-city|liverpool,2021,2020-11-08,Manchester City,Liverpool,1,1.2,1.4,16.4,8.0,1.6,2.4,386,192,2.2,2.4,16.6,10.0,2.0,1.4,387,193,-1.0000000000000002,1.0,-0.20000000000000284,-2.0,1.0,-1,66.7,63.2,3.5
2021|2020-11-08|west-bromwich-albion|tottenham-hotspur,2021,2020-11-08,West Bromwich Albion,Tottenham Hotspur,0,0.8,1.6,9.2,3.0,0.6,1.2,311,155,2.6,1.2,14.8,11.0,2.2,2.6,387,193,-1.8,-0.40000000000000013,-5.600000000000001,-8.0,-1.4000000000000001,-76,,52.2,
2021|2020-11-21|aston-villa|brighton-and-hove-albion,2021,2020-11-21,Aston Villa,Brighton & Hove Albion,0,2.8,1.8,14.8,9.0,1.8,1.8,273,137,1.0,1.6,12.2,3.0,0.6,1.4,122,61,1.7999999999999998,-0.19999999999999996,2.6000000000000014,6.0,0.40000000000000013,151,43.9,52.3,-8.399999999999999
2021|2020-11-21|manchester-united|west-bromwich-albion,2021,2020-11-21,Manchester United,West Bromwich Albion,2,1.6,1.8,13.6,7.0,1.4,0.4,387,194,0.2,1.2,9.8,2.0,0.4,0.2,312,156,1.4000000000000001,-0.6000000000000001,3.799999999999999,5.0,0.2,75,56.0,,
2021|2020-11-21|newcastle-united|chelsea,2021,2020-11-21,Newcastle United,Chelsea,0,1.4,1.8,7.4,7.0,1.4,1.2,350,175,2.8,0.8,13.6,11.0,2.2,1.6,388,194,-1.4,-1.0,-6.199999999999999,-4.0,-0.40000000000000013,-38,38.6,60.7,-22.1
2021|2020-11-21|tottenham-hotspur|manchester-city,2021,2020-11-21,Tottenham Hotspur,Manchester City,2,2.6,1.0,14.0,13.0,2.6,1.6,388,194,1.0,0.6,14.6,9.0,1.8,2.2,387,194,1.6,-0.4,-0.5999999999999996,4.0,-0.6000000000000001,1,52.2,66.7,-14.5
2021|2020-11-22|fulham|everton,2021,2020-11-22,Fulham,Everton,0,0.8,1.0,13.4,4.0,0.8,0.6,198,99,1.6,2.2,10.0,4.0,0.8,1.8,388,194,-0.8,1.2000000000000002,3.4000000000000004,0.0,-1.2000000000000002,-190,,49.2,
2021|2020-11-22|leeds-united|arsenal,2021,2020-11-22,Leeds United,Arsenal,1,1.2,2.0,14.4,4.0,0.8,1.0,8,4,0.6,1.2,9.8,6.0,1.2,1.2,388,194,0.6,-0.8,4.6,-2.0,-0.19999999999999996,-380,,53.9,
2021|2020-11-22|liverpool|leicester-city,2021,2020-11-22,Liverpool,Leicester City,2,1.8,2.4,14.4,8.0,1.6,3.0,388,194,1.2,1.0,8.2,9.0,1.8,2.4,236,118,0.6000000000000001,-1.4,6.200000000000001,-1.0,0.6000000000000001,152,63.2,57.5,5.700000000000003
2021|2020-11-22|sheffield-united|west-ham-united,2021,2020-11-22,Sheffield United,West Ham United,0,0.8,2.0,8.0,1.0,0.2,0.2,46,23,1.8,1.2,10.6,8.0,1.6,1.0,350,175,-1.0,-0.8,-2.5999999999999996,-7.0,-0.8,-304,42.9,43.9,-1.0
2021|2020-11-23|burnley|crystal-palace,2021,2020-11-23,Burnley,Crystal Palace,2,0.2,1.4,7.6,2.0,0.4,0.2,197,98,1.4,1.8,8.0,7.0,1.4,1.2,274,137,-1.2,0.40000000000000013,-0.40000000000000036,-5.0,-1.0,-77,41.5,44.6,-3.1000000000000014
2021|2020-11-23|wolverhampton-wanderers|southampton,2021,2020-11-23,Wolverhampton Wanderers,Southampton,1,1.0,0.4,11.8,10.0,2.0,2.0,160,80,2.6,1.2,12.4,13.0,2.6,2.0,312,156,-1.6,0.7999999999999999,-0.5999999999999996,-3.0,0.0,-152,48.3,48.9,-0.6000000000000014
2021|2020-11-27|crystal-palace|newcastle-united,2021,2020-11-27,Crystal Palace,Newcastle United,0,1.4,1.2,10.2,7.0,1.4,1.6,275,137,0.8,2.0,7.0,4.0,0.8,1.2,351,175,0.5999999999999999,0.8,3.1999999999999993,3.0,0.40000000000000013,-76,44.6,38.6,6.0
2021|2020-11-28|brighton-and-hove-albion|liverpool,2021,2020-11-28,Brighton & Hove Albion,Liverpool,1,1.0,1.0,11.4,6.0,1.2,0.6,123,61,2.0,1.0,16.4,11.0,2.2,1.6,389,194,-1.0,0.0,-4.999999999999998,-5.0,-1.0,-266,52.3,63.2,-10.900000000000006
2021|2020-11-28|everton|leeds-united,2021,2020-11-28,Everton,Leeds United,0,1.4,2.2,9.6,4.0,0.8,1.4,389,194,1.0,1.8,17.0,4.0,0.8,1.5,9,4,0.3999999999999999,-0.40000000000000013,-7.4,0.0,-0.10000000000000009,380,49.2,,
2021|2020-11-28|manchester-city|burnley,2021,2020-11-28,Manchester City,Burnley,2,0.8,0.8,14.4,8.0,1.6,2.0,388,193,0.2,0.8,8.2,5.0,1.0,1.0,198,99,0.6000000000000001,0.0,6.200000000000001,3.0,1.0,190,66.7,41.5,25.200000000000003
2021|2020-11-28|west-bromwich-albion|sheffield-united,2021,2020-11-28,West Bromwich Albion,Sheffield United,2,0.2,1.0,10.2,2.0,0.4,1.0,313,156,0.6,1.8,8.6,1.0,0.2,0.0,47,23,-0.39999999999999997,0.8,1.5999999999999996,1.0,1.0,266,,42.9,
2021|2020-11-29|arsenal|wolverhampton-wanderers,2021,2020-11-29,Arsenal,Wolverhampton Wanderers,0,0.2,1.0,10.4,4.0,0.8,1.8,389,194,1.0,0.6,13.0,8.0,1.6,1.2,161,80,-0.8,-0.4,-2.5999999999999996,-4.0,0.6000000000000001,228,53.9,48.3,5.600000000000001
2021|2020-11-29|chelsea|tottenham-hotspur,2021,2020-11-29,Chelsea,Tottenham Hotspur,1,2.4,0.8,13.0,11.0,2.2,2.0,389,194,1.8,0.8,10.4,13.0,2.6,2.6,389,194,0.5999999999999999,0.0,2.5999999999999996,-2.0,-0.6000000000000001,0,60.7,52.2,8.5
2021|2020-11-29|southampton|manchester-united,2021,2020-11-29,Southampton,Manchester United,0,2.4,1.4,11.2,11.0,2.2,2.4,313,156,1.6,0.6,16.0,10.0,2.0,3.0,388,193,0.7999999999999998,-0.7999999999999999,-4.800000000000001,1.0,-0.6000000000000001,-75,48.9,56.0,-7.100000000000001
2021|2020-11-30|leicester-city|fulham,2021,2020-11-30,Leicester City,Fulham,0,1.2,1.0,9.6,9.0,1.8,1.2,237,118,1.2,1.4,14.2,4.0,0.8,0.2,199,99,0.0,0.3999999999999999,-4.6,5.0,1.0,38,57.5,,
2021|2020-11-30|west-ham-united|aston-villa,2021,2020-11-30,West Ham United,Aston Villa,2,1.4,1.2,10.8,8.0,1.6,1.6,351,175,1.6,1.8,14.2,6.0,1.2,2.2,274,136,-0.20000000000000018,0.6000000000000001,-3.3999999999999986,2.0,-0.6000000000000001,77,43.9,43.9,0.0
2021|2020-12-05|burnley|everton,2021,2020-12-05,Burnley,Everton,1,0.2,1.8,8.2,4.0,0.8,0.6,199,99,1.0,2.0,10.4,3.0,0.6,1.8,390,195,-0.8,0.19999999999999996,-2.200000000000001,1.0,-1.2000000000000002,-191,41.5,49.2,-7.700000000000003
2021|2020-12-05|chelsea|leeds-united,2021,2020-12-05,Chelsea,Leeds United,2,1.8,0.2,13.4,11.0,2.2,1.6,390,195,1.2,1.6,19.0,7.0,1.4,1.8,10,5,0.6000000000000001,1.4000000000000001,-5.6,4.0,-0.19999999999999996,380,60.7,,
2021|2020-12-05|manchester-city|fulham,2021,2020-12-05,Manchester City,Fulham,2,1.6,0.8,15.6,8.0,1.6,2.0,389,194,1.4,1.4,13.2,6.0,1.2,0.8,200,100,0.20000000000000018,0.5999999999999999,2.4000000000000004,2.0,1.2,189,66.7,,
2021|2020-12-05|west-ham-united|manchester-united,2021,2020-12-05,West Ham United,Manchester United,0,1.2,0.8,9.4,10.0,2.0,2.0,352,176,1.4,0.8,13.4,10.0,2.0,3.0,389,194,-0.19999999999999996,0.0,-4.0,0.0,-1.0,-37,43.9,56.0,-12.100000000000001
2021|2020-12-06|liverpool|wolverhampton-wanderers,2021,2020-12-06,Liverpool,Wolverhampton Wanderers,2,1.8,0.8,13.2,11.0,2.2,3.0,390,195,1.2,0.8,13.8,8.0,1.6,1.8,162,81,0.6000000000000001,0.0,-0.6000000000000014,3.0,1.2,228,63.2,48.3,14.900000000000006
2021|2020-12-06|sheffield-united|leicester-city,2021,2020-12-06,Sheffield United,Leicester City,0,0.4,1.8,10.8,0.0,0.0,0.2,48,24,1.4,1.2,10.6,9.0,1.8,2.4,238,119,-0.9999999999999999,-0.6000000000000001,0.20000000000000107,-9.0,-2.1999999999999997,-190,42.9,57.5,-14.600000000000001
2021|2020-12-06|tottenham-hotspur|arsenal,2021,2020-12-06,Tottenham Hotspur,Arsenal,2,1.2,0.2,9.2,13.0,2.6,1.6,390,195,0.4,1.2,10.8,4.0,0.8,1.4,390,195,0.7999999999999999,1.0,-1.6000000000000014,9.0,0.20000000000000018,0,52.2,53.9,-1.6999999999999957
2021|2020-12-06|west-bromwich-albion|crystal-palace,2021,2020-12-06,West Bromwich Albion,Crystal Palace,0,0.4,1.0,11.0,4.0,0.8,1.0,314,157,1.2,1.4,12.4,6.0,1.2,1.2,276,138,-0.7999999999999999,0.3999999999999999,-1.4000000000000004,-2.0,-0.19999999999999996,38,,44.6,
2021|2020-12-07|brighton-and-hove-albion|southampton,2021,2020-12-07,Brighton & Hove Albion,Southampton,0,1.0,1.0,9.6,6.0,1.2,0.6,124,62,2.2,1.4,10.6,10.0,2.0,1.6,314,157,-1.2000000000000002,0.3999999999999999,-1.0,-4.0,-1.0,-190,52.3,48.9,3.3999999999999986
2021|2020-12-11|leeds-united|west-ham-united,2021,2020-12-11,Leeds United,West Ham United,0,0.8,2.2,15.2,4.0,0.8,1.0,11,5,1.2,1.2,12.0,9.0,1.8,1.4,353,176,-0.3999999999999999,-1.0000000000000002,3.1999999999999993,-5.0,-0.3999999999999999,-342,,43.9,
2021|2020-12-12|everton|chelsea,2021,2020-12-12,Everton,Chelsea,2,1.2,1.8,11.8,4.0,0.8,1.4,391,195,2.4,0.4,16.8,13.0,2.6,2.2,391,195,-1.2,-1.4,-5.0,-9.0,-0.8000000000000003,0,49.2,60.7,-11.5
2021|2020-12-12|manchester-united|manchester-city,2021,2020-12-12,Manchester United,Manchester City,1,2.0,1.0,13.6,12.0,2.4,0.8,390,195,1.8,0.6,16.0,10.0,2.0,1.6,390,195,0.19999999999999996,-0.4,-2.4000000000000004,2.0,-0.8,0,56.0,66.7,-10.700000000000003
2021|2020-12-12|newcastle-united|west-bromwich-albion,2021,2020-12-12,Newcastle United,West Bromwich Albion,2,1.0,1.2,8.4,7.0,1.4,1.2,352,176,0.4,1.8,11.0,3.0,0.6,0.2,315,157,0.6,0.6000000000000001,-2.5999999999999996,4.0,1.0,37,38.6,,
2021|2020-12-12|wolverhampton-wanderers|aston-villa,2021,2020-12-12,Wolverhampton Wanderers,Aston Villa,0,1.0,1.4,12.4,7.0,1.4,1.6,163,81,1.6,2.2,15.4,3.0,0.6,2.0,275,137,-0.6000000000000001,0.8000000000000003,-3.0,4.0,-0.3999999999999999,-112,48.3,43.9,4.399999999999999
2021|2020-12-13|arsenal|burnley,2021,2020-12-13,Arsenal,Burnley,0,0.4,1.4,10.6,4.0,0.8,1.2,391,195,0.4,1.8,7.2,5.0,1.0,0.4,200,100,0.0,0.40000000000000013,3.3999999999999995,-1.0,0.7999999999999999,191,53.9,41.5,12.399999999999999
2021|2020-12-13|crystal-palace|tottenham-hotspur,2021,2020-12-13,Crystal Palace,Tottenham Hotspur,1,1.8,1.4,13.2,6.0,1.2,1.4,277,138,1.4,0.2,8.6,13.0,2.6,2.6,391,195,0.40000000000000013,-1.2,4.6,-7.0,-1.2000000000000002,-114,44.6,52.2,-7.600000000000001
2021|2020-12-13|fulham|liverpool,2021,2020-12-13,Fulham,Liverpool,1,1.2,1.4,11.2,6.0,1.2,0.6,201,100,2.2,0.6,12.0,11.0,2.2,1.2,391,195,-1.0000000000000002,-0.7999999999999999,-0.8000000000000007,-5.0,-0.6,-190,,63.2,
2021|2020-12-13|leicester-city|brighton-and-hove-albion,2021,2020-12-13,Leicester City,Brighton & Hove Albion,2,1.6,1.4,12.0,9.0,1.8,1.2,239,119,1.0,1.2,11.0,5.0,1.0,1.4,125,62,0.6000000000000001,-0.19999999999999996,1.0,4.0,-0.19999999999999996,114,57.5,52.3,5.200000000000003
2021|2020-12-13|southampton|sheffield-united,2021,2020-12-13,Southampton,Sheffield United,2,2.2,1.6,10.2,10.0,2.0,1.8,315,157,0.4,1.8,9.0,0.0,0.0,0.0,49,24,1.8000000000000003,0.19999999999999996,1.1999999999999993,10.0,1.8,266,48.9,42.9,6.0
2021|2020-12-15|manchester-city|west-bromwich-albion,2021,2020-12-15,Manchester City,West Bromwich Albion,1,1.6,0.6,14.6,8.0,1.6,2.0,391,195,0.6,1.8,11.6,3.0,0.6,0.2,316,158,1.0,1.2000000000000002,3.0,5.0,1.8,75,66.7,,
2021|2020-12-15|wolverhampton-wanderers|chelsea,2021,2020-12-15,Wolverhampton Wanderers,Chelsea,2,0.6,1.6,12.6,4.0,0.8,1.6,164,82,1.8,0.6,16.0,10.0,2.0,1.6,392,196,-1.2000000000000002,-1.0,-3.4000000000000004,-6.0,0.0,-228,48.3,60.7,-12.400000000000006
2021|2020-12-16|arsenal|southampton,2021,2020-12-16,Arsenal,Southampton,1,0.2,1.6,12.8,1.0,0.2,0.6,392,196,2.0,1.0,11.6,10.0,2.0,2.2,316,158,-1.8,-0.6000000000000001,1.200000000000001,-9.0,-1.6,76,53.9,48.9,5.0
2021|2020-12-16|fulham|brighton-and-hove-albion,2021,2020-12-16,Fulham,Brighton & Hove Albion,1,1.0,1.6,10.6,4.0,0.8,0.8,202,101,0.8,1.4,12.2,5.0,1.0,0.8,126,63,0.19999999999999996,-0.20000000000000018,-1.5999999999999996,-1.0,0.0,76,,52.3,
2021|2020-12-16|leeds-united|newcastle-united,2021,2020-12-16,Leeds United,Newcastle United,2,0.8,1.8,15.6,4.0,0.8,0.4,12,6,1.2,1.2,9.8,9.0,1.8,1.6,353,176,-0.3999999999999999,-0.6000000000000001,5.799999999999999,-5.0,-1.2000000000000002,-341,,38.6,
2021|2020-12-16|leicester-city|everton,2021,2020-12-16,Leicester City,Everton,0,1.4,1.2,13.0,9.0,1.8,1.2,240,120,1.2,1.4,10.6,7.0,1.4,1.4,392,196,0.19999999999999996,0.19999999999999996,2.4000000000000004,2.0,-0.19999999999999996,-152,57.5,49.2,8.299999999999997
2021|2020-12-16|liverpool|tottenham-hotspur,2021,2020-12-16,Liverpool,Tottenham Hotspur,2,2.0,0.6,12.6,9.0,1.8,3.0,392,196,1.2,0.2,9.6,11.0,2.2,2.2,392,196,0.8,-0.39999999999999997,3.0,-2.0,0.7999999999999998,0,63.2,52.2,11.0
2021|2020-12-16|west-ham-united|crystal-palace,2021,2020-12-16,West Ham United,Crystal Palace,1,1.4,1.0,15.0,12.0,2.4,2.0,354,177,2.0,1.2,14.2,7.0,1.4,1.2,278,139,-0.6000000000000001,0.19999999999999996,0.8000000000000007,5.0,0.8,76,43.9,44.6,-0.7000000000000028
2021|2020-12-17|aston-villa|burnley,2021,2020-12-17,Aston Villa,Burnley,1,1.8,1.6,15.6,6.0,1.2,1.2,276,138,0.6,1.2,8.2,8.0,1.6,1.0,201,101,1.2000000000000002,-0.40000000000000013,7.4,-2.0,0.19999999999999996,75,43.9,41.5,2.3999999999999986
2021|2020-12-17|sheffield-united|manchester-united,2021,2020-12-17,Sheffield United,Manchester United,0,0.4,2.2,8.6,0.0,0.0,0.2,50,25,2.0,0.8,14.2,13.0,2.6,3.0,391,195,-1.6,-1.4000000000000001,-5.6,-13.0,-2.8,-341,42.9,56.0,-13.100000000000001
2021|2020-12-19|crystal-palace|liverpool,2021,2020-12-19,Crystal Palace,Liverpool,0,1.4,1.2,13.8,5.0,1.0,1.0,279,139,2.2,0.6,14.0,11.0,2.2,0.8,393,196,-0.8000000000000003,-0.6,-0.1999999999999993,-6.0,0.19999999999999996,-114,44.6,63.2,-18.6
2021|2020-12-19|everton|arsenal,2021,2020-12-19,Everton,Arsenal,2,1.4,0.8,11.4,10.0,2.0,1.4,393,196,0.4,1.2,12.0,2.0,0.4,0.8,393,196,0.9999999999999999,0.3999999999999999,-0.5999999999999996,8.0,0.5999999999999999,0,49.2,53.9,-4.699999999999996
2021|2020-12-19|newcastle-united|fulham,2021,2020-12-19,Newcastle United,Fulham,1,1.2,2.0,9.6,6.0,1.2,1.8,354,177,1.0,1.4,9.8,5.0,1.0,0.8,203,101,0.19999999999999996,-0.6000000000000001,-0.20000000000000107,1.0,1.0,151,38.6,,
2021|2020-12-19|southampton|manchester-city,2021,2020-12-19,Southampton,Manchester City,0,1.8,1.2,11.2,8.0,1.6,2.4,317,158,1.6,0.6,18.4,8.0,1.6,1.2,392,196,0.19999999999999996,-0.6,-7.199999999999999,0.0,1.2,-75,48.9,66.7,-17.800000000000004
2021|2020-12-20|brighton-and-hove-albion|sheffield-united,2021,2020-12-20,Brighton & Hove Albion,Sheffield United,1,0.8,1.4,10.2,5.0,1.0,0.6,127,63,0.6,2.0,9.8,0.0,0.0,0.0,51,25,0.20000000000000007,0.6000000000000001,0.3999999999999986,5.0,0.6,76,52.3,42.9,9.399999999999999
2021|2020-12-20|manchester-united|leeds-united,2021,2020-12-20,Manchester United,Leeds United,2,2.0,1.0,14.4,13.0,2.6,1.0,392,196,1.6,1.4,18.8,7.0,1.4,1.8,13,6,0.3999999999999999,0.3999999999999999,-4.4,6.0,-0.8,379,56.0,,
2021|2020-12-20|tottenham-hotspur|leicester-city,2021,2020-12-20,Tottenham Hotspur,Leicester City,0,1.2,0.6,7.4,8.0,1.6,2.2,393,196,1.2,1.6,13.8,6.0,1.2,2.4,241,120,0.0,1.0,-6.4,2.0,-0.19999999999999973,152,52.2,57.5,-5.299999999999997
2021|2020-12-20|west-bromwich-albion|aston-villa,2021,2020-12-20,West Bromwich Albion,Aston Villa,0,0.8,1.8,10.2,4.0,0.8,1.0,317,158,1.2,0.8,17.2,7.0,1.4,2.4,277,138,-0.3999999999999999,-1.0,-7.0,-3.0,-1.4,40,,43.9,
2021|2020-12-21|burnley|wolverhampton-wanderers,2021,2020-12-21,Burnley,Wolverhampton Wanderers,2,0.6,1.2,8.6,8.0,1.6,0.8,202,100,1.0,1.6,13.6,7.0,1.4,1.2,165,82,-0.4,0.40000000000000013,-5.0,1.0,-0.3999999999999999,37,41.5,48.3,-6.799999999999997
2021|2020-12-21|chelsea|west-ham-united,2021,2020-12-21,Chelsea,West Ham United,2,1.2,0.8,14.6,7.0,1.4,2.2,393,196,1.4,1.2,13.6,10.0,2.0,2.0,355,177,-0.19999999999999996,0.3999999999999999,1.0,-3.0,0.20000000000000018,38,60.7,43.9,16.800000000000004
2021|2020-12-26|arsenal|chelsea,2021,2020-12-26,Arsenal,Chelsea,2,0.6,1.6,12.8,1.0,0.2,0.2,394,197,1.4,0.8,14.0,7.0,1.4,1.4,394,197,-0.7999999999999999,-0.8,-1.1999999999999993,-6.0,-1.2,0,53.9,60.7,-6.800000000000004
2021|2020-12-26|aston-villa|crystal-palace,2021,2020-12-26,Aston Villa,Crystal Palace,2,1.2,0.8,18.0,7.0,1.4,0.8,278,139,1.4,2.4,11.8,5.0,1.0,1.4,280,140,-0.19999999999999996,1.5999999999999999,6.199999999999999,2.0,-0.5999999999999999,-2,43.9,44.6,-0.7000000000000028
2021|2020-12-26|fulham|southampton,2021,2020-12-26,Fulham,Southampton,1,0.8,1.0,9.2,6.0,1.2,1.0,204,102,1.6,1.2,11.6,7.0,1.4,1.8,318,159,-0.8,0.19999999999999996,-2.4000000000000004,-1.0,-0.8,-114,,48.9,
2021|2020-12-26|leicester-city|manchester-united,2021,2020-12-26,Leicester City,Manchester United,1,1.6,1.0,15.0,9.0,1.8,1.2,242,121,3.0,1.4,16.2,13.0,2.6,3.0,393,196,-1.4,0.3999999999999999,-1.1999999999999993,-4.0,-1.8,-151,57.5,56.0,1.5
2021|2020-12-26|manchester-city|newcastle-united,2021,2020-12-26,Manchester City,Newcastle United,2,1.8,0.2,16.2,11.0,2.2,2.2,393,196,1.4,1.8,11.2,7.0,1.4,1.0,355,177,0.40000000000000013,1.6,5.0,4.0,1.2000000000000002,38,66.7,38.6,28.1
2021|2020-12-26|sheffield-united|everton,2021,2020-12-26,Sheffield United,Everton,0,0.8,2.0,9.0,1.0,0.2,0.2,52,26,1.2,0.6,11.4,10.0,2.0,1.4,394,197,-0.3999999999999999,-1.4,-2.4000000000000004,-9.0,-1.2,-342,42.9,49.2,-6.300000000000004
2021|2020-12-27|leeds-united|burnley,2021,2020-12-27,Leeds United,Burnley,2,2.0,2.6,17.2,6.0,1.2,0.8,14,7,0.8,1.4,8.6,8.0,1.6,1.2,203,102,1.2,-1.2000000000000002,8.6,-2.0,-0.3999999999999999,-189,,41.5,
2021|2020-12-27|liverpool|west-bromwich-albion,2021,2020-12-27,Liverpool,West Bromwich Albion,1,3.0,0.6,12.0,11.0,2.2,3.0,394,197,0.8,2.2,9.0,4.0,0.8,0.4,318,159,2.2,1.6,3.0,7.0,2.6,76,63.2,,
2021|2020-12-27|west-ham-united|brighton-and-hove-albion,2021,2020-12-27,West Ham United,Brighton & Hove Albion,1,1.2,1.8,11.8,7.0,1.4,1.6,356,178,0.6,1.4,13.0,3.0,0.6,1.0,128,64,0.6,-0.40000000000000013,-1.1999999999999993,4.0,0.6000000000000001,228,43.9,52.3,-8.399999999999999
2021|2020-12-27|wolverhampton-wanderers|tottenham-hotspur,2021,2020-12-27,Wolverhampton Wanderers,Tottenham Hotspur,1,1.0,1.8,12.6,6.0,1.2,1.6,166,83,0.8,1.0,8.2,5.0,1.0,1.6,394,197,0.19999999999999996,-0.8,4.4,1.0,0.0,-228,48.3,52.2,-3.9000000000000057
2021|2020-12-28|chelsea|aston-villa,2021,2020-12-28,Chelsea,Aston Villa,1,1.6,1.4,15.2,6.0,1.2,2.2,395,197,1.6,0.4,19.2,10.0,2.0,2.4,279,139,0.0,-0.9999999999999999,-4.0,-4.0,-0.19999999999999973,116,60.7,43.9,16.800000000000004
2021|2020-12-28|crystal-palace|leicester-city,2021,2020-12-28,Crystal Palace,Leicester City,1,1.4,2.6,12.0,5.0,1.0,1.0,281,140,1.8,1.0,13.8,10.0,2.0,2.4,243,121,-0.40000000000000013,-1.6,-1.8000000000000007,-5.0,-1.4,38,44.6,57.5,-12.899999999999999
2021|2020-12-29|brighton-and-hove-albion|arsenal,2021,2020-12-29,Brighton & Hove Albion,Arsenal,0,0.8,1.6,13.4,3.0,0.6,0.8,129,64,1.0,1.4,13.2,4.0,0.8,0.8,395,197,-0.19999999999999996,-0.20000000000000018,0.20000000000000107,-1.0,0.0,-266,52.3,53.9,-1.6000000000000014
2021|2020-12-29|burnley|sheffield-united,2021,2020-12-29,Burnley,Sheffield United,2,0.8,0.6,9.6,8.0,1.6,1.4,204,101,0.8,2.0,6.8,1.0,0.2,0.2,53,26,0.0,1.4,2.8,7.0,1.2,151,41.5,42.9,-1.3999999999999986
2021|2020-12-29|manchester-united|wolverhampton-wanderers,2021,2020-12-29,Manchester United,Wolverhampton Wanderers,2,2.8,1.4,15.0,11.0,2.2,1.6,394,197,0.8,1.8,12.6,4.0,0.8,1.2,167,83,1.9999999999999998,0.40000000000000013,2.4000000000000004,7.0,0.40000000000000013,227,56.0,48.3,7.700000000000003
2021|2020-12-29|southampton|west-ham-united,2021,2020-12-29,Southampton,West Ham United,1,1.2,0.6,10.2,8.0,1.6,1.8,319,159,1.2,2.0,12.8,5.0,1.0,1.4,357,178,0.0,1.4,-2.6000000000000014,3.0,0.40000000000000013,-38,48.9,43.9,5.0
2021|2020-12-29|west-bromwich-albion|leeds-united,2021,2020-12-29,West Bromwich Albion,Leeds United,0,0.8,2.4,6.6,2.0,0.4,0.8,319,159,2.0,2.6,14.8,6.0,1.2,1.2,15,7,-1.2,0.20000000000000018,-8.200000000000001,-4.0,-0.3999999999999999,304,,,
2021|2020-12-30|newcastle-united|liverpool,2021,2020-12-30,Newcastle United,Liverpool,1,1.4,1.8,11.0,7.0,1.4,1.4,356,178,3.0,0.6,14.2,11.0,2.2,1.4,395,197,-1.6,-1.2000000000000002,-3.1999999999999993,-4.0,0.0,-39,38.6,63.2,-24.6
2021|2021-01-01|everton|west-ham-united,2021,2021-01-01,Everton,West Ham United,0,1.4,0.4,9.8,13.0,2.6,1.4,395,197,1.0,1.4,10.6,6.0,1.2,1.4,358,179,0.3999999999999999,0.9999999999999999,-0.7999999999999989,7.0,0.0,37,49.2,43.9,5.300000000000004
2021|2021-01-01|manchester-united|aston-villa,2021,2021-01-01,Manchester United,Aston Villa,2,2.4,1.2,14.2,11.0,2.2,2.0,395,198,1.6,0.2,18.0,11.0,2.2,2.0,280,140,0.7999999999999998,-1.0,-3.8000000000000007,0.0,0.0,115,56.0,43.9,12.100000000000001
2021|2021-01-02|brighton-and-hove-albion|wolverhampton-wanderers,2021,2021-01-02,Brighton & Hove Albion,Wolverhampton Wanderers,1,0.6,1.4,13.6,3.0,0.6,0.6,130,65,0.8,1.2,12.6,4.0,0.8,0.6,168,84,-0.20000000000000007,-0.19999999999999996,1.0,-1.0,0.0,-38,52.3,48.3,4.0
2021|2021-01-02|crystal-palace|sheffield-united,2021,2021-01-02,Crystal Palace,Sheffield United,2,0.6,2.6,9.2,3.0,0.6,1.0,282,141,0.6,1.8,7.4,1.0,0.2,0.2,54,27,0.0,-0.8,1.799999999999999,2.0,0.8,228,44.6,42.9,1.7000000000000028
2021|2021-01-02|tottenham-hotspur|leeds-united,2021,2021-01-02,Tottenham Hotspur,Leeds United,2,1.0,1.2,8.4,5.0,1.0,2.0,395,197,2.8,2.0,16.0,9.0,1.8,1.2,16,8,-1.7999999999999998,0.8,-7.6,-4.0,0.8,379,52.2,,
2021|2021-01-02|west-bromwich-albion|arsenal,2021,2021-01-02,West Bromwich Albion,Arsenal,0,0.6,2.4,5.6,2.0,0.4,0.6,320,160,1.2,1.0,13.2,7.0,1.4,1.4,396,198,-0.6,-1.4,-7.6,-5.0,-0.7999999999999999,-76,,53.9,
2021|2021-01-03|chelsea|manchester-city,2021,2021-01-03,Chelsea,Manchester City,0,1.2,1.4,13.8,4.0,0.8,2.2,396,198,1.2,0.2,14.6,11.0,2.2,1.6,394,197,0.0,-1.2,-0.7999999999999989,-7.0,0.6000000000000001,2,60.7,66.7,-6.0
2021|2021-01-03|newcastle-united|leicester-city,2021,2021-01-03,Newcastle United,Leicester City,0,1.0,1.8,9.8,5.0,1.0,1.6,357,179,1.6,1.0,14.6,8.0,1.6,2.0,244,122,-0.6000000000000001,-0.8,-4.799999999999999,-3.0,-0.3999999999999999,113,38.6,57.5,-18.9
2021|2021-01-04|southampton|liverpool,2021,2021-01-04,Southampton,Liverpool,2,0.8,0.4,9.8,6.0,1.2,1.4,320,160,2.2,0.6,14.2,9.0,1.8,1.4,396,198,-1.4000000000000001,0.19999999999999996,-4.399999999999999,-3.0,0.0,-76,48.9,63.2,-14.300000000000004
2021|2021-01-12|burnley|manchester-united,2021,2021-01-12,Burnley,Manchester United,0,0.8,0.4,9.0,10.0,2.0,2.0,205,102,2.8,1.4,15.8,13.0,2.6,2.6,396,197,-1.9999999999999998,0.9999999999999999,-6.800000000000001,-3.0,-0.6000000000000001,-191,41.5,56.0,-14.5
2021|2021-01-12|sheffield-united|newcastle-united,2021,2021-01-12,Sheffield United,Newcastle United,2,0.6,1.6,8.2,1.0,0.2,0.0,55,27,0.8,2.0,9.0,2.0,0.4,0.8,358,178,-0.20000000000000007,0.3999999999999999,-0.8000000000000007,-1.0,-0.8,-303,42.9,38.6,4.299999999999997
2021|2021-01-12|wolverhampton-wanderers|everton,2021,2021-01-12,Wolverhampton Wanderers,Everton,0,1.4,1.6,11.6,5.0,1.0,1.6,169,84,1.2,0.4,9.2,12.0,2.4,2.0,396,198,0.19999999999999996,-1.2000000000000002,2.4000000000000004,-7.0,-0.3999999999999999,-227,48.3,49.2,-0.9000000000000057
2021|2021-01-13|manchester-city|brighton-and-hove-albion,2021,2021-01-13,Manchester City,Brighton & Hove Albion,2,1.4,0.4,15.0,11.0,2.2,2.2,395,197,1.2,1.4,13.8,4.0,0.8,1.0,131,65,0.19999999999999996,0.9999999999999999,1.1999999999999993,7.0,1.2000000000000002,264,66.7,52.3,14.400000000000006
2021|2021-01-13|tottenham-hotspur|fulham,2021,2021-01-13,Tottenham Hotspur,Fulham,1,1.2,1.2,11.2,5.0,1.0,2.4,396,198,0.4,0.8,9.2,4.0,0.8,1.0,205,102,0.7999999999999999,-0.3999999999999999,2.0,1.0,1.4,191,52.2,,
2021|2021-01-14|arsenal|crystal-palace,2021,2021-01-14,Arsenal,Crystal Palace,1,2.0,0.8,13.8,10.0,2.0,0.8,397,198,0.8,2.4,7.8,5.0,1.0,0.8,283,141,1.2,1.5999999999999999,6.000000000000001,5.0,0.0,114,53.9,44.6,9.299999999999997
2021|2021-01-16|fulham|chelsea,2021,2021-01-16,Fulham,Chelsea,0,0.6,0.6,11.0,5.0,1.0,1.2,206,103,1.4,1.8,13.6,4.0,0.8,1.2,397,198,-0.7999999999999999,1.2000000000000002,-2.5999999999999996,1.0,0.0,-191,,60.7,
2021|2021-01-16|leeds-united|brighton-and-hove-albion,2021,2021-01-16,Leeds United,Brighton & Hove Albion,0,2.6,2.2,17.0,9.0,1.8,1.4,17,8,1.2,1.6,13.0,3.0,0.6,1.0,132,66,1.4000000000000001,-0.6000000000000001,4.0,6.0,0.3999999999999999,-115,,52.3,
2021|2021-01-16|leicester-city|southampton,2021,2021-01-16,Leicester City,Southampton,2,1.4,1.2,13.4,8.0,1.6,1.4,245,122,0.4,0.4,8.0,6.0,1.2,1.8,321,160,0.9999999999999999,-0.7999999999999999,5.4,2.0,-0.40000000000000013,-76,57.5,48.9,8.600000000000001
2021|2021-01-16|west-ham-united|burnley,2021,2021-01-16,West Ham United,Burnley,2,0.8,1.2,9.0,6.0,1.2,1.6,359,179,0.6,0.6,9.2,7.0,1.4,1.0,206,103,0.20000000000000007,-0.6,-0.1999999999999993,-1.0,0.6000000000000001,153,43.9,41.5,2.3999999999999986
2021|2021-01-16|wolverhampton-wanderers|west-bromwich-albion,2021,2021-01-16,Wolverhampton Wanderers,West Bromwich Albion,0,1.2,1.8,11.6,2.0,0.4,1.0,170,85,0.4,2.8,4.4,2.0,0.4,0.4,321,160,0.7999999999999999,0.9999999999999998,7.199999999999999,0.0,0.6,-151,48.3,,
2021|2021-01-17|liverpool|manchester-united,2021,2021-01-17,Liverpool,Manchester United,1,2.0,0.6,15.2,8.0,1.6,2.6,397,198,2.4,1.0,15.6,13.0,2.6,2.6,397,198,-0.3999999999999999,0.4,-0.40000000000000036,-5.0,0.0,0,63.2,56.0,7.200000000000003
2021|2021-01-17|manchester-city|crystal-palace,2021,2021-01-17,Manchester City,Crystal Palace,2,1.6,0.4,16.4,13.0,2.6,2.6,396,198,0.6,2.2,8.6,5.0,1.0,1.0,284,142,1.0,1.8000000000000003,7.799999999999999,8.0,1.6,112,66.7,44.6,22.1
2021|2021-01-17|sheffield-united|tottenham-hotspur,2021,2021-01-17,Sheffield United,Tottenham Hotspur,0,0.4,1.0,9.2,4.0,0.8,0.6,56,28,1.2,1.2,11.4,5.0,1.0,1.2,397,198,-0.7999999999999999,0.19999999999999996,-2.200000000000001,-1.0,-0.6,-341,42.9,52.2,-9.300000000000004
2021|2021-01-18|arsenal|newcastle-united,2021,2021-01-18,Arsenal,Newcastle United,2,1.8,0.6,14.2,10.0,2.0,1.0,398,199,0.4,1.2,8.4,2.0,0.4,0.6,359,179,1.4,0.6,5.799999999999999,8.0,0.4,39,53.9,38.6,15.299999999999997
2021|2021-01-19|leicester-city|chelsea,2021,2021-01-19,Leicester City,Chelsea,2,1.8,0.8,13.8,11.0,2.2,1.4,246,123,1.4,1.4,15.2,7.0,1.4,1.2,398,199,0.40000000000000013,0.5999999999999999,-1.3999999999999986,4.0,0.19999999999999996,-152,57.5,60.7,-3.200000000000003
2021|2021-01-19|west-ham-united|west-bromwich-albion,2021,2021-01-19,West Ham United,West Bromwich Albion,2,0.8,1.0,10.2,8.0,1.6,1.6,360,180,0.8,3.0,5.8,4.0,0.8,1.0,322,161,0.0,2.0,4.3999999999999995,4.0,0.6000000000000001,38,43.9,,
2021|2021-01-20|fulham|manchester-united,2021,2021-01-20,Fulham,Manchester United,0,0.4,0.6,11.0,4.0,0.8,0.6,207,104,1.2,0.6,12.0,11.0,2.2,2.2,398,199,-0.7999999999999999,0.0,-1.0,-7.0,-1.6,-191,,56.0,
2021|2021-01-20|manchester-city|aston-villa,2021,2021-01-20,Manchester City,Aston Villa,2,2.2,0.2,13.8,15.0,3.0,2.6,397,199,1.6,0.6,16.4,8.0,1.6,1.4,281,141,0.6000000000000001,0.39999999999999997,-2.599999999999998,7.0,1.2000000000000002,116,66.7,43.9,22.800000000000004
2021|2021-01-21|liverpool|burnley,2021,2021-01-21,Liverpool,Burnley,0,1.6,0.4,15.2,6.0,1.2,2.2,398,199,0.6,0.8,10.0,6.0,1.2,0.8,207,104,1.0,0.4,5.199999999999999,0.0,1.4000000000000001,191,63.2,41.5,21.700000000000003
2021|2021-01-23|aston-villa|newcastle-united,2021,2021-01-23,Aston Villa,Newcastle United,2,1.6,1.0,13.2,7.0,1.4,0.8,282,140,0.2,1.6,6.8,1.0,0.2,0.6,360,180,1.4000000000000001,0.6000000000000001,6.3999999999999995,6.0,0.20000000000000007,-78,43.9,38.6,5.299999999999997
2021|2021-01-26|crystal-palace|west-ham-united,2021,2021-01-26,Crystal Palace,West Ham United,0,0.6,1.6,8.0,5.0,1.0,1.0,285,142,1.2,0.6,11.8,11.0,2.2,2.0,361,180,-0.6,-1.0,-3.8000000000000007,-6.0,-1.0,-76,44.6,43.9,0.7000000000000028
2021|2021-01-26|newcastle-united|leeds-united,2021,2021-01-26,Newcastle United,Leeds United,0,0.2,1.6,6.8,1.0,0.2,1.0,361,180,1.6,2.0,13.4,6.0,1.2,1.2,18,9,-1.4000000000000001,0.3999999999999999,-6.6000000000000005,-5.0,-0.19999999999999996,343,38.6,,
2021|2021-01-26|southampton|arsenal,2021,2021-01-26,Southampton,Arsenal,0,0.2,0.6,7.0,5.0,1.0,1.4,322,161,2.2,0.2,15.6,13.0,2.6,1.4,399,199,-2.0,-0.39999999999999997,-8.6,-8.0,0.0,-77,48.9,53.9,-5.0
2021|2021-01-26|west-bromwich-albion|manchester-city,2021,2021-01-26,West Bromwich Albion,Manchester City,0,1.0,2.8,6.8,4.0,0.8,0.6,323,161,2.4,0.2,17.2,15.0,3.0,2.0,398,198,-1.4,-2.5999999999999996,-10.399999999999999,-11.0,-1.4,-75,,66.7,
2021|2021-01-27|brighton-and-hove-albion|fulham,2021,2021-01-27,Brighton & Hove Albion,Fulham,1,1.2,1.4,10.2,5.0,1.0,0.6,133,66,0.6,1.0,11.6,3.0,0.6,1.0,208,103,0.6,-0.3999999999999999,-1.4000000000000004,2.0,-0.4,-75,52.3,,
2021|2021-01-27|burnley|aston-villa,2021,2021-01-27,Burnley,Aston Villa,2,0.4,0.6,9.2,6.0,1.2,2.0,208,103,1.4,1.0,12.2,7.0,1.4,1.4,283,142,-0.9999999999999999,0.4,-3.0,-1.0,0.6000000000000001,-75,41.5,43.9,-2.3999999999999986
2021|2021-01-27|chelsea|wolverhampton-wanderers,2021,2021-01-27,Chelsea,Wolverhampton Wanderers,1,0.8,1.8,14.8,4.0,0.8,1.6,399,199,1.4,2.0,13.2,2.0,0.4,0.8,171,85,-0.5999999999999999,0.19999999999999996,1.6000000000000014,2.0,0.8,228,60.7,48.3,12.400000000000006
2021|2021-01-27|everton|leicester-city,2021,2021-01-27,Everton,Leicester City,1,1.4,0.6,8.4,12.0,2.4,1.2,397,198,1.8,0.8,12.0,11.0,2.2,2.0,247,123,-0.40000000000000013,0.20000000000000007,-3.5999999999999996,1.0,-0.8,150,49.2,57.5,-8.299999999999997
2021|2021-01-27|manchester-united|sheffield-united,2021,2021-01-27,Manchester United,Sheffield United,0,1.2,0.4,13.2,13.0,2.6,2.6,399,199,0.4,1.4,11.2,3.0,0.6,0.2,57,28,0.7999999999999999,0.9999999999999999,2.0,10.0,2.4,342,56.0,42.9,13.100000000000001
2021|2021-01-28|tottenham-hotspur|liverpool,2021,2021-01-28,Tottenham Hotspur,Liverpool,0,1.6,1.0,12.6,8.0,1.6,2.0,398,199,0.2,0.6,17.8,3.0,0.6,1.2,399,199,1.4000000000000001,-0.4,-5.200000000000001,5.0,0.8,-1,52.2,63.2,-11.0
2021|2021-01-30|arsenal|manchester-united,2021,2021-01-30,Arsenal,Manchester United,1,2.2,0.2,14.4,13.0,2.6,1.6,400,200,1.2,0.8,14.2,10.0,2.0,2.2,400,200,1.0000000000000002,0.6000000000000001,0.20000000000000107,3.0,-0.6000000000000001,0,53.9,56.0,-2.1000000000000014
2021|2021-01-30|crystal-palace|wolverhampton-wanderers,2021,2021-01-30,Crystal Palace,Wolverhampton Wanderers,2,1.0,1.6,6.6,5.0,1.0,1.0,286,143,1.2,1.8,11.8,2.0,0.4,0.4,172,86,-0.19999999999999996,0.19999999999999996,-5.200000000000001,3.0,0.6,114,44.6,48.3,-3.6999999999999957
2021|2021-01-30|everton|newcastle-united,2021,2021-01-30,Everton,Newcastle United,0,1.2,0.8,7.8,10.0,2.0,1.4,398,199,0.4,2.0,9.6,0.0,0.0,0.0,362,181,0.7999999999999999,1.2,-1.7999999999999998,10.0,1.4,36,49.2,38.6,10.600000000000001
2021|2021-01-30|manchester-city|sheffield-united,2021,2021-01-30,Manchester City,Sheffield United,2,3.0,0.2,18.6,15.0,3.0,2.6,399,200,0.8,1.4,10.2,6.0,1.2,0.8,58,29,2.2,1.2,8.400000000000002,9.0,1.8,341,66.7,42.9,23.800000000000004
2021|2021-01-30|southampton|aston-villa,2021,2021-01-30,Southampton,Aston Villa,0,0.4,1.0,7.8,5.0,1.0,1.4,323,162,1.2,1.6,11.6,4.0,0.8,0.8,284,143,-0.7999999999999999,0.6000000000000001,-3.8,1.0,0.5999999999999999,39,48.9,43.9,5.0
2021|2021-01-30|west-bromwich-albion|fulham,2021,2021-01-30,West Bromwich Albion,Fulham,1,0.8,3.6,6.6,3.0,0.6,0.0,324,162,0.4,0.8,11.4,3.0,0.6,1.2,209,104,0.4,-2.8,-4.800000000000001,0.0,-1.2,115,,,
2021|2021-01-31|brighton-and-hove-albion|tottenham-hotspur,2021,2021-01-31,Brighton & Hove Albion,Tottenham Hotspur,2,0.8,1.0,10.8,5.0,1.0,0.6,134,67,1.8,1.2,11.6,8.0,1.6,1.2,399,199,-1.0,0.19999999999999996,-0.7999999999999989,-3.0,-0.6,-265,52.3,52.2,0.09999999999999432
2021|2021-01-31|chelsea|burnley,2021,2021-01-31,Chelsea,Burnley,2,0.6,1.2,13.8,5.0,1.0,1.6,400,200,1.0,0.8,8.4,9.0,1.8,1.4,209,105,-0.4,-0.3999999999999999,5.4,-4.0,0.20000000000000018,191,60.7,41.5,19.200000000000003
2021|2021-01-31|leicester-city|leeds-united,2021,2021-01-31,Leicester City,Leeds United,0,1.6,0.6,13.8,11.0,2.2,2.0,248,124,1.6,1.0,11.8,9.0,1.8,1.2,19,10,0.0,0.4,2.0,2.0,0.8,229,57.5,,
2021|2021-01-31|west-ham-united|liverpool,2021,2021-01-31,West Ham United,Liverpool,0,1.4,0.6,13.0,13.0,2.6,1.6,362,181,0.6,0.6,17.2,5.0,1.0,1.6,400,200,0.7999999999999999,0.0,-4.199999999999999,8.0,0.0,-38,43.9,63.2,-19.300000000000004
2021|2021-02-02|manchester-united|southampton,2021,2021-02-02,Manchester United,Southampton,2,0.8,0.6,13.2,8.0,1.6,2.0,401,200,0.4,1.2,11.2,4.0,0.8,1.2,324,161,0.4,0.6,2.0,4.0,0.8,77,56.0,48.9,7.100000000000001
2021|2021-02-02|newcastle-united|crystal-palace,2021,2021-02-02,Newcastle United,Crystal Palace,0,0.6,1.6,10.6,3.0,0.6,1.0,363,181,1.0,1.4,8.0,7.0,1.4,1.0,287,143,-0.4,-0.20000000000000018,2.5999999999999996,-4.0,0.0,76,38.6,44.6,-6.0
2021|2021-02-02|sheffield-united|west-bromwich-albion,2021,2021-02-02,Sheffield United,West Bromwich Albion,2,0.8,1.4,9.6,6.0,1.2,0.6,59,29,1.2,3.0,6.8,4.0,0.8,1.0,325,162,-0.3999999999999999,1.6,2.8,2.0,-0.4,-266,42.9,,
2021|2021-02-02|wolverhampton-wanderers|arsenal,2021,2021-02-02,Wolverhampton Wanderers,Arsenal,2,1.2,1.8,11.2,2.0,0.4,0.8,173,86,2.0,0.2,15.6,11.0,2.2,1.8,401,200,-0.8,-1.6,-4.4,-9.0,-1.0,-228,48.3,53.9,-5.600000000000001
2021|2021-02-03|aston-villa|west-ham-united,2021,2021-02-03,Aston Villa,West Ham United,0,1.2,1.4,11.2,6.0,1.2,1.4,285,141,1.6,1.2,13.0,12.0,2.4,2.0,363,181,-0.40000000000000013,-0.19999999999999996,-1.8000000000000007,-6.0,-0.6000000000000001,-78,43.9,43.9,0.0
2021|2021-02-03|burnley|manchester-city,2021,2021-02-03,Burnley,Manchester City,0,0.8,1.2,7.6,6.0,1.2,2.0,210,104,2.6,0.0,17.0,15.0,3.0,2.0,400,199,-1.8,-1.2,-9.4,-9.0,0.0,-190,41.5,66.7,-25.200000000000003
2021|2021-02-03|fulham|leicester-city,2021,2021-02-03,Fulham,Leicester City,0,0.8,1.2,11.8,3.0,0.6,0.6,210,105,1.6,1.0,14.0,10.0,2.0,2.2,249,124,-0.8,-0.19999999999999996,-2.1999999999999993,-7.0,-1.6,-39,,57.5,
2021|2021-02-03|leeds-united|everton,2021,2021-02-03,Leeds United,Everton,0,2.0,1.2,11.2,9.0,1.8,1.4,20,9,0.8,1.0,8.2,7.0,1.4,2.6,399,199,1.2,-0.19999999999999996,3.0,2.0,-1.2000000000000002,-379,,49.2,
2021|2021-02-03|liverpool|brighton-and-hove-albion,2021,2021-02-03,Liverpool,Brighton & Hove Albion,0,1.2,0.8,17.8,7.0,1.4,1.6,401,200,1.0,0.8,11.4,8.0,1.6,1.0,135,67,0.19999999999999996,0.0,6.4,-1.0,0.6000000000000001,266,63.2,52.3,10.900000000000006
2021|2021-02-04|tottenham-hotspur|chelsea,2021,2021-02-04,Tottenham Hotspur,Chelsea,0,1.6,1.2,12.0,7.0,1.4,1.4,400,200,0.8,1.0,14.4,7.0,1.4,0.6,401,200,0.8,-0.19999999999999996,-2.4000000000000004,0.0,0.7999999999999999,-1,52.2,60.7,-8.5
2021|2021-02-06|aston-villa|arsenal,2021,2021-02-06,Aston Villa,Arsenal,2,1.2,1.6,12.0,6.0,1.2,1.4,286,142,1.4,0.6,13.2,8.0,1.6,1.8,402,201,-0.19999999999999996,-1.0,-1.1999999999999993,-2.0,-0.40000000000000013,-116,43.9,53.9,-10.0
2021|2021-02-06|burnley|brighton-and-hove-albion,2021,2021-02-06,Burnley,Brighton & Hove Albion,1,0.8,1.4,5.8,6.0,1.2,1.8,211,105,0.6,0.2,11.4,10.0,2.0,1.6,136,68,0.20000000000000007,-1.2,-5.6000000000000005,-4.0,0.19999999999999996,75,41.5,52.3,-10.799999999999997
2021|2021-02-06|fulham|west-ham-united,2021,2021-02-06,Fulham,West Ham United,1,0.6,1.4,10.4,2.0,0.4,0.4,211,106,2.0,1.4,14.8,12.0,2.4,2.0,364,182,-1.4,0.0,-4.4,-10.0,-1.6,-153,,43.9,
2021|2021-02-06|manchester-united|everton,2021,2021-02-06,Manchester United,Everton,1,2.4,0.6,15.4,8.0,1.6,2.4,402,201,1.0,1.2,8.8,7.0,1.4,2.6,400,200,1.4,0.6,6.6,1.0,-0.20000000000000018,2,56.0,49.2,6.799999999999997
2021|2021-02-06|newcastle-united|southampton,2021,2021-02-06,Newcastle United,Southampton,2,0.8,1.8,13.4,3.0,0.6,0.4,364,182,0.4,3.0,10.2,3.0,0.6,1.0,325,162,0.4,1.2,3.200000000000001,0.0,-0.6,39,38.6,48.9,-10.299999999999997
2021|2021-02-07|liverpool|manchester-city,2021,2021-02-07,Liverpool,Manchester City,0,1.2,0.8,16.6,7.0,1.4,1.0,402,201,2.8,0.0,17.2,15.0,3.0,2.6,401,200,-1.5999999999999999,-0.8,-0.5999999999999979,-8.0,-1.6,1,63.2,66.7,-3.5
2021|2021-02-07|sheffield-united|chelsea,2021,2021-02-07,Sheffield United,Chelsea,0,1.2,1.2,11.0,9.0,1.8,1.2,60,30,0.8,0.4,16.2,10.0,2.0,1.2,402,201,0.3999999999999999,-0.7999999999999999,-5.199999999999999,-1.0,0.0,-342,42.9,60.7,-17.800000000000004
2021|2021-02-07|tottenham-hotspur|west-bromwich-albion,2021,2021-02-07,Tottenham Hotspur,West Bromwich Albion,2,1.0,1.4,9.4,4.0,0.8,0.8,401,201,1.4,2.6,7.0,4.0,0.8,1.0,326,163,-0.3999999999999999,1.2000000000000002,2.4000000000000004,0.0,-0.19999999999999996,75,52.2,,
2021|2021-02-07|wolverhampton-wanderers|leicester-city,2021,2021-02-07,Wolverhampton Wanderers,Leicester City,1,1.0,1.4,11.2,4.0,0.8,1.4,174,87,1.6,0.8,14.0,10.0,2.0,2.2,250,125,-0.6000000000000001,-0.5999999999999999,-2.8000000000000007,-6.0,-0.8000000000000003,-76,48.3,57.5,-9.200000000000003
2021|2021-02-08|leeds-united|crystal-palace,2021,2021-02-08,Leeds United,Crystal Palace,2,1.2,1.6,11.6,6.0,1.2,1.2,21,10,1.0,1.6,7.4,7.0,1.4,1.0,288,144,0.19999999999999996,0.0,4.199999999999999,-1.0,0.19999999999999996,-267,,44.6,
2021|2021-02-13|brighton-and-hove-albion|aston-villa,2021,2021-02-13,Brighton & Hove Albion,Aston Villa,1,0.8,0.2,12.4,11.0,2.2,1.2,137,68,1.4,1.2,12.2,9.0,1.8,0.8,287,144,-0.5999999999999999,1.0,0.20000000000000107,2.0,0.3999999999999999,-150,52.3,43.9,8.399999999999999
2021|2021-02-13|crystal-palace|burnley,2021,2021-02-13,Crystal Palace,Burnley,0,1.0,2.0,6.6,6.0,1.2,1.4,289,144,1.0,1.4,7.8,7.0,1.4,0.8,212,106,0.0,-0.6000000000000001,-1.2000000000000002,-1.0,0.5999999999999999,77,44.6,41.5,3.1000000000000014
2021|2021-02-13|leicester-city|liverpool,2021,2021-02-13,Leicester City,Liverpool,2,1.2,0.8,13.4,8.0,1.6,1.4,251,125,1.4,1.6,14.8,6.0,1.2,2.0,403,201,-0.19999999999999996,0.8,-1.4000000000000004,2.0,-0.6000000000000001,-152,57.5,63.2,-5.700000000000003
2021|2021-02-13|manchester-city|tottenham-hotspur,2021,2021-02-13,Manchester City,Tottenham Hotspur,2,2.8,0.2,16.2,15.0,3.0,3.0,402,201,1.2,1.2,9.0,6.0,1.2,1.0,402,200,1.5999999999999999,1.0,7.199999999999999,9.0,2.0,0,66.7,52.2,14.5
2021|2021-02-14|arsenal|leeds-united,2021,2021-02-14,Arsenal,Leeds United,2,1.4,0.8,13.8,7.0,1.4,1.8,403,201,1.6,1.0,11.4,9.0,1.8,1.8,22,11,-0.20000000000000018,0.19999999999999996,2.4000000000000004,-2.0,0.0,381,53.9,,
2021|2021-02-14|everton|fulham,2021,2021-02-14,Everton,Fulham,0,1.6,1.6,8.0,8.0,1.6,1.4,401,200,0.6,1.2,12.4,3.0,0.6,0.8,212,105,1.0,-0.40000000000000013,-4.4,5.0,0.5999999999999999,189,49.2,,
2021|2021-02-14|southampton|wolverhampton-wanderers,2021,2021-02-14,Southampton,Wolverhampton Wanderers,0,0.6,3.6,11.6,0.0,0.0,0.8,326,163,0.8,1.0,11.4,5.0,1.0,0.4,175,87,-0.20000000000000007,-2.6,0.1999999999999993,-5.0,0.4,151,48.9,48.3,0.6000000000000014
2021|2021-02-14|west-bromwich-albion|manchester-united,2021,2021-02-14,West Bromwich Albion,Manchester United,1,0.8,2.6,5.4,1.0,0.2,0.2,327,163,3.0,1.2,16.6,8.0,1.6,1.8,403,201,-2.2,-1.4000000000000001,-11.200000000000001,-7.0,-1.6,-76,,56.0,
2021|2021-02-15|chelsea|newcastle-united,2021,2021-02-15,Chelsea,Newcastle United,2,1.0,0.6,13.8,10.0,2.0,1.6,403,201,1.4,1.6,13.8,6.0,1.2,0.6,365,182,-0.3999999999999999,1.0,0.0,4.0,1.0,38,60.7,38.6,22.1
2021|2021-02-15|west-ham-united|sheffield-united,2021,2021-02-15,West Ham United,Sheffield United,2,1.8,1.4,13.4,10.0,2.0,1.6,365,182,1.2,1.6,9.2,6.0,1.2,0.8,61,30,0.6000000000000001,0.20000000000000018,4.200000000000001,4.0,0.8,304,43.9,42.9,1.0
2021|2021-02-17|burnley|fulham,2021,2021-02-17,Burnley,Fulham,1,1.4,1.4,9.8,7.0,1.4,1.4,213,106,0.8,0.8,12.4,6.0,1.2,1.4,213,106,0.5999999999999999,-0.5999999999999999,-2.5999999999999996,1.0,0.0,0,41.5,,
2021|2021-02-17|everton|manchester-city,2021,2021-02-17,Everton,Manchester City,0,1.2,1.8,8.4,5.0,1.0,0.8,402,201,3.0,0.2,13.6,15.0,3.0,3.0,403,201,-1.8,-1.6,-5.199999999999999,-10.0,-2.2,-1,49.2,66.7,-17.5
2021|2021-02-19|wolverhampton-wanderers|leeds-united,2021,2021-02-19,Wolverhampton Wanderers,Leeds United,2,0.8,0.6,8.8,8.0,1.6,1.0,176,88,2.0,1.6,11.8,9.0,1.8,1.8,23,12,-1.2,1.0,-3.0,-1.0,-0.8,153,48.3,,
2021|2021-02-20|burnley|west-bromwich-albion,2021,2021-02-20,Burnley,West Bromwich Albion,1,1.0,1.2,9.4,5.0,1.0,1.0,214,107,0.8,2.4,5.6,2.0,0.4,0.8,328,164,0.19999999999999996,1.2,3.8000000000000007,3.0,0.19999999999999996,-114,41.5,,
2021|2021-02-20|fulham|sheffield-united,2021,2021-02-20,Fulham,Sheffield United,2,1.0,1.0,12.0,6.0,1.2,0.4,214,107,1.0,1.6,7.8,6.0,1.2,0.6,62,31,0.0,0.6000000000000001,4.2,0.0,-0.19999999999999996,152,,42.9,
2021|2021-02-20|liverpool|everton,2021,2021-02-20,Liverpool,Everton,0,1.6,2.0,12.4,6.0,1.2,0.4,404,202,1.2,2.2,7.4,4.0,0.8,2.6,403,201,0.40000000000000013,0.20000000000000018,5.0,2.0,-2.2,1,63.2,49.2,14.0
2021|2021-02-20|southampton|chelsea,2021,2021-02-20,Southampton,Chelsea,1,0.8,3.6,11.4,0.0,0.0,0.8,327,164,1.4,0.2,15.6,13.0,2.6,1.8,404,202,-0.5999999999999999,-3.4,-4.199999999999999,-13.0,-1.0,-77,48.9,60.7,-11.800000000000004
2021|2021-02-21|arsenal|manchester-city,2021,2021-02-21,Arsenal,Manchester City,0,1.6,1.2,12.4,7.0,1.4,2.2,404,202,2.6,0.4,13.2,15.0,3.0,3.0,404,202,-1.0,-0.7999999999999999,-0.7999999999999989,-8.0,-0.7999999999999998,0,53.9,66.7,-12.800000000000004
2021|2021-02-21|aston-villa|leicester-city,2021,2021-02-21,Aston Villa,Leicester City,0,1.0,1.2,10.2,7.0,1.4,2.0,288,143,1.4,1.0,14.0,8.0,1.6,1.8,252,126,-0.3999999999999999,-0.19999999999999996,-3.8000000000000007,-1.0,0.19999999999999996,36,43.9,57.5,-13.600000000000001
2021|2021-02-21|manchester-united|newcastle-united,2021,2021-02-21,Manchester United,Newcastle United,2,2.8,1.2,15.6,6.0,1.2,2.0,404,202,1.4,1.6,14.4,6.0,1.2,0.6,366,183,1.4,0.40000000000000013,1.1999999999999993,0.0,1.4,38,56.0,38.6,17.4
2021|2021-02-21|west-ham-united|tottenham-hotspur,2021,2021-02-21,West Ham United,Tottenham Hotspur,2,2.0,1.2,13.2,10.0,2.0,2.0,366,183,0.6,1.6,7.6,3.0,0.6,0.8,403,201,1.4,0.40000000000000013,5.6,7.0,1.2,-37,43.9,52.2,-8.300000000000004
2021|2021-02-22|brighton-and-hove-albion|crystal-palace,2021,2021-02-22,Brighton & Hove Albion,Crystal Palace,0,0.6,0.2,16.2,9.0,1.8,1.2,138,69,1.0,1.8,8.8,6.0,1.2,0.8,290,145,-0.4,1.6,7.399999999999999,3.0,0.3999999999999999,-152,52.3,44.6,7.699999999999996
2021|2021-02-23|leeds-united|southampton,2021,2021-02-23,Leeds United,Southampton,2,1.6,1.6,13.6,6.0,1.2,1.8,24,11,0.8,3.2,9.6,1.0,0.2,0.4,328,163,0.8,1.6,4.0,5.0,1.4,-304,,48.9,
2021|2021-02-27|leeds-united|aston-villa,2021,2021-02-27,Leeds United,Aston Villa,0,1.6,1.4,14.2,6.0,1.2,1.8,25,12,0.8,1.0,8.8,7.0,1.4,0.8,289,145,0.8,-0.3999999999999999,5.399999999999999,-1.0,1.0,-264,,43.9,
2021|2021-02-27|manchester-city|west-ham-united,2021,2021-02-27,Manchester City,West Ham United,2,2.6,0.4,14.2,15.0,3.0,3.0,405,202,1.8,1.0,10.6,10.0,2.0,2.2,367,183,0.8,0.6,3.5999999999999996,5.0,0.7999999999999998,38,66.7,43.9,22.800000000000004
2021|2021-02-27|newcastle-united|wolverhampton-wanderers,2021,2021-02-27,Newcastle United,Wolverhampton Wanderers,1,1.4,1.8,12.0,6.0,1.2,0.8,367,183,1.0,0.6,11.0,10.0,2.0,1.0,177,88,0.3999999999999999,-1.2000000000000002,1.0,-4.0,-0.19999999999999996,190,38.6,48.3,-9.699999999999996
2021|2021-02-27|west-bromwich-albion|brighton-and-hove-albion,2021,2021-02-27,West Bromwich Albion,Brighton & Hove Albion,2,0.8,1.4,6.8,3.0,0.6,0.4,329,164,0.8,0.6,18.0,8.0,1.6,1.6,139,69,0.0,-0.7999999999999999,-11.2,-5.0,-1.2000000000000002,190,,52.3,
2021|2021-02-28|chelsea|manchester-united,2021,2021-02-28,Chelsea,Manchester United,1,1.6,0.4,14.6,13.0,2.6,1.6,405,202,3.2,1.0,15.4,9.0,1.8,1.8,405,202,-1.6,0.6,-0.8000000000000007,4.0,-0.19999999999999996,0,60.7,56.0,4.700000000000003
2021|2021-02-28|crystal-palace|fulham,2021,2021-02-28,Crystal Palace,Fulham,1,1.0,1.4,8.2,9.0,1.8,1.4,291,145,0.8,0.6,12.6,8.0,1.6,1.4,215,107,0.19999999999999996,-0.7999999999999999,-4.4,1.0,0.0,76,44.6,,
2021|2021-02-28|leicester-city|arsenal,2021,2021-02-28,Leicester City,Arsenal,0,1.6,1.0,13.4,10.0,2.0,2.0,253,126,1.0,1.2,12.0,4.0,0.8,1.8,405,202,0.6000000000000001,0.19999999999999996,1.4000000000000004,6.0,0.19999999999999996,-152,57.5,53.9,3.6000000000000014
2021|2021-02-28|sheffield-united|liverpool,2021,2021-02-28,Sheffield United,Liverpool,0,0.6,1.6,7.6,3.0,0.6,1.2,63,31,1.0,2.2,12.6,3.0,0.6,1.4,405,202,-0.4,0.6000000000000001,-5.0,0.0,-0.19999999999999996,-342,42.9,63.2,-20.300000000000004
2021|2021-02-28|tottenham-hotspur|burnley,2021,2021-02-28,Tottenham Hotspur,Burnley,2,0.6,1.4,11.0,3.0,0.6,1.4,404,202,1.0,0.8,10.4,6.0,1.2,1.2,215,107,-0.4,-0.5999999999999999,0.5999999999999996,-3.0,0.19999999999999996,189,52.2,41.5,10.700000000000003
2021|2021-03-01|everton|southampton,2021,2021-03-01,Everton,Southampton,2,1.6,1.8,7.0,7.0,1.4,0.2,404,202,0.8,3.6,8.2,1.0,0.2,0.2,329,164,0.8,1.8,-1.1999999999999993,6.0,0.0,75,49.2,48.9,0.30000000000000426
2021|2021-03-02|manchester-city|wolverhampton-wanderers,2021,2021-03-02,Manchester City,Wolverhampton Wanderers,2,2.6,0.6,12.8,15.0,3.0,3.0,406,203,1.2,0.6,12.6,11.0,2.2,1.2,178,89,1.4000000000000001,0.0,0.20000000000000107,4.0,1.8,228,66.7,48.3,18.400000000000006
2021|2021-03-03|burnley|leicester-city,2021,2021-03-03,Burnley,Leicester City,1,1.0,1.2,12.0,6.0,1.2,1.2,216,108,1.6,1.0,11.4,10.0,2.0,2.2,254,127,-0.6000000000000001,-0.19999999999999996,0.5999999999999996,-4.0,-1.0000000000000002,-38,41.5,57.5,-16.0
2021|2021-03-03|crystal-palace|manchester-united,2021,2021-03-03,Crystal Palace,Manchester United,1,0.8,1.4,6.6,7.0,1.4,1.4,292,146,3.2,1.0,14.8,9.0,1.8,1.4,406,203,-2.4000000000000004,-0.3999999999999999,-8.200000000000001,-2.0,0.0,-114,44.6,56.0,-11.399999999999999
2021|2021-03-03|sheffield-united|aston-villa,2021,2021-03-03,Sheffield United,Aston Villa,2,0.6,1.8,8.4,3.0,0.6,1.2,64,32,0.8,1.0,9.0,7.0,1.4,1.4,290,146,-0.20000000000000007,-0.8,-0.5999999999999996,-4.0,-0.19999999999999996,-226,42.9,43.9,-1.0
2021|2021-03-04|fulham|tottenham-hotspur,2021,2021-03-04,Fulham,Tottenham Hotspur,0,0.8,0.2,14.2,9.0,1.8,0.8,216,108,1.4,1.2,12.6,6.0,1.2,0.8,405,202,-0.5999999999999999,1.0,1.5999999999999996,3.0,0.0,-189,,52.2,
2021|2021-03-04|liverpool|chelsea,2021,2021-03-04,Liverpool,Chelsea,0,0.8,2.0,13.0,3.0,0.6,0.2,406,203,1.2,0.4,14.4,11.0,2.2,2.0,406,203,-0.3999999999999999,-1.6,-1.4000000000000004,-8.0,-1.8,0,63.2,60.7,2.5
2021|2021-03-04|west-bromwich-albion|everton,2021,2021-03-04,West Bromwich Albion,Everton,0,0.6,1.0,7.0,5.0,1.0,1.0,330,165,1.4,1.6,6.4,7.0,1.4,2.6,405,202,-0.7999999999999999,0.6000000000000001,0.5999999999999996,-2.0,-1.6,-75,,49.2,
2021|2021-03-06|aston-villa|wolverhampton-wanderers,2021,2021-03-06,Aston Villa,Wolverhampton Wanderers,1,0.6,0.6,10.4,7.0,1.4,1.8,291,144,1.0,1.2,11.6,8.0,1.6,1.0,179,90,-0.4,0.6,-1.1999999999999993,-1.0,0.8,112,43.9,48.3,-4.399999999999999
2021|2021-03-06|brighton-and-hove-albion|leicester-city,2021,2021-03-06,Brighton & Hove Albion,Leicester City,0,0.6,0.8,17.8,5.0,1.0,1.2,140,70,1.4,1.2,12.6,8.0,1.6,1.8,255,128,-0.7999999999999999,0.3999999999999999,5.200000000000001,-3.0,-0.6000000000000001,-115,52.3,57.5,-5.200000000000003
2021|2021-03-06|burnley|arsenal,2021,2021-03-06,Burnley,Arsenal,1,1.0,1.2,10.4,6.0,1.2,0.8,217,109,1.6,1.4,11.0,6.0,1.2,1.8,406,203,-0.6000000000000001,0.19999999999999996,-0.5999999999999996,0.0,-1.0,-189,41.5,53.9,-12.399999999999999
2021|2021-03-06|sheffield-united|southampton,2021,2021-03-06,Sheffield United,Southampton,0,0.4,1.6,7.4,3.0,0.6,1.2,65,33,0.8,2.0,9.4,1.0,0.2,0.0,330,165,-0.4,0.3999999999999999,-2.0,2.0,1.2,-265,42.9,48.9,-6.0
2021|2021-03-07|liverpool|fulham,2021,2021-03-07,Liverpool,Fulham,0,0.8,2.0,12.2,3.0,0.6,0.0,407,204,0.8,0.4,12.4,8.0,1.6,1.4,217,108,0.0,-1.6,-0.20000000000000107,-5.0,-1.4,190,63.2,,
2021|2021-03-07|manchester-city|manchester-united,2021,2021-03-07,Manchester City,Manchester United,0,2.6,0.6,15.6,15.0,3.0,3.0,407,204,1.4,1.0,12.2,7.0,1.4,1.4,407,204,1.2000000000000002,0.4,3.4000000000000004,8.0,1.6,0,66.7,56.0,10.700000000000003
2021|2021-03-07|tottenham-hotspur|crystal-palace,2021,2021-03-07,Tottenham Hotspur,Crystal Palace,2,1.6,1.0,13.0,9.0,1.8,1.4,406,203,0.4,1.2,7.0,5.0,1.0,1.4,293,146,1.2000000000000002,0.19999999999999996,6.0,4.0,0.0,113,52.2,44.6,7.600000000000001
2021|2021-03-07|west-bromwich-albion|newcastle-united,2021,2021-03-07,West Bromwich Albion,Newcastle United,1,0.4,0.8,7.6,5.0,1.0,1.0,331,166,1.2,2.0,13.2,4.0,0.8,0.6,368,184,-0.7999999999999999,1.2,-5.6,1.0,0.4,-37,,38.6,
2021|2021-03-08|chelsea|everton,2021,2021-03-08,Chelsea,Everton,2,1.2,0.4,13.0,11.0,2.2,1.6,407,203,1.0,1.0,7.4,9.0,1.8,2.6,406,203,0.19999999999999996,0.6,5.6,2.0,-1.0,1,60.7,49.2,11.5
2021|2021-03-08|west-ham-united|leeds-united,2021,2021-03-08,West Ham United,Leeds United,2,1.8,0.8,10.8,10.0,2.0,2.4,368,184,1.4,1.2,13.6,6.0,1.2,1.2,26,13,0.40000000000000013,0.3999999999999999,-2.799999999999999,4.0,1.2,342,43.9,,
2021|2021-03-10|manchester-city|southampton,2021,2021-03-10,Manchester City,Southampton,2,2.0,1.0,17.2,12.0,2.4,2.4,408,205,0.8,1.4,9.6,4.0,0.8,0.6,331,166,1.2,0.3999999999999999,7.6,8.0,1.7999999999999998,77,66.7,48.9,17.800000000000004
2021|2021-03-12|newcastle-united|aston-villa,2021,2021-03-12,Newcastle United,Aston Villa,1,1.0,1.6,10.8,5.0,1.0,0.8,369,184,0.4,0.6,9.8,5.0,1.0,1.4,292,147,0.6,-1.0,1.0,0.0,-0.5999999999999999,77,38.6,43.9,-5.299999999999997
2021|2021-03-13|crystal-palace|west-bromwich-albion,2021,2021-03-13,Crystal Palace,West Bromwich Albion,2,0.6,1.6,6.4,5.0,1.0,1.0,294,147,0.4,0.4,9.4,6.0,1.2,0.8,332,165,0.19999999999999996,-1.2000000000000002,-3.0,-1.0,0.19999999999999996,-38,44.6,,
2021|2021-03-13|everton|burnley,2021,2021-03-13,Everton,Burnley,0,1.0,1.0,7.4,9.0,1.8,0.8,407,203,0.6,1.4,9.0,4.0,0.8,1.2,218,108,0.4,0.3999999999999999,-1.5999999999999996,5.0,-0.3999999999999999,189,49.2,41.5,7.700000000000003
2021|2021-03-13|fulham|manchester-city,2021,2021-03-13,Fulham,Manchester City,0,0.6,0.4,12.0,8.0,1.6,0.8,218,109,2.4,1.2,17.4,12.0,2.4,3.0,409,203,-1.7999999999999998,0.7999999999999999,-5.399999999999999,-4.0,-2.2,-191,,66.7,
2021|2021-03-13|leeds-united|chelsea,2021,2021-03-13,Leeds United,Chelsea,1,1.0,1.6,13.6,3.0,0.6,1.2,27,13,1.2,0.2,15.0,11.0,2.2,2.0,408,204,-0.19999999999999996,-1.4000000000000001,-1.4000000000000004,-8.0,-0.8,-381,,60.7,
2021|2021-03-14|arsenal|tottenham-hotspur,2021,2021-03-14,Arsenal,Tottenham Hotspur,2,1.6,1.2,12.2,7.0,1.4,1.6,407,203,2.0,1.2,12.8,9.0,1.8,1.2,407,203,-0.3999999999999999,0.0,-0.6000000000000014,-2.0,0.40000000000000013,0,53.9,52.2,1.6999999999999957
2021|2021-03-14|leicester-city|sheffield-united,2021,2021-03-14,Leicester City,Sheffield United,2,1.8,1.4,11.6,10.0,2.0,1.8,256,127,0.2,1.6,7.4,3.0,0.6,0.6,66,32,1.6,0.20000000000000018,4.199999999999999,7.0,1.2000000000000002,190,57.5,42.9,14.600000000000001
2021|2021-03-14|manchester-united|west-ham-united,2021,2021-03-14,Manchester United,West Ham United,2,1.2,0.4,11.0,9.0,1.8,2.0,408,203,1.6,0.6,10.0,10.0,2.0,2.0,369,184,-0.40000000000000013,0.19999999999999996,1.0,-1.0,0.0,39,56.0,43.9,12.100000000000001
2021|2021-03-14|southampton|brighton-and-hove-albion,2021,2021-03-14,Southampton,Brighton & Hove Albion,0,1.0,2.0,10.4,4.0,0.8,0.8,332,165,0.6,1.2,16.6,2.0,0.4,1.4,141,70,0.4,-0.8,-6.200000000000001,2.0,-0.5999999999999999,191,48.9,52.3,-3.3999999999999986
2021|2021-03-15|wolverhampton-wanderers|liverpool,2021,2021-03-15,Wolverhampton Wanderers,Liverpool,0,1.0,1.2,11.0,8.0,1.6,1.4,180,89,0.6,1.4,13.8,3.0,0.6,1.8,408,203,0.4,0.19999999999999996,-2.8000000000000007,5.0,-0.40000000000000013,-228,48.3,63.2,-14.900000000000006
2021|2021-03-19|fulham|leeds-united,2021,2021-03-19,Fulham,Leeds United,0,0.4,0.8,11.0,7.0,1.4,0.8,219,110,0.6,0.8,13.2,4.0,0.8,1.2,28,14,-0.19999999999999996,0.0,-2.1999999999999993,3.0,-0.3999999999999999,191,,,
2021|2021-03-20|brighton-and-hove-albion|newcastle-united,2021,2021-03-20,Brighton & Hove Albion,Newcastle United,2,0.8,1.2,16.2,4.0,0.8,1.0,142,71,0.6,1.4,12.0,3.0,0.6,0.8,370,185,0.20000000000000007,0.19999999999999996,4.199999999999999,1.0,0.19999999999999996,-228,52.3,38.6,13.699999999999996
2021|2021-03-21|aston-villa|tottenham-hotspur,2021,2021-03-21,Aston Villa,Tottenham Hotspur,0,0.6,0.8,12.0,5.0,1.0,1.4,293,145,2.2,1.0,12.6,9.0,1.8,0.6,408,204,-1.6,0.19999999999999996,-0.5999999999999996,-4.0,0.7999999999999999,-115,43.9,52.2,-8.300000000000004
2021|2021-03-21|west-ham-united|arsenal,2021,2021-03-21,West Ham United,Arsenal,1,1.6,0.8,9.8,9.0,1.8,2.4,370,185,2.0,1.2,12.0,10.0,2.0,1.4,408,204,-0.3999999999999999,0.3999999999999999,-2.1999999999999993,-1.0,1.0,-38,43.9,53.9,-10.0
2021|2021-04-03|arsenal|liverpool,2021,2021-04-03,Arsenal,Liverpool,0,1.8,1.4,12.6,8.0,1.6,2.0,409,204,0.6,0.8,13.2,6.0,1.2,2.4,409,204,1.2000000000000002,-0.5999999999999999,-0.5999999999999996,2.0,-0.3999999999999999,0,53.9,63.2,-9.300000000000004
2021|2021-04-03|chelsea|west-bromwich-albion,2021,2021-04-03,Chelsea,West Bromwich Albion,0,0.8,0.2,14.4,9.0,1.8,2.2,409,204,0.2,0.4,10.4,5.0,1.0,0.2,333,166,0.6000000000000001,0.2,4.0,4.0,2.0,76,60.7,,
2021|2021-04-03|leeds-united|sheffield-united,2021,2021-04-03,Leeds United,Sheffield United,2,1.0,0.8,12.2,7.0,1.4,1.4,29,14,0.2,2.0,6.0,3.0,0.6,0.6,67,33,0.8,1.2,6.199999999999999,4.0,0.7999999999999999,-38,,42.9,
2021|2021-04-03|leicester-city|manchester-city,2021,2021-04-03,Leicester City,Manchester City,0,2.2,1.2,13.2,10.0,2.0,1.8,257,128,2.8,1.2,16.0,12.0,2.4,3.0,410,204,-0.5999999999999996,0.0,-2.8000000000000007,-2.0,-1.2,-153,57.5,66.7,-9.200000000000003
2021|2021-04-04|aston-villa|fulham,2021,2021-04-04,Aston Villa,Fulham,2,0.4,0.8,11.4,5.0,1.0,0.8,294,146,0.4,1.2,10.6,4.0,0.8,1.8,220,109,0.0,0.3999999999999999,0.8000000000000007,1.0,-1.0,74,43.9,,
2021|2021-04-04|manchester-united|brighton-and-hove-albion,2021,2021-04-04,Manchester United,Brighton & Hove Albion,2,1.2,0.2,12.0,11.0,2.2,2.0,409,204,1.4,1.2,13.2,6.0,1.2,2.0,143,71,-0.19999999999999996,1.0,-1.1999999999999993,5.0,0.0,266,56.0,52.3,3.700000000000003
2021|2021-04-04|newcastle-united|tottenham-hotspur,2021,2021-04-04,Newcastle United,Tottenham Hotspur,1,0.6,1.6,10.6,3.0,0.6,1.0,371,185,2.4,0.6,10.4,12.0,2.4,1.2,409,205,-1.7999999999999998,-1.0,0.1999999999999993,-9.0,-0.19999999999999996,-38,38.6,52.2,-13.600000000000001
2021|2021-04-04|southampton|burnley,2021,2021-04-04,Southampton,Burnley,2,1.0,2.2,11.4,3.0,0.6,0.2,333,166,0.8,1.4,10.2,6.0,1.2,1.8,219,109,0.19999999999999996,-0.8000000000000003,1.200000000000001,-3.0,-1.6,114,48.9,41.5,7.399999999999999
2021|2021-04-05|everton|crystal-palace,2021,2021-04-05,Everton,Crystal Palace,1,1.0,0.8,9.6,9.0,1.8,0.6,408,204,0.8,1.0,5.0,8.0,1.6,1.2,295,147,0.19999999999999996,0.19999999999999996,4.6,1.0,-0.6,113,49.2,44.6,4.600000000000001
2021|2021-04-05|wolverhampton-wanderers|west-ham-united,2021,2021-04-05,Wolverhampton Wanderers,West Ham United,0,0.6,1.2,11.0,5.0,1.0,1.4,181,90,1.6,1.4,10.2,7.0,1.4,1.4,371,185,-1.0,0.19999999999999996,0.8000000000000007,-2.0,0.0,-190,48.3,43.9,4.399999999999999
2021|2021-04-09|fulham|wolverhampton-wanderers,2021,2021-04-09,Fulham,Wolverhampton Wanderers,0,0.6,1.8,10.4,3.0,0.6,0.8,221,111,0.8,1.8,12.0,2.0,0.4,1.0,182,91,-0.20000000000000007,0.0,-1.5999999999999996,1.0,-0.19999999999999996,39,,48.3,
2021|2021-04-10|crystal-palace|chelsea,2021,2021-04-10,Crystal Palace,Chelsea,0,0.6,1.0,7.0,6.0,1.2,1.6,296,148,1.0,1.0,16.2,8.0,1.6,2.2,410,205,-0.4,0.0,-9.2,-2.0,-0.6000000000000001,-114,44.6,60.7,-16.1
2021|2021-04-10|liverpool|aston-villa,2021,2021-04-10,Liverpool,Aston Villa,2,1.2,0.4,13.4,9.0,1.8,0.0,410,205,0.8,1.0,12.4,5.0,1.0,1.6,295,148,0.3999999999999999,0.6,1.0,4.0,-1.6,115,63.2,43.9,19.300000000000004
2021|2021-04-10|manchester-city|leeds-united,2021,2021-04-10,Manchester City,Leeds United,0,2.8,1.0,16.2,12.0,2.4,2.4,411,206,0.8,1.0,14.6,7.0,1.4,1.2,30,15,1.9999999999999998,0.0,1.5999999999999996,5.0,1.2,381,66.7,,
2021|2021-04-11|burnley|newcastle-united,2021,2021-04-11,Burnley,Newcastle United,0,1.2,2.0,10.4,5.0,1.0,1.0,220,110,0.8,1.4,13.0,4.0,0.8,0.8,372,186,0.3999999999999999,-0.6000000000000001,-2.5999999999999996,1.0,0.19999999999999996,-152,41.5,38.6,2.8999999999999986
2021|2021-04-11|sheffield-united|arsenal,2021,2021-04-11,Sheffield United,Arsenal,0,0.4,2.2,7.0,3.0,0.6,1.2,68,34,1.8,1.8,11.8,8.0,1.6,1.0,410,205,-1.4,-0.40000000000000013,-4.800000000000001,-5.0,0.19999999999999996,-342,42.9,53.9,-11.0
2021|2021-04-11|tottenham-hotspur|manchester-united,2021,2021-04-11,Tottenham Hotspur,Manchester United,0,2.0,1.0,9.4,10.0,2.0,1.8,410,204,1.0,0.2,12.0,11.0,2.2,1.4,410,205,1.0,-0.8,-2.5999999999999996,-1.0,0.40000000000000013,0,52.2,56.0,-3.799999999999997
2021|2021-04-11|west-ham-united|leicester-city,2021,2021-04-11,West Ham United,Leicester City,2,1.8,1.6,11.2,7.0,1.4,2.0,372,186,1.8,1.4,11.0,7.0,1.4,2.2,258,129,0.0,-0.20000000000000018,0.1999999999999993,0.0,-0.20000000000000018,114,43.9,57.5,-13.600000000000001
2021|2021-04-12|brighton-and-hove-albion|everton,2021,2021-04-12,Brighton & Hove Albion,Everton,1,1.4,1.2,9.2,6.0,1.2,1.4,144,72,0.8,1.0,10.8,7.0,1.4,2.0,409,204,0.5999999999999999,-0.19999999999999996,-1.6000000000000014,-1.0,-0.6000000000000001,-265,52.3,49.2,3.0999999999999943
2021|2021-04-12|west-bromwich-albion|southampton,2021,2021-04-12,West Bromwich Albion,Southampton,2,1.2,0.8,11.2,7.0,1.4,1.2,334,167,1.6,2.0,13.6,6.0,1.2,0.6,334,167,-0.40000000000000013,1.2,-2.4000000000000004,1.0,0.6,0,,48.9,
2021|2021-04-16|everton|tottenham-hotspur,2021,2021-04-16,Everton,Tottenham Hotspur,1,0.6,1.0,11.0,5.0,1.0,0.8,410,205,2.0,1.6,10.0,7.0,1.4,1.4,411,206,-1.4,0.6000000000000001,1.0,-2.0,-0.5999999999999999,-1,49.2,52.2,-3.0
2021|2021-04-17|newcastle-united|west-ham-united,2021,2021-04-17,Newcastle United,West Ham United,2,1.0,1.4,11.2,6.0,1.2,1.2,373,186,2.2,1.6,10.2,10.0,2.0,1.4,373,186,-1.2000000000000002,0.20000000000000018,1.0,-4.0,-0.19999999999999996,0,38.6,43.9,-5.299999999999997
2021|2021-04-17|wolverhampton-wanderers|sheffield-united,2021,2021-04-17,Wolverhampton Wanderers,Sheffield United,2,0.8,1.6,10.6,4.0,0.8,1.4,183,91,0.4,2.4,6.8,3.0,0.6,0.0,69,34,0.4,0.7999999999999998,3.8,1.0,1.4,114,48.3,42.9,5.399999999999999
2021|2021-04-18|arsenal|fulham,2021,2021-04-18,Arsenal,Fulham,1,1.8,1.6,12.2,8.0,1.6,1.4,411,205,0.6,1.8,11.0,3.0,0.6,1.6,222,110,1.2000000000000002,0.19999999999999996,1.1999999999999993,5.0,-0.20000000000000018,189,53.9,,
2021|2021-04-18|manchester-united|burnley,2021,2021-04-18,Manchester United,Burnley,2,1.6,0.4,12.2,13.0,2.6,2.6,411,205,1.4,1.6,13.2,5.0,1.0,1.2,221,110,0.20000000000000018,1.2000000000000002,-1.0,8.0,1.4000000000000001,190,56.0,41.5,14.5
2021|2021-04-19|leeds-united|liverpool,2021,2021-04-19,Leeds United,Liverpool,1,1.2,1.0,12.4,10.0,2.0,2.0,31,15,1.2,0.6,14.8,9.0,1.8,2.4,411,205,0.0,-0.4,-2.4000000000000004,1.0,-0.3999999999999999,-380,,63.2,
2021|2021-04-20|chelsea|brighton-and-hove-albion,2021,2021-04-20,Chelsea,Brighton & Hove Albion,1,1.8,1.2,17.2,10.0,2.0,2.0,411,205,1.4,1.0,10.8,7.0,1.4,1.4,145,72,0.40000000000000013,-0.19999999999999996,6.399999999999999,3.0,0.6000000000000001,266,60.7,52.3,8.400000000000006
2021|2021-04-21|aston-villa|manchester-city,2021,2021-04-21,Aston Villa,Manchester City,0,1.0,1.2,11.0,5.0,1.0,1.4,296,147,2.2,1.2,17.6,9.0,1.8,3.0,412,205,-1.2000000000000002,0.0,-6.600000000000001,-4.0,-1.6,-116,43.9,66.7,-22.800000000000004
2021|2021-04-21|tottenham-hotspur|southampton,2021,2021-04-21,Tottenham Hotspur,Southampton,2,1.6,1.8,10.0,5.0,1.0,1.8,412,205,1.6,2.4,14.6,6.0,1.2,0.6,335,168,0.0,0.5999999999999999,-4.6,-1.0,1.2000000000000002,77,52.2,48.9,3.3000000000000043
2021|2021-04-22|leicester-city|west-bromwich-albion,2021,2021-04-22,Leicester City,West Bromwich Albion,2,2.0,1.4,12.4,7.0,1.4,1.2,259,129,1.6,0.8,13.0,7.0,1.4,0.8,335,167,0.3999999999999999,-0.5999999999999999,-0.5999999999999996,0.0,0.3999999999999999,-76,57.5,,
2021|2021-04-23|arsenal|everton,2021,2021-04-23,Arsenal,Everton,0,1.8,1.6,12.8,8.0,1.6,1.4,412,206,0.8,1.4,12.4,3.0,0.6,1.6,411,205,1.0,-0.20000000000000018,0.40000000000000036,5.0,-0.20000000000000018,1,53.9,49.2,4.699999999999996
2021|2021-04-24|liverpool|newcastle-united,2021,2021-04-24,Liverpool,Newcastle United,1,1.4,0.6,16.8,10.0,2.0,0.6,412,206,1.6,1.8,12.6,8.0,1.6,0.8,374,187,-0.20000000000000018,1.2000000000000002,4.200000000000001,2.0,-0.20000000000000007,38,63.2,38.6,24.6
2021|2021-04-24|sheffield-united|brighton-and-hove-albion,2021,2021-04-24,Sheffield United,Brighton & Hove Albion,2,0.2,2.6,6.6,0.0,0.0,0.6,70,35,1.2,0.6,11.6,8.0,1.6,1.0,146,73,-1.0,-2.0,-5.0,-8.0,-0.4,-76,42.9,52.3,-9.399999999999999
2021|2021-04-24|west-ham-united|chelsea,2021,2021-04-24,West Ham United,Chelsea,0,2.2,2.2,10.2,7.0,1.4,2.6,374,187,1.6,1.2,16.4,8.0,1.6,2.2,412,206,0.6000000000000001,-1.0000000000000002,-6.199999999999999,-1.0,0.3999999999999999,-38,43.9,60.7,-16.800000000000004
2021|2021-04-25|aston-villa|west-bromwich-albion,2021,2021-04-25,Aston Villa,West Bromwich Albion,1,1.2,1.6,10.8,4.0,0.8,0.8,297,148,1.6,1.2,11.6,7.0,1.4,0.8,336,168,-0.40000000000000013,-0.40000000000000013,-0.7999999999999989,-3.0,0.0,-39,43.9,,
2021|2021-04-25|leeds-united|manchester-united,2021,2021-04-25,Leeds United,Manchester United,1,1.4,0.8,11.4,11.0,2.2,1.6,32,16,2.2,0.6,13.4,15.0,3.0,1.8,412,206,-0.8000000000000003,-0.20000000000000007,-2.0,-4.0,-0.19999999999999996,-380,,56.0,
2021|2021-04-25|wolverhampton-wanderers|burnley,2021,2021-04-25,Wolverhampton Wanderers,Burnley,0,0.8,0.8,11.4,7.0,1.4,1.4,184,92,1.4,2.0,12.8,4.0,0.8,1.2,222,111,-0.5999999999999999,1.2,-1.4000000000000004,3.0,0.19999999999999996,-38,48.3,41.5,6.799999999999997
2021|2021-04-26|leicester-city|crystal-palace,2021,2021-04-26,Leicester City,Crystal Palace,2,2.4,1.2,12.8,9.0,1.8,1.8,260,130,0.8,1.8,6.6,5.0,1.0,1.4,297,148,1.5999999999999999,0.6000000000000001,6.200000000000001,4.0,0.40000000000000013,-37,57.5,44.6,12.899999999999999
2021|2021-04-30|southampton|leicester-city,2021,2021-04-30,Southampton,Leicester City,1,1.4,2.8,13.6,3.0,0.6,0.8,336,167,2.4,1.2,13.8,9.0,1.8,1.6,261,130,-1.0,-1.5999999999999999,-0.20000000000000107,-6.0,-0.8,75,48.9,57.5,-8.600000000000001
2021|2021-05-01|brighton-and-hove-albion|leeds-united,2021,2021-05-01,Brighton & Hove Albion,Leeds United,2,0.8,0.6,13.4,5.0,1.0,1.0,147,73,1.4,0.8,11.2,11.0,2.2,1.2,33,16,-0.5999999999999999,0.20000000000000007,2.200000000000001,-6.0,-0.19999999999999996,114,52.3,,
2021|2021-05-01|chelsea|fulham,2021,2021-05-01,Chelsea,Fulham,2,1.4,1.2,16.0,8.0,1.6,1.6,413,206,0.6,2.0,9.6,1.0,0.2,1.2,223,111,0.7999999999999999,0.8,6.4,7.0,0.40000000000000013,190,60.7,,
2021|2021-05-01|crystal-palace|manchester-city,2021,2021-05-01,Crystal Palace,Manchester City,0,1.0,2.2,5.8,4.0,0.8,1.0,298,149,2.6,1.0,15.6,12.0,2.4,3.0,413,206,-1.6,-1.2000000000000002,-9.8,-8.0,-2.0,-115,44.6,66.7,-22.1
2021|2021-05-01|everton|aston-villa,2021,2021-05-01,Everton,Aston Villa,0,1.0,1.0,12.6,6.0,1.2,1.0,412,206,1.4,1.8,12.6,4.0,0.8,1.0,298,149,-0.3999999999999999,0.8,0.0,2.0,0.0,114,49.2,43.9,5.300000000000004
2021|2021-05-02|newcastle-united|arsenal,2021,2021-05-02,Newcastle United,Arsenal,0,1.6,1.8,11.6,8.0,1.6,1.8,375,187,1.4,1.6,13.0,5.0,1.0,1.6,413,206,0.20000000000000018,-0.19999999999999996,-1.4000000000000004,3.0,0.19999999999999996,-38,38.6,53.9,-15.299999999999997
2021|2021-05-02|tottenham-hotspur|sheffield-united,2021,2021-05-02,Tottenham Hotspur,Sheffield United,2,1.8,1.6,11.2,8.0,1.6,2.4,413,206,0.4,2.2,6.4,3.0,0.6,0.0,71,35,1.4,0.6000000000000001,4.799999999999999,5.0,2.4,342,52.2,42.9,9.300000000000004
2021|2021-05-03|burnley|west-ham-united,2021,2021-05-03,Burnley,West Ham United,0,2.0,1.8,13.8,6.0,1.2,0.8,223,111,2.2,2.2,10.6,7.0,1.4,0.8,375,187,-0.20000000000000018,0.40000000000000013,3.200000000000001,-1.0,0.0,-152,41.5,43.9,-2.3999999999999986
2021|2021-05-03|west-bromwich-albion|wolverhampton-wanderers,2021,2021-05-03,West Bromwich Albion,Wolverhampton Wanderers,1,2.0,1.6,11.0,7.0,1.4,1.6,337,168,0.8,1.6,11.8,6.0,1.2,1.6,185,92,1.2,0.0,-0.8000000000000007,1.0,0.0,152,,48.3,
2021|2021-05-07|leicester-city|newcastle-united,2021,2021-05-07,Leicester City,Newcastle United,0,1.6,1.4,14.6,7.0,1.4,1.8,262,131,1.6,1.6,12.0,8.0,1.6,1.0,376,188,0.0,0.20000000000000018,2.5999999999999996,-1.0,0.8,-114,57.5,38.6,18.9
2021|2021-05-08|leeds-united|tottenham-hotspur,2021,2021-05-08,Leeds United,Tottenham Hotspur,2,1.0,1.0,10.8,8.0,1.6,1.2,34,17,2.2,1.6,13.4,8.0,1.6,1.6,414,207,-1.2000000000000002,0.6000000000000001,-2.5999999999999996,0.0,-0.40000000000000013,-380,,52.2,
2021|2021-05-08|liverpool|southampton,2021,2021-05-08,Liverpool,Southampton,2,1.6,0.6,18.0,11.0,2.2,0.8,413,207,1.2,2.0,12.4,4.0,0.8,0.6,337,169,0.40000000000000013,1.4,5.6,7.0,0.20000000000000007,76,63.2,48.9,14.300000000000004
2021|2021-05-08|manchester-city|chelsea,2021,2021-05-08,Manchester City,Chelsea,0,2.0,0.6,16.2,12.0,2.4,1.8,414,207,1.8,1.2,14.8,10.0,2.0,2.2,414,207,0.19999999999999996,0.6,1.3999999999999986,2.0,-0.40000000000000013,0,66.7,60.7,6.0
2021|2021-05-08|sheffield-united|crystal-palace,2021,2021-05-08,Sheffield United,Crystal Palace,0,0.4,2.0,7.8,3.0,0.6,1.2,72,36,0.8,1.8,6.6,4.0,0.8,0.8,299,149,-0.4,-0.19999999999999996,1.2000000000000002,-1.0,0.3999999999999999,-227,42.9,44.6,-1.7000000000000028
2021|2021-05-09|arsenal|west-bromwich-albion,2021,2021-05-09,Arsenal,West Bromwich Albion,2,1.2,1.0,13.6,7.0,1.4,0.8,414,207,2.2,1.6,10.6,8.0,1.6,1.0,338,169,-1.0000000000000002,0.6000000000000001,3.0,-1.0,-0.19999999999999996,76,53.9,,
2021|2021-05-09|aston-villa|manchester-united,2021,2021-05-09,Aston Villa,Manchester United,0,1.8,1.6,13.6,7.0,1.4,1.0,299,149,1.8,0.6,15.0,13.0,2.6,1.8,413,207,0.0,-1.0,-1.4000000000000004,-6.0,-0.8,-114,43.9,56.0,-12.100000000000001
2021|2021-05-09|west-ham-united|everton,2021,2021-05-09,West Ham United,Everton,0,2.0,1.8,12.0,9.0,1.8,2.0,376,188,1.0,1.0,13.0,6.0,1.2,2.0,413,206,1.0,-0.8,-1.0,3.0,0.0,-37,43.9,49.2,-5.300000000000004
2021|2021-05-09|wolverhampton-wanderers|brighton-and-hove-albion,2021,2021-05-09,Wolverhampton Wanderers,Brighton & Hove Albion,2,1.0,1.6,13.8,7.0,1.4,1.2,186,93,0.6,0.6,14.6,5.0,1.0,0.8,148,74,0.4,-1.0,-0.7999999999999989,2.0,0.3999999999999999,38,48.3,52.3,-4.0
2021|2021-05-10|fulham|burnley,2021,2021-05-10,Fulham,Burnley,0,0.6,1.8,11.0,1.0,0.2,0.6,224,112,1.8,2.0,12.6,3.0,0.6,1.2,224,112,-1.2000000000000002,0.19999999999999996,-1.5999999999999996,-2.0,-0.6,0,,41.5,
2021|2021-05-11|manchester-united|leicester-city,2021,2021-05-11,Manchester United,Leicester City,0,2.2,0.8,15.6,13.0,2.6,2.6,414,206,2.0,1.8,18.6,7.0,1.4,1.6,263,131,0.20000000000000018,1.0,-3.0000000000000018,6.0,1.0,151,56.0,57.5,-1.5
2021|2021-05-11|southampton|crystal-palace,2021,2021-05-11,Southampton,Crystal Palace,2,1.0,2.0,13.0,4.0,0.8,1.0,338,168,1.0,1.8,9.6,4.0,0.8,1.4,300,150,0.0,-0.19999999999999996,3.4000000000000004,0.0,-0.3999999999999999,38,48.9,44.6,4.299999999999997
2021|2021-05-12|chelsea|arsenal,2021,2021-05-12,Chelsea,Arsenal,0,1.8,0.4,13.6,13.0,2.6,1.6,415,207,1.8,0.6,16.0,10.0,2.0,2.2,415,207,0.0,0.19999999999999996,-2.4000000000000004,3.0,-0.6000000000000001,0,60.7,53.9,6.800000000000004
2021|2021-05-13|aston-villa|everton,2021,2021-05-13,Aston Villa,Everton,1,1.4,2.0,13.0,4.0,0.8,0.8,300,150,1.0,0.8,11.8,8.0,1.6,2.0,414,207,0.3999999999999999,-1.2,1.1999999999999993,-4.0,-1.2,-114,43.9,49.2,-5.300000000000004
2021|2021-05-13|manchester-united|liverpool,2021,2021-05-13,Manchester United,Liverpool,0,2.0,1.0,13.4,10.0,2.0,2.4,415,207,1.8,0.6,18.4,11.0,2.2,2.0,414,206,0.19999999999999996,-0.4,-4.999999999999998,-1.0,0.3999999999999999,1,56.0,63.2,-7.200000000000003
2021|2021-05-14|newcastle-united|manchester-city,2021,2021-05-14,Newcastle United,Manchester City,0,2.0,1.6,10.4,10.0,2.0,1.2,377,188,1.6,1.0,17.8,9.0,1.8,3.0,415,207,0.3999999999999999,-0.6000000000000001,-7.4,1.0,-1.8,-38,38.6,66.7,-28.1
2021|2021-05-15|brighton-and-hove-albion|west-ham-united,2021,2021-05-15,Brighton & Hove Albion,West Ham United,1,0.6,0.6,14.6,5.0,1.0,1.4,149,74,1.4,1.6,12.4,6.0,1.2,1.2,377,188,-0.7999999999999999,1.0,2.1999999999999993,-1.0,0.19999999999999996,-228,52.3,43.9,8.399999999999999
2021|2021-05-15|burnley|leeds-united,2021,2021-05-15,Burnley,Leeds United,0,1.8,1.4,14.0,6.0,1.2,0.6,225,112,1.2,1.0,9.4,8.0,1.6,1.2,35,17,0.6000000000000001,-0.3999999999999999,4.6,-2.0,-0.6,190,41.5,,
2021|2021-05-15|southampton|fulham,2021,2021-05-15,Southampton,Fulham,2,1.0,1.8,10.8,4.0,0.8,1.6,339,169,0.4,1.8,12.6,1.0,0.2,1.0,225,112,0.6,0.0,-1.799999999999999,3.0,0.6000000000000001,114,48.9,,
2021|2021-05-16|crystal-palace|aston-villa,2021,2021-05-16,Crystal Palace,Aston Villa,2,1.0,2.2,9.2,3.0,0.6,1.0,301,150,1.2,1.6,13.8,5.0,1.0,1.4,301,150,-0.19999999999999996,-0.6000000000000001,-4.600000000000001,-2.0,-0.3999999999999999,0,44.6,43.9,0.7000000000000028
2021|2021-05-16|everton|sheffield-united,2021,2021-05-16,Everton,Sheffield United,0,1.0,0.8,13.2,8.0,1.6,1.0,415,207,0.2,2.0,7.4,3.0,0.6,0.0,73,36,0.8,1.2,5.799999999999999,5.0,1.0,342,49.2,42.9,6.300000000000004
2021|2021-05-16|tottenham-hotspur|wolverhampton-wanderers,2021,2021-05-16,Tottenham Hotspur,Wolverhampton Wanderers,2,2.0,1.8,13.4,7.0,1.4,2.4,415,207,1.0,1.2,13.0,10.0,2.0,1.2,187,93,1.0,-0.6000000000000001,0.40000000000000036,-3.0,1.2,228,52.2,48.3,3.9000000000000057
2021|2021-05-16|west-bromwich-albion|liverpool,2021,2021-05-16,West Bromwich Albion,Liverpool,0,1.4,1.8,10.2,5.0,1.0,1.6,339,169,2.0,1.0,18.6,11.0,2.2,2.6,415,207,-0.6000000000000001,-0.8,-8.400000000000002,-6.0,-1.0,-76,,63.2,
2021|2021-05-18|brighton-and-hove-albion|manchester-city,2021,2021-05-18,Brighton & Hove Albion,Manchester City,2,0.8,0.8,12.0,5.0,1.0,1.6,150,75,2.0,1.6,18.6,9.0,1.8,3.0,416,208,-1.2,0.8,-6.600000000000001,-4.0,-1.4,-266,52.3,66.7,-14.400000000000006
2021|2021-05-18|chelsea|leicester-city,2021,2021-05-18,Chelsea,Leicester City,2,1.0,0.4,12.8,10.0,2.0,1.4,416,208,2.0,1.4,18.0,10.0,2.0,1.6,264,132,-1.0,0.9999999999999999,-5.199999999999999,0.0,-0.20000000000000018,152,60.7,57.5,3.200000000000003
2021|2021-05-18|manchester-united|fulham,2021,2021-05-18,Manchester United,Fulham,1,1.8,1.6,14.6,7.0,1.4,1.8,416,208,0.4,1.8,11.6,1.0,0.2,0.8,226,113,1.4,0.19999999999999996,3.0,6.0,1.0,190,56.0,,
2021|2021-05-18|southampton|leeds-united,2021,2021-05-18,Southampton,Leeds United,0,1.6,1.4,10.2,7.0,1.4,2.0,340,170,1.6,0.8,12.2,8.0,1.6,1.8,36,18,0.0,-0.5999999999999999,-2.0,-1.0,0.19999999999999996,304,48.9,,
2021|2021-05-19|burnley|liverpool,2021,2021-05-19,Burnley,Liverpool,0,1.6,1.8,12.4,6.0,1.2,0.4,226,113,2.0,1.0,19.2,11.0,2.2,2.6,416,208,-0.3999999999999999,-0.8,-6.799999999999999,-5.0,-2.2,-190,41.5,63.2,-21.700000000000003
2021|2021-05-19|crystal-palace|arsenal,2021,2021-05-19,Crystal Palace,Arsenal,0,1.4,1.8,13.6,6.0,1.2,1.4,302,151,1.4,0.6,14.2,10.0,2.0,2.2,416,208,0.0,-1.2000000000000002,-0.5999999999999996,-4.0,-0.8000000000000003,-114,44.6,53.9,-9.299999999999997
2021|2021-05-19|everton|wolverhampton-wanderers,2021,2021-05-19,Everton,Wolverhampton Wanderers,2,0.6,0.6,12.8,7.0,1.4,0.4,416,208,0.8,1.6,14.6,7.0,1.4,1.0,188,94,-0.20000000000000007,1.0,-1.799999999999999,0.0,-0.6,228,49.2,48.3,0.9000000000000057
2021|2021-05-19|newcastle-united|sheffield-united,2021,2021-05-19,Newcastle United,Sheffield United,2,2.2,2.2,10.6,7.0,1.4,1.0,378,189,0.4,1.4,8.0,6.0,1.2,0.6,74,37,1.8000000000000003,-0.8000000000000003,2.5999999999999996,1.0,0.4,304,38.6,42.9,-4.299999999999997
2021|2021-05-19|tottenham-hotspur|aston-villa,2021,2021-05-19,Tottenham Hotspur,Aston Villa,0,2.2,1.2,15.8,10.0,2.0,2.4,416,208,1.4,1.8,16.0,5.0,1.0,0.8,302,151,0.8000000000000003,0.6000000000000001,-0.1999999999999993,5.0,1.5999999999999999,114,52.2,43.9,8.300000000000004
2021|2021-05-19|west-bromwich-albion|west-ham-united,2021,2021-05-19,West Bromwich Albion,West Ham United,0,1.0,2.2,9.2,2.0,0.4,1.0,340,170,1.0,1.4,14.6,4.0,0.8,1.4,378,189,0.0,-0.8000000000000003,-5.4,-2.0,-0.3999999999999999,-38,,43.9,
2021|2021-05-23|arsenal|brighton-and-hove-albion,2021,2021-05-23,Arsenal,Brighton & Hove Albion,2,1.8,0.6,11.8,12.0,2.4,1.4,417,208,1.4,1.2,13.6,7.0,1.4,0.8,151,75,0.40000000000000013,0.6,-1.799999999999999,5.0,0.5999999999999999,266,53.9,52.3,1.6000000000000014
2021|2021-05-23|aston-villa|chelsea,2021,2021-05-23,Aston Villa,Chelsea,2,1.4,1.6,15.2,7.0,1.4,1.0,303,151,1.4,0.6,14.8,12.0,2.4,2.6,417,208,0.0,-1.0,0.3999999999999986,-5.0,-1.6,-114,43.9,60.7,-16.800000000000004
2021|2021-05-23|fulham|newcastle-united,2021,2021-05-23,Fulham,Newcastle United,0,0.6,1.8,10.4,2.0,0.4,0.0,227,113,1.8,1.8,10.6,7.0,1.4,1.6,379,189,-1.2000000000000002,0.0,-0.1999999999999993,-5.0,-1.6,-152,,38.6,
2021|2021-05-23|leeds-united|west-bromwich-albion,2021,2021-05-23,Leeds United,West Bromwich Albion,2,1.8,0.6,12.8,10.0,2.0,1.8,37,18,1.2,2.2,11.2,2.0,0.4,0.8,341,170,0.6000000000000001,1.6,1.6000000000000014,8.0,1.0,-304,,,
2021|2021-05-23|leicester-city|tottenham-hotspur,2021,2021-05-23,Leicester City,Tottenham Hotspur,0,1.6,1.8,16.0,7.0,1.4,1.8,265,132,2.0,1.2,15.4,9.0,1.8,1.0,417,208,-0.3999999999999999,-0.6000000000000001,0.5999999999999996,-2.0,0.8,-152,57.5,52.2,5.299999999999997
2021|2021-05-23|liverpool|crystal-palace,2021,2021-05-23,Liverpool,Crystal Palace,2,2.4,0.8,19.8,13.0,2.6,1.4,417,208,1.4,2.0,15.2,6.0,1.2,0.8,303,151,1.0,1.2,4.600000000000001,7.0,0.5999999999999999,114,63.2,44.6,18.6
2021|2021-05-23|manchester-city|everton,2021,2021-05-23,Manchester City,Everton,2,2.2,1.8,14.4,9.0,1.8,1.2,417,208,0.6,0.6,14.0,7.0,1.4,1.6,417,208,1.6,-1.2000000000000002,0.40000000000000036,2.0,-0.40000000000000013,0,66.7,49.2,17.5
2021|2021-05-23|sheffield-united|burnley,2021,2021-05-23,Sheffield United,Burnley,2,0.4,1.4,8.6,6.0,1.2,1.2,75,37,1.4,1.8,12.4,6.0,1.2,1.8,227,113,-0.9999999999999999,0.40000000000000013,-3.8000000000000007,0.0,-0.6000000000000001,-152,42.9,41.5,1.3999999999999986
2021|2021-05-23|west-ham-united|southampton,2021,2021-05-23,West Ham United,Southampton,2,1.2,1.0,15.6,7.0,1.4,1.4,379,189,1.4,1.4,11.8,7.0,1.4,0.6,341,170,-0.19999999999999996,0.3999999999999999,3.799999999999999,0.0,0.7999999999999999,38,43.9,48.9,-5.0
2021|2021-05-23|wolverhampton-wanderers|manchester-united,2021,2021-05-23,Wolverhampton Wanderers,Manchester United,0,0.6,1.8,14.4,4.0,0.8,1.2,189,94,1.4,1.6,13.8,5.0,1.0,2.2,417,208,-0.7999999999999999,-0.19999999999999996,0.5999999999999996,-1.0,-1.0000000000000002,-228,48.3,56.0,-7.700000000000003
2122|2021-08-13|brentford|arsenal,2122,2021-08-13,Brentford,Arsenal,2,,,,,,,0,0,2.2,0.4,12.2,15.0,3.0,2.6,418,209,,,,,,-418,,53.7,
2122|2021-08-14|burnley|brighton-and-hove-albion,2122,2021-08-14,Burnley,Brighton & Hove Albion,0,0.6,2.0,11.6,3.0,0.6,0.2,228,114,1.4,1.4,11.2,7.0,1.4,0.2,152,76,-0.7999999999999999,-0.6000000000000001,0.40000000000000036,-4.0,0.0,76,41.9,51.1,-9.200000000000003
2122|2021-08-14|chelsea|crystal-palace,2122,2021-08-14,Chelsea,Crystal Palace,2,1.4,1.0,16.0,9.0,1.8,1.4,418,209,1.4,2.0,14.4,6.0,1.2,0.8,304,152,0.0,1.0,1.5999999999999996,3.0,0.5999999999999999,114,61.3,40.2,21.099999999999994
2122|2021-08-14|everton|southampton,2122,2021-08-14,Everton,Southampton,2,0.4,1.2,12.4,7.0,1.4,1.0,418,209,1.2,1.8,14.2,6.0,1.2,0.0,342,171,-0.7999999999999999,0.6000000000000001,-1.799999999999999,1.0,1.0,76,46.4,52.2,-5.800000000000004
2122|2021-08-14|leicester-city|wolverhampton-wanderers,2122,2021-08-14,Leicester City,Wolverhampton Wanderers,2,1.6,2.4,15.4,4.0,0.8,1.2,266,133,0.8,1.4,14.8,4.0,0.8,1.0,190,95,0.8,-1.0,0.5999999999999996,0.0,0.19999999999999996,76,54.6,49.3,5.300000000000004
2122|2021-08-14|manchester-united|leeds-united,2122,2021-08-14,Manchester United,Leeds United,2,1.8,1.8,12.4,7.0,1.4,1.4,418,209,2.4,0.8,15.0,12.0,2.4,2.4,38,19,-0.5999999999999999,-1.0,-2.5999999999999996,-5.0,-1.0,380,55.9,57.6,-1.7000000000000028
2122|2021-08-14|norwich-city|liverpool,2122,2021-08-14,Norwich City,Liverpool,0,0.2,2.8,7.2,0.0,0.0,0.0,190,95,2.6,0.6,19.2,15.0,3.0,2.6,418,209,-2.4,-2.1999999999999997,-12.0,-15.0,-2.6,-228,,62.4,
2122|2021-08-14|watford|aston-villa,2122,2021-08-14,Watford,Aston Villa,2,1.4,2.4,12.2,6.0,1.2,1.4,190,95,1.4,1.6,13.8,7.0,1.4,1.4,304,152,0.0,-0.7999999999999998,-1.6000000000000014,-1.0,0.0,-114,,48.3,
2122|2021-08-15|newcastle-united|west-ham-united,2122,2021-08-15,Newcastle United,West Ham United,0,2.0,1.6,11.2,9.0,1.8,1.4,380,190,1.8,0.8,16.6,10.0,2.0,2.0,380,190,0.19999999999999996,-0.8,-5.400000000000002,-1.0,-0.6000000000000001,0,38.3,42.7,-4.400000000000006
2122|2021-08-15|tottenham-hotspur|manchester-city,2122,2021-08-15,Tottenham Hotspur,Manchester City,2,2.4,1.4,15.2,9.0,1.8,1.8,418,209,2.8,1.6,16.0,9.0,1.8,2.4,418,209,-0.3999999999999999,0.20000000000000018,-0.8000000000000007,0.0,-0.5999999999999999,0,51.5,63.7,-12.200000000000003
2122|2021-08-21|aston-villa|newcastle-united,2122,2021-08-21,Aston Villa,Newcastle United,2,1.6,1.6,13.8,7.0,1.4,1.0,305,152,2.4,2.0,13.6,9.0,1.8,2.0,381,190,-0.7999999999999998,0.3999999999999999,0.20000000000000107,-2.0,-1.0,-76,48.3,38.3,10.0
2122|2021-08-21|brighton-and-hove-albion|watford,2122,2021-08-21,Brighton & Hove Albion,Watford,2,1.4,1.6,10.6,7.0,1.4,2.2,153,76,1.6,2.6,13.0,6.0,1.2,0.0,191,95,-0.20000000000000018,1.0,-2.4000000000000004,1.0,2.2,-38,51.1,,
2122|2021-08-21|crystal-palace|brentford,2122,2021-08-21,Crystal Palace,Brentford,1,1.0,2.6,11.0,3.0,0.6,1.2,305,152,,,,,,,1,0,,,,,,304,40.2,,
2122|2021-08-21|leeds-united|everton,2122,2021-08-21,Leeds United,Everton,1,2.6,1.4,14.8,12.0,2.4,2.2,39,19,0.8,1.4,13.4,7.0,1.4,1.6,419,209,1.8,0.0,1.4000000000000004,5.0,0.6000000000000001,-380,57.6,46.4,11.200000000000003
2122|2021-08-21|liverpool|burnley,2122,2021-08-21,Liverpool,Burnley,2,2.8,0.6,20.2,15.0,3.0,2.0,419,209,0.6,2.0,12.8,3.0,0.6,1.2,229,114,2.1999999999999997,1.4,7.399999999999999,12.0,0.8,190,62.4,41.9,20.5
2122|2021-08-21|manchester-city|norwich-city,2122,2021-08-21,Manchester City,Norwich City,2,2.4,1.8,15.6,6.0,1.2,1.2,419,209,0.0,3.0,7.6,0.0,0.0,0.0,191,95,2.4,1.2,8.0,6.0,1.2,228,63.7,,
2122|2021-08-22|arsenal|chelsea,2122,2021-08-22,Arsenal,Chelsea,0,1.8,0.8,12.8,12.0,2.4,1.4,419,209,1.6,1.0,16.8,9.0,1.8,2.0,419,209,0.19999999999999996,0.19999999999999996,-4.0,3.0,-0.6000000000000001,0,53.7,61.3,-7.599999999999994
2122|2021-08-22|southampton|manchester-united,2122,2021-08-22,Southampton,Manchester United,1,1.4,2.0,13.0,6.0,1.2,2.0,343,171,2.2,1.8,12.0,7.0,1.4,2.6,419,209,-0.8000000000000003,-0.19999999999999996,1.0,-1.0,-0.6000000000000001,-76,52.2,55.9,-3.6999999999999957
2122|2021-08-22|wolverhampton-wanderers|tottenham-hotspur,2122,2021-08-22,Wolverhampton Wanderers,Tottenham Hotspur,0,0.6,1.4,14.2,3.0,0.6,1.2,191,95,1.8,1.4,13.8,9.0,1.8,1.6,419,209,-1.2000000000000002,0.0,0.3999999999999986,-6.0,-0.40000000000000013,-228,49.3,51.5,-2.200000000000003
2122|2021-08-23|west-ham-united|leicester-city,2122,2021-08-23,West Ham United,Leicester City,2,2.2,1.0,13.8,10.0,2.0,1.4,381,190,1.6,2.2,12.6,6.0,1.2,1.4,267,133,0.6000000000000001,1.2000000000000002,1.200000000000001,4.0,0.0,114,42.7,54.6,-11.899999999999999
2122|2021-08-28|aston-villa|brentford,2122,2021-08-28,Aston Villa,Brentford,1,2.0,1.6,13.2,9.0,1.8,1.6,306,153,,,,,,,2,1,,,,,,304,48.3,,
2122|2021-08-28|brighton-and-hove-albion|everton,2122,2021-08-28,Brighton & Hove Albion,Everton,0,1.6,1.2,12.2,10.0,2.0,2.2,154,77,1.2,1.8,13.8,7.0,1.4,1.6,420,210,0.40000000000000013,0.6000000000000001,-1.6000000000000014,3.0,0.6000000000000001,-266,51.1,46.4,4.700000000000003
2122|2021-08-28|liverpool|chelsea,2122,2021-08-28,Liverpool,Chelsea,1,2.4,0.2,22.2,15.0,3.0,2.6,420,210,1.6,0.8,18.8,9.0,1.8,2.4,420,210,0.7999999999999998,0.6000000000000001,3.3999999999999986,6.0,0.20000000000000018,0,62.4,61.3,1.1000000000000014
2122|2021-08-28|manchester-city|arsenal,2122,2021-08-28,Manchester City,Arsenal,2,3.2,1.4,15.6,9.0,1.8,1.8,420,210,1.2,1.0,11.0,9.0,1.8,2.4,420,210,2.0,-0.3999999999999999,4.6,0.0,-0.5999999999999999,0,63.7,53.7,10.0
2122|2021-08-28|newcastle-united|southampton,2122,2021-08-28,Newcastle United,Southampton,1,1.6,2.0,12.6,6.0,1.2,1.2,382,191,1.0,2.0,12.0,4.0,0.8,0.0,344,172,0.6000000000000001,0.0,0.5999999999999996,2.0,1.2,38,38.3,52.2,-13.900000000000006
2122|2021-08-28|norwich-city|leicester-city,2122,2021-08-28,Norwich City,Leicester City,0,0.0,3.2,5.6,0.0,0.0,0.0,192,96,1.4,2.2,8.6,6.0,1.2,0.8,268,134,-1.4,-1.0,-3.0,-6.0,-0.8,-76,,54.6,
2122|2021-08-28|west-ham-united|crystal-palace,2122,2021-08-28,West Ham United,Crystal Palace,1,3.0,1.0,14.2,13.0,2.6,1.8,382,191,0.8,2.0,10.2,4.0,0.8,0.6,306,153,2.2,1.0,4.0,9.0,1.2000000000000002,76,42.7,40.2,2.5
2122|2021-08-29|burnley|leeds-united,2122,2021-08-29,Burnley,Leeds United,1,0.2,2.4,11.8,0.0,0.0,0.0,230,115,2.4,1.6,15.0,10.0,2.0,1.8,40,20,-2.1999999999999997,-0.7999999999999998,-3.1999999999999993,-10.0,-1.8,190,41.9,57.6,-15.700000000000003
2122|2021-08-29|tottenham-hotspur|watford,2122,2021-08-29,Tottenham Hotspur,Watford,2,1.8,0.8,13.2,12.0,2.4,2.4,420,210,1.2,2.8,11.6,3.0,0.6,0.0,192,96,0.6000000000000001,1.9999999999999998,1.5999999999999996,9.0,2.4,228,51.5,,
2122|2021-08-29|wolverhampton-wanderers|manchester-united,2122,2021-08-29,Wolverhampton Wanderers,Manchester United,0,0.2,1.4,16.0,0.0,0.0,1.2,192,96,2.2,1.6,14.2,8.0,1.6,2.2,420,210,-2.0,0.20000000000000018,1.8000000000000007,-8.0,-1.0000000000000002,-228,49.3,55.9,-6.600000000000001
2122|2021-09-11|arsenal|norwich-city,2122,2021-09-11,Arsenal,Norwich City,2,1.0,2.0,10.2,6.0,1.2,1.4,421,210,0.2,3.4,8.0,0.0,0.0,0.0,193,96,0.8,1.4,2.1999999999999993,6.0,1.4,228,53.7,,
2122|2021-09-11|brentford|brighton-and-hove-albion,2122,2021-09-11,Brentford,Brighton & Hove Albion,0,1.0,0.3333333333333333,10.333333333333334,5.0,1.6666666666666667,,3,1,1.4,1.4,13.0,9.0,1.8,0.8,155,77,-0.3999999999999999,1.0666666666666667,-2.666666666666666,-4.0,,-152,,51.1,
2122|2021-09-11|chelsea|aston-villa,2122,2021-09-11,Chelsea,Aston Villa,2,1.8,0.8,16.2,10.0,2.0,2.0,421,210,1.8,1.2,10.8,10.0,2.0,1.2,307,153,0.0,0.3999999999999999,5.399999999999999,0.0,0.8,114,61.3,48.3,13.0
2122|2021-09-11|crystal-palace|tottenham-hotspur,2122,2021-09-11,Crystal Palace,Tottenham Hotspur,2,0.6,2.0,7.4,2.0,0.4,0.8,307,153,1.6,0.8,11.4,12.0,2.4,1.6,421,210,-1.0,-1.2,-4.0,-10.0,-0.8,-114,40.2,51.5,-11.299999999999997
2122|2021-09-11|leicester-city|manchester-city,2122,2021-09-11,Leicester City,Manchester City,0,1.4,2.2,8.0,6.0,1.2,1.8,269,134,3.4,0.8,17.6,9.0,1.8,1.8,421,210,-2.0,-1.4000000000000001,-9.600000000000001,-3.0,0.0,-152,54.6,63.7,-9.100000000000001
2122|2021-09-11|manchester-united|newcastle-united,2122,2021-09-11,Manchester United,Newcastle United,2,2.0,0.8,12.6,11.0,2.2,1.4,421,210,1.4,1.6,12.4,7.0,1.4,2.0,383,191,0.6000000000000001,0.8,0.1999999999999993,4.0,-0.6000000000000001,38,55.9,38.3,17.6
2122|2021-09-11|southampton|west-ham-united,2122,2021-09-11,Southampton,West Ham United,1,0.8,2.2,14.2,2.0,0.4,1.6,345,172,3.2,1.2,14.0,13.0,2.6,2.0,383,191,-2.4000000000000004,-1.0000000000000002,0.1999999999999993,-11.0,-0.3999999999999999,-38,52.2,42.7,9.5
2122|2021-09-11|watford|wolverhampton-wanderers,2122,2021-09-11,Watford,Wolverhampton Wanderers,0,1.0,2.4,10.6,3.0,0.6,1.8,193,96,0.2,1.2,16.0,0.0,0.0,0.8,193,96,0.8,-1.2,-5.4,3.0,1.0,0,,49.3,
2122|2021-09-12|leeds-united|liverpool,2122,2021-09-12,Leeds United,Liverpool,0,1.8,1.8,14.2,8.0,1.6,1.8,41,20,2.2,0.2,21.8,13.0,2.6,2.6,421,210,-0.40000000000000013,-1.6,-7.600000000000001,-5.0,-0.8,-380,57.6,62.4,-4.799999999999997
2122|2021-09-13|everton|burnley,2122,2021-09-13,Everton,Burnley,2,1.6,1.6,13.4,10.0,2.0,1.4,421,210,0.4,1.8,11.0,1.0,0.2,1.2,231,115,1.2000000000000002,0.19999999999999996,2.4000000000000004,9.0,0.19999999999999996,190,46.4,41.9,4.5
2122|2021-09-17|newcastle-united|leeds-united,2122,2021-09-17,Newcastle United,Leeds United,1,1.4,2.4,11.6,4.0,0.8,0.8,384,192,1.4,2.4,13.0,5.0,1.0,1.4,42,21,0.0,0.0,-1.4000000000000004,-1.0,-0.5999999999999999,342,38.3,57.6,-19.300000000000004
2122|2021-09-18|aston-villa|everton,2122,2021-09-18,Aston Villa,Everton,2,1.4,1.6,10.4,7.0,1.4,1.6,308,154,2.0,1.8,13.4,10.0,2.0,1.6,422,211,-0.6000000000000001,0.19999999999999996,-3.0,-3.0,0.0,-114,48.3,46.4,1.8999999999999986
2122|2021-09-18|burnley|arsenal,2122,2021-09-18,Burnley,Arsenal,0,0.6,1.8,11.2,1.0,0.2,0.2,232,116,0.6,1.8,15.0,6.0,1.2,1.8,422,211,0.0,0.0,-3.8000000000000007,-5.0,-1.6,-190,41.9,53.7,-11.800000000000004
2122|2021-09-18|liverpool|crystal-palace,2122,2021-09-18,Liverpool,Crystal Palace,2,2.2,0.2,23.8,13.0,2.6,2.2,422,211,1.0,1.4,8.6,5.0,1.0,0.8,308,154,1.2000000000000002,1.2,15.200000000000001,8.0,1.4000000000000001,114,62.4,40.2,22.199999999999996
2122|2021-09-18|manchester-city|southampton,2122,2021-09-18,Manchester City,Southampton,1,3.2,0.2,21.0,12.0,2.4,1.8,422,211,0.8,1.8,12.8,3.0,0.6,0.2,346,173,2.4000000000000004,1.6,8.2,9.0,1.6,76,63.7,52.2,11.5
2122|2021-09-18|norwich-city|watford,2122,2021-09-18,Norwich City,Watford,0,0.2,3.2,8.8,0.0,0.0,0.0,194,97,1.0,2.0,11.4,3.0,0.6,0.0,194,97,-0.8,-1.2000000000000002,-2.5999999999999996,-3.0,0.0,0,,,
2122|2021-09-18|wolverhampton-wanderers|brentford,2122,2021-09-18,Wolverhampton Wanderers,Brentford,0,0.6,1.0,17.0,3.0,0.6,0.6,194,97,0.75,0.5,9.5,5.0,1.25,,4,2,-0.15000000000000002,-0.5,7.5,-2.0,,190,49.3,,
2122|2021-09-19|brighton-and-hove-albion|leicester-city,2122,2021-09-19,Brighton & Hove Albion,Leicester City,2,1.0,1.0,10.0,9.0,1.8,2.0,156,78,1.2,2.0,7.8,6.0,1.2,1.4,270,135,-0.19999999999999996,1.0,2.2,3.0,0.6000000000000001,-114,51.1,54.6,-3.5
2122|2021-09-19|tottenham-hotspur|chelsea,2122,2021-09-19,Tottenham Hotspur,Chelsea,0,1.4,1.0,9.8,12.0,2.4,2.4,422,211,2.0,0.6,15.2,10.0,2.0,2.0,422,211,-0.6000000000000001,-0.4,-5.399999999999999,2.0,0.3999999999999999,0,51.5,61.3,-9.799999999999997
2122|2021-09-19|west-ham-united|manchester-united,2122,2021-09-19,West Ham United,Manchester United,0,2.6,1.0,12.4,11.0,2.2,1.4,384,192,2.6,0.8,14.2,13.0,2.6,2.2,422,211,0.0,-0.19999999999999996,-1.799999999999999,-2.0,-0.8000000000000003,-38,42.7,55.9,-13.199999999999996
2122|2021-09-25|brentford|liverpool,2122,2021-09-25,Brentford,Liverpool,1,1.0,0.4,9.4,8.0,1.6,,5,2,2.4,0.2,25.0,13.0,2.6,3.0,423,211,-1.4,-0.2,-15.6,-5.0,,-418,,62.4,
2122|2021-09-25|chelsea|manchester-city,2122,2021-09-25,Chelsea,Manchester City,0,2.4,0.2,14.6,13.0,2.6,2.4,423,211,2.2,0.2,20.4,10.0,2.0,1.8,423,211,0.19999999999999973,0.0,-5.799999999999999,3.0,0.5999999999999999,0,61.3,63.7,-2.4000000000000057
2122|2021-09-25|everton|norwich-city,2122,2021-09-25,Everton,Norwich City,2,2.0,1.4,14.0,10.0,2.0,1.8,423,211,0.4,2.8,10.2,0.0,0.0,0.0,195,97,1.6,1.4,3.8000000000000007,10.0,1.8,228,46.4,,
2122|2021-09-25|leeds-united|west-ham-united,2122,2021-09-25,Leeds United,West Ham United,0,1.0,2.4,14.0,3.0,0.6,1.6,43,21,2.2,1.4,12.2,8.0,1.6,2.2,385,192,-1.2000000000000002,-1.0,1.8000000000000007,-5.0,-0.6000000000000001,-342,57.6,42.7,14.899999999999999
2122|2021-09-25|leicester-city|burnley,2122,2021-09-25,Leicester City,Burnley,1,1.0,1.6,8.6,6.0,1.2,1.2,271,135,0.6,1.8,12.8,1.0,0.2,1.2,233,116,0.4,0.19999999999999996,-4.200000000000001,5.0,0.0,38,54.6,41.9,12.700000000000003
2122|2021-09-25|manchester-united|aston-villa,2122,2021-09-25,Manchester United,Aston Villa,0,2.6,0.8,15.8,13.0,2.6,1.4,423,211,1.6,1.4,12.2,7.0,1.4,1.2,309,154,1.0,0.5999999999999999,3.6000000000000014,6.0,0.19999999999999996,114,55.9,48.3,7.600000000000001
2122|2021-09-25|watford|newcastle-united,2122,2021-09-25,Watford,Newcastle United,1,1.2,1.6,10.0,6.0,1.2,1.8,195,97,1.2,2.6,13.0,2.0,0.4,1.4,385,192,0.0,1.0,-3.0,4.0,0.40000000000000013,-190,,38.3,
2122|2021-09-26|arsenal|tottenham-hotspur,2122,2021-09-26,Arsenal,Tottenham Hotspur,2,0.4,1.8,14.4,6.0,1.2,1.8,423,211,0.6,1.2,9.2,9.0,1.8,1.4,423,211,-0.19999999999999996,-0.6000000000000001,5.200000000000001,-3.0,0.40000000000000013,0,53.7,51.5,2.200000000000003
2122|2021-09-26|southampton|wolverhampton-wanderers,2122,2021-09-26,Southampton,Wolverhampton Wanderers,0,0.8,1.2,11.4,4.0,0.8,1.6,347,173,0.4,1.0,16.4,3.0,0.6,0.8,195,97,0.4,-0.19999999999999996,-4.999999999999998,1.0,0.8,152,52.2,49.3,2.9000000000000057
2122|2021-09-27|crystal-palace|brighton-and-hove-albion,2122,2021-09-27,Crystal Palace,Brighton & Hove Albion,1,1.0,1.6,10.2,5.0,1.0,1.4,309,154,1.4,0.8,11.4,12.0,2.4,1.2,157,78,-0.3999999999999999,-0.8,-1.200000000000001,-7.0,0.19999999999999996,152,40.2,51.1,-10.899999999999999
2122|2021-10-02|brighton-and-hove-albion|arsenal,2122,2021-10-02,Brighton & Hove Albion,Arsenal,1,1.2,0.8,10.2,10.0,2.0,2.0,158,79,1.0,1.6,12.4,9.0,1.8,1.8,424,212,0.19999999999999996,0.8,-2.200000000000001,1.0,0.19999999999999996,-266,51.1,53.7,-2.6000000000000014
2122|2021-10-02|burnley|norwich-city,2122,2021-10-02,Burnley,Norwich City,1,0.8,1.8,11.8,2.0,0.4,0.2,234,117,0.4,2.6,9.4,0.0,0.0,0.0,196,98,0.4,0.8,2.4000000000000004,2.0,0.2,38,41.9,,
2122|2021-10-02|chelsea|southampton,2122,2021-10-02,Chelsea,Southampton,2,1.8,0.4,13.0,10.0,2.0,1.8,424,212,0.6,0.8,13.8,4.0,0.8,0.4,348,174,1.2000000000000002,0.4,-0.8000000000000007,6.0,1.4,76,61.3,52.2,9.099999999999994
2122|2021-10-02|leeds-united|watford,2122,2021-10-02,Leeds United,Watford,2,1.0,1.8,15.0,3.0,0.6,1.4,44,22,0.8,1.4,10.4,4.0,0.8,0.6,196,98,0.19999999999999996,-0.40000000000000013,4.6,-1.0,0.7999999999999999,-152,57.6,,
2122|2021-10-02|manchester-united|everton,2122,2021-10-02,Manchester United,Everton,1,1.6,0.8,18.2,10.0,2.0,1.4,424,212,1.8,1.2,13.4,10.0,2.0,1.0,424,212,-0.19999999999999996,0.3999999999999999,4.799999999999999,0.0,0.3999999999999999,0,55.9,46.4,9.5
2122|2021-10-02|wolverhampton-wanderers|newcastle-united,2122,2021-10-02,Wolverhampton Wanderers,Newcastle United,2,0.6,0.8,14.0,6.0,1.2,0.6,196,98,1.0,2.0,13.6,3.0,0.6,1.4,386,193,-0.4,1.2,0.40000000000000036,3.0,-0.7999999999999999,-190,49.3,38.3,11.0
2122|2021-10-03|crystal-palace|leicester-city,2122,2021-10-03,Crystal Palace,Leicester City,1,1.2,1.2,11.0,6.0,1.2,1.6,310,155,1.2,2.0,11.2,4.0,0.8,1.2,272,136,0.0,0.8,-0.1999999999999993,2.0,0.40000000000000013,38,40.2,54.6,-14.399999999999999
2122|2021-10-03|liverpool|manchester-city,2122,2021-10-03,Liverpool,Manchester City,1,2.4,0.8,24.4,11.0,2.2,2.6,424,212,2.4,0.0,19.8,13.0,2.6,1.8,424,212,0.0,-0.8,4.599999999999998,-2.0,0.8,0,62.4,63.7,-1.3000000000000043
2122|2021-10-03|tottenham-hotspur|aston-villa,2122,2021-10-03,Tottenham Hotspur,Aston Villa,2,0.6,1.8,8.6,6.0,1.2,1.8,424,212,1.4,0.8,11.4,10.0,2.0,1.2,310,155,-0.7999999999999999,-1.0,-2.8000000000000007,-4.0,0.6000000000000001,114,51.5,48.3,3.200000000000003
2122|2021-10-03|west-ham-united|brentford,2122,2021-10-03,West Ham United,Brentford,0,1.8,1.2,14.6,8.0,1.6,1.4,386,193,1.2,1.0,10.2,6.0,1.2,1.6666666666666667,6,3,0.6000000000000001,-0.19999999999999996,4.4,2.0,-0.26666666666666683,380,42.7,,
2122|2021-10-16|aston-villa|wolverhampton-wanderers,2122,2021-10-16,Aston Villa,Wolverhampton Wanderers,0,1.2,1.2,12.2,7.0,1.4,2.2,311,155,1.0,0.8,10.4,9.0,1.8,1.2,197,98,0.19999999999999996,-0.3999999999999999,1.799999999999999,-2.0,1.0000000000000002,114,48.3,49.3,-1.0
2122|2021-10-16|brentford|chelsea,2122,2021-10-16,Brentford,Chelsea,0,1.6,1.2,10.0,8.0,1.6,1.3333333333333333,7,3,2.0,0.6,12.6,10.0,2.0,2.0,425,212,-0.3999999999999999,-0.6,-2.5999999999999996,-2.0,-0.6666666666666667,-418,,61.3,
2122|2021-10-16|leicester-city|manchester-united,2122,2021-10-16,Leicester City,Manchester United,2,1.4,1.6,12.0,5.0,1.0,0.8,273,136,1.6,0.8,17.8,10.0,2.0,2.6,425,212,-0.20000000000000018,-0.8,-5.800000000000001,-5.0,-1.8,-152,54.6,55.9,-1.2999999999999972
2122|2021-10-16|manchester-city|burnley,2122,2021-10-16,Manchester City,Burnley,2,1.8,0.4,19.0,11.0,2.2,2.0,425,212,0.8,1.4,12.8,3.0,0.6,0.8,235,117,1.0,0.9999999999999999,6.199999999999999,8.0,1.2,190,63.7,41.9,21.800000000000004
2122|2021-10-16|norwich-city|brighton-and-hove-albion,2122,2021-10-16,Norwich City,Brighton & Hove Albion,1,0.4,1.6,11.2,1.0,0.2,0.0,197,98,0.8,0.8,11.8,8.0,1.6,1.4,159,79,-0.4,-0.8,-0.6000000000000014,-7.0,-1.4,38,,51.1,
2122|2021-10-16|southampton|leeds-united,2122,2021-10-16,Southampton,Leeds United,2,0.6,1.2,13.4,3.0,0.6,1.0,349,174,0.8,1.4,15.6,5.0,1.0,1.6,45,22,-0.20000000000000007,0.19999999999999996,-2.1999999999999993,-2.0,-0.6000000000000001,304,52.2,57.6,-5.399999999999999
2122|2021-10-16|watford|liverpool,2122,2021-10-16,Watford,Liverpool,0,0.8,1.2,9.4,4.0,0.8,1.4,197,98,2.4,1.2,20.2,9.0,1.8,2.6,425,212,-1.5999999999999999,0.0,-10.799999999999999,-5.0,-1.2000000000000002,-228,,62.4,
2122|2021-10-17|everton|west-ham-united,2122,2021-10-17,Everton,West Ham United,0,1.6,1.0,12.4,10.0,2.0,2.4,425,212,1.2,1.4,15.6,5.0,1.0,2.2,387,193,0.40000000000000013,0.3999999999999999,-3.1999999999999993,5.0,0.19999999999999973,38,46.4,42.7,3.6999999999999957
2122|2021-10-17|newcastle-united|tottenham-hotspur,2122,2021-10-17,Newcastle United,Tottenham Hotspur,0,1.2,2.0,13.4,3.0,0.6,1.0,387,193,0.8,2.0,10.4,6.0,1.2,1.2,425,212,0.3999999999999999,0.0,3.0,-3.0,-0.19999999999999996,-38,38.3,51.5,-13.200000000000003
2122|2021-10-18|arsenal|crystal-palace,2122,2021-10-18,Arsenal,Crystal Palace,1,1.0,1.2,12.8,10.0,2.0,2.4,425,212,1.6,1.6,13.2,6.0,1.2,0.2,311,155,-0.6000000000000001,0.40000000000000013,-0.3999999999999986,4.0,2.1999999999999997,114,53.7,40.2,13.5
2122|2021-10-22|arsenal|aston-villa,2122,2021-10-22,Arsenal,Aston Villa,2,1.4,0.6,16.0,11.0,2.2,2.0,426,213,1.4,1.6,13.6,6.0,1.2,1.2,312,156,0.0,1.0,2.4000000000000004,5.0,0.8,114,53.7,48.3,5.400000000000006
2122|2021-10-23|brighton-and-hove-albion|manchester-city,2122,2021-10-23,Brighton & Hove Albion,Manchester City,0,0.8,0.4,11.2,9.0,1.8,2.0,160,80,1.2,0.4,17.0,11.0,2.2,1.4,426,213,-0.3999999999999999,0.0,-5.800000000000001,-2.0,0.6000000000000001,-266,51.1,63.7,-12.600000000000001
2122|2021-10-23|chelsea|norwich-city,2122,2021-10-23,Chelsea,Norwich City,2,2.0,0.4,12.4,12.0,2.4,2.4,426,213,0.2,1.2,11.4,2.0,0.4,0.2,198,99,1.8,0.7999999999999999,1.0,10.0,2.1999999999999997,228,61.3,,
2122|2021-10-23|crystal-palace|newcastle-united,2122,2021-10-23,Crystal Palace,Newcastle United,1,1.6,1.6,13.2,6.0,1.2,1.2,312,156,1.2,2.2,12.8,2.0,0.4,0.8,388,194,0.40000000000000013,0.6000000000000001,0.3999999999999986,4.0,0.3999999999999999,-76,40.2,38.3,1.9000000000000057
2122|2021-10-23|everton|watford,2122,2021-10-23,Everton,Watford,0,1.2,1.2,12.6,7.0,1.4,2.4,426,213,0.8,2.0,8.8,4.0,0.8,0.6,198,99,0.3999999999999999,0.8,3.799999999999999,3.0,1.7999999999999998,228,46.4,,
2122|2021-10-23|leeds-united|wolverhampton-wanderers,2122,2021-10-23,Leeds United,Wolverhampton Wanderers,1,0.6,1.4,13.8,4.0,0.8,1.4,46,23,1.6,1.0,9.2,12.0,2.4,1.8,198,99,-1.0,-0.3999999999999999,4.600000000000001,-8.0,-0.40000000000000013,-152,57.6,49.3,8.300000000000004
2122|2021-10-23|southampton|burnley,2122,2021-10-23,Southampton,Burnley,1,0.4,0.8,12.8,5.0,1.0,1.0,350,175,0.6,1.6,11.8,2.0,0.4,0.2,236,118,-0.19999999999999996,0.8,1.0,3.0,0.8,114,52.2,41.9,10.300000000000004
2122|2021-10-24|brentford|leicester-city,2122,2021-10-24,Brentford,Leicester City,0,1.4,1.2,11.6,7.0,1.4,1.0,8,4,1.8,1.8,14.6,5.0,1.0,0.8,274,137,-0.40000000000000013,0.6000000000000001,-3.0,2.0,0.19999999999999996,-266,,54.6,
2122|2021-10-24|manchester-united|liverpool,2122,2021-10-24,Manchester United,Liverpool,0,1.8,1.6,19.4,7.0,1.4,1.6,426,213,3.2,1.0,19.2,11.0,2.2,2.6,426,213,-1.4000000000000001,-0.6000000000000001,0.1999999999999993,-4.0,-1.0,0,55.9,62.4,-6.5
2122|2021-10-24|west-ham-united|tottenham-hotspur,2122,2021-10-24,West Ham United,Tottenham Hotspur,2,1.0,1.0,16.0,7.0,1.4,1.4,388,194,1.2,2.4,10.2,6.0,1.2,1.8,426,213,-0.19999999999999996,1.4,5.800000000000001,1.0,-0.40000000000000013,-38,42.7,51.5,-8.799999999999997
2122|2021-10-30|burnley|brentford,2122,2021-10-30,Burnley,Brentford,2,0.8,1.4,11.4,3.0,0.6,0.4,237,118,1.6,1.4,13.2,7.0,1.4,2.0,9,4,-0.8,0.0,-1.799999999999999,-4.0,-1.6,228,41.9,,
2122|2021-10-30|leicester-city|arsenal,2122,2021-10-30,Leicester City,Arsenal,0,2.2,1.8,15.4,8.0,1.6,1.4,275,137,1.8,0.8,14.4,11.0,2.2,1.4,427,213,0.40000000000000013,-1.0,1.0,-3.0,0.0,-152,54.6,53.7,0.8999999999999986
2122|2021-10-30|liverpool|brighton-and-hove-albion,2122,2021-10-30,Liverpool,Brighton & Hove Albion,1,3.6,1.0,17.0,11.0,2.2,2.2,427,213,0.8,1.2,12.4,6.0,1.2,1.6,161,80,2.8,0.19999999999999996,4.6,5.0,0.6000000000000001,266,62.4,51.1,11.299999999999997
2122|2021-10-30|manchester-city|crystal-palace,2122,2021-10-30,Manchester City,Crystal Palace,0,1.8,0.6,16.6,11.0,2.2,2.6,427,213,1.2,1.8,12.6,4.0,0.8,0.4,313,156,0.6000000000000001,1.2000000000000002,4.000000000000002,7.0,2.2,114,63.7,40.2,23.5
2122|2021-10-30|newcastle-united|chelsea,2122,2021-10-30,Newcastle United,Chelsea,0,1.2,1.6,11.6,3.0,0.6,1.0,389,194,2.8,0.4,14.6,12.0,2.4,2.0,427,213,-1.5999999999999999,-1.2000000000000002,-3.0,-9.0,-1.0,-38,38.3,61.3,-23.0
2122|2021-10-30|tottenham-hotspur|manchester-united,2122,2021-10-30,Tottenham Hotspur,Manchester United,0,1.2,2.0,11.2,6.0,1.2,1.8,427,213,1.0,2.4,17.6,4.0,0.8,2.0,427,213,0.19999999999999996,0.3999999999999999,-6.400000000000002,2.0,-0.19999999999999996,0,51.5,55.9,-4.399999999999999
2122|2021-10-30|watford|southampton,2122,2021-10-30,Watford,Southampton,0,1.8,2.0,11.6,7.0,1.4,0.8,199,99,0.8,1.2,13.8,5.0,1.0,0.4,351,175,1.0,-0.8,-2.200000000000001,2.0,0.4,-152,,52.2,
2122|2021-10-31|aston-villa|west-ham-united,2122,2021-10-31,Aston Villa,West Ham United,0,1.6,1.6,12.0,6.0,1.2,2.0,313,156,1.2,1.0,16.0,9.0,1.8,2.6,389,194,0.40000000000000013,-0.6000000000000001,-4.0,-3.0,-0.6000000000000001,-76,48.3,42.7,5.599999999999994
2122|2021-10-31|norwich-city|leeds-united,2122,2021-10-31,Norwich City,Leeds United,0,0.2,2.4,10.0,2.0,0.4,0.2,199,99,0.8,1.0,15.6,5.0,1.0,1.0,47,23,-0.6000000000000001,-1.4,-5.6,-3.0,-0.8,152,,57.6,
2122|2021-11-01|wolverhampton-wanderers|everton,2122,2021-11-01,Wolverhampton Wanderers,Everton,2,1.4,1.2,8.0,10.0,2.0,0.6,199,99,1.0,2.0,12.8,4.0,0.8,1.0,427,213,0.3999999999999999,0.8,-4.800000000000001,6.0,-0.4,-228,49.3,46.4,2.8999999999999986
2122|2021-11-05|southampton|aston-villa,2122,2021-11-05,Southampton,Aston Villa,2,1.0,1.2,14.2,7.0,1.4,1.2,352,176,1.2,2.4,10.8,3.0,0.6,0.6,314,157,-0.19999999999999996,1.2,3.3999999999999986,4.0,0.6,38,52.2,48.3,3.9000000000000057
2122|2021-11-06|brentford|norwich-city,2122,2021-11-06,Brentford,Norwich City,0,1.4,2.0,13.8,4.0,0.8,0.8,10,5,0.2,2.2,10.4,2.0,0.4,0.2,200,100,1.2,0.20000000000000018,3.4000000000000004,2.0,0.6000000000000001,-190,,,
2122|2021-11-06|brighton-and-hove-albion|newcastle-united,2122,2021-11-06,Brighton & Hove Albion,Newcastle United,1,0.8,1.4,11.8,4.0,0.8,1.4,162,81,1.0,2.0,9.4,2.0,0.4,0.4,390,195,-0.19999999999999996,0.6000000000000001,2.4000000000000004,2.0,0.9999999999999999,-228,51.1,38.3,12.800000000000004
2122|2021-11-06|chelsea|burnley,2122,2021-11-06,Chelsea,Burnley,1,2.8,0.4,14.4,12.0,2.4,2.4,428,214,1.4,1.4,10.8,6.0,1.2,0.4,238,119,1.4,0.9999999999999999,3.5999999999999996,6.0,2.0,190,61.3,41.9,19.4
2122|2021-11-06|crystal-palace|wolverhampton-wanderers,2122,2021-11-06,Crystal Palace,Wolverhampton Wanderers,2,1.6,1.2,11.6,7.0,1.4,1.4,314,157,1.8,1.0,7.8,13.0,2.6,2.0,200,100,-0.19999999999999996,-0.19999999999999996,3.8,-6.0,-0.6000000000000001,114,40.2,49.3,-9.099999999999994
2122|2021-11-06|manchester-united|manchester-city,2122,2021-11-06,Manchester United,Manchester City,0,1.2,2.2,16.2,4.0,0.8,1.4,428,214,1.8,1.0,15.8,10.0,2.0,2.0,428,214,-0.6000000000000001,-1.2000000000000002,0.3999999999999986,-6.0,-0.6000000000000001,0,55.9,63.7,-7.800000000000004
2122|2021-11-07|arsenal|watford,2122,2021-11-07,Arsenal,Watford,2,2.0,0.8,13.6,11.0,2.2,2.0,428,214,1.2,2.0,11.2,4.0,0.8,1.2,200,100,0.8,1.2,2.4000000000000004,7.0,0.8,228,53.7,,
2122|2021-11-07|everton|tottenham-hotspur,2122,2021-11-07,Everton,Tottenham Hotspur,1,1.2,1.8,13.4,4.0,0.8,1.8,428,214,1.2,2.0,11.4,6.0,1.2,1.2,428,214,0.0,0.19999999999999996,2.0,-2.0,0.6000000000000001,0,46.4,51.5,-5.100000000000001
2122|2021-11-07|leeds-united|leicester-city,2122,2021-11-07,Leeds United,Leicester City,1,1.0,1.0,13.8,7.0,1.4,1.0,48,24,2.0,1.8,15.8,8.0,1.6,1.4,276,138,-1.0,0.8,-2.0,-1.0,-0.3999999999999999,-228,57.6,54.6,3.0
2122|2021-11-07|west-ham-united|liverpool,2122,2021-11-07,West Ham United,Liverpool,2,1.8,0.8,17.6,12.0,2.4,1.4,390,195,3.4,1.4,14.8,9.0,1.8,2.6,428,214,-1.5999999999999999,0.5999999999999999,2.8000000000000007,3.0,-1.2000000000000002,-38,42.7,62.4,-19.699999999999996
2122|2021-11-20|aston-villa|brighton-and-hove-albion,2122,2021-11-20,Aston Villa,Brighton & Hove Albion,2,1.0,2.6,12.2,0.0,0.0,1.4,315,157,0.8,1.4,13.0,4.0,0.8,1.8,163,81,0.19999999999999996,-1.2000000000000002,-0.8000000000000007,-4.0,-0.40000000000000013,152,48.3,51.1,-2.8000000000000043
2122|2021-11-20|burnley|crystal-palace,2122,2021-11-20,Burnley,Crystal Palace,1,1.2,1.2,10.0,6.0,1.2,1.0,239,119,1.8,1.0,12.6,9.0,1.8,1.0,315,157,-0.6000000000000001,-0.19999999999999996,-2.5999999999999996,-3.0,0.0,-76,41.9,40.2,1.6999999999999957
2122|2021-11-20|leicester-city|chelsea,2122,2021-11-20,Leicester City,Chelsea,0,1.8,1.6,13.2,8.0,1.6,1.4,277,138,3.0,0.4,18.4,13.0,2.6,2.6,429,214,-1.2,-1.2000000000000002,-5.199999999999999,-5.0,-1.2000000000000002,-152,54.6,61.3,-6.699999999999996
2122|2021-11-20|liverpool|arsenal,2122,2021-11-20,Liverpool,Arsenal,2,3.2,1.4,14.8,8.0,1.6,1.8,429,214,1.6,0.6,14.0,11.0,2.2,1.4,429,214,1.6,-0.7999999999999999,0.8000000000000007,-3.0,0.40000000000000013,0,62.4,53.7,8.699999999999996
2122|2021-11-20|newcastle-united|brentford,2122,2021-11-20,Newcastle United,Brentford,1,1.0,2.0,6.6,2.0,0.4,0.4,391,195,1.0,1.8,15.2,3.0,0.6,1.6,11,5,0.0,-0.19999999999999996,-8.6,-1.0,-1.2000000000000002,380,38.3,,
2122|2021-11-20|norwich-city|southampton,2122,2021-11-20,Norwich City,Southampton,2,0.6,2.0,10.2,5.0,1.0,0.2,201,100,1.2,1.0,12.4,10.0,2.0,1.0,353,176,-0.6,-1.0,-2.200000000000001,-5.0,-0.8,-152,,52.2,
2122|2021-11-20|watford|manchester-united,2122,2021-11-20,Watford,Manchester United,2,1.0,2.0,9.6,3.0,0.6,0.8,201,100,1.2,2.4,11.6,4.0,0.8,2.0,429,214,-0.19999999999999996,0.3999999999999999,-2.0,-1.0,-1.2,-228,,55.9,
2122|2021-11-20|wolverhampton-wanderers|west-ham-united,2122,2021-11-20,Wolverhampton Wanderers,West Ham United,2,1.6,1.4,7.6,10.0,2.0,1.2,201,100,2.0,1.0,15.0,12.0,2.4,2.6,391,195,-0.3999999999999999,-0.3999999999999999,-7.4,-2.0,-1.4000000000000001,-190,49.3,42.7,6.599999999999994
2122|2021-11-21|manchester-city|everton,2122,2021-11-21,Manchester City,Everton,2,2.0,1.0,16.0,10.0,2.0,2.0,429,214,0.8,1.8,13.6,2.0,0.4,1.0,429,214,1.2,0.8,2.4000000000000004,8.0,1.0,0,63.7,46.4,17.300000000000004
2122|2021-11-21|tottenham-hotspur|leeds-united,2122,2021-11-21,Tottenham Hotspur,Leeds United,2,1.0,1.4,11.0,7.0,1.4,1.8,429,214,1.0,0.8,14.4,8.0,1.6,1.0,49,24,0.0,-0.5999999999999999,-3.4000000000000004,-1.0,0.8,380,51.5,57.6,-6.100000000000001
2122|2021-11-27|arsenal|newcastle-united,2122,2021-11-27,Arsenal,Newcastle United,2,1.6,1.4,13.4,10.0,2.0,2.6,430,215,1.4,2.2,9.6,3.0,0.6,0.6,392,196,0.20000000000000018,0.8000000000000003,3.8000000000000007,7.0,2.0,38,53.7,38.3,15.400000000000006
2122|2021-11-27|brighton-and-hove-albion|leeds-united,2122,2021-11-27,Brighton & Hove Albion,Leeds United,1,0.8,1.8,10.0,3.0,0.6,1.0,164,82,1.0,1.2,14.0,5.0,1.0,1.0,50,25,-0.19999999999999996,-0.6000000000000001,-4.0,-2.0,0.0,114,51.1,57.6,-6.5
2122|2021-11-27|crystal-palace|aston-villa,2122,2021-11-27,Crystal Palace,Aston Villa,0,2.0,1.2,12.6,9.0,1.8,1.8,316,158,1.2,2.2,11.2,3.0,0.6,0.6,316,158,0.8,1.0000000000000002,1.4000000000000004,6.0,1.2000000000000002,0,40.2,48.3,-8.099999999999994
2122|2021-11-27|liverpool|southampton,2122,2021-11-27,Liverpool,Southampton,2,3.6,1.0,17.4,10.0,2.0,1.8,430,215,1.2,0.8,14.6,10.0,2.0,1.0,354,177,2.4000000000000004,-0.19999999999999996,2.799999999999999,0.0,0.8,76,62.4,52.2,10.199999999999996
2122|2021-11-27|norwich-city|wolverhampton-wanderers,2122,2021-11-27,Norwich City,Wolverhampton Wanderers,1,1.0,2.2,9.8,7.0,1.4,0.8,202,101,1.4,1.2,9.2,10.0,2.0,2.0,202,101,-0.3999999999999999,-1.0000000000000002,0.6000000000000014,-3.0,-1.2,0,,49.3,
2122|2021-11-28|brentford|everton,2122,2021-11-28,Brentford,Everton,2,1.2,2.2,14.6,1.0,0.2,0.2,12,6,0.6,2.2,12.0,1.0,0.2,0.8,430,215,0.6,0.0,2.5999999999999996,0.0,-0.6000000000000001,-418,,46.4,
2122|2021-11-28|chelsea|manchester-united,2122,2021-11-28,Chelsea,Manchester United,1,3.0,0.2,17.6,13.0,2.6,2.0,430,215,1.2,3.0,10.8,3.0,0.6,1.8,430,215,1.8,2.8,6.800000000000001,10.0,0.19999999999999996,0,61.3,55.9,5.399999999999999
2122|2021-11-28|leicester-city|watford,2122,2021-11-28,Leicester City,Watford,2,1.4,1.8,12.2,7.0,1.4,0.8,278,139,1.8,2.0,12.6,6.0,1.2,1.2,202,101,-0.40000000000000013,0.19999999999999996,-0.40000000000000036,1.0,-0.3999999999999999,76,54.6,,
2122|2021-11-28|manchester-city|west-ham-united,2122,2021-11-28,Manchester City,West Ham United,2,2.2,0.6,17.0,12.0,2.4,2.0,430,215,1.8,0.8,13.0,12.0,2.4,2.0,392,196,0.40000000000000013,0.20000000000000007,4.0,0.0,0.0,38,63.7,42.7,21.0
2122|2021-11-30|leeds-united|crystal-palace,2122,2021-11-30,Leeds United,Crystal Palace,2,1.0,1.0,15.6,6.0,1.2,1.0,51,25,1.8,1.2,12.4,8.0,1.6,1.2,317,158,-0.8,0.19999999999999996,3.1999999999999993,-2.0,-0.19999999999999996,-266,57.6,40.2,17.4
2122|2021-11-30|newcastle-united|norwich-city,2122,2021-11-30,Newcastle United,Norwich City,1,1.0,2.0,10.0,3.0,0.6,0.6,393,196,1.0,2.2,9.6,7.0,1.4,0.8,203,101,0.0,0.20000000000000018,0.40000000000000036,-4.0,-0.20000000000000007,190,38.3,,
2122|2021-12-01|aston-villa|manchester-city,2122,2021-12-01,Aston Villa,Manchester City,0,1.2,1.8,10.4,6.0,1.2,1.4,317,158,2.2,0.8,17.8,12.0,2.4,2.6,431,215,-1.0000000000000002,-1.0,-7.4,-6.0,-1.2000000000000002,-114,48.3,63.7,-15.400000000000006
2122|2021-12-01|everton|liverpool,2122,2021-12-01,Everton,Liverpool,0,0.6,2.2,11.8,1.0,0.2,1.4,431,215,3.4,1.0,17.6,10.0,2.0,2.0,431,215,-2.8,-1.2000000000000002,-5.800000000000001,-9.0,-0.6000000000000001,0,46.4,62.4,-16.0
2122|2021-12-01|southampton|leicester-city,2122,2021-12-01,Southampton,Leicester City,1,1.0,1.6,12.2,7.0,1.4,1.6,355,177,1.4,1.8,11.4,7.0,1.4,1.6,279,139,-0.3999999999999999,0.19999999999999996,0.7999999999999989,0.0,0.0,76,52.2,54.6,-2.3999999999999986
2122|2021-12-01|watford|chelsea,2122,2021-12-01,Watford,Chelsea,0,2.2,1.8,14.6,6.0,1.2,0.8,203,101,3.0,0.4,21.4,11.0,2.2,2.6,431,215,-0.7999999999999998,-1.4,-6.799999999999999,-5.0,-1.8,-228,,61.3,
2122|2021-12-01|west-ham-united|brighton-and-hove-albion,2122,2021-12-01,West Ham United,Brighton & Hove Albion,1,1.8,1.2,10.8,9.0,1.8,1.4,393,196,0.8,1.8,11.8,3.0,0.6,1.2,165,82,1.0,0.6000000000000001,-1.0,6.0,0.19999999999999996,228,42.7,51.1,-8.399999999999999
2122|2021-12-01|wolverhampton-wanderers|burnley,2122,2021-12-01,Wolverhampton Wanderers,Burnley,1,0.8,0.8,8.4,8.0,1.6,1.8,203,101,1.8,1.8,10.2,6.0,1.2,0.6,240,120,-1.0,1.0,-1.799999999999999,2.0,1.2000000000000002,-37,49.3,41.9,7.399999999999999
2122|2021-12-02|manchester-united|arsenal,2122,2021-12-02,Manchester United,Arsenal,2,1.0,2.4,7.8,4.0,0.8,0.8,431,215,1.6,1.0,14.8,12.0,2.4,1.4,431,215,-0.6000000000000001,-1.4,-7.000000000000001,-8.0,-0.5999999999999999,0,55.9,53.7,2.1999999999999957
2122|2021-12-02|tottenham-hotspur|brentford,2122,2021-12-02,Tottenham Hotspur,Brentford,2,1.0,1.4,10.2,7.0,1.4,1.8,430,215,1.4,2.0,12.4,4.0,0.8,1.6,13,6,-0.3999999999999999,0.6000000000000001,-2.200000000000001,3.0,0.19999999999999996,417,51.5,,
2122|2021-12-04|newcastle-united|burnley,2122,2021-12-04,Newcastle United,Burnley,2,1.0,2.0,10.6,3.0,0.6,0.6,394,197,1.8,1.4,10.0,7.0,1.4,0.8,241,121,-0.8,-0.6000000000000001,0.5999999999999996,-4.0,-0.20000000000000007,153,38.3,41.9,-3.6000000000000014
2122|2021-12-04|southampton|brighton-and-hove-albion,2122,2021-12-04,Southampton,Brighton & Hove Albion,1,1.0,1.6,12.0,7.0,1.4,1.6,356,178,0.8,1.2,11.6,4.0,0.8,0.8,166,83,0.19999999999999996,-0.40000000000000013,0.40000000000000036,3.0,0.8,190,52.2,51.1,1.1000000000000014
2122|2021-12-04|watford|manchester-city,2122,2021-12-04,Watford,Manchester City,0,1.4,1.8,13.2,3.0,0.6,0.8,204,102,1.8,0.8,16.6,12.0,2.4,2.6,432,216,-0.40000000000000013,-1.0,-3.400000000000002,-9.0,-1.8,-228,,63.7,
2122|2021-12-04|west-ham-united|chelsea,2122,2021-12-04,West Ham United,Chelsea,2,1.8,1.4,11.0,7.0,1.4,1.4,394,197,2.0,0.6,18.4,11.0,2.2,3.0,432,216,-0.19999999999999996,-0.7999999999999999,-7.399999999999999,-4.0,-1.6,-38,42.7,61.3,-18.599999999999994
2122|2021-12-04|wolverhampton-wanderers|liverpool,2122,2021-12-04,Wolverhampton Wanderers,Liverpool,0,0.6,0.6,10.0,8.0,1.6,2.0,204,102,3.2,1.2,17.0,10.0,2.0,2.0,432,216,-2.6,0.6,-7.0,-2.0,0.0,-228,49.3,62.4,-13.100000000000001
2122|2021-12-05|aston-villa|leicester-city,2122,2021-12-05,Aston Villa,Leicester City,2,1.2,1.6,10.2,6.0,1.2,1.2,318,159,1.4,2.0,12.4,5.0,1.0,1.2,280,140,-0.19999999999999996,0.3999999999999999,-2.200000000000001,1.0,0.0,38,48.3,54.6,-6.300000000000004
2122|2021-12-05|leeds-united|brentford,2122,2021-12-05,Leeds United,Brentford,1,1.0,0.8,15.0,8.0,1.6,1.6,52,26,1.2,2.0,10.6,4.0,0.8,1.4,14,7,-0.19999999999999996,1.2,4.4,4.0,0.20000000000000018,38,57.6,,
2122|2021-12-05|manchester-united|crystal-palace,2122,2021-12-05,Manchester United,Crystal Palace,2,1.6,1.8,8.2,7.0,1.4,0.8,432,216,1.6,1.2,11.2,7.0,1.4,1.0,318,159,0.0,-0.6000000000000001,-3.0,0.0,-0.19999999999999996,114,55.9,40.2,15.699999999999996
2122|2021-12-05|tottenham-hotspur|norwich-city,2122,2021-12-05,Tottenham Hotspur,Norwich City,2,0.8,1.0,9.6,7.0,1.4,1.8,431,216,1.2,1.0,12.2,8.0,1.6,1.0,204,102,-0.3999999999999999,0.0,-2.5999999999999996,-1.0,0.8,227,51.5,,
2122|2021-12-06|everton|arsenal,2122,2021-12-06,Everton,Arsenal,2,0.4,2.0,10.4,1.0,0.2,0.8,432,216,1.4,1.4,13.8,9.0,1.8,1.4,432,216,-0.9999999999999999,-0.6000000000000001,-3.4000000000000004,-8.0,-0.5999999999999999,0,46.4,53.7,-7.300000000000004
2122|2021-12-10|brentford|watford,2122,2021-12-10,Brentford,Watford,2,1.4,1.8,10.0,5.0,1.0,0.8,15,7,1.6,2.2,13.4,3.0,0.6,1.2,205,102,-0.20000000000000018,0.40000000000000013,-3.4000000000000004,2.0,-0.3999999999999999,-190,,,
2122|2021-12-11|arsenal|southampton,2122,2021-12-11,Arsenal,Southampton,2,1.2,1.8,14.0,6.0,1.2,2.6,433,216,1.0,1.8,12.4,5.0,1.0,0.8,357,178,0.19999999999999996,0.0,1.5999999999999996,1.0,1.8,76,53.7,52.2,1.5
2122|2021-12-11|chelsea|leeds-united,2122,2021-12-11,Chelsea,Leeds United,2,1.8,1.2,18.4,8.0,1.6,1.6,433,216,1.0,1.0,15.0,6.0,1.2,1.0,53,26,0.8,-0.19999999999999996,3.3999999999999986,2.0,0.6000000000000001,380,61.3,57.6,3.6999999999999957
2122|2021-12-11|liverpool|aston-villa,2122,2021-12-11,Liverpool,Aston Villa,2,3.0,0.8,17.6,12.0,2.4,2.2,433,216,1.4,1.0,11.0,9.0,1.8,1.2,319,159,1.6,0.19999999999999996,6.600000000000001,3.0,1.0000000000000002,114,62.4,48.3,14.100000000000001
2122|2021-12-11|manchester-city|wolverhampton-wanderers,2122,2021-12-11,Manchester City,Wolverhampton Wanderers,2,2.4,0.6,19.0,15.0,3.0,2.0,433,216,0.2,0.6,8.6,5.0,1.0,1.6,205,102,2.1999999999999997,0.0,10.4,10.0,0.3999999999999999,228,63.7,49.3,14.400000000000006
2122|2021-12-11|norwich-city|manchester-united,2122,2021-12-11,Norwich City,Manchester United,0,1.0,1.2,11.4,8.0,1.6,1.0,205,102,1.2,1.8,9.4,7.0,1.4,1.4,433,216,-0.19999999999999996,0.6000000000000001,2.0,1.0,-0.3999999999999999,-228,,55.9,
2122|2021-12-12|burnley|west-ham-united,2122,2021-12-12,Burnley,West Ham United,1,1.4,1.2,10.2,6.0,1.2,1.2,242,120,1.6,1.6,9.0,7.0,1.4,1.8,395,197,-0.20000000000000018,0.40000000000000013,1.1999999999999993,-1.0,-0.6000000000000001,-153,41.9,42.7,-0.8000000000000043
2122|2021-12-12|crystal-palace|everton,2122,2021-12-12,Crystal Palace,Everton,2,1.2,1.4,11.2,4.0,0.8,1.2,319,159,0.6,1.8,9.8,4.0,0.8,0.2,433,216,0.6,0.40000000000000013,1.3999999999999986,0.0,1.0,-114,40.2,46.4,-6.199999999999996
2122|2021-12-12|leicester-city|newcastle-united,2122,2021-12-12,Leicester City,Newcastle United,2,1.6,2.0,11.6,5.0,1.0,1.4,281,140,1.2,1.4,13.2,6.0,1.2,0.6,395,197,0.40000000000000013,-0.6000000000000001,-1.5999999999999996,-1.0,0.7999999999999999,-114,54.6,38.3,16.300000000000004
2122|2021-12-14|manchester-city|leeds-united,2122,2021-12-14,Manchester City,Leeds United,2,2.2,0.6,20.6,15.0,3.0,2.4,434,217,1.2,1.4,13.8,5.0,1.0,0.8,54,27,1.0000000000000002,0.7999999999999999,6.800000000000001,10.0,1.5999999999999999,380,63.7,57.6,6.100000000000001
2122|2021-12-14|norwich-city|aston-villa,2122,2021-12-14,Norwich City,Aston Villa,0,0.6,1.2,11.8,5.0,1.0,1.0,206,103,1.4,1.0,9.0,9.0,1.8,0.6,320,160,-0.7999999999999999,-0.19999999999999996,2.8000000000000007,-4.0,0.4,-114,,48.3,
2122|2021-12-15|arsenal|west-ham-united,2122,2021-12-15,Arsenal,West Ham United,2,1.6,1.8,14.2,6.0,1.2,2.6,434,217,1.0,1.2,10.8,5.0,1.0,1.4,396,198,0.6000000000000001,-0.6000000000000001,3.3999999999999986,1.0,1.2000000000000002,38,53.7,42.7,11.0
2122|2021-12-15|brighton-and-hove-albion|wolverhampton-wanderers,2122,2021-12-15,Brighton & Hove Albion,Wolverhampton Wanderers,0,0.6,1.0,12.6,4.0,0.8,1.2,167,83,0.2,0.4,8.2,5.0,1.0,1.0,206,103,0.39999999999999997,-0.6,4.4,-1.0,0.19999999999999996,-39,51.1,49.3,1.8000000000000043
2122|2021-12-15|crystal-palace|southampton,2122,2021-12-15,Crystal Palace,Southampton,1,1.4,1.6,12.0,4.0,0.8,1.6,320,160,0.8,2.4,12.8,2.0,0.4,0.6,358,179,0.5999999999999999,0.7999999999999998,-0.8000000000000007,2.0,1.0,-38,40.2,52.2,-12.0
2122|2021-12-16|chelsea|everton,2122,2021-12-16,Chelsea,Everton,1,2.2,1.4,16.6,10.0,2.0,2.2,434,217,0.8,2.4,9.8,3.0,0.6,0.2,434,217,1.4000000000000001,1.0,6.800000000000001,7.0,2.0,0,61.3,46.4,14.899999999999999
2122|2021-12-16|liverpool|newcastle-united,2122,2021-12-16,Liverpool,Newcastle United,2,2.8,0.2,18.4,15.0,3.0,2.2,434,217,1.0,2.0,14.4,5.0,1.0,0.4,396,198,1.7999999999999998,1.8,3.9999999999999982,10.0,1.8000000000000003,38,62.4,38.3,24.1
2122|2021-12-18|leeds-united|arsenal,2122,2021-12-18,Leeds United,Arsenal,0,1.0,2.4,11.4,5.0,1.0,1.8,55,27,2.0,1.0,17.4,9.0,1.8,0.8,435,217,-1.0,-1.4,-5.999999999999998,-4.0,1.0,-380,57.6,53.7,3.8999999999999986
2122|2021-12-19|newcastle-united|manchester-city,2122,2021-12-19,Newcastle United,Manchester City,0,0.6,2.0,10.6,4.0,0.8,1.0,397,198,3.0,0.6,23.4,15.0,3.0,2.6,435,217,-2.4,-1.4,-12.799999999999999,-11.0,-1.6,-38,38.3,63.7,-25.400000000000006
2122|2021-12-19|tottenham-hotspur|liverpool,2122,2021-12-19,Tottenham Hotspur,Liverpool,1,1.4,0.8,11.6,10.0,2.0,2.4,432,217,2.6,0.4,19.2,15.0,3.0,2.4,435,217,-1.2000000000000002,-0.4,-7.6,-5.0,0.0,-3,51.5,62.4,-10.899999999999999
2122|2021-12-19|wolverhampton-wanderers|chelsea,2122,2021-12-19,Wolverhampton Wanderers,Chelsea,1,0.2,0.4,6.8,5.0,1.0,2.0,207,103,1.8,1.6,18.0,8.0,1.6,2.4,435,217,-1.6,1.2000000000000002,-11.2,-3.0,-0.3999999999999999,-228,49.3,61.3,-12.0
2122|2021-12-26|aston-villa|chelsea,2122,2021-12-26,Aston Villa,Chelsea,0,1.4,1.0,10.6,9.0,1.8,1.2,321,160,1.6,1.4,14.8,8.0,1.6,2.0,436,218,-0.20000000000000018,0.3999999999999999,-4.200000000000001,1.0,-0.8,-115,48.3,61.3,-13.0
2122|2021-12-26|brighton-and-hove-albion|brentford,2122,2021-12-26,Brighton & Hove Albion,Brentford,2,0.4,1.0,12.2,3.0,0.6,0.6,168,84,1.6,1.6,9.0,8.0,1.6,1.0,16,8,-1.2000000000000002,0.6000000000000001,3.1999999999999993,-5.0,-0.4,152,51.1,,
2122|2021-12-26|manchester-city|leicester-city,2122,2021-12-26,Manchester City,Leicester City,2,3.4,0.4,23.2,15.0,3.0,2.4,436,218,2.2,1.8,11.4,7.0,1.4,1.2,282,141,1.1999999999999997,1.4,11.799999999999999,8.0,1.2,154,63.7,54.6,9.100000000000001
2122|2021-12-26|norwich-city|arsenal,2122,2021-12-26,Norwich City,Arsenal,0,0.2,1.4,11.6,2.0,0.4,0.8,207,104,2.4,1.2,16.8,9.0,1.8,1.2,436,218,-2.1999999999999997,-0.19999999999999996,-5.200000000000001,-7.0,-0.3999999999999999,-229,,53.7,
2122|2021-12-26|tottenham-hotspur|crystal-palace,2122,2021-12-26,Tottenham Hotspur,Crystal Palace,2,1.8,0.6,11.8,11.0,2.2,2.0,433,218,1.2,1.4,10.2,4.0,0.8,1.0,321,160,0.6000000000000001,0.7999999999999999,1.6000000000000014,7.0,1.0,112,51.5,40.2,11.299999999999997
2122|2021-12-26|west-ham-united|southampton,2122,2021-12-26,West Ham United,Southampton,0,1.0,1.4,10.6,5.0,1.0,2.0,397,198,1.0,2.4,12.4,3.0,0.6,0.8,359,180,0.0,1.0,-1.8000000000000007,2.0,1.2,38,42.7,52.2,-9.5
2122|2021-12-27|newcastle-united|manchester-united,2122,2021-12-27,Newcastle United,Manchester United,1,0.6,2.4,9.8,4.0,0.8,1.0,398,199,1.4,1.4,11.0,10.0,2.0,1.4,434,217,-0.7999999999999999,-1.0,-1.1999999999999993,-6.0,-0.3999999999999999,-36,38.3,55.9,-17.6
2122|2021-12-28|crystal-palace|norwich-city,2122,2021-12-28,Crystal Palace,Norwich City,2,1.0,1.6,9.4,4.0,0.8,1.6,322,161,0.2,2.4,9.6,1.0,0.2,1.0,208,103,0.8,0.7999999999999998,-0.1999999999999993,3.0,0.6000000000000001,114,40.2,,
2122|2021-12-28|leicester-city|liverpool,2122,2021-12-28,Leicester City,Liverpool,2,2.8,2.4,13.4,7.0,1.4,1.8,283,141,2.2,0.8,18.8,13.0,2.6,2.0,436,218,0.5999999999999996,-1.5999999999999999,-5.4,-6.0,-0.19999999999999996,-153,54.6,62.4,-7.799999999999997
2122|2021-12-28|southampton|tottenham-hotspur,2122,2021-12-28,Southampton,Tottenham Hotspur,1,1.6,2.0,13.2,6.0,1.2,1.8,360,179,2.4,0.6,13.6,13.0,2.6,0.8,434,215,-0.7999999999999998,-1.4,-0.40000000000000036,-7.0,1.0,-74,52.2,51.5,0.7000000000000028
2122|2021-12-28|watford|west-ham-united,2122,2021-12-28,Watford,West Ham United,0,1.8,2.4,13.2,3.0,0.6,0.6,206,103,1.2,1.6,11.8,5.0,1.0,0.8,398,199,0.6000000000000001,-0.7999999999999998,1.3999999999999986,-2.0,-0.20000000000000007,-192,,42.7,
2122|2021-12-29|brentford|manchester-city,2122,2021-12-29,Brentford,Manchester City,0,1.0,1.4,10.2,7.0,1.4,1.2,17,8,4.2,0.8,23.2,15.0,3.0,3.0,437,218,-3.2,-0.5999999999999999,-13.0,-8.0,-1.8,-420,,63.7,
2122|2021-12-29|chelsea|brighton-and-hove-albion,2122,2021-12-29,Chelsea,Brighton & Hove Albion,1,1.8,1.4,15.2,8.0,1.6,1.8,437,218,0.8,0.6,14.0,6.0,1.2,0.8,169,84,1.0,-0.7999999999999999,1.1999999999999993,2.0,1.0,268,61.3,51.1,10.199999999999996
2122|2021-12-30|manchester-united|burnley,2122,2021-12-30,Manchester United,Burnley,2,1.4,0.8,11.8,11.0,2.2,1.4,435,217,0.8,1.0,9.0,4.0,0.8,0.6,243,122,0.5999999999999999,0.19999999999999996,2.8000000000000007,7.0,0.7999999999999999,192,55.9,41.9,14.0
2122|2022-01-01|arsenal|manchester-city,2122,2022-01-01,Arsenal,Manchester City,0,3.0,0.6,16.6,12.0,2.4,3.0,437,218,3.8,0.6,20.4,15.0,3.0,3.0,438,219,-0.7999999999999998,0.0,-3.799999999999997,-3.0,0.0,-1,53.7,63.7,-10.0
2122|2022-01-01|crystal-palace|west-ham-united,2122,2022-01-01,Crystal Palace,West Ham United,0,1.6,1.4,11.4,7.0,1.4,2.0,323,162,1.8,1.6,11.6,7.0,1.4,0.8,399,200,-0.19999999999999996,0.20000000000000018,-0.1999999999999993,0.0,1.2,-76,40.2,42.7,-2.5
2122|2022-01-01|watford|tottenham-hotspur,2122,2022-01-01,Watford,Tottenham Hotspur,0,1.2,3.0,12.0,0.0,0.0,0.6,207,104,2.2,0.6,15.2,11.0,2.2,1.0,435,216,-1.0000000000000002,-2.4,-3.1999999999999993,-11.0,-0.4,-228,,51.5,
2122|2022-01-02|brentford|aston-villa,2122,2022-01-02,Brentford,Aston Villa,2,0.8,1.6,10.2,4.0,0.8,1.2,18,9,1.2,1.4,10.2,6.0,1.2,1.2,322,161,-0.3999999999999999,-0.20000000000000018,0.0,-2.0,0.0,-304,,48.3,
2122|2022-01-02|chelsea|liverpool,2122,2022-01-02,Chelsea,Liverpool,1,1.6,1.0,13.6,9.0,1.8,1.4,438,219,1.4,0.8,19.8,10.0,2.0,1.4,437,219,0.20000000000000018,-0.19999999999999996,-6.200000000000001,-1.0,0.0,1,61.3,62.4,-1.1000000000000014
2122|2022-01-02|everton|brighton-and-hove-albion,2122,2022-01-02,Everton,Brighton & Hove Albion,0,1.0,2.0,10.0,4.0,0.8,0.8,435,217,1.0,0.8,13.6,6.0,1.2,0.8,170,85,0.0,-1.2,-3.5999999999999996,-2.0,0.0,265,46.4,51.1,-4.700000000000003
2122|2022-01-02|leeds-united|burnley,2122,2022-01-02,Leeds United,Burnley,2,1.2,3.2,11.0,4.0,0.8,1.2,56,28,0.8,1.4,10.0,3.0,0.6,0.6,244,123,0.3999999999999999,-1.8000000000000003,1.0,1.0,0.6,-188,57.6,41.9,15.700000000000003
2122|2022-01-03|manchester-united|wolverhampton-wanderers,2122,2022-01-03,Manchester United,Wolverhampton Wanderers,0,1.8,0.8,14.8,13.0,2.6,1.8,436,218,0.2,0.4,6.6,5.0,1.0,1.0,208,104,1.6,-0.4,8.200000000000001,8.0,0.8,228,55.9,49.3,6.600000000000001
2122|2022-01-11|southampton|brentford,2122,2022-01-11,Southampton,Brentford,2,1.4,1.8,12.0,6.0,1.2,1.4,361,180,1.2,1.4,11.0,7.0,1.4,0.4,19,9,0.19999999999999996,-0.40000000000000013,1.0,-1.0,0.9999999999999999,342,52.2,,
2122|2022-01-12|west-ham-united|norwich-city,2122,2022-01-12,West Ham United,Norwich City,2,1.8,1.6,11.4,7.0,1.4,2.0,400,199,0.0,2.8,8.8,0.0,0.0,0.8,209,104,1.8,1.1999999999999997,2.5999999999999996,7.0,1.2,191,42.7,,
2122|2022-01-14|brighton-and-hove-albion|crystal-palace,2122,2022-01-14,Brighton & Hove Albion,Crystal Palace,1,1.4,1.0,14.2,8.0,1.6,1.0,171,85,2.0,1.8,14.2,7.0,1.4,0.8,324,161,-0.6000000000000001,0.8,0.0,1.0,0.19999999999999996,-153,51.1,40.2,10.899999999999999
2122|2022-01-15|aston-villa|manchester-united,2122,2022-01-15,Aston Villa,Manchester United,1,1.2,1.4,11.6,6.0,1.2,1.2,323,161,1.2,0.6,13.8,10.0,2.0,1.6,437,218,0.0,-0.7999999999999999,-2.200000000000001,-4.0,-0.40000000000000013,-114,48.3,55.9,-7.600000000000001
2122|2022-01-15|manchester-city|chelsea,2122,2022-01-15,Manchester City,Chelsea,2,4.0,0.8,18.6,15.0,3.0,3.0,439,219,1.4,1.0,13.4,7.0,1.4,2.0,439,219,2.6,0.19999999999999996,5.200000000000001,8.0,1.0,0,63.7,61.3,2.4000000000000057
2122|2022-01-15|newcastle-united|watford,2122,2022-01-15,Newcastle United,Watford,1,0.6,2.4,10.6,4.0,0.8,1.2,399,200,0.8,2.4,10.0,0.0,0.0,0.6,208,103,-0.20000000000000007,0.0,0.5999999999999996,4.0,0.6,191,38.3,,
2122|2022-01-15|norwich-city|everton,2122,2022-01-15,Norwich City,Everton,2,0.0,2.6,8.2,0.0,0.0,0.8,210,105,1.4,2.4,10.6,4.0,0.8,0.2,436,218,-1.4,-0.20000000000000018,-2.4000000000000004,-4.0,0.6000000000000001,-226,,46.4,
2122|2022-01-15|wolverhampton-wanderers|southampton,2122,2022-01-15,Wolverhampton Wanderers,Southampton,2,0.4,0.4,7.2,7.0,1.4,1.6,209,104,2.0,1.8,11.6,8.0,1.6,0.8,362,181,-1.6,1.4,-4.3999999999999995,-1.0,0.8,-153,49.3,52.2,-2.9000000000000057
2122|2022-01-16|liverpool|brentford,2122,2022-01-16,Liverpool,Brentford,2,1.6,1.2,18.4,8.0,1.6,2.6,438,218,1.0,1.8,10.2,6.0,1.2,0.4,20,10,0.6000000000000001,0.6000000000000001,8.2,2.0,2.2,418,62.4,,
2122|2022-01-16|west-ham-united|leeds-united,2122,2022-01-16,West Ham United,Leeds United,0,2.2,1.6,10.8,9.0,1.8,2.0,401,200,1.6,3.4,12.4,4.0,0.8,0.8,57,28,0.6000000000000001,1.7999999999999998,-1.5999999999999996,5.0,1.2,344,42.7,57.6,-14.899999999999999
2122|2022-01-18|brighton-and-hove-albion|chelsea,2122,2022-01-18,Brighton & Hove Albion,Chelsea,1,1.4,1.0,15.2,8.0,1.6,1.2,172,86,1.2,1.0,9.6,6.0,1.2,1.4,440,220,0.19999999999999996,0.0,5.6,2.0,-0.19999999999999996,-268,51.1,61.3,-10.199999999999996
2122|2022-01-19|brentford|manchester-united,2122,2022-01-19,Brentford,Manchester United,0,0.6,2.2,8.6,3.0,0.6,1.8,21,10,1.4,1.0,13.2,8.0,1.6,1.2,438,219,-0.7999999999999999,-1.2000000000000002,-4.6,-5.0,0.6000000000000001,-417,,55.9,
2122|2022-01-19|leicester-city|tottenham-hotspur,2122,2022-01-19,Leicester City,Tottenham Hotspur,0,2.2,2.0,11.0,7.0,1.4,1.8,284,142,2.0,0.6,17.2,11.0,2.2,1.6,436,217,0.20000000000000018,-1.4,-6.199999999999999,-4.0,0.19999999999999996,-152,54.6,51.5,3.1000000000000014
2122|2022-01-21|watford|norwich-city,2122,2022-01-21,Watford,Norwich City,0,0.8,2.2,11.0,1.0,0.2,0.6,209,105,0.4,2.6,8.8,3.0,0.6,0.8,211,105,0.4,0.3999999999999999,2.1999999999999993,-2.0,-0.20000000000000007,-2,,,
2122|2022-01-22|brentford|wolverhampton-wanderers,2122,2022-01-22,Brentford,Wolverhampton Wanderers,0,0.8,2.4,9.0,3.0,0.6,1.8,22,11,1.0,0.4,8.4,10.0,2.0,1.4,210,105,-0.19999999999999996,-2.0,0.5999999999999996,-7.0,0.40000000000000013,-188,,49.3,
2122|2022-01-22|everton|aston-villa,2122,2022-01-22,Everton,Aston Villa,0,1.4,2.0,11.4,4.0,0.8,0.8,437,218,1.2,1.6,11.6,4.0,0.8,1.2,324,162,0.19999999999999996,-0.3999999999999999,-0.1999999999999993,0.0,-0.3999999999999999,113,46.4,48.3,-1.8999999999999986
2122|2022-01-22|leeds-united|newcastle-united,2122,2022-01-22,Leeds United,Newcastle United,0,1.8,3.4,13.4,6.0,1.2,1.6,58,29,0.6,2.6,9.2,2.0,0.4,0.4,400,199,1.2000000000000002,-0.7999999999999998,4.200000000000001,4.0,1.2000000000000002,-342,57.6,38.3,19.300000000000004
2122|2022-01-22|manchester-united|west-ham-united,2122,2022-01-22,Manchester United,West Ham United,2,1.8,1.2,13.2,8.0,1.6,1.8,439,219,2.6,1.8,12.4,9.0,1.8,1.4,402,201,-0.8,0.6000000000000001,0.7999999999999989,-1.0,0.40000000000000013,37,55.9,42.7,13.199999999999996
2122|2022-01-22|southampton|manchester-city,2122,2022-01-22,Southampton,Manchester City,1,2.2,1.8,12.0,8.0,1.6,1.8,363,181,2.8,0.8,14.6,15.0,3.0,3.0,440,220,-0.5999999999999996,-1.0,-2.5999999999999996,-7.0,-1.2,-77,52.2,63.7,-11.5
2122|2022-01-23|arsenal|burnley,2122,2022-01-23,Arsenal,Burnley,1,3.0,0.6,16.0,12.0,2.4,2.4,438,219,0.4,1.4,8.6,2.0,0.4,0.4,245,124,2.6,0.7999999999999999,7.4,10.0,2.0,193,53.7,41.9,11.800000000000004
2122|2022-01-23|chelsea|tottenham-hotspur,2122,2022-01-23,Chelsea,Tottenham Hotspur,2,1.4,1.2,11.0,6.0,1.2,1.4,441,220,2.0,1.0,19.2,11.0,2.2,1.6,437,218,-0.6000000000000001,-0.19999999999999996,-8.2,-5.0,-0.20000000000000018,4,61.3,51.5,9.799999999999997
2122|2022-01-23|crystal-palace|liverpool,2122,2022-01-23,Crystal Palace,Liverpool,0,1.6,1.8,11.4,5.0,1.0,1.4,325,163,2.0,1.2,19.8,8.0,1.6,1.6,439,220,-0.3999999999999999,-0.6000000000000001,-8.4,-3.0,-0.20000000000000018,-114,40.2,62.4,-22.199999999999996
2122|2022-01-23|leicester-city|brighton-and-hove-albion,2122,2022-01-23,Leicester City,Brighton & Hove Albion,1,2.2,2.2,10.8,6.0,1.2,1.8,285,143,1.6,1.0,14.8,9.0,1.8,1.2,173,86,0.6000000000000001,-1.2000000000000002,-4.0,-3.0,0.6000000000000001,112,54.6,51.1,3.5
2122|2022-02-05|burnley|watford,2122,2022-02-05,Burnley,Watford,1,0.4,1.4,9.4,2.0,0.4,1.2,246,121,0.6,2.2,11.8,1.0,0.2,0.8,210,104,-0.19999999999999996,0.8000000000000003,-2.4000000000000004,1.0,0.3999999999999999,36,41.9,,
2122|2022-02-08|burnley|manchester-united,2122,2022-02-08,Burnley,Manchester United,1,0.4,1.2,10.0,3.0,0.6,1.4,247,122,1.8,1.0,14.2,10.0,2.0,1.8,440,220,-1.4,-0.19999999999999996,-4.199999999999999,-7.0,-0.40000000000000013,-193,41.9,55.9,-14.0
2122|2022-02-08|newcastle-united|everton,2122,2022-02-08,Newcastle United,Everton,2,0.8,1.8,9.8,5.0,1.0,1.2,401,201,1.0,2.0,12.2,1.0,0.2,0.2,438,219,-0.19999999999999996,0.19999999999999996,-2.3999999999999986,4.0,1.0,-37,38.3,46.4,-8.100000000000001
2122|2022-02-08|west-ham-united|watford,2122,2022-02-08,West Ham United,Watford,2,2.2,1.4,11.4,9.0,1.8,1.4,403,201,0.4,1.8,12.8,2.0,0.4,0.4,211,105,1.8000000000000003,0.40000000000000013,-1.4000000000000004,7.0,0.9999999999999999,192,42.7,,
2122|2022-02-09|aston-villa|leeds-united,2122,2022-02-09,Aston Villa,Leeds United,1,1.4,1.4,12.4,7.0,1.4,1.4,325,162,1.4,3.0,13.6,6.0,1.2,0.8,59,29,0.0,1.6,-1.1999999999999993,1.0,0.5999999999999999,266,48.3,57.6,-9.300000000000004
2122|2022-02-09|manchester-city|brentford,2122,2022-02-09,Manchester City,Brentford,2,2.2,1.0,15.0,13.0,2.6,3.0,441,220,1.0,2.6,10.0,3.0,0.6,0.2,23,11,1.2000000000000002,1.6,5.0,10.0,2.8,418,63.7,,
2122|2022-02-09|norwich-city|crystal-palace,2122,2022-02-09,Norwich City,Crystal Palace,1,1.0,2.2,8.8,6.0,1.2,0.8,212,106,1.4,2.0,11.2,4.0,0.8,0.4,326,162,-0.3999999999999999,-0.20000000000000018,-2.3999999999999986,2.0,0.4,-114,,40.2,
2122|2022-02-09|tottenham-hotspur|southampton,2122,2022-02-09,Tottenham Hotspur,Southampton,0,1.6,1.0,18.4,10.0,2.0,2.6,438,219,2.0,1.6,10.4,8.0,1.6,0.8,364,182,-0.3999999999999999,0.6000000000000001,7.999999999999998,2.0,1.8,74,51.5,52.2,-0.7000000000000028
2122|2022-02-10|liverpool|leicester-city,2122,2022-02-10,Liverpool,Leicester City,2,2.0,1.2,18.2,8.0,1.6,3.0,440,219,2.2,2.0,11.4,7.0,1.4,1.0,286,142,-0.20000000000000018,0.8,6.799999999999999,1.0,2.0,154,62.4,54.6,7.799999999999997
2122|2022-02-10|wolverhampton-wanderers|arsenal,2122,2022-02-10,Wolverhampton Wanderers,Arsenal,0,1.4,0.4,9.4,13.0,2.6,1.6,211,105,2.4,0.6,17.0,10.0,2.0,1.2,439,219,-1.0,0.19999999999999996,-7.6,3.0,0.40000000000000013,-228,49.3,53.7,-4.400000000000006
2122|2022-02-12|brentford|crystal-palace,2122,2022-02-12,Brentford,Crystal Palace,1,0.6,2.8,9.2,0.0,0.0,1.2,24,12,1.6,1.6,13.0,5.0,1.0,0.4,327,163,-1.0,-1.1999999999999997,-3.8000000000000007,-5.0,0.7999999999999999,-303,,40.2,
2122|2022-02-12|everton|leeds-united,2122,2022-02-12,Everton,Leeds United,2,1.0,2.0,12.0,1.0,0.2,0.8,439,219,2.0,2.2,15.6,7.0,1.4,1.0,60,30,-1.0,0.20000000000000018,-3.5999999999999996,-6.0,-0.19999999999999996,379,46.4,57.6,-11.200000000000003
2122|2022-02-12|manchester-united|southampton,2122,2022-02-12,Manchester United,Southampton,1,1.4,1.0,15.0,8.0,1.6,2.4,441,220,2.0,1.6,12.8,8.0,1.6,1.4,365,183,-0.6000000000000001,0.6000000000000001,2.1999999999999993,0.0,1.0,76,55.9,52.2,3.6999999999999957
2122|2022-02-12|norwich-city|manchester-city,2122,2022-02-12,Norwich City,Manchester City,0,1.2,1.4,9.0,7.0,1.4,0.8,213,107,1.4,0.4,14.6,13.0,2.6,2.6,442,221,-0.19999999999999996,-0.9999999999999999,-5.6,-6.0,-1.8,-229,,63.7,
2122|2022-02-12|watford|brighton-and-hove-albion,2122,2022-02-12,Watford,Brighton & Hove Albion,0,0.2,1.2,11.2,2.0,0.4,0.0,212,106,1.4,1.2,14.6,7.0,1.4,1.4,174,87,-1.2,0.0,-3.4000000000000004,-5.0,-1.4,38,,51.1,
2122|2022-02-13|burnley|liverpool,2122,2022-02-13,Burnley,Liverpool,0,0.6,1.4,10.0,3.0,0.6,1.4,248,123,2.0,0.8,19.0,10.0,2.0,1.6,441,221,-1.4,-0.5999999999999999,-9.0,-7.0,-0.20000000000000018,-193,41.9,62.4,-20.5
2122|2022-02-13|leicester-city|west-ham-united,2122,2022-02-13,Leicester City,West Ham United,1,1.4,2.4,10.8,4.0,0.8,2.0,287,144,1.6,1.2,10.6,9.0,1.8,1.4,404,202,-0.20000000000000018,-1.2,0.20000000000000107,-5.0,0.6000000000000001,-117,54.6,42.7,11.899999999999999
2122|2022-02-13|newcastle-united|aston-villa,2122,2022-02-13,Newcastle United,Aston Villa,2,1.2,1.4,13.0,8.0,1.6,1.6,402,202,1.6,2.0,11.4,5.0,1.0,1.8,326,163,-0.40000000000000013,0.6000000000000001,1.5999999999999996,3.0,-0.19999999999999996,76,38.3,48.3,-10.0
2122|2022-02-13|tottenham-hotspur|wolverhampton-wanderers,2122,2022-02-13,Tottenham Hotspur,Wolverhampton Wanderers,0,1.4,1.6,16.6,7.0,1.4,2.0,439,220,1.2,0.6,10.8,10.0,2.0,2.0,212,106,0.19999999999999996,-1.0,5.800000000000001,-3.0,0.0,227,51.5,49.3,2.200000000000003
2122|2022-02-15|manchester-united|brighton-and-hove-albion,2122,2022-02-15,Manchester United,Brighton & Hove Albion,2,1.6,1.0,15.6,9.0,1.8,2.0,442,221,1.6,1.0,13.2,9.0,1.8,1.8,175,88,0.0,0.0,2.4000000000000004,0.0,0.19999999999999996,267,55.9,51.1,4.799999999999997
2122|2022-02-19|arsenal|brentford,2122,2022-02-19,Arsenal,Brentford,2,2.2,0.6,15.2,10.0,2.0,2.0,440,220,0.4,2.0,10.0,1.0,0.2,0.2,25,12,1.8000000000000003,1.4,5.199999999999999,9.0,1.8,415,53.7,,
2122|2022-02-19|aston-villa|watford,2122,2022-02-19,Aston Villa,Watford,0,1.4,1.6,12.0,5.0,1.0,1.0,327,163,0.2,1.4,11.8,2.0,0.4,0.4,213,106,1.2,-0.20000000000000018,0.1999999999999993,3.0,0.6,114,48.3,,
2122|2022-02-19|brighton-and-hove-albion|burnley,2122,2022-02-19,Brighton & Hove Albion,Burnley,0,1.0,1.0,12.8,6.0,1.2,1.2,176,87,0.4,1.0,9.6,3.0,0.6,0.4,249,125,0.6,0.0,3.200000000000001,3.0,0.7999999999999999,-73,51.1,41.9,9.200000000000003
2122|2022-02-19|crystal-palace|chelsea,2122,2022-02-19,Crystal Palace,Chelsea,0,1.0,1.6,10.4,3.0,0.6,1.4,328,164,1.2,1.0,12.0,6.0,1.2,1.0,442,221,-0.19999999999999996,-0.6000000000000001,-1.5999999999999996,-3.0,0.3999999999999999,-114,40.2,61.3,-21.099999999999994
2122|2022-02-19|liverpool|norwich-city,2122,2022-02-19,Liverpool,Norwich City,2,2.2,0.6,17.2,13.0,2.6,3.0,442,220,1.2,1.6,8.2,7.0,1.4,0.8,214,106,1.0000000000000002,1.0,9.0,6.0,2.2,228,62.4,,
2122|2022-02-19|manchester-city|tottenham-hotspur,2122,2022-02-19,Manchester City,Tottenham Hotspur,0,2.0,0.4,16.6,13.0,2.6,3.0,443,221,1.2,1.8,15.8,6.0,1.2,1.6,440,219,0.8,1.4,0.8000000000000007,7.0,1.4,3,63.7,51.5,12.200000000000003
2122|2022-02-19|southampton|everton,2122,2022-02-19,Southampton,Everton,2,2.0,1.6,13.6,8.0,1.6,1.4,366,182,1.4,1.8,15.2,3.0,0.6,0.2,440,220,0.6000000000000001,0.19999999999999996,-1.5999999999999996,5.0,1.2,-74,52.2,46.4,5.800000000000004
2122|2022-02-19|west-ham-united|newcastle-united,2122,2022-02-19,West Ham United,Newcastle United,1,1.4,1.2,10.2,7.0,1.4,1.8,405,202,1.4,0.6,14.0,11.0,2.2,0.8,403,200,0.0,-0.6,-3.8000000000000007,-4.0,1.0,2,42.7,38.3,4.400000000000006
2122|2022-02-20|leeds-united|manchester-united,2122,2022-02-20,Leeds United,Manchester United,0,1.8,2.0,15.2,7.0,1.4,1.4,61,30,1.6,0.6,16.8,11.0,2.2,1.8,443,221,0.19999999999999996,-1.4,-1.6000000000000014,-4.0,-0.40000000000000013,-382,57.6,55.9,1.7000000000000028
2122|2022-02-20|wolverhampton-wanderers|leicester-city,2122,2022-02-20,Wolverhampton Wanderers,Leicester City,2,1.6,0.6,12.2,12.0,2.4,1.0,213,106,1.2,1.6,10.6,5.0,1.0,0.4,288,143,0.40000000000000013,1.0,1.5999999999999996,7.0,0.6,-75,49.3,54.6,-5.300000000000004
2122|2022-02-23|burnley|tottenham-hotspur,2122,2022-02-23,Burnley,Tottenham Hotspur,2,0.8,0.4,10.0,6.0,1.2,0.8,250,124,1.6,2.2,12.8,6.0,1.2,2.0,441,220,-0.8,1.8000000000000003,-2.8000000000000007,0.0,-1.2,-191,41.9,51.5,-9.600000000000001
2122|2022-02-23|liverpool|leeds-united,2122,2022-02-23,Liverpool,Leeds United,2,2.4,0.4,21.0,15.0,3.0,3.0,443,221,1.6,2.6,14.0,4.0,0.8,0.8,62,31,0.7999999999999998,2.2,7.0,11.0,2.2,381,62.4,57.6,4.799999999999997
2122|2022-02-23|watford|crystal-palace,2122,2022-02-23,Watford,Crystal Palace,0,0.2,1.2,9.8,4.0,0.8,0.0,214,107,0.6,1.2,7.4,3.0,0.6,0.6,329,164,-0.39999999999999997,0.0,2.4000000000000004,1.0,-0.6,-115,,40.2,
2122|2022-02-24|arsenal|wolverhampton-wanderers,2122,2022-02-24,Arsenal,Wolverhampton Wanderers,2,1.8,0.6,15.8,10.0,2.0,2.0,441,221,1.8,0.8,10.6,12.0,2.4,2.4,214,107,0.0,0.20000000000000007,5.200000000000001,-2.0,-0.3999999999999999,227,53.7,49.3,4.400000000000006
2122|2022-02-25|southampton|norwich-city,2122,2022-02-25,Southampton,Norwich City,2,1.6,1.4,15.0,8.0,1.6,1.8,367,183,1.4,1.8,8.0,7.0,1.4,0.6,215,107,0.20000000000000018,0.40000000000000013,7.0,1.0,1.2000000000000002,152,52.2,,
2122|2022-02-26|brentford|newcastle-united,2122,2022-02-26,Brentford,Newcastle United,0,0.6,1.8,10.0,1.0,0.2,0.8,26,13,1.4,0.6,14.2,11.0,2.2,0.8,404,201,-0.7999999999999999,-1.2000000000000002,-4.199999999999999,-10.0,0.0,-378,,38.3,
2122|2022-02-26|brighton-and-hove-albion|aston-villa,2122,2022-02-26,Brighton & Hove Albion,Aston Villa,0,0.8,1.4,11.2,5.0,1.0,1.0,177,88,1.2,1.4,12.8,5.0,1.0,1.2,328,164,-0.3999999999999999,0.0,-1.6000000000000014,0.0,-0.19999999999999996,-151,51.1,48.3,2.8000000000000043
2122|2022-02-26|crystal-palace|burnley,2122,2022-02-26,Crystal Palace,Burnley,1,1.2,1.2,8.2,5.0,1.0,0.8,330,165,1.0,0.4,11.0,8.0,1.6,0.8,251,126,0.19999999999999996,-0.7999999999999999,-2.8000000000000007,-3.0,0.0,79,40.2,41.9,-1.6999999999999957
2122|2022-02-26|everton|manchester-city,2122,2022-02-26,Everton,Manchester City,0,1.0,1.6,13.6,3.0,0.6,1.2,441,220,2.0,0.8,17.8,10.0,2.0,2.6,444,222,-1.0,-0.8,-4.200000000000001,-7.0,-1.4000000000000001,-3,46.4,63.7,-17.300000000000004
2122|2022-02-26|leeds-united|tottenham-hotspur,2122,2022-02-26,Leeds United,Tottenham Hotspur,0,1.0,3.4,11.0,1.0,0.2,0.8,63,31,1.0,2.0,9.8,3.0,0.6,1.8,442,221,0.0,-1.4,1.1999999999999993,-2.0,-1.0,-379,57.6,51.5,6.100000000000001
2122|2022-02-26|manchester-united|watford,2122,2022-02-26,Manchester United,Watford,1,1.8,0.8,17.2,11.0,2.2,2.0,444,222,0.4,1.4,8.4,4.0,0.8,1.0,215,107,1.4,0.5999999999999999,8.799999999999999,7.0,1.0,229,55.9,,
2122|2022-02-27|west-ham-united|wolverhampton-wanderers,2122,2022-02-27,West Ham United,Wolverhampton Wanderers,2,1.2,1.4,9.8,5.0,1.0,1.4,406,203,1.4,1.0,10.0,9.0,1.8,2.4,215,108,-0.19999999999999996,-0.3999999999999999,-0.1999999999999993,-4.0,-1.0,191,42.7,49.3,-6.599999999999994
2122|2022-03-01|burnley|leicester-city,2122,2022-03-01,Burnley,Leicester City,0,1.2,0.6,9.4,8.0,1.6,1.2,252,125,1.2,2.0,12.8,2.0,0.4,0.2,289,144,0.0,1.4,-3.4000000000000004,6.0,1.0,-37,41.9,54.6,-12.700000000000003
2122|2022-03-05|aston-villa|southampton,2122,2022-03-05,Aston Villa,Southampton,2,1.2,1.0,12.0,7.0,1.4,1.0,329,164,1.8,0.8,17.8,11.0,2.2,1.6,368,184,-0.6000000000000001,-0.19999999999999996,-5.800000000000001,-4.0,-0.6000000000000001,-39,48.3,52.2,-3.9000000000000057
2122|2022-03-05|burnley|chelsea,2122,2022-03-05,Burnley,Chelsea,0,1.0,0.8,9.4,7.0,1.4,1.0,253,126,1.2,0.8,11.6,8.0,1.6,1.6,443,222,-0.19999999999999996,0.0,-2.1999999999999993,-1.0,-0.6000000000000001,-190,41.9,61.3,-19.4
2122|2022-03-05|leicester-city|leeds-united,2122,2022-03-05,Leicester City,Leeds United,2,1.2,1.4,14.4,5.0,1.0,1.6,290,145,1.0,4.0,12.2,1.0,0.2,0.8,64,32,0.19999999999999996,2.6,2.200000000000001,4.0,0.8,226,54.6,57.6,-3.0
2122|2022-03-05|liverpool|west-ham-united,2122,2022-03-05,Liverpool,West Ham United,2,3.0,0.4,20.2,15.0,3.0,3.0,444,222,1.0,0.8,9.4,8.0,1.6,1.4,407,203,2.0,0.4,10.799999999999999,7.0,1.6,37,62.4,42.7,19.699999999999996
2122|2022-03-05|newcastle-united|brighton-and-hove-albion,2122,2022-03-05,Newcastle United,Brighton & Hove Albion,2,1.6,0.4,17.0,13.0,2.6,1.6,405,203,0.6,1.6,11.6,4.0,0.8,1.6,178,89,1.0,1.2000000000000002,5.4,9.0,0.0,227,38.3,51.1,-12.800000000000004
2122|2022-03-05|norwich-city|brentford,2122,2022-03-05,Norwich City,Brentford,0,1.0,2.0,6.8,4.0,0.8,0.8,216,108,0.4,1.6,7.6,1.0,0.2,0.0,27,13,0.6,-0.3999999999999999,-0.7999999999999998,3.0,0.8,189,,,
2122|2022-03-05|wolverhampton-wanderers|crystal-palace,2122,2022-03-05,Wolverhampton Wanderers,Crystal Palace,0,1.0,1.0,11.4,6.0,1.2,1.4,216,107,1.2,0.8,8.8,6.0,1.2,1.2,331,165,-0.19999999999999996,-0.19999999999999996,2.5999999999999996,0.0,0.19999999999999996,-115,49.3,40.2,9.099999999999994
2122|2022-03-06|manchester-city|manchester-united,2122,2022-03-06,Manchester City,Manchester United,2,2.0,0.8,18.2,10.0,2.0,2.4,445,222,1.6,0.8,18.0,9.0,1.8,1.8,445,222,0.3999999999999999,0.0,0.1999999999999993,1.0,0.5999999999999999,0,63.7,55.9,7.800000000000004
2122|2022-03-06|watford|arsenal,2122,2022-03-06,Watford,Arsenal,0,0.4,1.4,8.2,4.0,0.8,0.0,216,108,1.2,0.8,17.8,10.0,2.0,1.8,442,220,-0.7999999999999999,-0.5999999999999999,-9.600000000000001,-6.0,-1.8,-226,,53.7,
2122|2022-03-07|tottenham-hotspur|everton,2122,2022-03-07,Tottenham Hotspur,Everton,2,1.8,1.6,11.6,6.0,1.2,1.4,443,221,0.8,1.4,12.4,3.0,0.6,0.2,442,221,1.0,-0.20000000000000018,-0.8000000000000007,3.0,1.2,1,51.5,46.4,5.100000000000001
2122|2022-03-10|leeds-united|aston-villa,2122,2022-03-10,Leeds United,Aston Villa,0,0.4,3.6,12.8,0.0,0.0,0.6,65,32,1.8,1.0,13.2,7.0,1.4,1.8,330,165,-1.4,-2.6,-0.3999999999999986,-7.0,-1.2000000000000002,-265,57.6,48.3,9.300000000000004
2122|2022-03-10|norwich-city|chelsea,2122,2022-03-10,Norwich City,Chelsea,0,0.6,2.6,8.4,1.0,0.2,0.8,217,109,1.6,0.4,10.8,10.0,2.0,2.0,444,223,-1.0,-2.2,-2.4000000000000004,-9.0,-1.2,-227,,61.3,
2122|2022-03-10|southampton|newcastle-united,2122,2022-03-10,Southampton,Newcastle United,0,1.6,1.4,18.6,10.0,2.0,2.2,369,184,1.8,0.6,16.0,13.0,2.6,1.4,406,202,-0.19999999999999996,-0.7999999999999999,2.6000000000000014,-3.0,0.8000000000000003,-37,52.2,38.3,13.900000000000006
2122|2022-03-10|wolverhampton-wanderers|watford,2122,2022-03-10,Wolverhampton Wanderers,Watford,2,1.0,1.2,10.8,6.0,1.2,1.4,217,108,0.8,1.8,9.6,4.0,0.8,1.2,217,108,0.19999999999999996,0.6000000000000001,1.200000000000001,2.0,0.19999999999999996,0,49.3,,
2122|2022-03-12|brentford|burnley,2122,2022-03-12,Brentford,Burnley,2,0.8,1.4,7.4,4.0,0.8,0.8,28,14,1.0,1.4,9.0,7.0,1.4,1.0,254,127,-0.19999999999999996,0.0,-1.5999999999999996,-3.0,-0.19999999999999996,-226,,41.9,
2122|2022-03-12|brighton-and-hove-albion|liverpool,2122,2022-03-12,Brighton & Hove Albion,Liverpool,0,0.6,1.8,11.8,3.0,0.6,1.0,179,89,2.6,0.2,21.6,15.0,3.0,1.6,445,222,-2.0,-1.6,-9.8,-12.0,-0.6000000000000001,-266,51.1,62.4,-11.299999999999997
2122|2022-03-12|manchester-united|tottenham-hotspur,2122,2022-03-12,Manchester United,Tottenham Hotspur,2,1.6,1.4,14.6,8.0,1.6,1.6,446,223,2.4,1.0,12.8,9.0,1.8,1.8,444,222,-0.7999999999999998,-0.3999999999999999,1.799999999999999,-1.0,-0.19999999999999996,2,55.9,51.5,4.399999999999999
2122|2022-03-13|arsenal|leicester-city,2122,2022-03-13,Arsenal,Leicester City,2,1.6,0.8,19.6,13.0,2.6,2.0,443,222,1.2,1.2,12.8,7.0,1.4,0.6,291,145,0.40000000000000013,0.3999999999999999,6.800000000000001,6.0,1.4,152,53.7,54.6,-0.8999999999999986
2122|2022-03-13|chelsea|newcastle-united,2122,2022-03-13,Chelsea,Newcastle United,2,2.2,0.4,13.0,13.0,2.6,1.8,445,221,1.6,0.6,13.6,13.0,2.6,2.0,407,203,0.6000000000000001,0.19999999999999996,-0.5999999999999996,0.0,-0.19999999999999996,38,61.3,38.3,23.0
2122|2022-03-13|everton|wolverhampton-wanderers,2122,2022-03-13,Everton,Wolverhampton Wanderers,0,0.8,2.2,10.6,3.0,0.6,1.2,443,221,1.4,1.2,10.6,6.0,1.2,1.8,218,109,-0.5999999999999999,-1.0000000000000002,0.0,-3.0,-0.6000000000000001,225,46.4,49.3,-2.8999999999999986
2122|2022-03-13|leeds-united|norwich-city,2122,2022-03-13,Leeds United,Norwich City,2,0.4,3.6,12.2,0.0,0.0,0.6,66,33,0.6,3.0,9.2,0.0,0.0,0.6,218,108,-0.19999999999999996,-0.6000000000000001,3.0,0.0,0.0,-152,57.6,,
2122|2022-03-13|southampton|watford,2122,2022-03-13,Southampton,Watford,0,1.2,1.4,16.8,7.0,1.4,2.0,370,185,0.8,2.2,9.6,4.0,0.8,1.0,218,109,0.3999999999999999,0.8000000000000003,7.200000000000001,3.0,1.0,152,52.2,,
2122|2022-03-13|west-ham-united|aston-villa,2122,2022-03-13,West Ham United,Aston Villa,2,1.0,0.8,10.8,8.0,1.6,2.0,408,204,1.8,0.4,13.8,9.0,1.8,1.8,331,166,-0.8,-0.4,-3.0,-1.0,0.19999999999999996,77,42.7,48.3,-5.599999999999994
2122|2022-03-14|crystal-palace|manchester-city,2122,2022-03-14,Crystal Palace,Manchester City,1,1.4,0.6,8.6,8.0,1.6,0.8,332,166,2.6,0.8,19.0,12.0,2.4,2.6,446,223,-1.2000000000000002,0.20000000000000007,-10.4,-4.0,-1.8,-114,40.2,63.7,-23.5
2122|2022-03-16|arsenal|liverpool,2122,2022-03-16,Arsenal,Liverpool,0,2.0,0.8,19.8,15.0,3.0,2.0,444,223,2.6,0.2,20.8,15.0,3.0,2.0,446,223,-0.6000000000000001,-0.6000000000000001,-1.0,0.0,0.0,-2,53.7,62.4,-8.699999999999996
2122|2022-03-16|brighton-and-hove-albion|tottenham-hotspur,2122,2022-03-16,Brighton & Hove Albion,Tottenham Hotspur,0,0.2,2.2,11.2,0.0,0.0,0.4,180,90,2.8,1.2,11.4,9.0,1.8,1.2,445,223,-2.5999999999999996,-1.0000000000000002,-0.20000000000000107,-9.0,-0.7999999999999999,-265,51.1,51.5,-0.3999999999999986
2122|2022-03-17|everton|newcastle-united,2122,2022-03-17,Everton,Newcastle United,2,0.6,1.8,10.0,3.0,0.6,0.6,444,222,1.4,0.8,13.0,10.0,2.0,2.0,408,204,-0.7999999999999999,-1.0,-3.0,-7.0,-1.4,36,46.4,38.3,8.100000000000001
2122|2022-03-18|wolverhampton-wanderers|leeds-united,2122,2022-03-18,Wolverhampton Wanderers,Leeds United,0,1.2,1.0,11.2,6.0,1.2,1.8,219,109,0.4,3.0,11.6,3.0,0.6,0.8,67,33,0.7999999999999999,2.0,-0.40000000000000036,3.0,1.0,152,49.3,57.6,-8.300000000000004
2122|2022-03-19|aston-villa|arsenal,2122,2022-03-19,Aston Villa,Arsenal,0,2.0,0.6,14.2,9.0,1.8,1.0,332,165,1.8,1.2,19.2,12.0,2.4,2.4,445,221,0.19999999999999996,0.6,-5.0,-3.0,-1.4,-113,48.3,53.7,-5.400000000000006
2122|2022-03-20|leicester-city|brentford,2122,2022-03-20,Leicester City,Brentford,2,1.2,1.2,13.0,7.0,1.4,1.6,292,146,1.2,1.0,8.8,7.0,1.4,0.6,29,14,0.0,-0.19999999999999996,4.199999999999999,0.0,1.0,263,54.6,,
2122|2022-03-20|tottenham-hotspur|west-ham-united,2122,2022-03-20,Tottenham Hotspur,West Ham United,2,2.6,0.8,13.6,9.0,1.8,1.4,446,222,1.2,1.0,11.2,8.0,1.6,1.4,409,204,1.4000000000000001,0.19999999999999996,2.4000000000000004,1.0,0.0,37,51.5,42.7,8.799999999999997
2122|2022-04-02|brighton-and-hove-albion|norwich-city,2122,2022-04-02,Brighton & Hove Albion,Norwich City,1,0.2,2.2,12.2,0.0,0.0,0.2,181,91,0.8,2.6,10.0,0.0,0.0,0.6,219,109,-0.6000000000000001,0.3999999999999999,2.1999999999999993,0.0,-0.39999999999999997,-38,51.1,,
2122|2022-04-02|burnley|manchester-city,2122,2022-04-02,Burnley,Manchester City,0,0.4,1.8,8.4,4.0,0.8,0.8,255,127,2.2,0.8,19.6,10.0,2.0,2.2,447,224,-1.8000000000000003,-1.0,-11.200000000000001,-6.0,-1.4000000000000001,-192,41.9,63.7,-21.800000000000004
2122|2022-04-02|chelsea|brentford,2122,2022-04-02,Chelsea,Brentford,0,2.2,0.2,11.6,15.0,3.0,1.8,446,222,1.4,1.4,10.0,6.0,1.2,0.6,30,15,0.8000000000000003,1.2,1.5999999999999996,9.0,1.2000000000000002,416,61.3,,
2122|2022-04-02|leeds-united|southampton,2122,2022-04-02,Leeds United,Southampton,1,1.0,2.2,14.0,6.0,1.2,0.6,68,34,1.2,1.6,16.8,6.0,1.2,1.4,371,185,-0.19999999999999996,-0.6000000000000001,-2.8000000000000007,0.0,-0.7999999999999999,-303,57.6,52.2,5.399999999999999
2122|2022-04-02|liverpool|watford,2122,2022-04-02,Liverpool,Watford,2,2.8,0.2,20.2,15.0,3.0,3.0,447,223,1.0,2.4,9.8,4.0,0.8,1.4,219,110,1.7999999999999998,2.1999999999999997,10.399999999999999,11.0,1.6,228,62.4,,
2122|2022-04-02|manchester-united|leicester-city,2122,2022-04-02,Manchester United,Leicester City,1,2.0,1.6,14.2,10.0,2.0,2.2,447,224,1.2,1.0,12.8,9.0,1.8,0.6,293,146,0.8,-0.6000000000000001,1.3999999999999986,1.0,1.6,154,55.9,54.6,1.2999999999999972
2122|2022-04-02|wolverhampton-wanderers|aston-villa,2122,2022-04-02,Wolverhampton Wanderers,Aston Villa,2,1.4,1.2,12.8,6.0,1.2,1.2,220,110,2.0,0.6,11.8,9.0,1.8,1.8,333,167,-0.6000000000000001,-0.6,1.0,-3.0,-0.6000000000000001,-113,49.3,48.3,1.0
2122|2022-04-03|tottenham-hotspur|newcastle-united,2122,2022-04-03,Tottenham Hotspur,Newcastle United,2,3.2,0.8,14.6,12.0,2.4,1.8,447,223,1.2,0.8,13.6,9.0,1.8,1.4,409,205,2.0,0.0,1.0,3.0,0.40000000000000013,38,51.5,38.3,13.200000000000003
2122|2022-04-03|west-ham-united|everton,2122,2022-04-03,West Ham United,Everton,2,1.0,1.2,10.8,7.0,1.4,2.0,410,205,0.2,1.8,7.6,3.0,0.6,0.2,445,222,0.8,0.6000000000000001,3.200000000000001,4.0,1.8,-35,42.7,46.4,-3.6999999999999957
2122|2022-04-04|crystal-palace|arsenal,2122,2022-04-04,Crystal Palace,Arsenal,2,1.4,0.6,8.8,8.0,1.6,0.4,333,167,1.6,1.0,16.4,12.0,2.4,3.0,446,222,-0.20000000000000018,0.4,-7.599999999999998,-4.0,-2.6,-113,40.2,53.7,-13.5
2122|2022-04-06|burnley|everton,2122,2022-04-06,Burnley,Everton,2,0.2,2.2,6.0,1.0,0.2,0.6,256,128,0.4,1.8,8.4,3.0,0.6,0.0,446,223,-0.2,-0.40000000000000013,-2.4000000000000004,-2.0,0.6,-190,41.9,46.4,-4.5
2122|2022-04-08|newcastle-united|wolverhampton-wanderers,2122,2022-04-08,Newcastle United,Wolverhampton Wanderers,2,1.0,1.8,10.0,6.0,1.2,2.2,410,204,1.8,1.2,12.2,9.0,1.8,1.8,221,110,-0.8,-0.6000000000000001,-2.1999999999999993,-3.0,0.40000000000000013,189,38.3,49.3,-11.0
2122|2022-04-09|arsenal|brighton-and-hove-albion,2122,2022-04-09,Arsenal,Brighton & Hove Albion,0,1.2,1.4,13.6,9.0,1.8,2.0,447,224,0.2,1.6,16.2,1.0,0.2,1.4,182,90,1.0,0.20000000000000018,-2.5999999999999996,8.0,0.6000000000000001,265,53.7,51.1,2.6000000000000014
2122|2022-04-09|aston-villa|tottenham-hotspur,2122,2022-04-09,Aston Villa,Tottenham Hotspur,0,1.8,1.0,13.0,6.0,1.2,1.0,334,166,3.4,1.0,15.4,12.0,2.4,1.8,448,224,-1.5999999999999999,0.0,-2.4000000000000004,-6.0,-0.8,-114,48.3,51.5,-3.200000000000003
2122|2022-04-09|everton|manchester-united,2122,2022-04-09,Everton,Manchester United,2,0.8,2.2,10.4,3.0,0.6,1.2,447,223,1.8,1.8,12.6,8.0,1.6,1.6,448,223,-1.0,-0.40000000000000013,-2.1999999999999993,-5.0,-0.40000000000000013,-1,46.4,55.9,-9.5
2122|2022-04-09|southampton|chelsea,2122,2022-04-09,Southampton,Chelsea,0,1.0,1.8,15.8,4.0,0.8,1.4,372,186,2.0,1.0,12.8,12.0,2.4,2.0,447,224,-1.0,-0.8,3.0,-8.0,-0.6000000000000001,-75,52.2,61.3,-9.099999999999994
2122|2022-04-09|watford|leeds-united,2122,2022-04-09,Watford,Leeds United,0,0.8,2.0,9.2,4.0,0.8,0.0,220,109,1.2,1.6,12.6,7.0,1.4,0.8,69,34,-0.3999999999999999,-0.3999999999999999,-3.4000000000000004,-3.0,-0.8,151,,57.6,
2122|2022-04-10|brentford|west-ham-united,2122,2022-04-10,Brentford,West Ham United,2,2.0,1.2,12.2,9.0,1.8,0.8,31,15,1.2,1.2,10.8,9.0,1.8,0.8,411,205,0.8,0.0,1.3999999999999986,0.0,0.0,-380,,42.7,
2122|2022-04-10|leicester-city|crystal-palace,2122,2022-04-10,Leicester City,Crystal Palace,2,1.2,0.8,11.6,10.0,2.0,1.6,294,147,2.0,0.4,8.6,11.0,2.2,1.8,334,166,-0.8,-0.4,3.0,-1.0,-0.19999999999999996,-40,54.6,40.2,14.399999999999999
2122|2022-04-10|manchester-city|liverpool,2122,2022-04-10,Manchester City,Liverpool,1,1.8,0.8,18.8,10.0,2.0,2.4,448,223,2.6,0.0,18.4,15.0,3.0,2.6,448,224,-0.8,-0.8,0.40000000000000213,-5.0,-0.20000000000000018,0,63.7,62.4,1.3000000000000043
2122|2022-04-10|norwich-city|burnley,2122,2022-04-10,Norwich City,Burnley,2,0.6,2.0,10.0,1.0,0.2,0.8,220,110,0.6,2.4,7.6,3.0,0.6,1.0,257,128,0.0,0.3999999999999999,2.4000000000000004,-2.0,-0.19999999999999996,-37,,41.9,
2122|2022-04-16|manchester-united|norwich-city,2122,2022-04-16,Manchester United,Norwich City,2,1.0,1.6,12.0,5.0,1.0,1.8,449,225,1.0,1.6,11.8,4.0,0.8,0.8,221,110,0.0,0.0,0.1999999999999993,1.0,1.0,228,55.9,,
2122|2022-04-16|southampton|arsenal,2122,2022-04-16,Southampton,Arsenal,2,0.6,3.0,11.2,1.0,0.2,1.2,373,187,0.8,1.4,14.4,6.0,1.2,2.4,448,223,-0.20000000000000007,-1.6,-3.200000000000001,-5.0,-1.2,-75,52.2,53.7,-1.5
2122|2022-04-16|tottenham-hotspur|brighton-and-hove-albion,2122,2022-04-16,Tottenham Hotspur,Brighton & Hove Albion,0,3.2,1.0,14.8,12.0,2.4,1.8,449,224,0.6,1.4,15.4,4.0,0.8,1.4,183,91,2.6,0.3999999999999999,-0.5999999999999996,8.0,0.40000000000000013,266,51.5,51.1,0.3999999999999986
2122|2022-04-16|watford|brentford,2122,2022-04-16,Watford,Brentford,0,0.8,2.6,8.8,3.0,0.6,0.0,221,110,2.4,0.8,14.0,12.0,2.4,1.2,32,16,-1.5999999999999999,-1.8,-5.199999999999999,-9.0,-1.2,189,,,
2122|2022-04-17|newcastle-united|leicester-city,2122,2022-04-17,Newcastle United,Leicester City,2,0.8,1.6,10.4,6.0,1.2,2.6,411,205,1.2,1.0,9.6,10.0,2.0,0.8,295,147,-0.3999999999999999,-0.6000000000000001,0.8000000000000007,-4.0,1.8,116,38.3,54.6,-16.300000000000004
2122|2022-04-17|west-ham-united|burnley,2122,2022-04-17,West Ham United,Burnley,1,1.0,1.6,9.2,6.0,1.2,2.6,412,206,0.6,2.4,9.4,3.0,0.6,1.0,258,129,0.4,0.7999999999999998,-0.20000000000000107,3.0,1.6,154,42.7,41.9,0.8000000000000043
2122|2022-04-19|liverpool|manchester-united,2122,2022-04-19,Liverpool,Manchester United,2,1.8,0.4,15.0,13.0,2.6,3.0,449,224,1.6,2.0,11.6,7.0,1.4,1.4,450,224,0.19999999999999996,1.6,3.4000000000000004,6.0,1.6,-1,62.4,55.9,6.5
2122|2022-04-20|chelsea|arsenal,2122,2022-04-20,Chelsea,Arsenal,0,3.0,1.0,15.8,12.0,2.4,1.6,448,223,0.4,1.6,14.8,3.0,0.6,1.8,449,224,2.6,0.6000000000000001,1.0,9.0,-0.19999999999999996,-1,61.3,53.7,7.599999999999994
2122|2022-04-20|everton|leicester-city,2122,2022-04-20,Everton,Leicester City,1,1.0,1.2,10.6,6.0,1.2,1.8,448,224,1.2,1.4,9.8,7.0,1.4,0.8,296,148,-0.19999999999999996,0.19999999999999996,0.7999999999999989,-1.0,1.0,152,46.4,54.6,-8.200000000000003
2122|2022-04-20|manchester-city|brighton-and-hove-albion,2122,2022-04-20,Manchester City,Brighton & Hove Albion,2,1.8,0.6,16.8,11.0,2.2,2.0,449,224,0.6,1.0,14.8,7.0,1.4,1.8,184,92,1.2000000000000002,0.4,2.0,4.0,0.19999999999999996,265,63.7,51.1,12.600000000000001
2122|2022-04-20|newcastle-united|crystal-palace,2122,2022-04-20,Newcastle United,Crystal Palace,2,0.8,1.6,12.0,6.0,1.2,3.0,412,206,1.4,0.6,9.4,8.0,1.6,1.6,335,167,-0.5999999999999999,-1.0,2.5999999999999996,-2.0,1.4,77,38.3,40.2,-1.9000000000000057
2122|2022-04-21|burnley|southampton,2122,2022-04-21,Burnley,Southampton,2,0.8,1.8,10.0,4.0,0.8,1.2,259,129,0.8,2.2,10.8,4.0,0.8,1.0,374,186,0.0,0.40000000000000013,-0.8000000000000007,0.0,0.19999999999999996,-115,41.9,52.2,-10.300000000000004
2122|2022-04-23|arsenal|manchester-united,2122,2022-04-23,Arsenal,Manchester United,2,1.2,1.6,15.8,6.0,1.2,1.8,450,225,1.4,2.0,11.0,7.0,1.4,0.8,451,225,-0.19999999999999996,0.3999999999999999,4.800000000000001,-1.0,1.0,-1,53.7,55.9,-2.1999999999999957
2122|2022-04-23|brentford|tottenham-hotspur,2122,2022-04-23,Brentford,Tottenham Hotspur,1,2.2,0.8,15.2,12.0,2.4,1.4,33,16,2.8,0.6,13.8,12.0,2.4,1.8,450,225,-0.5999999999999996,-0.20000000000000007,1.3999999999999986,0.0,-0.40000000000000013,-417,,51.5,
2122|2022-04-23|leicester-city|aston-villa,2122,2022-04-23,Leicester City,Aston Villa,1,1.4,1.2,10.8,8.0,1.6,2.2,297,148,1.0,1.8,12.0,3.0,0.6,1.2,335,168,0.3999999999999999,0.6000000000000001,-1.1999999999999993,5.0,1.0000000000000002,-38,54.6,48.3,6.300000000000004
2122|2022-04-23|manchester-city|watford,2122,2022-04-23,Manchester City,Watford,2,2.2,0.6,17.6,11.0,2.2,2.0,450,225,0.6,2.4,9.6,3.0,0.6,1.4,222,111,1.6,1.7999999999999998,8.000000000000002,8.0,0.6000000000000001,228,63.7,,
2122|2022-04-23|norwich-city|newcastle-united,2122,2022-04-23,Norwich City,Newcastle United,0,1.2,1.6,11.8,4.0,0.8,0.8,222,111,1.0,1.4,13.2,9.0,1.8,1.2,413,206,0.19999999999999996,-0.20000000000000018,-1.3999999999999986,-5.0,-0.3999999999999999,-191,,38.3,
2122|2022-04-24|brighton-and-hove-albion|southampton,2122,2022-04-24,Brighton & Hove Albion,Southampton,1,0.6,1.2,13.6,7.0,1.4,0.2,185,92,0.6,2.2,10.2,4.0,0.8,1.0,375,187,0.0,1.0000000000000002,3.4000000000000004,3.0,-0.8,-190,51.1,52.2,-1.1000000000000014
2122|2022-04-24|burnley|wolverhampton-wanderers,2122,2022-04-24,Burnley,Wolverhampton Wanderers,2,1.2,1.4,11.8,7.0,1.4,1.2,260,130,1.8,1.0,10.8,9.0,1.8,1.2,222,111,-0.6000000000000001,-0.3999999999999999,1.0,-2.0,0.0,38,41.9,49.3,-7.399999999999999
2122|2022-04-24|chelsea|west-ham-united,2122,2022-04-24,Chelsea,West Ham United,2,2.6,1.8,15.8,9.0,1.8,1.4,449,224,1.2,1.6,10.8,7.0,1.4,0.2,413,206,1.4000000000000001,-0.19999999999999996,5.0,2.0,1.2,36,61.3,42.7,18.599999999999994
2122|2022-04-24|liverpool|everton,2122,2022-04-24,Liverpool,Everton,2,2.4,0.4,13.4,13.0,2.6,3.0,450,225,1.2,1.2,11.6,7.0,1.4,0.0,449,224,1.2,0.7999999999999999,1.8000000000000007,6.0,3.0,1,62.4,46.4,16.0
2122|2022-04-25|crystal-palace|leeds-united,2122,2022-04-25,Crystal Palace,Leeds United,1,1.2,0.6,9.2,7.0,1.4,1.0,336,168,1.8,1.4,10.8,10.0,2.0,1.2,70,35,-0.6000000000000001,0.7999999999999999,-1.6000000000000014,-3.0,-0.19999999999999996,266,40.2,57.6,-17.4
2122|2022-04-28|manchester-united|chelsea,2122,2022-04-28,Manchester United,Chelsea,1,1.0,2.2,11.8,4.0,0.8,2.2,452,226,2.2,1.6,18.0,9.0,1.8,2.6,450,225,-1.2000000000000002,-0.6000000000000001,-6.199999999999999,-5.0,-0.3999999999999999,2,55.9,61.3,-5.399999999999999
2122|2022-04-30|aston-villa|norwich-city,2122,2022-04-30,Aston Villa,Norwich City,2,0.4,1.8,11.2,1.0,0.2,0.8,336,167,1.0,1.6,11.0,4.0,0.8,0.2,223,111,-0.6,-0.19999999999999996,0.1999999999999993,-3.0,0.6000000000000001,113,48.3,,
2122|2022-04-30|leeds-united|manchester-city,2122,2022-04-30,Leeds United,Manchester City,0,1.8,0.8,11.8,11.0,2.2,0.8,71,35,2.4,0.6,17.0,11.0,2.2,2.2,451,225,-0.5999999999999999,-0.20000000000000007,-5.199999999999999,0.0,-1.4000000000000001,-380,57.6,63.7,-6.100000000000001
2122|2022-04-30|newcastle-united|liverpool,2122,2022-04-30,Newcastle United,Liverpool,0,1.6,1.2,12.4,12.0,2.4,3.0,414,207,2.4,0.4,13.4,13.0,2.6,2.6,451,225,-0.7999999999999998,-0.7999999999999999,-1.0,-1.0,0.3999999999999999,-37,38.3,62.4,-24.1
2122|2022-04-30|southampton|crystal-palace,2122,2022-04-30,Southampton,Crystal Palace,0,0.8,2.2,11.2,5.0,1.0,1.2,376,188,0.8,0.6,10.2,5.0,1.0,1.4,337,168,0.0,-1.6,1.0,0.0,-0.19999999999999996,39,52.2,40.2,12.0
2122|2022-04-30|watford|burnley,2122,2022-04-30,Watford,Burnley,0,0.8,2.6,8.8,3.0,0.6,0.0,223,111,1.4,1.0,14.0,10.0,2.0,1.0,261,130,-0.5999999999999999,-1.6,-5.199999999999999,-7.0,-1.0,-38,,41.9,
2122|2022-04-30|wolverhampton-wanderers|brighton-and-hove-albion,2122,2022-04-30,Wolverhampton Wanderers,Brighton & Hove Albion,0,1.0,1.2,10.8,6.0,1.2,1.8,223,111,1.0,1.2,12.2,8.0,1.6,1.2,186,93,0.0,0.0,-1.3999999999999986,-2.0,0.6000000000000001,37,49.3,51.1,-1.8000000000000043
2122|2022-05-01|everton|chelsea,2122,2022-05-01,Everton,Chelsea,2,1.0,1.6,11.6,4.0,0.8,1.4,450,225,2.2,1.8,20.6,7.0,1.4,2.6,451,226,-1.2000000000000002,0.19999999999999996,-9.000000000000002,-3.0,-1.2000000000000002,-1,46.4,61.3,-14.899999999999999
2122|2022-05-01|tottenham-hotspur|leicester-city,2122,2022-05-01,Tottenham Hotspur,Leicester City,2,2.4,0.6,12.2,10.0,2.0,1.8,451,225,1.0,1.0,9.4,6.0,1.2,1.0,298,149,1.4,0.4,2.799999999999999,4.0,0.8,153,51.5,54.6,-3.1000000000000014
2122|2022-05-01|west-ham-united|arsenal,2122,2022-05-01,West Ham United,Arsenal,0,0.8,1.6,9.8,4.0,0.8,2.2,414,207,1.6,1.8,16.6,6.0,1.2,1.8,451,225,-0.8,0.19999999999999996,-6.800000000000001,-2.0,0.40000000000000013,-37,42.7,53.7,-11.0
2122|2022-05-02|manchester-united|brentford,2122,2022-05-02,Manchester United,Brentford,2,1.0,2.2,10.8,4.0,0.8,1.8,453,227,1.8,0.8,15.6,10.0,2.0,1.8,34,17,-0.8,-1.4000000000000001,-4.799999999999999,-6.0,0.0,419,55.9,,
2122|2022-05-07|brentford|southampton,2122,2022-05-07,Brentford,Southampton,2,1.6,1.0,15.0,10.0,2.0,1.6,35,17,0.8,2.4,10.0,4.0,0.8,0.6,377,188,0.8,1.4,5.0,6.0,1.0,-342,,52.2,
2122|2022-05-07|brighton-and-hove-albion|manchester-united,2122,2022-05-07,Brighton & Hove Albion,Manchester United,2,1.6,1.2,9.4,10.0,2.0,0.4,187,93,1.6,2.0,10.2,7.0,1.4,0.6,454,226,0.0,0.8,-0.7999999999999989,3.0,-0.19999999999999996,-267,51.1,55.9,-4.799999999999997
2122|2022-05-07|burnley|aston-villa,2122,2022-05-07,Burnley,Aston Villa,0,1.2,0.8,14.8,10.0,2.0,1.8,262,131,0.6,1.4,12.8,4.0,0.8,1.4,337,169,0.6,0.5999999999999999,2.0,6.0,0.40000000000000013,-75,41.9,48.3,-6.399999999999999
2122|2022-05-07|chelsea|wolverhampton-wanderers,2122,2022-05-07,Chelsea,Wolverhampton Wanderers,1,2.0,1.2,19.8,7.0,1.4,1.8,452,225,0.8,1.8,10.2,3.0,0.6,0.6,224,112,1.2,0.6000000000000001,9.600000000000001,4.0,1.2000000000000002,228,61.3,49.3,12.0
2122|2022-05-07|crystal-palace|watford,2122,2022-05-07,Crystal Palace,Watford,2,1.2,0.8,11.6,7.0,1.4,1.2,338,169,0.6,2.8,9.6,0.0,0.0,0.8,224,112,0.6,1.9999999999999998,2.0,7.0,0.3999999999999999,114,40.2,,
2122|2022-05-07|liverpool|tottenham-hotspur,2122,2022-05-07,Liverpool,Tottenham Hotspur,1,2.2,0.4,16.4,13.0,2.6,3.0,452,226,2.4,0.6,11.4,10.0,2.0,2.0,452,226,-0.19999999999999973,0.19999999999999996,4.999999999999998,3.0,1.0,0,62.4,51.5,10.899999999999999
2122|2022-05-08|arsenal|leeds-united,2122,2022-05-08,Arsenal,Leeds United,2,2.0,1.4,16.8,9.0,1.8,1.8,452,226,1.4,1.4,10.6,8.0,1.6,1.4,72,36,0.6000000000000001,0.0,6.200000000000001,1.0,0.40000000000000013,380,53.7,57.6,-3.8999999999999986
2122|2022-05-08|leicester-city|everton,2122,2022-05-08,Leicester City,Everton,0,1.0,1.4,8.4,5.0,1.0,2.2,299,149,1.0,1.2,10.8,7.0,1.4,0.0,451,225,0.0,-0.19999999999999996,-2.4000000000000004,-2.0,2.2,-152,54.6,46.4,8.200000000000003
2122|2022-05-08|manchester-city|newcastle-united,2122,2022-05-08,Manchester City,Newcastle United,2,3.2,0.6,17.2,13.0,2.6,2.0,452,226,1.4,0.4,11.6,12.0,2.4,1.2,415,207,1.8000000000000003,-0.19999999999999996,5.6,1.0,0.8,37,63.7,38.3,25.400000000000006
2122|2022-05-08|norwich-city|west-ham-united,2122,2022-05-08,Norwich City,West Ham United,0,0.8,1.6,10.4,4.0,0.8,0.6,224,112,0.8,1.4,10.2,4.0,0.8,0.2,415,207,0.0,-0.20000000000000018,0.20000000000000107,0.0,0.39999999999999997,-191,,42.7,
2122|2022-05-10|aston-villa|liverpool,2122,2022-05-10,Aston Villa,Liverpool,0,1.2,1.4,13.6,7.0,1.4,1.2,338,168,2.0,0.6,16.8,11.0,2.2,2.6,453,226,-0.8,-0.7999999999999999,-3.200000000000001,-4.0,-1.4000000000000001,-115,48.3,62.4,-14.100000000000001
2122|2022-05-11|leeds-united|chelsea,2122,2022-05-11,Leeds United,Chelsea,0,1.0,1.4,8.2,5.0,1.0,0.8,73,36,1.2,1.6,18.8,5.0,1.0,2.0,453,227,-0.19999999999999996,0.20000000000000018,-10.600000000000001,0.0,-1.2,-380,57.6,61.3,-3.6999999999999957
2122|2022-05-11|leicester-city|norwich-city,2122,2022-05-11,Leicester City,Norwich City,2,0.8,1.6,9.2,2.0,0.4,2.0,300,150,0.8,2.4,10.8,3.0,0.6,0.2,225,112,0.0,0.7999999999999998,-1.6000000000000014,-1.0,1.8,75,54.6,,
2122|2022-05-11|watford|everton,2122,2022-05-11,Watford,Everton,1,0.6,2.6,9.8,0.0,0.0,0.0,225,112,1.0,0.8,9.6,10.0,2.0,0.6,452,226,-0.4,-1.8,0.20000000000000107,-10.0,-0.6,-227,,46.4,
2122|2022-05-11|wolverhampton-wanderers|manchester-city,2122,2022-05-11,Wolverhampton Wanderers,Manchester City,0,0.8,1.6,10.2,4.0,0.8,1.2,225,112,3.8,0.6,17.8,13.0,2.6,2.6,453,226,-3.0,-1.0,-7.600000000000001,-9.0,-1.4000000000000001,-228,49.3,63.7,-14.400000000000006
2122|2022-05-12|tottenham-hotspur|arsenal,2122,2022-05-12,Tottenham Hotspur,Arsenal,2,1.6,0.6,9.2,8.0,1.6,2.4,453,226,2.2,1.2,16.6,12.0,2.4,1.8,453,226,-0.6000000000000001,0.6,-7.400000000000002,-4.0,0.5999999999999999,0,51.5,53.7,-2.200000000000003
2122|2022-05-15|aston-villa|crystal-palace,2122,2022-05-15,Aston Villa,Crystal Palace,1,1.2,1.4,12.4,7.0,1.4,1.2,339,169,0.8,0.8,13.4,7.0,1.4,1.8,339,169,0.3999999999999999,-0.5999999999999999,-1.0,0.0,-0.6000000000000001,0,48.3,40.2,8.099999999999994
2122|2022-05-15|everton|brentford,2122,2022-05-15,Everton,Brentford,0,0.8,0.8,11.4,8.0,1.6,2.0,453,226,1.4,0.8,15.2,10.0,2.0,1.8,36,18,-0.5999999999999999,0.0,-3.799999999999999,-2.0,0.19999999999999996,417,46.4,,
2122|2022-05-15|leeds-united|brighton-and-hove-albion,2122,2022-05-15,Leeds United,Brighton & Hove Albion,1,0.8,1.8,6.8,4.0,0.8,0.8,74,37,2.0,1.0,11.2,10.0,2.0,1.8,188,94,-1.2,-0.8,-4.3999999999999995,-6.0,-1.0,-114,57.6,51.1,6.5
2122|2022-05-15|tottenham-hotspur|burnley,2122,2022-05-15,Tottenham Hotspur,Burnley,2,1.4,0.6,10.2,8.0,1.6,2.4,454,227,1.4,1.0,14.0,10.0,2.0,1.0,263,131,0.0,0.4,-3.8000000000000007,-2.0,1.4,191,51.5,41.9,9.600000000000001
2122|2022-05-15|watford|leicester-city,2122,2022-05-15,Watford,Leicester City,0,0.6,2.0,9.4,1.0,0.2,0.2,226,113,1.2,1.2,11.6,5.0,1.0,0.4,301,150,-0.6,-0.8,-2.1999999999999993,-4.0,-0.2,-75,,54.6,
2122|2022-05-15|west-ham-united|manchester-city,2122,2022-05-15,West Ham United,Manchester City,1,1.2,1.2,10.6,4.0,0.8,2.0,416,208,4.4,0.4,18.8,15.0,3.0,2.6,454,227,-3.2,-0.7999999999999999,-8.200000000000001,-11.0,-0.6000000000000001,-38,42.7,63.7,-21.0
2122|2022-05-15|wolverhampton-wanderers|norwich-city,2122,2022-05-15,Wolverhampton Wanderers,Norwich City,1,0.6,2.4,9.4,1.0,0.2,1.2,226,113,0.4,3.0,9.2,0.0,0.0,0.2,226,113,0.19999999999999996,0.6000000000000001,0.20000000000000107,1.0,1.0,0,49.3,,
2122|2022-05-16|newcastle-united|arsenal,2122,2022-05-16,Newcastle United,Arsenal,2,1.2,1.4,10.6,9.0,1.8,2.4,416,208,2.2,1.6,13.6,12.0,2.4,1.2,454,227,-1.0000000000000002,0.20000000000000018,-3.0,-3.0,1.2,-38,38.3,53.7,-15.400000000000006
2122|2022-05-17|southampton|liverpool,2122,2022-05-17,Southampton,Liverpool,0,0.8,1.8,13.0,4.0,0.8,0.6,378,189,2.0,0.4,19.0,13.0,2.6,2.6,454,227,-1.2,-1.4,-6.0,-9.0,-2.0,-76,52.2,62.4,-10.199999999999996
2122|2022-05-19|aston-villa|burnley,2122,2022-05-19,Aston Villa,Burnley,1,1.4,0.8,13.2,8.0,1.6,0.8,340,170,1.2,1.0,13.8,9.0,1.8,0.8,264,132,0.19999999999999996,0.19999999999999996,-0.6000000000000014,-1.0,0.0,76,48.3,41.9,6.399999999999999
2122|2022-05-19|chelsea|leicester-city,2122,2022-05-19,Chelsea,Leicester City,1,1.4,0.8,20.0,8.0,1.6,1.4,454,226,2.0,1.2,12.0,7.0,1.4,1.0,302,151,-0.6000000000000001,0.3999999999999999,8.0,1.0,0.3999999999999999,152,61.3,54.6,6.699999999999996
2122|2022-05-19|everton|crystal-palace,2122,2022-05-19,Everton,Crystal Palace,2,1.0,1.2,10.8,7.0,1.4,2.0,454,227,0.8,0.6,14.4,8.0,1.6,1.4,340,170,0.19999999999999996,-0.6,-3.5999999999999996,-1.0,0.6000000000000001,114,46.4,40.2,6.199999999999996
2122|2022-05-22|arsenal|everton,2122,2022-05-22,Arsenal,Everton,2,1.4,1.6,13.0,9.0,1.8,1.8,455,227,1.6,1.2,11.4,10.0,2.0,0.8,455,227,-0.20000000000000018,-0.40000000000000013,1.5999999999999996,-1.0,1.0,0,53.7,46.4,7.300000000000004
2122|2022-05-22|brentford|leeds-united,2122,2022-05-22,Brentford,Leeds United,0,1.6,1.2,15.8,10.0,2.0,2.0,37,18,0.4,2.0,8.6,2.0,0.4,1.4,75,37,1.2000000000000002,0.8,7.200000000000001,8.0,0.6000000000000001,-38,,57.6,
2122|2022-05-22|brighton-and-hove-albion|west-ham-united,2122,2022-05-22,Brighton & Hove Albion,West Ham United,2,2.0,1.2,12.0,8.0,1.6,1.0,189,94,1.6,1.2,10.8,5.0,1.0,0.6,417,208,0.3999999999999999,0.0,1.1999999999999993,3.0,0.4,-228,51.1,42.7,8.399999999999999
2122|2022-05-22|burnley|newcastle-united,2122,2022-05-22,Burnley,Newcastle United,0,1.0,1.2,12.6,7.0,1.4,1.8,265,132,1.2,1.2,10.6,9.0,1.8,0.6,417,208,-0.19999999999999996,0.0,2.0,-2.0,1.2000000000000002,-152,41.9,38.3,3.6000000000000014
2122|2022-05-22|chelsea|watford,2122,2022-05-22,Chelsea,Watford,2,1.4,1.0,18.8,6.0,1.2,1.0,455,227,0.6,2.6,8.6,1.0,0.2,0.6,227,113,0.7999999999999999,1.6,10.200000000000001,5.0,0.4,228,61.3,,
2122|2022-05-22|crystal-palace|manchester-united,2122,2022-05-22,Crystal Palace,Manchester United,2,1.2,1.0,13.8,8.0,1.6,1.8,341,170,1.0,2.4,9.2,4.0,0.8,0.0,455,227,0.19999999999999996,1.4,4.600000000000001,4.0,1.8,-114,40.2,55.9,-15.699999999999996
2122|2022-05-22|leicester-city|southampton,2122,2022-05-22,Leicester City,Southampton,2,2.2,1.4,11.4,7.0,1.4,2.0,303,151,0.8,2.2,12.0,1.0,0.2,0.4,379,189,1.4000000000000001,0.8000000000000003,-0.5999999999999996,6.0,1.6,-76,54.6,52.2,2.3999999999999986
2122|2022-05-22|liverpool|wolverhampton-wanderers,2122,2022-05-22,Liverpool,Wolverhampton Wanderers,2,1.6,0.6,21.0,13.0,2.6,2.6,455,227,0.8,2.4,11.8,2.0,0.4,0.8,227,113,0.8,1.7999999999999998,9.2,11.0,1.8,228,62.4,49.3,13.100000000000001
2122|2022-05-22|manchester-city|aston-villa,2122,2022-05-22,Manchester City,Aston Villa,2,4.2,0.8,21.6,13.0,2.6,2.6,455,227,1.6,1.0,15.4,8.0,1.6,1.4,341,170,2.6,0.19999999999999996,6.200000000000001,5.0,1.2000000000000002,114,63.7,48.3,15.400000000000006
2122|2022-05-22|norwich-city|tottenham-hotspur,2122,2022-05-22,Norwich City,Tottenham Hotspur,0,0.2,2.6,8.4,1.0,0.2,0.6,227,113,1.6,0.4,13.4,11.0,2.2,1.6,455,227,-1.4000000000000001,-2.2,-5.0,-10.0,-1.0,-228,,51.5,
2223|2022-08-05|crystal-palace|arsenal,2223,2022-08-05,Crystal Palace,Arsenal,0,1.4,1.0,11.6,10.0,2.0,2.2,342,171,1.8,1.6,15.4,9.0,1.8,1.2,456,228,-0.40000000000000013,0.6000000000000001,-3.8000000000000007,1.0,1.0000000000000002,-114,51.2,53.0,-1.7999999999999972
2223|2022-08-06|afc-bournemouth|aston-villa,2223,2022-08-06,AFC Bournemouth,Aston Villa,2,1.6,1.2,11.6,7.0,1.4,0.8,190,95,1.6,1.6,12.0,5.0,1.0,0.8,342,171,0.0,0.40000000000000013,-0.40000000000000036,2.0,0.0,-152,,46.4,
2223|2022-08-06|everton|chelsea,2223,2022-08-06,Everton,Chelsea,0,1.6,2.2,10.8,7.0,1.4,2.0,456,228,1.6,1.0,18.4,8.0,1.6,2.0,456,228,0.0,-1.2000000000000002,-7.599999999999998,-1.0,0.0,0,39.8,62.3,-22.5
2223|2022-08-06|fulham|liverpool,2223,2022-08-06,Fulham,Liverpool,1,0.4,2.0,12.6,1.0,0.2,0.0,228,114,1.8,0.8,23.2,13.0,2.6,2.6,456,228,-1.4,-1.2,-10.6,-12.0,-2.6,-228,,63.2,
2223|2022-08-06|leeds-united|wolverhampton-wanderers,2223,2022-08-06,Leeds United,Wolverhampton Wanderers,2,0.8,2.2,9.6,4.0,0.8,1.0,76,38,1.0,2.8,11.2,2.0,0.4,0.8,228,114,-0.19999999999999996,0.5999999999999996,-1.5999999999999996,2.0,0.19999999999999996,-152,52.5,49.5,3.0
2223|2022-08-06|newcastle-united|nottingham-forest,2223,2022-08-06,Newcastle United,Nottingham Forest,2,1.4,1.4,9.6,9.0,1.8,2.4,418,209,,,,,,,0,0,,,,,,418,40.0,,
2223|2022-08-06|tottenham-hotspur|southampton,2223,2022-08-06,Tottenham Hotspur,Southampton,2,2.6,0.4,15.4,13.0,2.6,2.4,456,228,1.0,2.6,11.2,1.0,0.2,0.4,380,190,1.6,2.2,4.200000000000001,12.0,2.0,76,51.8,47.7,4.099999999999994
2223|2022-08-07|leicester-city|brentford,2223,2022-08-07,Leicester City,Brentford,1,2.8,1.0,12.6,10.0,2.0,2.0,304,152,1.4,1.4,15.4,7.0,1.4,1.8,38,19,1.4,0.3999999999999999,-2.8000000000000007,3.0,0.19999999999999996,266,52.2,44.5,7.700000000000003
2223|2022-08-07|manchester-united|brighton-and-hove-albion,2223,2022-08-07,Manchester United,Brighton & Hove Albion,0,1.0,1.8,10.8,4.0,0.8,2.2,456,228,2.6,0.8,15.2,11.0,2.2,2.0,190,95,-1.6,-1.0,-4.399999999999999,-7.0,0.20000000000000018,266,52.7,54.6,-1.8999999999999986
2223|2022-08-07|west-ham-united|manchester-city,2223,2022-08-07,West Ham United,Manchester City,0,1.6,1.6,8.0,4.0,0.8,1.6,418,209,3.8,1.0,22.2,13.0,2.6,2.2,456,228,-2.1999999999999997,-0.6000000000000001,-14.2,-9.0,-0.6000000000000001,-38,47.7,68.2,-20.5
2223|2022-08-13|arsenal|leicester-city,2223,2022-08-13,Arsenal,Leicester City,2,1.8,1.4,14.8,9.0,1.8,1.8,457,228,3.0,1.0,12.2,11.0,2.2,1.0,305,152,-1.2,-0.3999999999999999,2.6000000000000014,-2.0,0.8,152,53.0,52.2,0.7999999999999972
2223|2022-08-13|aston-villa|everton,2223,2022-08-13,Aston Villa,Everton,2,1.0,1.8,12.6,2.0,0.4,1.0,343,171,1.2,2.2,10.4,4.0,0.8,0.8,457,228,-0.19999999999999996,0.40000000000000013,2.1999999999999993,-2.0,0.19999999999999996,-114,46.4,39.8,6.600000000000001
2223|2022-08-13|brentford|manchester-united,2223,2022-08-13,Brentford,Manchester United,2,1.8,1.8,14.0,7.0,1.4,2.0,39,19,1.0,1.6,11.4,4.0,0.8,0.0,457,228,0.8,-0.19999999999999996,2.5999999999999996,3.0,2.0,-418,44.5,52.7,-8.200000000000003
2223|2022-08-13|brighton-and-hove-albion|newcastle-united,2223,2022-08-13,Brighton & Hove Albion,Newcastle United,1,2.6,0.6,16.6,13.0,2.6,1.6,191,95,1.2,1.4,11.6,9.0,1.8,1.2,419,209,1.4000000000000001,0.7999999999999999,5.000000000000002,4.0,0.40000000000000013,-228,54.6,40.0,14.600000000000001
2223|2022-08-13|manchester-city|afc-bournemouth,2223,2022-08-13,Manchester City,AFC Bournemouth,2,3.4,1.0,21.2,13.0,2.6,2.6,457,228,2.0,1.2,11.2,9.0,1.8,0.6,191,95,1.4,0.19999999999999996,10.0,4.0,2.0,266,68.2,,
2223|2022-08-13|southampton|leeds-united,2223,2022-08-13,Southampton,Leeds United,1,0.8,3.0,9.6,0.0,0.0,0.6,381,190,1.2,1.6,10.6,7.0,1.4,2.0,77,38,-0.3999999999999999,-1.4,-1.0,-7.0,-1.4,304,47.7,52.5,-4.799999999999997
2223|2022-08-13|wolverhampton-wanderers|fulham,2223,2022-08-13,Wolverhampton Wanderers,Fulham,1,1.2,2.6,12.0,2.0,0.4,0.8,229,114,0.8,2.0,12.4,2.0,0.4,0.4,229,114,0.3999999999999999,-0.6000000000000001,-0.40000000000000036,0.0,0.4,0,49.5,,
2223|2022-08-14|chelsea|tottenham-hotspur,2223,2022-08-14,Chelsea,Tottenham Hotspur,1,1.8,0.8,18.0,11.0,2.2,1.6,457,228,2.8,0.4,16.4,13.0,2.6,2.2,457,228,-0.9999999999999998,-0.4,1.6000000000000014,-2.0,-0.6000000000000001,0,62.3,51.8,10.5
2223|2022-08-14|nottingham-forest|west-ham-united,2223,2022-08-14,Nottingham Forest,West Ham United,2,,,,,,,1,0,1.6,1.8,8.0,4.0,0.8,0.6,419,209,,,,,,-418,,47.7,
2223|2022-08-15|liverpool|crystal-palace,2223,2022-08-15,Liverpool,Crystal Palace,1,2.0,1.2,20.6,11.0,2.2,2.6,457,228,1.0,1.2,10.8,7.0,1.4,0.8,343,171,1.0,0.0,9.8,4.0,1.8,114,63.2,51.2,12.0
2223|2022-08-20|afc-bournemouth|arsenal,2223,2022-08-20,AFC Bournemouth,Arsenal,0,1.2,1.8,9.8,6.0,1.2,1.4,192,96,2.2,1.6,14.8,9.0,1.8,1.8,458,229,-1.0000000000000002,-0.19999999999999996,-5.0,-3.0,-0.40000000000000013,-266,,53.0,
2223|2022-08-20|crystal-palace|aston-villa,2223,2022-08-20,Crystal Palace,Aston Villa,2,1.0,1.4,9.2,5.0,1.0,2.0,344,172,1.2,1.6,13.2,5.0,1.0,0.8,344,172,-0.19999999999999996,0.20000000000000018,-4.0,0.0,1.2,0,51.2,46.4,4.800000000000004
2223|2022-08-20|everton|nottingham-forest,2223,2022-08-20,Everton,Nottingham Forest,1,1.4,2.6,10.2,3.0,0.6,1.4,458,229,,,,,,,2,1,,,,,,456,39.8,,
2223|2022-08-20|fulham|brentford,2223,2022-08-20,Fulham,Brentford,2,0.8,1.6,10.0,3.0,0.6,0.2,230,115,2.6,1.2,14.2,10.0,2.0,2.0,40,20,-1.8,-0.40000000000000013,-4.199999999999999,-7.0,-1.8,190,,44.5,
2223|2022-08-20|leicester-city|southampton,2223,2022-08-20,Leicester City,Southampton,0,2.8,1.8,9.4,8.0,1.6,1.6,306,153,1.0,3.0,10.8,1.0,0.2,0.2,382,191,1.7999999999999998,1.2,-1.4000000000000004,7.0,1.4000000000000001,-76,52.2,47.7,4.5
2223|2022-08-20|tottenham-hotspur|wolverhampton-wanderers,2223,2022-08-20,Tottenham Hotspur,Wolverhampton Wanderers,2,3.0,0.6,16.8,13.0,2.6,2.4,458,229,0.8,2.2,10.6,2.0,0.4,0.2,230,115,2.2,1.6,6.200000000000001,11.0,2.1999999999999997,228,51.8,49.5,2.299999999999997
2223|2022-08-21|leeds-united|chelsea,2223,2022-08-21,Leeds United,Chelsea,2,1.4,1.6,12.6,8.0,1.6,1.0,78,39,1.8,0.8,17.4,11.0,2.2,2.0,458,229,-0.40000000000000013,-0.8,-4.799999999999999,-3.0,-1.0,-380,52.5,62.3,-9.799999999999997
2223|2022-08-21|newcastle-united|manchester-city,2223,2022-08-21,Newcastle United,Manchester City,1,1.2,1.2,11.6,10.0,2.0,2.4,420,210,3.2,1.0,20.8,13.0,2.6,2.6,458,229,-2.0,-0.19999999999999996,-9.200000000000001,-3.0,-0.20000000000000018,-38,40.0,68.2,-28.200000000000003
2223|2022-08-21|west-ham-united|brighton-and-hove-albion,2223,2022-08-21,West Ham United,Brighton & Hove Albion,0,1.4,1.6,10.2,4.0,0.8,1.0,420,210,2.0,0.6,15.8,11.0,2.2,2.0,192,96,-0.6000000000000001,-1.0,-5.600000000000001,-7.0,-1.0,228,47.7,54.6,-6.899999999999999
2223|2022-08-22|manchester-united|liverpool,2223,2022-08-22,Manchester United,Liverpool,2,0.8,2.2,13.2,3.0,0.6,1.6,458,229,2.0,1.2,21.0,11.0,2.2,2.2,458,229,-1.2,-1.0000000000000002,-7.800000000000001,-8.0,-0.6000000000000001,0,52.7,63.2,-10.5
2223|2022-08-27|arsenal|fulham,2223,2022-08-27,Arsenal,Fulham,2,2.8,1.0,16.0,12.0,2.4,2.4,459,229,1.2,1.4,11.6,6.0,1.2,0.6,231,115,1.5999999999999999,0.3999999999999999,4.4,6.0,1.7999999999999998,228,53.0,,
2223|2022-08-27|brentford|everton,2223,2022-08-27,Brentford,Everton,1,2.4,1.8,13.2,7.0,1.4,2.0,41,20,1.2,2.2,12.0,4.0,0.8,0.8,459,229,1.2,0.40000000000000013,1.1999999999999993,3.0,1.2,-418,44.5,39.8,4.700000000000003
2223|2022-08-27|brighton-and-hove-albion|leeds-united,2223,2022-08-27,Brighton & Hove Albion,Leeds United,2,1.6,0.6,14.6,11.0,2.2,1.8,193,96,2.0,1.0,14.0,11.0,2.2,1.6,79,39,-0.3999999999999999,0.4,0.5999999999999996,0.0,0.19999999999999996,114,54.6,52.5,2.1000000000000014
2223|2022-08-27|chelsea|leicester-city,2223,2022-08-27,Chelsea,Leicester City,2,1.2,1.4,16.8,8.0,1.6,1.8,459,229,2.0,2.0,8.0,5.0,1.0,1.0,307,153,-0.8,0.6000000000000001,8.8,3.0,0.8,152,62.3,52.2,10.099999999999994
2223|2022-08-27|liverpool|afc-bournemouth,2223,2022-08-27,Liverpool,AFC Bournemouth,2,1.8,1.4,21.0,8.0,1.6,2.2,459,229,1.0,2.0,8.0,6.0,1.2,0.6,193,96,0.8,0.6000000000000001,13.0,2.0,1.6,266,63.2,,
2223|2022-08-27|manchester-city|crystal-palace,2223,2022-08-27,Manchester City,Crystal Palace,2,2.8,1.4,21.8,11.0,2.2,3.0,459,229,1.4,1.4,9.4,7.0,1.4,1.0,345,172,1.4,0.0,12.4,4.0,2.0,114,68.2,51.2,17.0
2223|2022-08-27|southampton|manchester-united,2223,2022-08-27,Southampton,Manchester United,0,1.4,2.6,8.8,4.0,0.8,0.8,383,191,0.6,2.4,13.8,3.0,0.6,0.0,459,229,0.7999999999999999,-0.20000000000000018,-5.0,1.0,0.8,-76,47.7,52.7,-5.0
2223|2022-08-28|aston-villa|west-ham-united,2223,2022-08-28,Aston Villa,West Ham United,0,1.2,2.0,13.2,4.0,0.8,1.6,345,172,0.6,2.0,10.2,1.0,0.2,0.6,421,210,0.6,0.0,3.0,3.0,1.0,-76,46.4,47.7,-1.3000000000000043
2223|2022-08-28|nottingham-forest|tottenham-hotspur,2223,2022-08-28,Nottingham Forest,Tottenham Hotspur,0,0.6666666666666666,1.0,10.666666666666666,4.0,1.3333333333333333,,3,1,2.6,0.6,15.8,13.0,2.6,1.8,459,229,-1.9333333333333336,-0.4,-5.133333333333335,-9.0,,-456,,51.8,
2223|2022-08-28|wolverhampton-wanderers|newcastle-united,2223,2022-08-28,Wolverhampton Wanderers,Newcastle United,1,0.6,1.4,13.2,2.0,0.4,1.0,231,115,1.8,0.8,12.6,11.0,2.2,1.4,421,210,-1.2000000000000002,-0.5999999999999999,0.5999999999999996,-9.0,-0.3999999999999999,-190,49.5,40.0,9.5
2223|2022-08-30|crystal-palace|brentford,2223,2022-08-30,Crystal Palace,Brentford,1,1.4,1.6,8.4,7.0,1.4,2.0,346,173,2.0,1.6,13.4,5.0,1.0,1.4,42,21,-0.6000000000000001,0.0,-5.0,2.0,0.6000000000000001,304,51.2,44.5,6.700000000000003
2223|2022-08-30|fulham|brighton-and-hove-albion,2223,2022-08-30,Fulham,Brighton & Hove Albion,2,1.2,1.6,12.2,5.0,1.0,0.8,232,116,1.6,0.4,14.0,13.0,2.6,2.0,194,97,-0.40000000000000013,-1.2000000000000002,-1.8000000000000007,-8.0,-1.2,38,,54.6,
2223|2022-08-30|leeds-united|everton,2223,2022-08-30,Leeds United,Everton,1,1.8,1.0,12.2,10.0,2.0,1.4,80,40,0.8,2.0,12.4,2.0,0.4,1.0,460,230,1.0,1.0,-0.20000000000000107,8.0,0.3999999999999999,-380,52.5,39.8,12.700000000000003
2223|2022-08-30|southampton|chelsea,2223,2022-08-30,Southampton,Chelsea,2,1.2,2.4,11.4,4.0,0.8,0.8,384,192,1.4,1.4,14.2,10.0,2.0,1.4,460,230,-0.19999999999999996,-1.0,-2.799999999999999,-6.0,-0.5999999999999999,-76,47.7,62.3,-14.599999999999994
2223|2022-08-31|afc-bournemouth|wolverhampton-wanderers,2223,2022-08-31,AFC Bournemouth,Wolverhampton Wanderers,1,1.0,3.4,6.8,6.0,1.2,1.4,194,97,0.6,1.4,11.8,2.0,0.4,0.2,232,116,0.4,-2.0,-5.000000000000001,4.0,1.2,-38,,49.5,
2223|2022-08-31|arsenal|aston-villa,2223,2022-08-31,Arsenal,Aston Villa,2,3.2,0.8,18.2,15.0,3.0,3.0,460,230,1.0,2.0,10.6,3.0,0.6,0.8,346,173,2.2,1.2,7.6,12.0,2.2,114,53.0,46.4,6.600000000000001
2223|2022-08-31|liverpool|newcastle-united,2223,2022-08-31,Liverpool,Newcastle United,2,3.2,1.2,20.0,8.0,1.6,2.2,460,230,1.6,1.0,13.6,9.0,1.8,1.6,422,211,1.6,-0.19999999999999996,6.4,-1.0,0.6000000000000001,38,63.2,40.0,23.200000000000003
2223|2022-08-31|manchester-city|nottingham-forest,2223,2022-08-31,Manchester City,Nottingham Forest,2,3.2,1.4,19.2,13.0,2.6,3.0,460,230,0.5,1.25,12.25,4.0,1.0,,4,2,2.7,-0.1499999999999999,6.949999999999999,9.0,,456,68.2,,
2223|2022-08-31|west-ham-united|tottenham-hotspur,2223,2022-08-31,West Ham United,Tottenham Hotspur,1,0.4,1.6,10.4,3.0,0.6,0.4,422,211,2.8,0.6,15.2,13.0,2.6,1.8,460,230,-2.4,-1.0,-4.799999999999999,-10.0,-1.4,-38,47.7,51.8,-4.099999999999994
2223|2022-09-01|leicester-city|manchester-united,2223,2022-09-01,Leicester City,Manchester United,0,2.0,2.2,11.0,4.0,0.8,1.4,308,154,0.8,1.6,13.0,6.0,1.2,0.6,460,230,1.2,-0.6000000000000001,-2.0,-2.0,0.7999999999999999,-152,52.2,52.7,-0.5
2223|2022-09-03|aston-villa|manchester-city,2223,2022-09-03,Aston Villa,Manchester City,1,0.8,1.8,10.6,3.0,0.6,1.0,347,173,3.8,1.0,17.8,13.0,2.6,2.2,461,230,-3.0,-0.8,-7.200000000000001,-10.0,-1.2000000000000002,-114,46.4,68.2,-21.800000000000004
2223|2022-09-03|brentford|leeds-united,2223,2022-09-03,Brentford,Leeds United,2,2.0,1.4,12.4,6.0,1.2,1.6,43,21,1.6,1.0,12.2,8.0,1.6,1.0,81,40,0.3999999999999999,-0.3999999999999999,0.20000000000000107,-2.0,0.6000000000000001,-38,44.5,52.5,-8.0
2223|2022-09-03|chelsea|west-ham-united,2223,2022-09-03,Chelsea,West Ham United,2,1.2,1.6,12.4,7.0,1.4,1.8,461,230,0.4,1.2,11.8,4.0,0.8,1.2,423,211,0.7999999999999999,-0.40000000000000013,0.5999999999999996,3.0,0.6000000000000001,38,62.3,47.7,14.599999999999994
2223|2022-09-03|everton|liverpool,2223,2022-09-03,Everton,Liverpool,1,0.8,1.2,12.6,3.0,0.6,1.4,461,230,3.0,1.2,18.8,8.0,1.6,2.0,461,230,-2.2,0.0,-6.200000000000001,-5.0,-0.6000000000000001,0,39.8,63.2,-23.400000000000006
2223|2022-09-03|newcastle-united|crystal-palace,2223,2022-09-03,Newcastle United,Crystal Palace,1,1.4,1.2,13.0,6.0,1.2,2.0,423,211,1.4,1.8,9.8,5.0,1.0,1.0,347,173,0.0,0.6000000000000001,3.1999999999999993,1.0,1.0,76,40.0,51.2,-11.200000000000003
2223|2022-09-03|nottingham-forest|afc-bournemouth,2223,2022-09-03,Nottingham Forest,AFC Bournemouth,0,0.4,2.2,11.4,4.0,0.8,,5,2,0.4,3.2,5.2,4.0,0.8,0.6,195,97,0.0,1.0,6.2,0.0,,-190,,,
2223|2022-09-03|tottenham-hotspur|fulham,2223,2022-09-03,Tottenham Hotspur,Fulham,2,2.0,0.8,14.0,11.0,2.2,3.0,461,230,1.6,1.4,11.4,8.0,1.6,0.4,233,116,0.3999999999999999,0.5999999999999999,2.5999999999999996,3.0,2.6,228,51.8,,
2223|2022-09-03|wolverhampton-wanderers|southampton,2223,2022-09-03,Wolverhampton Wanderers,Southampton,2,0.4,0.8,13.8,3.0,0.6,0.6,233,116,1.4,1.8,11.8,7.0,1.4,0.8,385,192,-0.9999999999999999,1.0,2.0,-4.0,-0.20000000000000007,-152,49.5,47.7,1.7999999999999972
2223|2022-09-04|brighton-and-hove-albion|leicester-city,2223,2022-09-04,Brighton & Hove Albion,Leicester City,2,1.2,0.6,11.8,10.0,2.0,2.2,195,97,1.2,2.2,10.6,1.0,0.2,0.8,309,154,0.0,1.6,1.200000000000001,9.0,1.4000000000000001,-114,54.6,52.2,2.3999999999999986
2223|2022-09-04|manchester-united|arsenal,2223,2022-09-04,Manchester United,Arsenal,2,1.0,1.4,12.8,9.0,1.8,2.0,461,230,2.6,0.8,17.4,15.0,3.0,1.8,461,230,-1.6,-0.5999999999999999,-4.599999999999998,-6.0,0.19999999999999996,0,52.7,53.0,-0.29999999999999716
2223|2022-09-16|aston-villa|southampton,2223,2022-09-16,Aston Villa,Southampton,2,1.0,1.6,8.2,4.0,0.8,1.2,348,174,1.2,1.2,12.2,7.0,1.4,0.6,386,193,-0.19999999999999996,-0.40000000000000013,-4.0,-3.0,0.6,-38,46.4,47.7,-1.3000000000000043
2223|2022-09-16|nottingham-forest|fulham,2223,2022-09-16,Nottingham Forest,Fulham,0,0.8,2.4,12.6,4.0,0.8,1.0,6,3,1.4,1.4,11.4,7.0,1.4,0.4,234,117,-0.5999999999999999,-1.0,1.1999999999999993,-3.0,0.6,-228,,,
2223|2022-09-17|newcastle-united|afc-bournemouth,2223,2022-09-17,Newcastle United,AFC Bournemouth,1,1.0,1.2,13.0,4.0,0.8,1.6,424,212,0.6,3.6,5.4,4.0,0.8,1.2,196,98,0.4,2.4000000000000004,7.6,0.0,0.40000000000000013,228,40.0,,
2223|2022-09-17|tottenham-hotspur|leicester-city,2223,2022-09-17,Tottenham Hotspur,Leicester City,2,1.6,0.8,15.0,11.0,2.2,3.0,462,231,1.2,2.8,9.0,0.0,0.0,0.8,310,155,0.40000000000000013,1.9999999999999998,6.0,11.0,2.2,152,51.8,52.2,-0.4000000000000057
2223|2022-09-17|wolverhampton-wanderers|manchester-city,2223,2022-09-17,Wolverhampton Wanderers,Manchester City,0,0.4,0.4,12.2,6.0,1.2,1.2,234,117,3.6,1.2,17.6,11.0,2.2,1.8,462,231,-3.2,0.7999999999999999,-5.400000000000002,-5.0,-0.6000000000000001,-228,49.5,68.2,-18.700000000000003
2223|2022-09-18|brentford|arsenal,2223,2022-09-18,Brentford,Arsenal,0,2.6,1.4,13.6,8.0,1.6,2.0,44,22,2.4,1.4,18.6,12.0,2.4,1.2,462,231,0.20000000000000018,0.0,-5.000000000000002,-4.0,0.8,-418,44.5,53.0,-8.5
2223|2022-09-18|everton|west-ham-united,2223,2022-09-18,Everton,West Ham United,2,0.8,1.0,13.8,4.0,0.8,1.0,462,231,0.6,1.2,11.8,4.0,0.8,1.2,424,212,0.20000000000000007,0.19999999999999996,2.0,0.0,-0.19999999999999996,38,39.8,47.7,-7.900000000000006
2223|2022-10-01|afc-bournemouth|brentford,2223,2022-10-01,AFC Bournemouth,Brentford,1,0.8,3.0,6.8,5.0,1.0,1.4,197,98,1.8,2.0,12.0,5.0,1.0,1.0,45,22,-1.0,-1.0,-5.2,0.0,0.3999999999999999,152,,44.5,
2223|2022-10-01|arsenal|tottenham-hotspur,2223,2022-10-01,Arsenal,Tottenham Hotspur,2,2.2,1.0,17.4,12.0,2.4,3.0,463,231,2.4,0.8,16.2,13.0,2.6,1.8,463,231,-0.19999999999999973,-0.19999999999999996,1.1999999999999993,-1.0,1.2,0,53.0,51.8,1.2000000000000028
2223|2022-10-01|crystal-palace|chelsea,2223,2022-10-01,Crystal Palace,Chelsea,0,1.4,1.4,11.6,6.0,1.2,2.0,348,174,1.4,1.8,11.0,7.0,1.4,1.2,462,231,0.0,0.40000000000000013,0.5999999999999996,-1.0,0.8,-114,51.2,62.3,-11.099999999999994
2223|2022-10-01|fulham|newcastle-united,2223,2022-10-01,Fulham,Newcastle United,0,2.0,1.8,12.6,9.0,1.8,1.4,235,117,1.2,1.4,16.2,4.0,0.8,1.0,425,212,0.8,-0.40000000000000013,-3.5999999999999996,5.0,0.3999999999999999,-190,,40.0,
2223|2022-10-01|liverpool|brighton-and-hove-albion,2223,2022-10-01,Liverpool,Brighton & Hove Albion,1,2.6,0.8,21.2,8.0,1.6,2.2,462,231,1.8,0.8,13.4,10.0,2.0,2.0,196,98,0.8,0.0,7.799999999999999,-2.0,0.20000000000000018,266,63.2,54.6,8.600000000000001
2223|2022-10-01|southampton|everton,2223,2022-10-01,Southampton,Everton,0,0.8,1.0,10.8,6.0,1.2,0.8,387,193,0.8,0.6,12.2,7.0,1.4,0.6,463,231,0.0,-0.4,-1.3999999999999986,-1.0,0.20000000000000007,-76,47.7,39.8,7.900000000000006
2223|2022-10-01|west-ham-united|wolverhampton-wanderers,2223,2022-10-01,West Ham United,Wolverhampton Wanderers,2,0.6,1.2,10.8,4.0,0.8,0.4,425,212,0.4,1.0,12.0,5.0,1.0,0.4,235,117,0.19999999999999996,-0.19999999999999996,-1.1999999999999993,-1.0,0.0,190,47.7,49.5,-1.7999999999999972
2223|2022-10-02|leeds-united|aston-villa,2223,2022-10-02,Leeds United,Aston Villa,1,1.6,1.8,13.2,5.0,1.0,1.6,82,41,0.8,1.4,8.0,4.0,0.8,0.6,349,174,0.8,-0.40000000000000013,5.199999999999999,1.0,1.0,-267,52.5,46.4,6.100000000000001
2223|2022-10-02|manchester-city|manchester-united,2223,2022-10-02,Manchester City,Manchester United,2,3.4,1.2,17.0,11.0,2.2,3.0,463,231,1.4,1.2,11.4,12.0,2.4,1.2,462,231,2.0,0.0,5.6,-1.0,1.8,1,68.2,52.7,15.5
2223|2022-10-03|leicester-city|nottingham-forest,2223,2022-10-03,Leicester City,Nottingham Forest,2,1.2,3.2,11.6,0.0,0.0,1.4,311,155,1.0,3.0,12.2,1.0,0.2,0.3333333333333333,7,3,0.19999999999999996,-0.20000000000000018,-0.5999999999999996,-1.0,1.0666666666666667,304,52.2,,
2223|2022-10-08|afc-bournemouth|leicester-city,2223,2022-10-08,AFC Bournemouth,Leicester City,2,0.8,2.4,7.0,6.0,1.2,1.0,198,99,1.8,2.8,13.8,3.0,0.6,0.2,312,156,-1.0,0.3999999999999999,-6.800000000000001,3.0,0.8,-114,,52.2,
2223|2022-10-08|brighton-and-hove-albion|tottenham-hotspur,2223,2022-10-08,Brighton & Hove Albion,Tottenham Hotspur,0,2.4,1.4,12.0,10.0,2.0,2.6,197,98,2.4,1.4,15.4,10.0,2.0,1.6,464,232,0.0,0.0,-3.4000000000000004,0.0,1.0,-267,54.6,51.8,2.8000000000000043
2223|2022-10-08|chelsea|wolverhampton-wanderers,2223,2022-10-08,Chelsea,Wolverhampton Wanderers,2,1.4,1.6,10.4,9.0,1.8,2.2,463,231,0.4,1.2,11.0,5.0,1.0,0.2,236,118,0.9999999999999999,-0.40000000000000013,-0.5999999999999996,4.0,2.0,227,62.3,49.5,12.799999999999997
2223|2022-10-08|manchester-city|southampton,2223,2022-10-08,Manchester City,Southampton,2,4.0,1.2,17.2,13.0,2.6,3.0,464,232,0.6,1.2,13.4,3.0,0.6,0.6,388,194,3.4,0.0,3.799999999999999,10.0,2.4,76,68.2,47.7,20.5
2223|2022-10-08|newcastle-united|brentford,2223,2022-10-08,Newcastle United,Brentford,2,1.4,1.0,17.6,6.0,1.2,1.8,426,213,1.4,1.4,12.0,6.0,1.2,1.2,46,23,0.0,0.3999999999999999,5.600000000000001,0.0,0.6000000000000001,380,40.0,44.5,-4.5
2223|2022-10-09|arsenal|liverpool,2223,2022-10-09,Arsenal,Liverpool,2,2.2,1.2,19.0,12.0,2.4,3.0,464,232,3.0,1.2,19.4,8.0,1.6,1.6,463,231,-0.7999999999999998,0.0,-0.3999999999999986,4.0,1.4,1,53.0,63.2,-10.200000000000003
2223|2022-10-09|crystal-palace|leeds-united,2223,2022-10-09,Crystal Palace,Leeds United,2,1.4,1.6,11.6,5.0,1.0,1.4,349,175,1.2,1.4,12.4,5.0,1.0,0.8,83,41,0.19999999999999996,-0.20000000000000018,-0.8000000000000007,0.0,0.5999999999999999,266,51.2,52.5,-1.2999999999999972
2223|2022-10-09|everton|manchester-united,2223,2022-10-09,Everton,Manchester United,0,1.0,0.6,10.8,9.0,1.8,1.6,464,232,2.0,1.6,10.8,12.0,2.4,1.2,463,232,-1.0,1.0,0.0,-3.0,0.40000000000000013,1,39.8,52.7,-12.900000000000006
2223|2022-10-09|west-ham-united|fulham,2223,2022-10-09,West Ham United,Fulham,2,1.0,0.8,11.8,7.0,1.4,1.0,426,213,1.6,2.2,9.6,6.0,1.2,1.0,236,118,-0.6000000000000001,1.4000000000000001,2.200000000000001,1.0,0.0,190,47.7,,
2223|2022-10-10|nottingham-forest|aston-villa,2223,2022-10-10,Nottingham Forest,Aston Villa,1,0.8,3.6,11.4,0.0,0.0,0.75,8,4,0.6,0.8,9.2,5.0,1.0,0.2,350,175,0.20000000000000007,-2.8,2.200000000000001,-5.0,0.55,-342,,46.4,
2223|2022-10-14|brentford|brighton-and-hove-albion,2223,2022-10-14,Brentford,Brighton & Hove Albion,2,1.4,2.2,9.4,5.0,1.0,1.4,47,23,2.0,1.6,12.6,7.0,1.4,1.6,198,99,-0.6000000000000001,-0.6000000000000001,-3.1999999999999993,-2.0,-0.20000000000000018,-151,44.5,54.6,-10.100000000000001
2223|2022-10-15|fulham|afc-bournemouth,2223,2022-10-15,Fulham,AFC Bournemouth,1,1.6,2.4,9.0,6.0,1.2,1.4,237,118,1.2,0.8,8.0,9.0,1.8,1.4,199,99,0.40000000000000013,-1.5999999999999999,1.0,-3.0,0.0,38,,,
2223|2022-10-15|leicester-city|crystal-palace,2223,2022-10-15,Leicester City,Crystal Palace,1,1.8,2.8,12.2,3.0,0.6,1.4,313,156,1.2,1.6,10.8,5.0,1.0,0.6,350,174,0.6000000000000001,-1.1999999999999997,1.3999999999999986,-2.0,0.7999999999999999,-37,52.2,51.2,1.0
2223|2022-10-15|tottenham-hotspur|everton,2223,2022-10-15,Tottenham Hotspur,Everton,2,2.2,1.4,13.4,10.0,2.0,3.0,465,232,1.0,0.8,10.2,8.0,1.6,1.0,465,232,1.2000000000000002,-0.5999999999999999,3.200000000000001,2.0,2.0,0,51.8,39.8,12.0
2223|2022-10-15|wolverhampton-wanderers|nottingham-forest,2223,2022-10-15,Wolverhampton Wanderers,Nottingham Forest,2,0.2,1.6,10.6,4.0,0.8,1.2,237,118,1.0,3.4,9.2,1.0,0.2,0.25,9,4,-0.8,1.7999999999999998,1.4000000000000004,3.0,0.95,228,49.5,,
2223|2022-10-16|aston-villa|chelsea,2223,2022-10-16,Aston Villa,Chelsea,0,0.8,0.8,9.8,6.0,1.2,1.6,351,175,2.0,1.0,11.6,12.0,2.4,1.8,464,232,-1.2,0.19999999999999996,-1.799999999999999,-6.0,-0.19999999999999996,-113,46.4,62.3,-15.899999999999999
2223|2022-10-16|leeds-united|arsenal,2223,2022-10-16,Leeds United,Arsenal,0,0.8,1.8,12.0,2.0,0.4,1.8,84,42,2.4,1.4,16.8,12.0,2.4,1.8,465,232,-1.5999999999999999,-0.40000000000000013,-4.800000000000001,-10.0,0.0,-381,52.5,53.0,-0.5
2223|2022-10-16|liverpool|manchester-city,2223,2022-10-16,Liverpool,Manchester City,2,3.2,1.4,17.6,8.0,1.6,2.2,464,232,4.0,0.8,17.8,13.0,2.6,1.8,465,232,-0.7999999999999998,-0.5999999999999999,-0.1999999999999993,-5.0,0.40000000000000013,-1,63.2,68.2,-5.0
2223|2022-10-16|manchester-united|newcastle-united,2223,2022-10-16,Manchester United,Newcastle United,1,2.0,1.6,10.8,12.0,2.4,2.0,464,231,2.2,1.0,16.6,8.0,1.6,1.6,427,213,-0.20000000000000018,-0.6000000000000001,-5.800000000000001,4.0,0.3999999999999999,37,52.7,40.0,12.700000000000003
2223|2022-10-16|southampton|west-ham-united,2223,2022-10-16,Southampton,West Ham United,1,0.6,1.8,11.0,3.0,0.6,0.8,389,194,1.4,1.0,13.8,7.0,1.4,0.6,427,213,-0.7999999999999999,-0.8,-2.8000000000000007,-4.0,0.20000000000000007,-38,47.7,47.7,0.0
2223|2022-10-18|brighton-and-hove-albion|nottingham-forest,2223,2022-10-18,Brighton & Hove Albion,Nottingham Forest,1,1.8,2.0,14.2,4.0,0.8,2.0,199,99,1.0,2.4,9.6,1.0,0.2,0.2,10,5,0.8,0.3999999999999999,4.6,3.0,1.8,189,54.6,,
2223|2022-10-18|crystal-palace|wolverhampton-wanderers,2223,2022-10-18,Crystal Palace,Wolverhampton Wanderers,2,0.8,0.8,12.0,6.0,1.2,1.4,351,176,0.4,1.6,9.0,6.0,1.2,0.2,238,119,0.4,0.8,3.0,0.0,1.2,113,51.2,49.5,1.7000000000000028
2223|2022-10-19|afc-bournemouth|southampton,2223,2022-10-19,AFC Bournemouth,Southampton,0,1.6,1.2,9.0,9.0,1.8,1.6,200,100,0.4,1.8,11.2,1.0,0.2,0.6,390,195,1.2000000000000002,0.6000000000000001,-2.1999999999999993,8.0,1.0,-190,,47.7,
2223|2022-10-19|brentford|chelsea,2223,2022-10-19,Brentford,Chelsea,1,1.6,2.0,9.0,7.0,1.4,2.0,48,24,2.0,0.8,11.8,12.0,2.4,1.8,465,233,-0.3999999999999999,-1.2,-2.8000000000000007,-5.0,0.19999999999999996,-417,44.5,62.3,-17.799999999999997
2223|2022-10-19|liverpool|west-ham-united,2223,2022-10-19,Liverpool,West Ham United,2,1.6,1.4,16.4,8.0,1.6,2.2,465,233,1.4,1.0,16.0,7.0,1.4,0.8,428,214,0.20000000000000018,-0.3999999999999999,0.3999999999999986,1.0,1.4000000000000001,37,63.2,47.7,15.5
2223|2022-10-19|manchester-united|tottenham-hotspur,2223,2022-10-19,Manchester United,Tottenham Hotspur,2,1.8,1.6,11.6,10.0,2.0,2.0,465,232,2.4,1.2,15.0,12.0,2.4,1.6,466,233,-0.5999999999999999,-0.40000000000000013,-3.4000000000000004,-2.0,0.3999999999999999,-1,52.7,51.8,0.9000000000000057
2223|2022-10-19|newcastle-united|everton,2223,2022-10-19,Newcastle United,Everton,2,2.0,0.6,17.4,9.0,1.8,1.8,428,214,0.8,1.0,9.6,7.0,1.4,1.0,466,233,1.2,0.4,7.799999999999999,2.0,0.8,-38,40.0,39.8,0.20000000000000284
2223|2022-10-20|fulham|aston-villa,2223,2022-10-20,Fulham,Aston Villa,2,1.6,2.6,10.8,4.0,0.8,1.6,238,119,0.6,0.8,12.6,6.0,1.2,0.4,352,176,1.0,-1.8,-1.799999999999999,-2.0,1.2000000000000002,-114,,46.4,
2223|2022-10-20|leicester-city|leeds-united,2223,2022-10-20,Leicester City,Leeds United,2,1.8,2.6,13.0,4.0,0.8,1.0,314,157,0.8,1.8,13.2,2.0,0.4,0.8,85,42,1.0,-0.8,-0.1999999999999993,2.0,0.19999999999999996,229,52.2,52.5,-0.29999999999999716
2223|2022-10-22|chelsea|manchester-united,2223,2022-10-22,Chelsea,Manchester United,1,1.8,0.4,12.6,13.0,2.6,2.6,466,232,2.0,1.6,15.4,10.0,2.0,1.8,466,233,-0.19999999999999996,1.2000000000000002,-2.8000000000000007,3.0,0.8,0,62.3,52.7,9.599999999999994
2223|2022-10-22|everton|crystal-palace,2223,2022-10-22,Everton,Crystal Palace,2,0.8,1.2,7.0,6.0,1.2,1.0,467,233,1.0,0.8,12.2,8.0,1.6,0.6,352,175,-0.19999999999999996,-0.3999999999999999,-5.199999999999999,-2.0,0.4,115,39.8,51.2,-11.400000000000006
2223|2022-10-22|manchester-city|brighton-and-hove-albion,2223,2022-10-22,Manchester City,Brighton & Hove Albion,2,2.8,1.0,17.6,10.0,2.0,3.0,466,233,1.6,1.6,16.6,5.0,1.0,1.4,200,100,1.1999999999999997,0.6000000000000001,1.0,5.0,1.6,266,68.2,54.6,13.600000000000001
2223|2022-10-22|nottingham-forest|liverpool,2223,2022-10-22,Nottingham Forest,Liverpool,2,0.6,1.8,8.0,2.0,0.4,0.8,11,5,1.4,1.2,16.2,8.0,1.6,1.0,466,232,-0.7999999999999999,-0.6000000000000001,-8.2,-6.0,-0.19999999999999996,-455,,63.2,
2223|2022-10-23|aston-villa|brentford,2223,2022-10-23,Aston Villa,Brentford,2,0.4,1.2,14.4,5.0,1.0,1.4,353,176,0.6,1.6,7.8,5.0,1.0,0.6,49,24,-0.19999999999999996,0.40000000000000013,6.6000000000000005,0.0,0.7999999999999999,304,46.4,44.5,1.8999999999999986
2223|2022-10-23|leeds-united|fulham,2223,2022-10-23,Leeds United,Fulham,0,0.6,2.0,13.2,1.0,0.2,1.6,86,43,2.0,2.2,12.6,7.0,1.4,0.8,239,119,-1.4,0.20000000000000018,0.5999999999999996,-6.0,0.8,-153,52.5,,
2223|2022-10-23|southampton|arsenal,2223,2022-10-23,Southampton,Arsenal,1,0.6,1.6,10.6,4.0,0.8,1.0,391,195,2.2,1.2,14.2,12.0,2.4,2.4,466,233,-1.6,-0.40000000000000013,-3.5999999999999996,-8.0,-1.4,-75,47.7,53.0,-5.299999999999997
2223|2022-10-23|tottenham-hotspur|newcastle-united,2223,2022-10-23,Tottenham Hotspur,Newcastle United,0,2.0,1.4,12.2,9.0,1.8,3.0,467,233,2.2,0.6,16.0,11.0,2.2,1.2,429,214,-0.20000000000000018,-0.7999999999999999,-3.8000000000000007,-2.0,1.8,38,51.8,40.0,11.799999999999997
2223|2022-10-23|wolverhampton-wanderers|leicester-city,2223,2022-10-23,Wolverhampton Wanderers,Leicester City,0,0.4,2.0,9.6,3.0,0.6,1.6,239,119,1.8,1.6,12.8,7.0,1.4,0.0,315,157,-1.4,-0.3999999999999999,-3.200000000000001,-4.0,1.6,-76,49.5,52.2,-2.700000000000003
2223|2022-10-24|west-ham-united|afc-bournemouth,2223,2022-10-24,West Ham United,AFC Bournemouth,2,1.2,0.8,16.4,7.0,1.4,1.4,429,214,1.0,1.0,10.4,6.0,1.2,1.0,201,100,0.19999999999999996,0.19999999999999996,5.999999999999998,1.0,0.3999999999999999,228,47.7,,
2223|2022-10-29|afc-bournemouth|tottenham-hotspur,2223,2022-10-29,AFC Bournemouth,Tottenham Hotspur,0,0.8,1.2,9.4,5.0,1.0,1.0,202,101,1.0,1.4,12.4,6.0,1.2,1.4,468,234,-0.19999999999999996,0.19999999999999996,-3.0,-1.0,-0.3999999999999999,-266,,51.8,
2223|2022-10-29|brentford|wolverhampton-wanderers,2223,2022-10-29,Brentford,Wolverhampton Wanderers,1,0.6,1.8,9.2,5.0,1.0,1.6,50,25,0.4,2.2,12.6,3.0,0.6,0.2,240,120,0.19999999999999996,0.40000000000000013,-3.4000000000000004,2.0,1.4000000000000001,-190,44.5,49.5,-5.0
2223|2022-10-29|brighton-and-hove-albion|chelsea,2223,2022-10-29,Brighton & Hove Albion,Chelsea,2,0.8,1.8,13.6,2.0,0.4,1.6,201,100,1.6,0.4,12.2,11.0,2.2,1.4,467,234,-0.8,-1.4,1.4000000000000004,-9.0,0.20000000000000018,-266,54.6,62.3,-7.699999999999996
2223|2022-10-29|crystal-palace|southampton,2223,2022-10-29,Crystal Palace,Southampton,2,1.0,1.4,10.2,7.0,1.4,2.0,353,177,0.8,1.6,11.2,5.0,1.0,1.2,392,196,0.19999999999999996,0.20000000000000018,-1.0,2.0,0.8,-39,51.2,47.7,3.5
2223|2022-10-29|fulham|everton,2223,2022-10-29,Fulham,Everton,1,2.0,2.2,11.8,7.0,1.4,2.0,240,120,1.2,1.2,7.4,6.0,1.2,1.0,468,234,0.8,-1.0000000000000002,4.4,1.0,1.0,-228,,39.8,
2223|2022-10-29|leicester-city|manchester-city,2223,2022-10-29,Leicester City,Manchester City,0,2.2,0.4,10.0,10.0,2.0,1.4,316,158,3.2,1.0,17.0,12.0,2.4,1.6,467,233,-1.0,0.6,-7.0,-2.0,-0.20000000000000018,-151,52.2,68.2,-16.0
2223|2022-10-29|liverpool|leeds-united,2223,2022-10-29,Liverpool,Leeds United,0,1.4,1.4,14.6,7.0,1.4,2.6,467,234,0.6,1.6,12.6,1.0,0.2,0.2,87,43,0.7999999999999999,0.20000000000000018,2.0,6.0,2.4,380,63.2,52.5,10.700000000000003
2223|2022-10-29|newcastle-united|aston-villa,2223,2022-10-29,Newcastle United,Aston Villa,2,2.4,0.6,14.6,13.0,2.6,1.8,430,215,1.0,1.2,16.0,5.0,1.0,0.4,354,177,1.4,0.6,-1.4000000000000004,8.0,1.4,76,40.0,46.4,-6.399999999999999
2223|2022-10-30|arsenal|nottingham-forest,2223,2022-10-30,Arsenal,Nottingham Forest,2,2.2,0.8,13.4,13.0,2.6,3.0,467,233,0.4,1.2,7.8,5.0,1.0,0.4,12,6,1.8000000000000003,0.3999999999999999,5.6000000000000005,8.0,2.6,455,53.0,,
2223|2022-10-30|manchester-united|west-ham-united,2223,2022-10-30,Manchester United,West Ham United,2,1.6,1.6,16.0,8.0,1.6,2.0,467,233,1.6,0.6,17.6,10.0,2.0,0.8,430,215,0.0,-1.0,-1.6000000000000014,-2.0,1.2,37,52.7,47.7,5.0
2223|2022-11-05|everton|leicester-city,2223,2022-11-05,Everton,Leicester City,0,0.8,1.0,6.8,4.0,0.8,1.6,469,234,1.4,0.6,8.6,7.0,1.4,0.6,317,158,-0.5999999999999999,-0.4,-1.7999999999999998,-3.0,1.0,152,39.8,52.2,-12.400000000000006
2223|2022-11-05|leeds-united|afc-bournemouth,2223,2022-11-05,Leeds United,AFC Bournemouth,2,1.0,1.8,13.6,3.0,0.6,1.0,88,44,1.2,1.8,9.2,4.0,0.8,1.0,203,101,-0.19999999999999996,0.0,4.4,-1.0,0.0,-115,52.5,,
2223|2022-11-05|manchester-city|fulham,2223,2022-11-05,Manchester City,Fulham,2,2.8,1.0,16.8,12.0,2.4,3.0,468,234,1.8,1.4,16.0,8.0,1.6,1.2,241,120,0.9999999999999998,0.3999999999999999,0.8000000000000007,4.0,1.8,227,68.2,,
2223|2022-11-05|nottingham-forest|brentford,2223,2022-11-05,Nottingham Forest,Brentford,1,0.4,1.4,6.8,5.0,1.0,0.8,13,6,0.8,2.0,9.0,5.0,1.0,0.4,51,25,-0.4,0.6000000000000001,-2.2,0.0,0.4,-38,,44.5,
2223|2022-11-05|wolverhampton-wanderers|brighton-and-hove-albion,2223,2022-11-05,Wolverhampton Wanderers,Brighton & Hove Albion,0,0.6,2.0,12.4,4.0,0.8,1.4,241,120,1.0,1.4,16.2,4.0,0.8,0.8,202,101,-0.4,-0.6000000000000001,-3.799999999999999,0.0,0.5999999999999999,39,49.5,54.6,-5.100000000000001
2223|2022-11-06|aston-villa|manchester-united,2223,2022-11-06,Aston Villa,Manchester United,2,1.0,2.0,12.8,4.0,0.8,1.4,355,177,1.2,0.4,16.8,11.0,2.2,2.0,468,234,-0.19999999999999996,-1.6,-4.0,-7.0,-0.6000000000000001,-113,46.4,52.7,-6.300000000000004
2223|2022-11-06|chelsea|arsenal,2223,2022-11-06,Chelsea,Arsenal,0,1.4,1.0,12.6,8.0,1.6,2.2,468,233,2.6,0.8,15.6,13.0,2.6,2.0,468,234,-1.2000000000000002,-0.19999999999999996,-3.0,-5.0,0.20000000000000018,0,62.3,53.0,9.299999999999997
2223|2022-11-06|southampton|newcastle-united,2223,2022-11-06,Southampton,Newcastle United,0,0.6,1.4,9.6,5.0,1.0,1.0,393,196,2.4,0.4,14.8,13.0,2.6,1.6,431,215,-1.7999999999999998,-0.9999999999999999,-5.200000000000001,-8.0,-0.6000000000000001,-38,47.7,40.0,7.700000000000003
2223|2022-11-06|tottenham-hotspur|liverpool,2223,2022-11-06,Tottenham Hotspur,Liverpool,0,1.4,1.2,15.6,9.0,1.8,2.4,469,234,1.0,1.2,16.0,6.0,1.2,0.4,468,233,0.3999999999999999,0.0,-0.40000000000000036,3.0,2.0,1,51.8,63.2,-11.400000000000006
2223|2022-11-06|west-ham-united|crystal-palace,2223,2022-11-06,West Ham United,Crystal Palace,0,1.2,0.8,16.6,7.0,1.4,2.0,431,215,1.0,1.0,11.2,10.0,2.0,0.6,354,176,0.19999999999999996,0.19999999999999996,5.400000000000002,-3.0,1.4,77,47.7,51.2,-3.5
2223|2022-11-12|afc-bournemouth|everton,2223,2022-11-12,AFC Bournemouth,Everton,2,1.4,2.4,9.0,1.0,0.2,1.0,204,102,0.6,1.0,7.0,4.0,0.8,1.0,470,235,0.7999999999999999,-1.4,2.0,-3.0,0.0,-266,,39.8,
2223|2022-11-12|liverpool|southampton,2223,2022-11-12,Liverpool,Southampton,2,1.0,0.8,17.0,9.0,1.8,2.0,469,235,0.8,1.4,11.8,5.0,1.0,0.6,394,197,0.19999999999999996,0.5999999999999999,5.199999999999999,4.0,1.4,75,63.2,47.7,15.5
2223|2022-11-12|manchester-city|brentford,2223,2022-11-12,Manchester City,Brentford,0,2.0,0.6,15.6,12.0,2.4,3.0,469,235,1.0,1.4,9.0,6.0,1.2,0.6,52,26,1.0,0.7999999999999999,6.6,6.0,2.4,417,68.2,44.5,23.700000000000003
2223|2022-11-12|newcastle-united|chelsea,2223,2022-11-12,Newcastle United,Chelsea,2,2.2,0.4,13.0,13.0,2.6,2.2,432,216,0.8,1.2,9.6,5.0,1.0,1.4,469,235,1.4000000000000001,0.7999999999999999,3.4000000000000004,8.0,0.8000000000000003,-37,40.0,62.3,-22.299999999999997
2223|2022-11-12|nottingham-forest|crystal-palace,2223,2022-11-12,Nottingham Forest,Crystal Palace,2,0.6,1.6,8.6,5.0,1.0,1.0,14,7,1.0,1.0,11.6,10.0,2.0,1.0,355,177,-0.4,-0.6000000000000001,-3.0,-5.0,0.0,-341,,51.2,
2223|2022-11-12|tottenham-hotspur|leeds-united,2223,2022-11-12,Tottenham Hotspur,Leeds United,2,1.4,1.6,16.8,6.0,1.2,1.8,470,235,1.6,2.0,15.2,6.0,1.2,0.6,89,44,-0.20000000000000018,0.3999999999999999,1.6000000000000014,0.0,1.2000000000000002,381,51.8,52.5,-0.7000000000000028
2223|2022-11-12|west-ham-united|leicester-city,2223,2022-11-12,West Ham United,Leicester City,0,0.8,1.0,14.2,4.0,0.8,2.0,432,216,1.6,0.2,11.2,10.0,2.0,1.2,318,159,-0.8,-0.8,3.0,-6.0,0.8,114,47.7,52.2,-4.5
2223|2022-11-12|wolverhampton-wanderers|arsenal,2223,2022-11-12,Wolverhampton Wanderers,Arsenal,0,1.0,2.0,12.4,4.0,0.8,1.2,242,121,2.2,0.6,14.0,13.0,2.6,2.0,469,235,-1.2000000000000002,-1.4,-1.5999999999999996,-9.0,-0.8,-227,49.5,53.0,-3.5
2223|2022-11-13|brighton-and-hove-albion|aston-villa,2223,2022-11-13,Brighton & Hove Albion,Aston Villa,0,1.6,1.6,17.2,7.0,1.4,2.0,203,101,1.4,2.0,11.6,6.0,1.2,0.4,356,178,0.20000000000000018,0.3999999999999999,5.6,1.0,1.6,-153,54.6,46.4,8.200000000000003
2223|2022-11-13|fulham|manchester-united,2223,2022-11-13,Fulham,Manchester United,0,1.8,1.2,15.2,8.0,1.6,1.6,242,121,1.0,0.8,16.0,8.0,1.6,1.4,469,235,0.8,-0.3999999999999999,-0.8000000000000007,0.0,0.20000000000000018,-227,,52.7,
2223|2022-12-26|arsenal|west-ham-united,2223,2022-12-26,Arsenal,West Ham United,2,2.0,0.2,14.6,13.0,2.6,3.0,470,234,0.6,1.2,12.8,3.0,0.6,0.2,433,216,1.4,1.0,1.799999999999999,10.0,2.8,37,53.0,47.7,5.299999999999997
2223|2022-12-26|aston-villa|liverpool,2223,2022-12-26,Aston Villa,Liverpool,0,1.8,1.8,9.6,9.0,1.8,2.0,357,178,1.4,1.0,17.4,9.0,1.8,0.8,470,234,0.40000000000000013,-0.8,-7.799999999999999,0.0,1.2,-113,46.4,63.2,-16.800000000000004
2223|2022-12-26|brentford|tottenham-hotspur,2223,2022-12-26,Brentford,Tottenham Hotspur,1,1.0,1.6,9.6,6.0,1.2,1.6,53,26,1.8,2.2,15.4,6.0,1.2,1.4,471,235,-0.8,0.6000000000000001,-5.800000000000001,0.0,0.20000000000000018,-418,44.5,51.8,-7.299999999999997
2223|2022-12-26|crystal-palace|fulham,2223,2022-12-26,Crystal Palace,Fulham,0,1.0,1.2,11.6,9.0,1.8,2.0,356,178,1.6,1.2,14.2,7.0,1.4,1.2,243,121,-0.6000000000000001,0.0,-2.5999999999999996,2.0,0.8,113,51.2,,
2223|2022-12-26|everton|wolverhampton-wanderers,2223,2022-12-26,Everton,Wolverhampton Wanderers,0,0.6,1.2,9.2,4.0,0.8,1.4,471,235,0.8,2.4,12.8,1.0,0.2,0.4,243,121,-0.20000000000000007,1.2,-3.6000000000000014,3.0,0.9999999999999999,228,39.8,49.5,-9.700000000000003
2223|2022-12-26|leicester-city|newcastle-united,2223,2022-12-26,Leicester City,Newcastle United,0,2.0,0.2,10.2,12.0,2.4,1.4,319,159,2.4,0.4,13.2,15.0,3.0,2.0,433,216,-0.3999999999999999,0.2,-3.0,-3.0,-0.6000000000000001,-114,52.2,40.0,12.200000000000003
2223|2022-12-26|southampton|brighton-and-hove-albion,2223,2022-12-26,Southampton,Brighton & Hove Albion,0,0.8,1.8,11.6,4.0,0.8,1.0,395,197,1.8,1.6,14.4,7.0,1.4,0.8,204,102,-1.0,-0.19999999999999996,-2.8000000000000007,-3.0,0.19999999999999996,191,47.7,54.6,-6.899999999999999
2223|2022-12-27|chelsea|afc-bournemouth,2223,2022-12-27,Chelsea,AFC Bournemouth,2,0.4,1.4,9.0,2.0,0.4,2.0,470,234,1.6,2.0,10.2,3.0,0.6,1.0,205,102,-1.2000000000000002,0.6000000000000001,-1.1999999999999993,-1.0,1.0,265,62.3,,
2223|2022-12-27|manchester-united|nottingham-forest,2223,2022-12-27,Manchester United,Nottingham Forest,2,1.4,1.0,15.8,10.0,2.0,2.6,470,234,0.8,1.4,8.4,8.0,1.6,0.2,15,7,0.5999999999999999,0.3999999999999999,7.4,2.0,2.4,455,52.7,,
2223|2022-12-28|leeds-united|manchester-city,2223,2022-12-28,Leeds United,Manchester City,0,2.2,2.6,14.4,6.0,1.2,1.0,90,45,1.4,1.0,17.2,9.0,1.8,1.6,470,234,0.8000000000000003,-1.6,-2.799999999999999,-3.0,-0.6000000000000001,-380,52.5,68.2,-15.700000000000003
2223|2022-12-30|liverpool|leicester-city,2223,2022-12-30,Liverpool,Leicester City,2,1.8,1.2,16.2,9.0,1.8,2.0,471,236,1.6,0.8,10.8,9.0,1.8,1.8,320,160,0.19999999999999996,-0.3999999999999999,5.399999999999999,0.0,0.19999999999999996,151,63.2,52.2,11.0
2223|2022-12-30|west-ham-united|brentford,2223,2022-12-30,West Ham United,Brentford,0,0.8,1.6,12.8,3.0,0.6,1.8,434,217,1.4,2.0,9.8,6.0,1.2,1.0,54,27,-0.5999999999999999,0.3999999999999999,3.0,-3.0,0.8,380,47.7,44.5,3.200000000000003
2223|2022-12-31|afc-bournemouth|crystal-palace,2223,2022-12-31,AFC Bournemouth,Crystal Palace,0,1.6,2.2,9.0,3.0,0.6,1.4,206,103,0.6,1.6,9.6,6.0,1.2,1.0,357,178,1.0,-0.6000000000000001,-0.5999999999999996,-3.0,0.3999999999999999,-151,,51.2,
2223|2022-12-31|brighton-and-hove-albion|arsenal,2223,2022-12-31,Brighton & Hove Albion,Arsenal,0,2.4,1.8,12.0,9.0,1.8,1.4,205,102,2.4,0.4,16.0,13.0,2.6,2.6,471,236,0.0,-1.4,-4.0,-4.0,-1.2000000000000002,-266,54.6,53.0,1.6000000000000014
2223|2022-12-31|fulham|southampton,2223,2022-12-31,Fulham,Southampton,2,1.6,1.2,15.2,7.0,1.4,1.0,244,122,0.8,2.4,12.6,1.0,0.2,0.6,396,198,0.8,1.2,2.5999999999999996,6.0,0.4,-152,,47.7,
2223|2022-12-31|manchester-city|everton,2223,2022-12-31,Manchester City,Everton,1,2.0,1.0,19.2,12.0,2.4,2.4,471,236,0.8,1.4,11.4,4.0,0.8,0.8,472,236,1.2,0.3999999999999999,7.799999999999999,8.0,1.5999999999999999,-1,68.2,39.8,28.400000000000006
2223|2022-12-31|newcastle-united|leeds-united,2223,2022-12-31,Newcastle United,Leeds United,1,2.8,0.4,12.4,15.0,3.0,2.6,434,217,2.4,2.8,13.4,6.0,1.2,0.6,91,45,0.3999999999999999,2.4,-1.0,9.0,2.0,343,40.0,52.5,-12.5
2223|2022-12-31|wolverhampton-wanderers|manchester-united,2223,2022-12-31,Wolverhampton Wanderers,Manchester United,0,1.0,2.2,12.2,4.0,0.8,0.6,244,122,1.6,1.0,13.6,10.0,2.0,1.4,471,236,-0.6000000000000001,-1.2000000000000002,-1.4000000000000004,-6.0,-0.7999999999999999,-227,49.5,52.7,-3.200000000000003
2223|2023-01-01|nottingham-forest|chelsea,2223,2023-01-01,Nottingham Forest,Chelsea,1,0.8,2.0,9.4,7.0,1.4,1.6,16,8,0.8,1.4,9.2,4.0,0.8,1.4,471,236,0.0,-0.6000000000000001,0.20000000000000107,3.0,0.20000000000000018,-455,,62.3,
2223|2023-01-01|tottenham-hotspur|aston-villa,2223,2023-01-01,Tottenham Hotspur,Aston Villa,0,2.2,2.2,16.8,7.0,1.4,1.8,472,236,2.0,1.8,9.6,9.0,1.8,1.0,358,179,0.20000000000000018,-0.40000000000000013,7.200000000000001,-2.0,0.8,114,51.8,46.4,5.399999999999999
2223|2023-01-02|brentford|liverpool,2223,2023-01-02,Brentford,Liverpool,2,1.8,1.2,9.2,9.0,1.8,1.2,55,27,2.2,1.2,17.4,12.0,2.4,1.4,472,235,-0.40000000000000013,0.0,-8.2,-3.0,-0.19999999999999996,-417,44.5,63.2,-18.700000000000003
2223|2023-01-03|arsenal|newcastle-united,2223,2023-01-03,Arsenal,Newcastle United,1,3.0,0.6,16.4,15.0,3.0,3.0,472,235,2.4,0.2,13.0,13.0,2.6,2.6,435,217,0.6000000000000001,-0.39999999999999997,3.3999999999999986,2.0,0.3999999999999999,37,53.0,40.0,13.0
2223|2023-01-03|everton|brighton-and-hove-albion,2223,2023-01-03,Everton,Brighton & Hove Albion,0,0.4,1.6,10.0,2.0,0.4,1.2,473,236,2.6,2.0,12.2,9.0,1.8,1.4,206,103,-2.2,0.3999999999999999,-2.1999999999999993,-7.0,-0.19999999999999996,267,39.8,54.6,-14.800000000000004
2223|2023-01-03|leicester-city|fulham,2223,2023-01-03,Leicester City,Fulham,0,1.0,1.2,11.2,6.0,1.2,1.4,321,160,1.4,1.0,14.6,7.0,1.4,1.8,245,122,-0.3999999999999999,-0.19999999999999996,-3.4000000000000004,-1.0,-0.40000000000000013,76,52.2,,
2223|2023-01-03|manchester-united|afc-bournemouth,2223,2023-01-03,Manchester United,AFC Bournemouth,2,1.6,0.8,14.2,12.0,2.4,2.6,472,235,1.6,2.2,9.2,3.0,0.6,0.4,207,103,0.0,1.4000000000000001,5.0,9.0,2.2,265,52.7,,
2223|2023-01-04|aston-villa|wolverhampton-wanderers,2223,2023-01-04,Aston Villa,Wolverhampton Wanderers,1,1.6,1.8,8.4,9.0,1.8,1.8,359,179,1.0,1.6,10.0,4.0,0.8,0.8,245,122,0.6000000000000001,-0.19999999999999996,-1.5999999999999996,5.0,1.0,114,46.4,49.5,-3.1000000000000014
2223|2023-01-04|crystal-palace|tottenham-hotspur,2223,2023-01-04,Crystal Palace,Tottenham Hotspur,0,1.0,1.0,10.8,9.0,1.8,1.8,358,179,2.0,2.2,14.6,7.0,1.4,1.4,473,236,-1.0,1.2000000000000002,-3.799999999999999,2.0,0.40000000000000013,-115,51.2,51.8,-0.5999999999999943
2223|2023-01-04|leeds-united|west-ham-united,2223,2023-01-04,Leeds United,West Ham United,1,2.0,2.2,12.2,7.0,1.4,0.8,92,46,0.4,2.0,12.8,0.0,0.0,0.2,435,217,1.6,-0.20000000000000018,-0.6000000000000014,7.0,0.6000000000000001,-343,52.5,47.7,4.799999999999997
2223|2023-01-04|southampton|nottingham-forest,2223,2023-01-04,Southampton,Nottingham Forest,0,0.8,2.6,12.4,0.0,0.0,0.4,397,198,0.8,2.2,9.8,5.0,1.0,0.2,17,8,0.0,-0.3999999999999999,2.5999999999999996,-5.0,0.2,380,47.7,,
2223|2023-01-05|chelsea|manchester-city,2223,2023-01-05,Chelsea,Manchester City,0,0.8,1.4,9.4,4.0,0.8,2.0,472,235,1.6,1.0,20.4,10.0,2.0,2.0,472,235,-0.8,-0.3999999999999999,-10.999999999999998,-6.0,0.0,0,62.3,68.2,-5.900000000000006
2223|2023-01-12|fulham|chelsea,2223,2023-01-12,Fulham,Chelsea,2,1.6,1.0,12.0,9.0,1.8,1.6,246,123,0.6,0.8,8.0,4.0,0.8,1.0,473,237,1.0,-0.19999999999999996,4.0,5.0,0.6000000000000001,-227,,62.3,
2223|2023-01-13|aston-villa|leeds-united,2223,2023-01-13,Aston Villa,Leeds United,2,1.8,1.2,10.4,10.0,2.0,1.4,360,180,2.0,2.4,12.2,5.0,1.0,0.8,93,46,-0.19999999999999996,1.2,-1.799999999999999,5.0,0.5999999999999999,267,46.4,52.5,-6.100000000000001
2223|2023-01-14|brentford|afc-bournemouth,2223,2023-01-14,Brentford,AFC Bournemouth,2,2.2,1.2,8.8,11.0,2.2,1.8,56,28,1.2,2.2,9.4,3.0,0.6,0.2,208,104,1.0000000000000002,1.0000000000000002,-0.5999999999999996,8.0,1.6,-152,44.5,,
2223|2023-01-14|brighton-and-hove-albion|liverpool,2223,2023-01-14,Brighton & Hove Albion,Liverpool,2,2.6,2.0,12.2,9.0,1.8,0.8,207,103,2.2,1.4,16.2,12.0,2.4,1.2,473,236,0.3999999999999999,-0.6000000000000001,-4.0,-3.0,-0.3999999999999999,-266,54.6,63.2,-8.600000000000001
2223|2023-01-14|everton|southampton,2223,2023-01-14,Everton,Southampton,0,0.6,2.4,10.2,1.0,0.2,0.6,474,237,0.8,2.6,11.2,0.0,0.0,0.6,398,199,-0.20000000000000007,0.20000000000000018,-1.0,1.0,0.0,76,39.8,47.7,-7.900000000000006
2223|2023-01-14|manchester-united|manchester-city,2223,2023-01-14,Manchester United,Manchester City,2,2.0,0.8,14.6,12.0,2.4,2.6,473,236,1.6,1.0,19.8,10.0,2.0,2.4,473,236,0.3999999999999999,0.19999999999999996,-5.200000000000001,2.0,0.20000000000000018,0,52.7,68.2,-15.5
2223|2023-01-14|nottingham-forest|leicester-city,2223,2023-01-14,Nottingham Forest,Leicester City,2,1.0,1.2,11.0,8.0,1.6,1.8,18,9,1.0,1.2,12.2,6.0,1.2,1.8,322,161,0.0,0.0,-1.1999999999999993,2.0,0.0,-304,,52.2,
2223|2023-01-14|wolverhampton-wanderers|west-ham-united,2223,2023-01-14,Wolverhampton Wanderers,West Ham United,2,1.0,1.6,9.2,4.0,0.8,0.6,246,123,0.8,2.2,13.2,1.0,0.2,0.4,436,218,0.19999999999999996,0.6000000000000001,-4.0,3.0,0.19999999999999996,-190,49.5,47.7,1.7999999999999972
2223|2023-01-15|chelsea|crystal-palace,2223,2023-01-15,Chelsea,Crystal Palace,2,0.8,1.0,11.0,4.0,0.8,1.4,474,236,0.8,1.8,12.2,6.0,1.2,1.4,359,179,0.0,0.8,-1.1999999999999993,-2.0,0.0,115,62.3,51.2,11.099999999999994
2223|2023-01-15|newcastle-united|fulham,2223,2023-01-15,Newcastle United,Fulham,2,1.6,0.2,10.6,11.0,2.2,2.6,436,218,1.8,0.8,12.8,12.0,2.4,1.8,247,123,-0.19999999999999996,0.6000000000000001,-2.200000000000001,-1.0,0.8,189,40.0,,
2223|2023-01-15|tottenham-hotspur|arsenal,2223,2023-01-15,Tottenham Hotspur,Arsenal,0,2.2,1.8,12.8,7.0,1.4,1.2,474,237,2.0,0.6,15.0,13.0,2.6,2.6,473,237,0.20000000000000018,-1.2000000000000002,-2.1999999999999993,-6.0,-1.4000000000000001,1,51.8,53.0,-1.2000000000000028
2223|2023-01-18|crystal-palace|manchester-united,2223,2023-01-18,Crystal Palace,Manchester United,1,0.4,1.8,11.2,3.0,0.6,1.8,360,180,2.2,0.4,14.6,15.0,3.0,2.0,474,237,-1.8000000000000003,-1.4,-3.4000000000000004,-12.0,-0.19999999999999996,-114,51.2,52.7,-1.5
2223|2023-01-19|manchester-city|tottenham-hotspur,2223,2023-01-19,Manchester City,Tottenham Hotspur,2,1.4,1.2,17.6,7.0,1.4,2.0,474,237,2.0,1.8,13.4,7.0,1.4,2.0,475,237,-0.6000000000000001,0.6000000000000001,4.200000000000001,0.0,0.0,-1,68.2,51.8,16.400000000000006
2223|2023-01-21|afc-bournemouth|nottingham-forest,2223,2023-01-21,AFC Bournemouth,Nottingham Forest,1,0.6,1.8,9.0,3.0,0.6,1.2,209,104,1.0,0.8,11.0,10.0,2.0,0.8,19,9,-0.4,-1.0,-2.0,-7.0,0.3999999999999999,190,,,
2223|2023-01-21|crystal-palace|newcastle-united,2223,2023-01-21,Crystal Palace,Newcastle United,1,0.6,1.8,11.6,4.0,0.8,1.4,361,181,1.0,0.0,13.2,11.0,2.2,2.2,437,218,-0.4,-1.8,-1.5999999999999996,-7.0,-0.8000000000000003,-76,51.2,40.0,11.200000000000003
2223|2023-01-21|leicester-city|brighton-and-hove-albion,2223,2023-01-21,Leicester City,Brighton & Hove Albion,1,0.6,1.6,9.0,3.0,0.6,0.8,323,161,2.6,1.6,11.6,9.0,1.8,1.8,208,104,-2.0,0.0,-2.5999999999999996,-6.0,-1.0,115,52.2,54.6,-2.3999999999999986
2223|2023-01-21|liverpool|chelsea,2223,2023-01-21,Liverpool,Chelsea,1,1.8,1.8,14.8,9.0,1.8,2.4,474,237,1.0,0.8,13.0,7.0,1.4,0.4,475,238,0.8,-1.0,1.8000000000000007,2.0,2.0,-1,63.2,62.3,0.9000000000000057
2223|2023-01-21|southampton|aston-villa,2223,2023-01-21,Southampton,Aston Villa,0,1.0,2.0,10.6,3.0,0.6,0.4,399,199,1.6,1.2,11.4,10.0,2.0,1.4,361,180,-0.6000000000000001,-0.8,-0.8000000000000007,-7.0,-0.9999999999999999,38,47.7,46.4,1.3000000000000043
2223|2023-01-21|west-ham-united|everton,2223,2023-01-21,West Ham United,Everton,2,0.6,2.0,15.4,1.0,0.2,1.2,437,218,0.8,2.4,10.2,1.0,0.2,0.4,475,237,-0.20000000000000007,0.3999999999999999,5.200000000000001,0.0,0.7999999999999999,-38,47.7,39.8,7.900000000000006
2223|2023-01-22|arsenal|manchester-united,2223,2023-01-22,Arsenal,Manchester United,2,2.2,0.6,15.0,13.0,2.6,2.6,474,236,2.0,0.4,14.8,13.0,2.6,1.6,475,238,0.20000000000000018,-0.19999999999999996,0.1999999999999993,0.0,1.0,-1,53.0,52.7,0.29999999999999716
2223|2023-01-22|leeds-united|brentford,2223,2023-01-22,Leeds United,Brentford,1,1.4,2.2,11.8,2.0,0.4,0.8,94,47,2.2,0.8,10.0,13.0,2.6,1.4,57,28,-0.8000000000000003,-1.4000000000000001,1.8000000000000007,-11.0,-0.5999999999999999,37,52.5,44.5,8.0
2223|2023-01-22|manchester-city|wolverhampton-wanderers,2223,2023-01-22,Manchester City,Wolverhampton Wanderers,2,2.0,1.2,15.0,10.0,2.0,2.0,475,238,0.8,1.0,11.0,7.0,1.4,1.0,247,123,1.2,-0.19999999999999996,4.0,3.0,1.0,228,68.2,49.5,18.700000000000003
2223|2023-01-23|fulham|tottenham-hotspur,2223,2023-01-23,Fulham,Tottenham Hotspur,0,1.6,0.6,11.0,12.0,2.4,2.0,248,124,1.6,2.0,12.4,4.0,0.8,1.4,476,238,0.0,1.4,-1.4000000000000004,8.0,0.6000000000000001,-228,,51.8,
2223|2023-02-03|chelsea|fulham,2223,2023-02-03,Chelsea,Fulham,1,0.6,0.8,12.2,5.0,1.0,1.4,476,237,1.0,0.8,8.4,9.0,1.8,1.8,249,124,-0.4,0.0,3.799999999999999,-4.0,-0.40000000000000013,227,62.3,,
2223|2023-02-04|aston-villa|leicester-city,2223,2023-02-04,Aston Villa,Leicester City,0,1.4,1.0,13.0,10.0,2.0,2.0,362,181,0.6,2.0,9.0,1.0,0.2,1.8,324,162,0.7999999999999999,1.0,4.0,9.0,0.19999999999999996,38,46.4,52.2,-5.800000000000004
2223|2023-02-04|brentford|southampton,2223,2023-02-04,Brentford,Southampton,2,1.8,0.6,9.2,11.0,2.2,1.8,58,29,0.8,1.6,10.4,3.0,0.6,1.2,400,200,1.0,1.0,-1.200000000000001,8.0,0.6000000000000001,-342,44.5,47.7,-3.200000000000003
2223|2023-02-04|brighton-and-hove-albion|afc-bournemouth,2223,2023-02-04,Brighton & Hove Albion,AFC Bournemouth,2,2.8,1.6,12.8,10.0,2.0,1.4,209,104,0.2,2.0,9.0,1.0,0.2,0.0,210,105,2.5999999999999996,0.3999999999999999,3.8000000000000007,9.0,1.4,-1,54.6,,
2223|2023-02-04|everton|arsenal,2223,2023-02-04,Everton,Arsenal,2,0.8,2.2,8.2,1.0,0.2,0.6,476,238,2.4,1.0,17.2,13.0,2.6,2.6,475,238,-1.5999999999999999,-1.2000000000000002,-9.0,-12.0,-2.0,1,39.8,53.0,-13.200000000000003
2223|2023-02-04|manchester-united|crystal-palace,2223,2023-02-04,Manchester United,Crystal Palace,2,1.8,1.0,12.6,10.0,2.0,3.0,476,237,0.6,1.2,12.0,5.0,1.0,1.2,362,180,1.2000000000000002,0.19999999999999996,0.5999999999999996,5.0,1.8,114,52.7,51.2,1.5
2223|2023-02-04|newcastle-united|west-ham-united,2223,2023-02-04,Newcastle United,West Ham United,1,0.8,0.0,14.4,9.0,1.8,2.6,438,219,1.0,1.6,14.0,4.0,0.8,0.2,438,219,-0.19999999999999996,1.6,0.40000000000000036,5.0,2.4,0,40.0,47.7,-7.700000000000003
2223|2023-02-04|wolverhampton-wanderers|liverpool,2223,2023-02-04,Wolverhampton Wanderers,Liverpool,2,0.8,1.2,10.8,7.0,1.4,0.6,248,124,1.2,1.6,14.8,7.0,1.4,1.2,475,237,-0.3999999999999999,0.40000000000000013,-4.0,0.0,-0.6,-227,49.5,63.2,-13.700000000000003
2223|2023-02-05|nottingham-forest|leeds-united,2223,2023-02-05,Nottingham Forest,Leeds United,2,1.0,1.0,13.2,8.0,1.6,2.2,20,10,0.8,1.4,11.2,3.0,0.6,0.8,95,47,0.19999999999999996,0.3999999999999999,2.0,5.0,1.4000000000000001,-75,,52.5,
2223|2023-02-05|tottenham-hotspur|manchester-city,2223,2023-02-05,Tottenham Hotspur,Manchester City,2,1.4,1.6,11.2,6.0,1.2,0.6,477,238,2.0,1.0,12.4,10.0,2.0,1.8,476,237,-0.6000000000000001,-0.6000000000000001,-1.200000000000001,-4.0,-1.2000000000000002,1,51.8,68.2,-16.400000000000006
2223|2023-02-08|manchester-united|leeds-united,2223,2023-02-08,Manchester United,Leeds United,1,2.0,1.2,12.2,10.0,2.0,3.0,477,238,0.6,1.0,11.4,3.0,0.6,0.8,96,48,1.4,-0.19999999999999996,0.7999999999999989,7.0,2.2,381,52.7,52.5,0.20000000000000284
2223|2023-02-11|afc-bournemouth|newcastle-united,2223,2023-02-11,AFC Bournemouth,Newcastle United,1,0.2,1.8,9.6,1.0,0.2,0.8,211,105,0.4,0.2,13.6,7.0,1.4,2.2,439,219,-0.2,-1.6,-4.0,-6.0,-1.4000000000000001,-228,,40.0,
2223|2023-02-11|arsenal|brentford,2223,2023-02-11,Arsenal,Brentford,1,1.8,1.0,17.0,10.0,2.0,2.6,476,237,2.0,0.2,10.2,13.0,2.6,1.6,59,29,-0.19999999999999996,-0.8,6.800000000000001,-3.0,1.0,417,53.0,44.5,8.5
2223|2023-02-11|crystal-palace|brighton-and-hove-albion,2223,2023-02-11,Crystal Palace,Brighton & Hove Albion,1,0.4,1.6,11.0,2.0,0.4,1.0,363,182,2.4,1.4,15.4,10.0,2.0,2.0,210,105,-2.0,-0.20000000000000018,-4.4,-8.0,-1.0,153,51.2,54.6,-3.3999999999999986
2223|2023-02-11|fulham|nottingham-forest,2223,2023-02-11,Fulham,Nottingham Forest,2,0.6,0.6,8.8,7.0,1.4,1.4,250,125,1.2,0.4,12.8,11.0,2.2,1.0,21,10,-0.6,-0.19999999999999996,-4.0,-4.0,0.3999999999999999,229,,,
2223|2023-02-11|leicester-city|tottenham-hotspur,2223,2023-02-11,Leicester City,Tottenham Hotspur,2,1.4,1.8,9.2,4.0,0.8,0.8,325,162,1.6,1.2,12.4,9.0,1.8,2.0,478,239,-0.20000000000000018,-0.6000000000000001,-3.200000000000001,-5.0,-1.2,-153,52.2,51.8,0.4000000000000057
2223|2023-02-11|southampton|wolverhampton-wanderers,2223,2023-02-11,Southampton,Wolverhampton Wanderers,0,0.6,1.6,10.4,3.0,0.6,0.2,401,200,1.0,1.0,11.8,7.0,1.4,1.0,249,124,-0.4,-0.6000000000000001,-1.4000000000000004,-4.0,-0.8,152,47.7,49.5,-1.7999999999999972
2223|2023-02-11|west-ham-united|chelsea,2223,2023-02-11,West Ham United,Chelsea,1,1.0,1.2,14.4,5.0,1.0,1.2,439,219,0.4,0.6,13.2,5.0,1.0,0.4,477,239,0.6,-0.6,1.200000000000001,0.0,0.7999999999999999,-38,47.7,62.3,-14.599999999999994
2223|2023-02-12|leeds-united|manchester-united,2223,2023-02-12,Leeds United,Manchester United,0,1.0,1.4,11.4,3.0,0.6,1.0,97,48,1.8,1.6,13.4,8.0,1.6,1.4,478,239,-0.8,0.20000000000000018,-2.0,-5.0,-0.3999999999999999,-381,52.5,52.7,-0.20000000000000284
2223|2023-02-12|manchester-city|aston-villa,2223,2023-02-12,Manchester City,Aston Villa,2,1.8,1.0,12.2,9.0,1.8,2.0,477,239,1.6,1.2,14.4,10.0,2.0,1.8,363,181,0.19999999999999996,0.19999999999999996,-2.200000000000001,-1.0,0.19999999999999996,114,68.2,46.4,21.800000000000004
2223|2023-02-13|liverpool|everton,2223,2023-02-13,Liverpool,Everton,2,0.6,2.0,16.0,4.0,0.8,2.0,476,238,0.8,1.8,8.2,4.0,0.8,0.4,477,238,-0.20000000000000007,-0.19999999999999996,7.800000000000001,0.0,1.6,-1,63.2,39.8,23.400000000000006
2223|2023-02-15|arsenal|manchester-city,2223,2023-02-15,Arsenal,Manchester City,0,1.2,0.8,18.8,8.0,1.6,2.2,477,238,2.2,1.2,13.2,9.0,1.8,1.8,478,238,-1.0000000000000002,0.3999999999999999,5.600000000000001,-1.0,0.40000000000000013,-1,53.0,68.2,-15.200000000000003
2223|2023-02-18|aston-villa|arsenal,2223,2023-02-18,Aston Villa,Arsenal,0,1.4,1.8,13.0,7.0,1.4,1.4,364,182,1.4,1.4,17.4,7.0,1.4,2.4,478,239,0.0,-0.40000000000000013,-4.399999999999999,0.0,-1.0,-114,46.4,53.0,-6.600000000000001
2223|2023-02-18|brentford|crystal-palace,2223,2023-02-18,Brentford,Crystal Palace,1,1.8,0.4,10.2,11.0,2.2,2.2,60,30,0.6,1.0,8.4,3.0,0.6,1.2,364,181,1.2000000000000002,0.6,1.799999999999999,8.0,1.0000000000000002,-304,44.5,51.2,-6.700000000000003
2223|2023-02-18|brighton-and-hove-albion|fulham,2223,2023-02-18,Brighton & Hove Albion,Fulham,0,2.2,0.8,17.0,11.0,2.2,1.8,211,105,0.8,0.6,9.8,7.0,1.4,1.4,251,125,1.4000000000000001,-0.20000000000000007,7.199999999999999,4.0,0.40000000000000013,-40,54.6,,
2223|2023-02-18|chelsea|southampton,2223,2023-02-18,Chelsea,Southampton,0,0.6,0.6,14.0,6.0,1.2,1.4,478,238,0.6,1.6,12.0,3.0,0.6,0.6,402,201,0.0,1.0,2.0,3.0,0.7999999999999999,76,62.3,47.7,14.599999999999994
2223|2023-02-18|everton|leeds-united,2223,2023-02-18,Everton,Leeds United,2,0.6,2.0,9.0,3.0,0.6,0.6,478,239,0.6,1.4,11.8,2.0,0.4,0.4,98,49,0.0,-0.6000000000000001,-2.8000000000000007,1.0,0.19999999999999996,380,39.8,52.5,-12.700000000000003
2223|2023-02-18|newcastle-united|liverpool,2223,2023-02-18,Newcastle United,Liverpool,0,0.6,0.4,13.4,7.0,1.4,2.2,440,220,0.6,1.8,14.8,4.0,0.8,1.2,477,238,0.0,1.4,-1.4000000000000004,3.0,1.0000000000000002,-37,40.0,63.2,-23.200000000000003
2223|2023-02-18|nottingham-forest|manchester-city,2223,2023-02-18,Nottingham Forest,Manchester City,1,1.0,0.6,12.4,10.0,2.0,2.2,22,11,2.6,1.0,14.0,12.0,2.4,1.8,479,239,-1.6,0.4,-1.5999999999999996,-2.0,0.40000000000000013,-457,,68.2,
2223|2023-02-18|wolverhampton-wanderers|afc-bournemouth,2223,2023-02-18,Wolverhampton Wanderers,AFC Bournemouth,0,1.4,1.0,12.0,10.0,2.0,1.2,250,125,0.4,1.6,10.6,2.0,0.4,0.0,212,106,0.9999999999999999,0.6000000000000001,1.4000000000000004,8.0,1.2,38,49.5,,
2223|2023-02-19|manchester-united|leicester-city,2223,2023-02-19,Manchester United,Leicester City,2,1.8,1.4,14.0,8.0,1.6,2.6,479,239,2.0,1.6,10.8,7.0,1.4,1.8,326,163,-0.19999999999999996,0.20000000000000018,3.1999999999999993,1.0,0.8,153,52.7,52.2,0.5
2223|2023-02-19|tottenham-hotspur|west-ham-united,2223,2023-02-19,Tottenham Hotspur,West Ham United,2,1.0,2.0,11.8,6.0,1.2,1.2,479,239,1.2,1.0,12.4,6.0,1.2,0.4,440,220,-0.19999999999999996,-1.0,-0.5999999999999996,0.0,0.7999999999999999,39,51.8,47.7,4.099999999999994
2223|2023-02-24|fulham|wolverhampton-wanderers,2223,2023-02-24,Fulham,Wolverhampton Wanderers,1,0.6,0.4,9.2,7.0,1.4,1.8,252,126,1.2,1.0,13.0,9.0,1.8,1.6,251,125,-0.6,0.6,-3.8000000000000007,-2.0,0.19999999999999996,1,,49.5,
2223|2023-02-25|afc-bournemouth|manchester-city,2223,2023-02-25,AFC Bournemouth,Manchester City,0,0.6,1.0,10.2,5.0,1.0,1.0,213,106,2.0,0.8,16.0,10.0,2.0,1.4,480,240,-1.4,-0.19999999999999996,-5.800000000000001,-5.0,-0.3999999999999999,-267,,68.2,
2223|2023-02-25|crystal-palace|liverpool,2223,2023-02-25,Crystal Palace,Liverpool,1,0.8,1.0,8.4,4.0,0.8,0.6,365,183,0.8,1.2,14.2,7.0,1.4,1.2,478,239,0.0,0.19999999999999996,-5.799999999999999,-3.0,-0.6,-113,51.2,63.2,-12.0
2223|2023-02-25|everton|aston-villa,2223,2023-02-25,Everton,Aston Villa,0,0.6,1.2,10.0,6.0,1.2,1.2,479,240,1.6,2.4,11.8,6.0,1.2,1.8,365,182,-1.0,1.2,-1.8000000000000007,0.0,-0.6000000000000001,114,39.8,46.4,-6.600000000000001
2223|2023-02-25|leeds-united|southampton,2223,2023-02-25,Leeds United,Southampton,2,0.4,1.2,10.2,2.0,0.4,1.0,99,49,0.8,1.4,12.0,6.0,1.2,1.2,403,202,-0.4,0.19999999999999996,-1.8000000000000007,-4.0,-0.19999999999999996,-304,52.5,47.7,4.799999999999997
2223|2023-02-25|leicester-city|arsenal,2223,2023-02-25,Leicester City,Arsenal,0,2.0,2.0,11.6,7.0,1.4,0.8,327,163,1.8,1.8,18.6,7.0,1.4,2.4,479,240,0.19999999999999996,-0.19999999999999996,-7.000000000000002,0.0,-1.5999999999999999,-152,52.2,53.0,-0.7999999999999972
2223|2023-02-25|west-ham-united|nottingham-forest,2223,2023-02-25,West Ham United,Nottingham Forest,2,0.8,1.0,10.6,5.0,1.0,0.8,441,220,1.0,0.8,11.0,8.0,1.6,0.8,23,11,-0.19999999999999996,-0.19999999999999996,-0.40000000000000036,-3.0,0.0,418,47.7,,
2223|2023-02-26|tottenham-hotspur|chelsea,2223,2023-02-26,Tottenham Hotspur,Chelsea,2,1.4,1.6,11.6,9.0,1.8,1.8,480,240,0.4,0.4,13.4,6.0,1.2,0.6,479,240,0.9999999999999999,-1.2000000000000002,-1.8000000000000007,3.0,1.2000000000000002,1,51.8,62.3,-10.5
2223|2023-03-01|arsenal|everton,2223,2023-03-01,Arsenal,Everton,2,1.4,1.4,15.6,7.0,1.4,1.6,480,239,0.4,1.2,10.6,6.0,1.2,0.4,480,239,0.9999999999999999,-0.19999999999999996,5.0,1.0,1.2000000000000002,0,53.0,39.8,13.200000000000003
2223|2023-03-01|liverpool|wolverhampton-wanderers,2223,2023-03-01,Liverpool,Wolverhampton Wanderers,2,0.8,0.6,15.4,8.0,1.6,2.0,479,239,1.2,1.2,11.2,7.0,1.4,1.6,252,126,-0.3999999999999999,0.6,4.200000000000001,1.0,0.3999999999999999,227,63.2,49.5,13.700000000000003
2223|2023-03-04|arsenal|afc-bournemouth,2223,2023-03-04,Arsenal,AFC Bournemouth,2,2.2,1.2,15.6,10.0,2.0,1.6,481,240,0.8,1.4,11.4,5.0,1.0,0.6,214,107,1.4000000000000001,0.19999999999999996,4.199999999999999,5.0,1.0,267,53.0,,
2223|2023-03-04|aston-villa|crystal-palace,2223,2023-03-04,Aston Villa,Crystal Palace,2,1.6,2.2,11.4,6.0,1.2,0.8,366,183,0.6,0.8,7.6,4.0,0.8,0.8,366,182,1.0,-1.4000000000000001,3.8000000000000007,2.0,0.0,0,46.4,51.2,-4.800000000000004
2223|2023-03-04|brighton-and-hove-albion|west-ham-united,2223,2023-03-04,Brighton & Hove Albion,West Ham United,2,1.4,0.8,17.4,8.0,1.6,1.2,212,106,1.6,0.8,11.0,8.0,1.6,0.4,442,221,-0.20000000000000018,0.0,6.399999999999999,0.0,0.7999999999999999,-230,54.6,47.7,6.899999999999999
2223|2023-03-04|chelsea|leeds-united,2223,2023-03-04,Chelsea,Leeds United,2,0.2,0.8,12.4,3.0,0.6,1.4,480,239,0.6,1.2,11.2,4.0,0.8,0.4,100,50,-0.39999999999999997,0.3999999999999999,1.200000000000001,-1.0,0.9999999999999999,380,62.3,52.5,9.799999999999997
2223|2023-03-04|manchester-city|newcastle-united,2223,2023-03-04,Manchester City,Newcastle United,2,2.2,1.0,17.4,10.0,2.0,2.0,481,240,0.6,0.8,14.6,6.0,1.2,1.8,441,220,1.6,-0.19999999999999996,2.799999999999999,4.0,0.19999999999999996,40,68.2,40.0,28.200000000000003
2223|2023-03-04|southampton|leicester-city,2223,2023-03-04,Southampton,Leicester City,2,0.4,1.4,11.0,3.0,0.6,0.0,404,201,2.0,1.8,10.6,7.0,1.4,1.2,328,164,-1.6,0.40000000000000013,0.40000000000000036,-4.0,-1.2,76,47.7,52.2,-4.5
2223|2023-03-04|wolverhampton-wanderers|tottenham-hotspur,2223,2023-03-04,Wolverhampton Wanderers,Tottenham Hotspur,2,1.2,1.0,10.0,7.0,1.4,1.2,253,126,1.4,0.8,11.4,12.0,2.4,1.4,481,240,-0.19999999999999996,-0.19999999999999996,-1.4000000000000004,-5.0,-0.19999999999999996,-228,49.5,51.8,-2.299999999999997
2223|2023-03-05|liverpool|manchester-united,2223,2023-03-05,Liverpool,Manchester United,2,1.2,0.6,15.4,10.0,2.0,2.6,480,240,2.2,1.2,16.2,10.0,2.0,2.0,480,240,-1.0000000000000002,0.6,-0.7999999999999989,0.0,0.6000000000000001,0,63.2,52.7,10.5
2223|2023-03-05|nottingham-forest|everton,2223,2023-03-05,Nottingham Forest,Everton,1,0.6,1.6,9.6,5.0,1.0,2.2,24,12,0.4,1.6,11.2,6.0,1.2,0.2,481,240,0.19999999999999996,0.0,-1.5999999999999996,-1.0,2.0,-457,,39.8,
2223|2023-03-06|brentford|fulham,2223,2023-03-06,Brentford,Fulham,2,1.4,0.4,10.6,9.0,1.8,2.2,61,31,0.8,0.4,10.2,8.0,1.6,2.0,253,126,0.5999999999999999,0.0,0.40000000000000036,1.0,0.20000000000000018,-192,44.5,,
2223|2023-03-11|afc-bournemouth|liverpool,2223,2023-03-11,AFC Bournemouth,Liverpool,2,1.0,1.8,9.0,4.0,0.8,1.0,215,107,2.6,0.0,14.6,13.0,2.6,0.8,481,240,-1.6,-1.8,-5.6,-9.0,0.19999999999999996,-266,,63.2,
2223|2023-03-11|crystal-palace|manchester-city,2223,2023-03-11,Crystal Palace,Manchester City,0,0.6,1.0,7.0,3.0,0.6,0.8,367,184,2.6,0.8,16.6,13.0,2.6,1.4,482,241,-2.0,-0.19999999999999996,-9.600000000000001,-10.0,-0.5999999999999999,-115,51.2,68.2,-17.0
2223|2023-03-11|everton|brentford,2223,2023-03-11,Everton,Brentford,2,0.6,2.0,10.8,4.0,0.8,1.2,482,241,1.6,0.8,11.0,9.0,1.8,1.8,62,30,-1.0,-1.2,-0.1999999999999993,-5.0,-0.6000000000000001,420,39.8,44.5,-4.700000000000003
2223|2023-03-11|leeds-united|brighton-and-hove-albion,2223,2023-03-11,Leeds United,Brighton & Hove Albion,1,0.6,1.2,11.4,4.0,0.8,1.0,101,50,1.6,0.8,18.2,8.0,1.6,2.2,213,106,-1.0,-0.3999999999999999,-6.799999999999999,-4.0,-1.2000000000000002,-112,52.5,54.6,-2.1000000000000014
2223|2023-03-11|leicester-city|chelsea,2223,2023-03-11,Leicester City,Chelsea,0,1.6,1.6,11.0,6.0,1.2,0.8,329,164,0.4,0.8,12.8,5.0,1.0,0.6,481,241,1.2000000000000002,-0.8,-1.8000000000000007,1.0,0.20000000000000007,-152,52.2,62.3,-10.099999999999994
2223|2023-03-11|tottenham-hotspur|nottingham-forest,2223,2023-03-11,Tottenham Hotspur,Nottingham Forest,2,1.2,1.0,13.6,9.0,1.8,1.8,482,241,0.8,1.8,7.6,5.0,1.0,0.8,25,12,0.3999999999999999,0.8,6.0,4.0,1.0,457,51.8,,
2223|2023-03-12|fulham|arsenal,2223,2023-03-12,Fulham,Arsenal,0,1.2,0.8,10.0,8.0,1.6,2.0,254,127,2.6,1.4,17.2,12.0,2.4,2.4,482,241,-1.4000000000000001,0.5999999999999999,-7.199999999999999,-4.0,-0.3999999999999999,-228,,53.0,
2223|2023-03-12|manchester-united|southampton,2223,2023-03-12,Manchester United,Southampton,1,1.8,2.0,16.6,10.0,2.0,2.6,481,240,0.6,1.2,11.6,6.0,1.2,1.2,405,203,1.2000000000000002,-0.8,5.000000000000002,4.0,1.4000000000000001,76,52.7,47.7,5.0
2223|2023-03-12|newcastle-united|wolverhampton-wanderers,2223,2023-03-12,Newcastle United,Wolverhampton Wanderers,2,0.4,1.2,11.6,3.0,0.6,1.6,442,221,0.8,1.0,9.2,7.0,1.4,1.0,254,127,-0.4,-0.19999999999999996,2.4000000000000004,-4.0,0.6000000000000001,188,40.0,49.5,-9.5
2223|2023-03-12|west-ham-united|aston-villa,2223,2023-03-12,West Ham United,Aston Villa,1,1.2,1.6,9.4,5.0,1.0,1.4,443,221,1.6,2.2,9.8,6.0,1.2,2.4,367,183,-0.40000000000000013,0.6000000000000001,-0.40000000000000036,-1.0,-1.0,76,47.7,46.4,1.3000000000000043
2223|2023-03-15|brighton-and-hove-albion|crystal-palace,2223,2023-03-15,Brighton & Hove Albion,Crystal Palace,2,1.6,0.8,18.4,8.0,1.6,1.8,214,107,0.4,0.8,5.8,3.0,0.6,0.8,368,183,1.2000000000000002,0.0,12.599999999999998,5.0,1.0,-154,54.6,51.2,3.3999999999999986
2223|2023-03-15|southampton|brentford,2223,2023-03-15,Southampton,Brentford,0,0.6,0.6,12.2,7.0,1.4,0.6,406,202,1.6,1.0,12.2,8.0,1.6,1.6,63,31,-1.0,0.4,0.0,-1.0,-1.0,343,47.7,44.5,3.200000000000003
2223|2023-03-17|nottingham-forest|newcastle-united,2223,2023-03-17,Nottingham Forest,Newcastle United,0,0.8,2.4,8.2,2.0,0.4,1.8,26,13,0.8,1.4,12.2,5.0,1.0,1.2,443,221,0.0,-1.0,-4.0,-3.0,0.6000000000000001,-417,,40.0,
2223|2023-03-18|aston-villa|afc-bournemouth,2223,2023-03-18,Aston Villa,AFC Bournemouth,2,1.4,1.6,8.4,7.0,1.4,1.4,368,184,1.2,1.6,7.6,7.0,1.4,0.6,216,108,0.19999999999999996,0.0,0.8000000000000007,0.0,0.7999999999999999,152,46.4,,
2223|2023-03-18|brentford|leicester-city,2223,2023-03-18,Brentford,Leicester City,1,1.4,1.0,11.6,8.0,1.6,2.6,64,32,1.0,1.8,12.6,3.0,0.6,0.6,330,165,0.3999999999999999,0.8,-1.0,5.0,2.0,-266,44.5,52.2,-7.700000000000003
2223|2023-03-18|chelsea|everton,2223,2023-03-18,Chelsea,Everton,1,1.0,1.0,12.8,7.0,1.4,1.4,482,240,0.8,1.6,12.2,7.0,1.4,0.4,483,241,0.19999999999999996,0.6000000000000001,0.6000000000000014,0.0,0.9999999999999999,-1,62.3,39.8,22.5
2223|2023-03-18|southampton|tottenham-hotspur,2223,2023-03-18,Southampton,Tottenham Hotspur,1,0.4,0.6,10.2,7.0,1.4,0.6,407,203,1.6,1.2,14.2,9.0,1.8,1.2,483,241,-1.2000000000000002,0.6,-4.0,-2.0,-0.6,-76,47.7,51.8,-4.099999999999994
2223|2023-03-18|wolverhampton-wanderers|leeds-united,2223,2023-03-18,Wolverhampton Wanderers,Leeds United,0,0.6,1.2,8.4,4.0,0.8,1.8,255,127,0.6,1.2,12.2,4.0,0.8,0.2,102,51,0.0,0.0,-3.799999999999999,0.0,1.6,153,49.5,52.5,-3.0
2223|2023-03-19|arsenal|crystal-palace,2223,2023-03-19,Arsenal,Crystal Palace,2,3.0,0.8,18.2,15.0,3.0,2.0,483,241,0.2,0.8,6.8,2.0,0.4,0.2,369,184,2.8,0.0,11.399999999999999,13.0,1.8,114,53.0,51.2,1.7999999999999972
2223|2023-04-01|afc-bournemouth|fulham,2223,2023-04-01,AFC Bournemouth,Fulham,2,1.0,2.0,7.4,6.0,1.2,1.0,217,108,1.2,1.4,10.4,7.0,1.4,1.4,255,127,-0.19999999999999996,-0.6000000000000001,-3.0,-1.0,-0.3999999999999999,-38,,,
2223|2023-04-01|arsenal|leeds-united,2223,2023-04-01,Arsenal,Leeds United,2,3.0,0.6,17.2,15.0,3.0,2.0,484,242,1.4,1.2,11.2,7.0,1.4,0.8,103,52,1.6,0.6,6.0,8.0,1.2,381,53.0,52.5,0.5
2223|2023-04-01|brighton-and-hove-albion|brentford,2223,2023-04-01,Brighton & Hove Albion,Brentford,1,1.6,0.8,16.6,8.0,1.6,2.4,215,108,1.4,1.0,12.0,8.0,1.6,1.6,65,32,0.20000000000000018,0.19999999999999996,4.600000000000001,0.0,0.7999999999999998,150,54.6,44.5,10.100000000000001
2223|2023-04-01|chelsea|aston-villa,2223,2023-04-01,Chelsea,Aston Villa,0,1.2,1.2,14.4,7.0,1.4,1.6,483,241,1.8,1.0,11.2,10.0,2.0,2.0,369,184,-0.6000000000000001,-0.19999999999999996,3.200000000000001,-3.0,-0.3999999999999999,114,62.3,46.4,15.899999999999999
2223|2023-04-01|crystal-palace|leicester-city,2223,2023-04-01,Crystal Palace,Leicester City,2,0.2,1.4,6.4,1.0,0.2,0.8,370,185,0.4,1.8,12.4,1.0,0.2,0.8,331,166,-0.2,0.40000000000000013,-6.0,0.0,0.0,39,51.2,52.2,-1.0
2223|2023-04-01|manchester-city|liverpool,2223,2023-04-01,Manchester City,Liverpool,2,2.2,0.6,16.0,13.0,2.6,2.6,483,241,2.2,0.2,14.6,10.0,2.0,0.8,482,241,0.0,-0.39999999999999997,1.4000000000000004,3.0,1.8,1,68.2,63.2,5.0
2223|2023-04-01|nottingham-forest|wolverhampton-wanderers,2223,2023-04-01,Nottingham Forest,Wolverhampton Wanderers,1,1.0,2.4,7.2,2.0,0.4,1.6,27,14,1.0,1.8,10.0,4.0,0.8,0.8,256,128,0.0,-0.5999999999999999,-2.8,-2.0,0.8,-229,,49.5,
2223|2023-04-02|newcastle-united|manchester-united,2223,2023-04-02,Newcastle United,Manchester United,2,1.0,1.4,13.6,7.0,1.4,1.6,444,222,1.4,1.8,15.8,8.0,1.6,1.4,482,241,-0.3999999999999999,0.40000000000000013,-2.200000000000001,-1.0,0.20000000000000018,-38,40.0,52.7,-12.700000000000003
2223|2023-04-02|west-ham-united|southampton,2223,2023-04-02,West Ham United,Southampton,2,1.2,1.6,10.8,5.0,1.0,1.6,444,222,0.8,1.2,12.4,5.0,1.0,1.4,408,204,0.3999999999999999,-0.40000000000000013,-1.5999999999999996,0.0,0.20000000000000018,36,47.7,47.7,0.0
2223|2023-04-03|everton|tottenham-hotspur,2223,2023-04-03,Everton,Tottenham Hotspur,1,1.0,2.0,11.6,5.0,1.0,1.8,484,242,2.0,1.0,15.4,10.0,2.0,0.8,484,242,-1.0,-1.0,-3.8000000000000007,-5.0,1.0,0,39.8,51.8,-12.0
2223|2023-04-04|afc-bournemouth|brighton-and-hove-albion,2223,2023-04-04,AFC Bournemouth,Brighton & Hove Albion,0,1.2,2.2,8.8,6.0,1.2,1.6,218,109,2.0,1.2,19.8,8.0,1.6,1.8,216,107,-0.8,-1.0000000000000002,-11.0,-2.0,-0.19999999999999996,2,,54.6,
2223|2023-04-04|chelsea|liverpool,2223,2023-04-04,Chelsea,Liverpool,1,1.2,1.4,16.4,7.0,1.4,1.0,484,242,2.0,1.0,12.8,7.0,1.4,0.8,483,242,-0.8,-0.3999999999999999,3.599999999999998,0.0,0.19999999999999996,1,62.3,63.2,-0.9000000000000057
2223|2023-04-04|leeds-united|nottingham-forest,2223,2023-04-04,Leeds United,Nottingham Forest,2,1.6,1.8,11.0,7.0,1.4,1.2,104,51,1.0,2.4,9.8,2.0,0.4,0.8,28,13,0.6000000000000001,0.5999999999999999,1.1999999999999993,5.0,0.3999999999999999,76,52.5,,
2223|2023-04-04|leicester-city|aston-villa,2223,2023-04-04,Leicester City,Aston Villa,0,0.6,1.6,9.2,1.0,0.2,0.8,332,165,1.8,0.2,10.8,13.0,2.6,2.0,370,185,-1.2000000000000002,-1.4000000000000001,-1.6000000000000014,-12.0,-1.2,-38,52.2,46.4,5.800000000000004
2223|2023-04-05|manchester-united|brentford,2223,2023-04-05,Manchester United,Brentford,2,1.0,1.8,12.2,7.0,1.4,2.2,483,241,1.8,1.4,11.0,8.0,1.6,1.2,66,33,-0.8,-0.40000000000000013,1.1999999999999993,-1.0,1.0000000000000002,417,52.7,44.5,8.200000000000003
2223|2023-04-05|west-ham-united|newcastle-united,2223,2023-04-05,West Ham United,Newcastle United,0,1.2,1.4,11.2,7.0,1.4,2.2,445,223,1.2,1.2,15.0,9.0,1.8,1.2,445,222,0.0,-0.19999999999999996,-3.8000000000000007,-2.0,1.0000000000000002,0,47.7,40.0,7.700000000000003
2223|2023-04-08|aston-villa|nottingham-forest,2223,2023-04-08,Aston Villa,Nottingham Forest,2,1.8,0.4,12.0,13.0,2.6,1.8,371,185,1.2,2.0,10.8,2.0,0.4,0.2,29,14,0.6000000000000001,1.6,1.1999999999999993,11.0,1.6,342,46.4,,
2223|2023-04-08|brentford|newcastle-united,2223,2023-04-08,Brentford,Newcastle United,0,1.2,1.2,9.4,5.0,1.0,2.2,67,33,2.2,1.0,15.2,12.0,2.4,1.6,446,223,-1.0000000000000002,-0.19999999999999996,-5.799999999999999,-7.0,0.6000000000000001,-379,44.5,40.0,4.5
2223|2023-04-08|fulham|west-ham-united,2223,2023-04-08,Fulham,West Ham United,0,1.0,1.8,9.2,4.0,0.8,1.4,256,128,1.4,2.0,11.4,7.0,1.4,0.4,446,222,-0.3999999999999999,0.19999999999999996,-2.200000000000001,-3.0,0.9999999999999999,-190,,47.7,
2223|2023-04-08|leicester-city|afc-bournemouth,2223,2023-04-08,Leicester City,AFC Bournemouth,0,0.8,1.8,10.8,1.0,0.2,0.8,333,166,1.0,1.8,9.0,6.0,1.2,0.6,219,109,-0.19999999999999996,0.0,1.8000000000000007,-5.0,0.20000000000000007,114,52.2,,
2223|2023-04-08|manchester-united|everton,2223,2023-04-08,Manchester United,Everton,2,0.8,1.8,13.6,7.0,1.4,2.2,484,242,1.2,1.8,11.6,6.0,1.2,0.4,485,242,-0.3999999999999999,0.0,2.0,1.0,1.8000000000000003,-1,52.7,39.8,12.900000000000006
2223|2023-04-08|southampton|manchester-city,2223,2023-04-08,Southampton,Manchester City,0,0.8,1.2,12.6,5.0,1.0,0.8,409,204,2.4,0.6,17.6,13.0,2.6,2.0,484,242,-1.5999999999999999,-0.6,-5.000000000000002,-8.0,-1.2,-75,47.7,68.2,-20.5
2223|2023-04-08|tottenham-hotspur|brighton-and-hove-albion,2223,2023-04-08,Tottenham Hotspur,Brighton & Hove Albion,2,1.8,1.2,13.8,8.0,1.6,2.4,485,242,2.4,1.0,18.8,11.0,2.2,1.8,217,108,-0.5999999999999999,-0.19999999999999996,-5.0,-3.0,0.5999999999999999,268,51.8,54.6,-2.8000000000000043
2223|2023-04-08|wolverhampton-wanderers|chelsea,2223,2023-04-08,Wolverhampton Wanderers,Chelsea,2,1.0,1.8,10.0,4.0,0.8,1.8,257,128,1.2,1.0,16.8,8.0,1.6,1.0,485,242,-0.19999999999999996,-0.8,-6.800000000000001,-4.0,0.8,-228,49.5,62.3,-12.799999999999997
2223|2023-04-09|leeds-united|crystal-palace,2223,2023-04-09,Leeds United,Crystal Palace,0,1.8,2.0,12.4,7.0,1.4,1.6,105,52,0.6,1.6,11.4,3.0,0.6,0.2,371,185,1.2000000000000002,-0.3999999999999999,1.0,4.0,1.4000000000000001,-266,52.5,51.2,1.2999999999999972
2223|2023-04-09|liverpool|arsenal,2223,2023-04-09,Liverpool,Arsenal,1,2.0,1.0,11.8,7.0,1.4,2.6,484,241,3.6,0.8,17.8,15.0,3.0,2.4,485,242,-1.6,-0.19999999999999996,-6.0,-8.0,0.20000000000000018,-1,63.2,53.0,10.200000000000003
2223|2023-04-15|aston-villa|newcastle-united,2223,2023-04-15,Aston Villa,Newcastle United,2,2.0,0.4,12.0,13.0,2.6,1.8,372,186,2.6,0.8,16.2,15.0,3.0,2.0,447,224,-0.6000000000000001,0.4,-4.199999999999999,-2.0,-0.19999999999999996,-75,46.4,40.0,6.399999999999999
2223|2023-04-15|chelsea|brighton-and-hove-albion,2223,2023-04-15,Chelsea,Brighton & Hove Albion,0,1.0,1.2,16.8,5.0,1.0,1.0,486,243,1.8,1.4,18.2,8.0,1.6,1.2,218,109,-0.8,0.19999999999999996,-1.3999999999999986,-3.0,-0.19999999999999996,268,62.3,54.6,7.699999999999996
2223|2023-04-15|everton|fulham,2223,2023-04-15,Everton,Fulham,0,1.2,1.4,13.0,6.0,1.2,2.0,486,243,0.8,2.0,11.4,1.0,0.2,0.8,257,128,0.3999999999999999,0.6000000000000001,1.5999999999999996,5.0,1.2,229,39.8,,
2223|2023-04-15|manchester-city|leicester-city,2223,2023-04-15,Manchester City,Leicester City,2,3.0,0.6,15.0,15.0,3.0,3.0,485,242,0.8,1.8,11.4,1.0,0.2,0.8,334,167,2.2,1.2000000000000002,3.5999999999999996,14.0,2.2,151,68.2,52.2,16.0
2223|2023-04-15|southampton|crystal-palace,2223,2023-04-15,Southampton,Crystal Palace,0,0.8,2.0,11.2,2.0,0.4,0.8,410,205,1.6,1.6,14.0,6.0,1.2,0.8,372,186,-0.8,-0.3999999999999999,-2.8000000000000007,-4.0,0.0,38,47.7,51.2,-3.5
2223|2023-04-15|tottenham-hotspur|afc-bournemouth,2223,2023-04-15,Tottenham Hotspur,AFC Bournemouth,0,1.8,1.4,14.0,8.0,1.6,3.0,486,243,0.8,1.2,12.0,9.0,1.8,1.2,220,110,1.0,-0.19999999999999996,2.0,-1.0,1.8,266,51.8,,
2223|2023-04-15|wolverhampton-wanderers|brentford,2223,2023-04-15,Wolverhampton Wanderers,Brentford,2,1.2,1.4,11.0,7.0,1.4,1.8,258,129,1.4,1.4,9.4,5.0,1.0,1.0,68,34,-0.19999999999999996,0.0,1.5999999999999996,2.0,0.8,190,49.5,44.5,5.0
2223|2023-04-16|nottingham-forest|manchester-united,2223,2023-04-16,Nottingham Forest,Manchester United,0,0.8,2.0,10.0,1.0,0.2,1.2,30,15,0.6,1.8,14.2,7.0,1.4,0.8,485,242,0.20000000000000007,-0.19999999999999996,-4.199999999999999,-6.0,0.3999999999999999,-455,,52.7,
2223|2023-04-16|west-ham-united|arsenal,2223,2023-04-16,West Ham United,Arsenal,1,0.8,2.0,9.6,7.0,1.4,1.6,447,224,3.2,1.2,16.6,13.0,2.6,2.0,486,243,-2.4000000000000004,-0.8,-7.000000000000002,-6.0,-0.3999999999999999,-39,47.7,53.0,-5.299999999999997
2223|2023-04-17|leeds-united|liverpool,2223,2023-04-17,Leeds United,Liverpool,0,2.0,2.8,12.4,7.0,1.4,1.4,106,53,2.0,1.4,13.0,5.0,1.0,1.0,485,243,0.0,-1.4,-0.5999999999999996,2.0,0.3999999999999999,-379,52.5,63.2,-10.700000000000003
2223|2023-04-21|arsenal|southampton,2223,2023-04-21,Arsenal,Southampton,1,3.0,1.2,12.6,11.0,2.2,2.4,487,243,0.8,2.4,10.0,1.0,0.2,0.8,411,205,2.2,1.2,2.5999999999999996,10.0,1.5999999999999999,76,53.0,47.7,5.299999999999997
2223|2023-04-22|brentford|aston-villa,2223,2023-04-22,Brentford,Aston Villa,1,1.0,1.8,9.2,2.0,0.4,1.6,69,34,2.4,0.2,12.8,15.0,3.0,2.0,373,186,-1.4,-1.6,-3.6000000000000014,-13.0,-0.3999999999999999,-304,44.5,46.4,-1.8999999999999986
2223|2023-04-22|crystal-palace|everton,2223,2023-04-22,Crystal Palace,Everton,1,2.0,1.4,15.0,9.0,1.8,1.2,373,186,1.0,1.6,14.0,5.0,1.0,0.4,487,243,1.0,0.20000000000000018,1.0,4.0,0.7999999999999999,-114,51.2,39.8,11.400000000000006
2223|2023-04-22|fulham|leeds-united,2223,2023-04-22,Fulham,Leeds United,2,1.2,2.0,13.6,3.0,0.6,0.8,258,129,1.8,3.6,12.6,6.0,1.2,0.8,107,53,-0.6000000000000001,1.6,1.0,-3.0,0.0,151,,52.5,
2223|2023-04-22|leicester-city|wolverhampton-wanderers,2223,2023-04-22,Leicester City,Wolverhampton Wanderers,2,0.8,1.8,10.0,1.0,0.2,0.6,335,167,1.4,1.4,11.6,7.0,1.4,1.0,259,129,-0.5999999999999999,-0.40000000000000013,-1.5999999999999996,-6.0,-0.4,76,52.2,49.5,2.700000000000003
2223|2023-04-22|liverpool|nottingham-forest,2223,2023-04-22,Liverpool,Nottingham Forest,2,1.8,1.6,12.0,5.0,1.0,2.2,486,242,0.6,1.8,9.4,1.0,0.2,0.0,31,15,1.2000000000000002,0.19999999999999996,2.5999999999999996,4.0,2.2,455,63.2,,
2223|2023-04-23|afc-bournemouth|west-ham-united,2223,2023-04-23,AFC Bournemouth,West Ham United,0,1.2,1.6,12.2,9.0,1.8,1.4,221,110,1.2,1.6,12.2,8.0,1.6,0.8,448,223,0.0,0.0,0.0,1.0,0.5999999999999999,-227,,47.7,
2223|2023-04-23|newcastle-united|tottenham-hotspur,2223,2023-04-23,Newcastle United,Tottenham Hotspur,2,2.2,1.2,14.0,12.0,2.4,2.0,448,223,2.2,1.8,14.6,8.0,1.6,1.0,487,243,0.0,0.6000000000000001,-0.5999999999999996,4.0,1.0,-39,40.0,51.8,-11.799999999999997
2223|2023-04-25|aston-villa|fulham,2223,2023-04-25,Aston Villa,Fulham,2,2.0,0.4,11.6,13.0,2.6,2.4,374,187,1.2,1.6,14.2,6.0,1.2,1.4,259,129,0.8,1.2000000000000002,-2.5999999999999996,7.0,1.0,115,46.4,,
2223|2023-04-25|leeds-united|leicester-city,2223,2023-04-25,Leeds United,Leicester City,1,1.2,3.6,12.4,3.0,0.6,1.4,108,54,1.0,1.8,10.2,3.0,0.6,0.2,336,168,0.19999999999999996,-1.8,2.200000000000001,0.0,1.2,-228,52.5,52.2,0.29999999999999716
2223|2023-04-25|wolverhampton-wanderers|crystal-palace,2223,2023-04-25,Wolverhampton Wanderers,Crystal Palace,2,1.4,1.4,13.4,7.0,1.4,1.8,260,130,2.0,1.2,15.2,10.0,2.0,1.2,374,187,-0.6000000000000001,-0.19999999999999996,-1.799999999999999,-3.0,0.6000000000000001,-114,49.5,51.2,-1.7000000000000028
2223|2023-04-26|chelsea|brentford,2223,2023-04-26,Chelsea,Brentford,0,0.6,1.4,16.0,2.0,0.4,1.0,487,244,1.0,1.8,8.2,2.0,0.4,0.8,70,35,-0.4,0.40000000000000013,7.800000000000001,0.0,0.19999999999999996,417,62.3,44.5,17.799999999999997
2223|2023-04-26|manchester-city|arsenal,2223,2023-04-26,Manchester City,Arsenal,2,2.8,0.6,13.4,15.0,3.0,3.0,486,243,3.0,1.8,14.6,9.0,1.8,2.2,488,244,-0.20000000000000018,1.2000000000000002,-1.1999999999999993,6.0,0.7999999999999998,-2,68.2,53.0,15.200000000000003
2223|2023-04-26|nottingham-forest|brighton-and-hove-albion,2223,2023-04-26,Nottingham Forest,Brighton & Hove Albion,2,0.8,2.0,10.6,1.0,0.2,0.6,32,16,1.8,1.2,20.6,10.0,2.0,1.6,219,110,-1.0,-0.8,-10.000000000000002,-9.0,-1.0,-187,,54.6,
2223|2023-04-26|west-ham-united|liverpool,2223,2023-04-26,West Ham United,Liverpool,0,1.8,1.4,12.4,10.0,2.0,1.6,449,225,2.4,1.8,12.6,8.0,1.6,1.0,487,244,-0.5999999999999999,0.40000000000000013,-0.1999999999999993,2.0,0.6000000000000001,-38,47.7,63.2,-15.5
2223|2023-04-27|everton|newcastle-united,2223,2023-04-27,Everton,Newcastle United,0,0.8,1.6,13.4,3.0,0.6,1.4,488,244,3.0,1.2,16.0,12.0,2.4,1.8,449,225,-2.2,-0.40000000000000013,-2.5999999999999996,-9.0,-0.40000000000000013,39,39.8,40.0,-0.20000000000000284
2223|2023-04-27|southampton|afc-bournemouth,2223,2023-04-27,Southampton,AFC Bournemouth,0,1.4,2.6,10.2,2.0,0.4,0.8,412,206,1.2,1.8,13.6,9.0,1.8,1.8,222,111,0.19999999999999996,-0.8,-3.4000000000000004,-7.0,-1.0,190,47.7,,
2223|2023-04-27|tottenham-hotspur|manchester-united,2223,2023-04-27,Tottenham Hotspur,Manchester United,1,1.8,2.8,13.8,5.0,1.0,2.4,488,244,1.0,0.4,17.0,10.0,2.0,1.2,486,243,0.8,-2.4,-3.1999999999999993,-5.0,1.2,2,51.8,52.7,-0.9000000000000057
2223|2023-04-29|brentford|nottingham-forest,2223,2023-04-29,Brentford,Nottingham Forest,2,0.8,1.2,8.2,4.0,0.8,1.2,71,35,1.2,2.0,9.6,3.0,0.6,0.0,33,16,-0.3999999999999999,0.8,-1.4000000000000004,1.0,1.2,38,44.5,,
2223|2023-04-29|brighton-and-hove-albion|wolverhampton-wanderers,2223,2023-04-29,Brighton & Hove Albion,Wolverhampton Wanderers,2,1.8,1.8,21.8,7.0,1.4,2.0,220,109,1.4,0.6,10.6,10.0,2.0,0.4,261,130,0.40000000000000013,-1.2000000000000002,11.200000000000001,-3.0,1.6,-41,54.6,49.5,5.100000000000001
2223|2023-04-29|crystal-palace|west-ham-united,2223,2023-04-29,Crystal Palace,West Ham United,2,1.8,0.8,16.4,10.0,2.0,1.2,375,187,1.8,1.8,11.4,7.0,1.4,1.4,450,224,0.0,1.0,4.999999999999998,3.0,-0.19999999999999996,-75,51.2,47.7,3.5
2223|2023-04-30|afc-bournemouth|leeds-united,2223,2023-04-30,AFC Bournemouth,Leeds United,2,1.0,1.6,14.4,9.0,1.8,1.2,223,111,1.2,3.0,13.6,4.0,0.8,0.6,109,54,-0.19999999999999996,1.4,0.8000000000000007,5.0,0.6,114,,52.5,
2223|2023-04-30|fulham|manchester-city,2223,2023-04-30,Fulham,Manchester City,0,1.2,1.2,12.0,6.0,1.2,1.4,260,130,3.2,0.8,14.0,15.0,3.0,2.6,487,243,-2.0,-0.3999999999999999,-2.0,-9.0,-1.2000000000000002,-227,,68.2,
2223|2023-04-30|liverpool|tottenham-hotspur,2223,2023-04-30,Liverpool,Tottenham Hotspur,2,2.6,1.2,15.8,11.0,2.2,2.6,488,243,1.6,2.6,14.0,5.0,1.0,0.4,489,244,1.0,1.4000000000000001,1.8000000000000007,6.0,2.2,-1,63.2,51.8,11.400000000000006
2223|2023-04-30|manchester-united|aston-villa,2223,2023-04-30,Manchester United,Aston Villa,2,1.4,0.8,18.4,10.0,2.0,2.2,487,243,1.8,0.4,13.4,13.0,2.6,2.2,375,187,-0.40000000000000013,-0.4,4.999999999999998,-3.0,0.0,112,52.7,46.4,6.300000000000004
2223|2023-04-30|newcastle-united|southampton,2223,2023-04-30,Newcastle United,Southampton,2,3.4,1.4,14.6,12.0,2.4,2.0,450,224,0.8,2.2,8.6,1.0,0.2,1.0,413,206,2.5999999999999996,0.8000000000000003,6.0,11.0,1.0,37,40.0,47.7,-7.700000000000003
2223|2023-05-01|leicester-city|everton,2223,2023-05-01,Leicester City,Everton,1,1.0,1.6,12.6,4.0,0.8,0.6,337,168,0.6,2.0,13.6,2.0,0.4,0.6,489,244,0.4,0.3999999999999999,-1.0,2.0,0.0,-152,52.2,39.8,12.400000000000006
2223|2023-05-02|arsenal|chelsea,2223,2023-05-02,Arsenal,Chelsea,2,2.4,2.4,13.2,6.0,1.2,2.6,489,244,0.2,1.4,15.0,1.0,0.2,1.0,488,243,2.1999999999999997,-1.0,-1.8000000000000007,5.0,1.6,1,53.0,62.3,-9.299999999999997
2223|2023-05-03|liverpool|fulham,2223,2023-05-03,Liverpool,Fulham,2,3.4,1.8,16.8,13.0,2.6,2.6,489,244,1.2,1.2,10.8,6.0,1.2,1.2,261,130,2.2,-0.6000000000000001,6.0,7.0,1.4000000000000001,228,63.2,,
2223|2023-05-03|manchester-city|west-ham-united,2223,2023-05-03,Manchester City,West Ham United,2,3.4,1.0,13.6,15.0,3.0,3.0,488,244,2.2,1.6,11.6,7.0,1.4,1.2,451,225,1.1999999999999997,0.6000000000000001,2.0,8.0,1.8,37,68.2,47.7,20.5
2223|2023-05-04|brighton-and-hove-albion|manchester-united,2223,2023-05-04,Brighton & Hove Albion,Manchester United,2,2.4,1.2,19.6,9.0,1.8,2.0,221,110,1.6,0.4,20.0,13.0,2.6,1.4,488,244,0.7999999999999998,-0.7999999999999999,-0.3999999999999986,-4.0,0.6000000000000001,-267,54.6,52.7,1.8999999999999986
2223|2023-05-06|afc-bournemouth|chelsea,2223,2023-05-06,AFC Bournemouth,Chelsea,0,1.8,1.4,14.0,12.0,2.4,1.8,224,112,0.4,1.6,11.0,1.0,0.2,0.8,489,244,1.4,0.20000000000000018,3.0,11.0,1.0,-265,,62.3,
2223|2023-05-06|liverpool|brentford,2223,2023-05-06,Liverpool,Brentford,2,3.2,1.4,15.6,15.0,3.0,2.6,490,245,1.2,1.2,9.8,7.0,1.4,1.4,72,36,2.0,-0.19999999999999996,5.799999999999999,8.0,1.2000000000000002,418,63.2,44.5,18.700000000000003
2223|2023-05-06|manchester-city|leeds-united,2223,2023-05-06,Manchester City,Leeds United,2,3.2,0.8,13.4,15.0,3.0,3.0,489,245,1.0,3.6,12.4,1.0,0.2,0.6,110,55,2.2,2.8,1.0,14.0,2.4,379,68.2,52.5,15.700000000000003
2223|2023-05-06|tottenham-hotspur|crystal-palace,2223,2023-05-06,Tottenham Hotspur,Crystal Palace,2,2.0,3.2,14.4,4.0,0.8,2.0,490,245,2.2,1.2,13.4,10.0,2.0,1.2,376,188,-0.20000000000000018,-2.0,1.0,-6.0,0.8,114,51.8,51.2,0.5999999999999943
2223|2023-05-06|wolverhampton-wanderers|aston-villa,2223,2023-05-06,Wolverhampton Wanderers,Aston Villa,2,1.2,1.6,11.0,9.0,1.8,2.4,262,131,1.4,0.4,11.8,10.0,2.0,1.6,376,188,-0.19999999999999996,-1.2000000000000002,-0.8000000000000007,-1.0,0.7999999999999998,-114,49.5,46.4,3.1000000000000014
2223|2023-05-07|newcastle-united|arsenal,2223,2023-05-07,Newcastle United,Arsenal,0,3.0,1.4,16.0,12.0,2.4,2.4,451,225,2.2,2.4,13.8,6.0,1.2,1.6,490,245,0.7999999999999998,1.0,2.1999999999999993,6.0,0.7999999999999998,-39,40.0,53.0,-13.0
2223|2023-05-07|west-ham-united|manchester-united,2223,2023-05-07,West Ham United,Manchester United,2,2.0,2.2,11.0,4.0,0.8,1.0,452,226,1.4,0.6,19.6,10.0,2.0,0.8,489,245,0.6000000000000001,-1.6,-8.600000000000001,-6.0,0.19999999999999996,-37,47.7,52.7,-5.0
2223|2023-05-08|brighton-and-hove-albion|everton,2223,2023-05-08,Brighton & Hove Albion,Everton,0,2.2,1.2,20.8,9.0,1.8,2.6,222,111,0.8,2.2,15.2,2.0,0.4,0.8,490,245,1.4000000000000001,1.0000000000000002,5.600000000000001,7.0,1.8,-268,54.6,39.8,14.800000000000004
2223|2023-05-08|fulham|leicester-city,2223,2023-05-08,Fulham,Leicester City,2,1.2,1.2,9.4,6.0,1.2,0.8,262,131,1.2,1.6,13.8,5.0,1.0,0.4,338,169,0.0,0.40000000000000013,-4.4,1.0,0.4,-76,,52.2,
2223|2023-05-08|nottingham-forest|southampton,2223,2023-05-08,Nottingham Forest,Southampton,2,1.2,2.0,8.0,3.0,0.6,1.0,34,17,1.0,2.6,7.6,1.0,0.2,0.4,414,207,0.19999999999999996,0.6000000000000001,0.40000000000000036,2.0,0.6,-380,,47.7,
2223|2023-05-13|aston-villa|tottenham-hotspur,2223,2023-05-13,Aston Villa,Tottenham Hotspur,2,1.0,0.6,13.4,7.0,1.4,3.0,377,188,1.8,3.0,14.2,4.0,0.8,0.4,491,245,-0.8,2.4,-0.7999999999999989,3.0,2.6,-114,46.4,51.8,-5.399999999999999
2223|2023-05-13|chelsea|nottingham-forest,2223,2023-05-13,Chelsea,Nottingham Forest,1,1.0,1.8,10.8,3.0,0.6,0.4,490,245,2.0,2.2,8.6,6.0,1.2,0.0,35,17,-1.0,0.40000000000000013,2.200000000000001,-3.0,0.4,455,62.3,,
2223|2023-05-13|crystal-palace|afc-bournemouth,2223,2023-05-13,Crystal Palace,AFC Bournemouth,2,1.2,1.2,11.6,7.0,1.4,1.6,377,188,1.8,2.0,12.2,9.0,1.8,1.8,225,112,-0.6000000000000001,0.8,-0.5999999999999996,-2.0,-0.19999999999999996,152,51.2,,
2223|2023-05-13|leeds-united|newcastle-united,2223,2023-05-13,Leeds United,Newcastle United,1,1.0,3.0,11.0,1.0,0.2,1.0,111,55,2.6,1.6,16.4,9.0,1.8,2.4,452,226,-1.6,-1.4,-5.399999999999999,-8.0,-1.4,-341,52.5,40.0,12.5
2223|2023-05-13|manchester-united|wolverhampton-wanderers,2223,2023-05-13,Manchester United,Wolverhampton Wanderers,2,1.0,0.8,17.6,7.0,1.4,2.6,490,244,1.2,1.6,10.4,9.0,1.8,0.2,263,131,-0.19999999999999996,0.8,7.200000000000001,-2.0,2.4,227,52.7,49.5,3.200000000000003
2223|2023-05-13|southampton|fulham,2223,2023-05-13,Southampton,Fulham,0,1.4,2.6,10.6,1.0,0.2,0.2,415,207,1.6,1.6,8.6,6.0,1.2,0.6,263,131,-0.20000000000000018,-1.0,2.0,-5.0,-0.39999999999999997,152,47.7,,
2223|2023-05-14|arsenal|brighton-and-hove-albion,2223,2023-05-14,Arsenal,Brighton & Hove Albion,0,2.2,2.0,14.0,8.0,1.6,2.6,491,245,2.2,1.8,22.0,9.0,1.8,1.4,223,111,0.0,-0.19999999999999996,-8.0,-1.0,1.2000000000000002,268,53.0,54.6,-1.6000000000000014
2223|2023-05-14|brentford|west-ham-united,2223,2023-05-14,Brentford,West Ham United,2,1.0,1.0,8.4,7.0,1.4,1.6,73,36,1.8,1.8,10.8,6.0,1.2,1.2,453,226,-0.8,0.8,-2.4000000000000004,1.0,0.40000000000000013,-380,44.5,47.7,-3.200000000000003
2223|2023-05-14|everton|manchester-city,2223,2023-05-14,Everton,Manchester City,0,1.8,2.0,14.2,5.0,1.0,0.8,491,245,2.8,0.8,14.4,15.0,3.0,2.6,490,244,-0.9999999999999998,-1.2,-0.20000000000000107,-10.0,-1.8,1,39.8,68.2,-28.400000000000006
2223|2023-05-15|leicester-city|liverpool,2223,2023-05-15,Leicester City,Liverpool,0,1.8,2.4,14.6,5.0,1.0,0.8,339,169,2.2,1.2,16.0,15.0,3.0,1.4,491,245,-0.40000000000000013,-1.2,-1.4000000000000004,-10.0,-0.5999999999999999,-152,52.2,63.2,-11.0
2223|2023-05-18|newcastle-united|brighton-and-hove-albion,2223,2023-05-18,Newcastle United,Brighton & Hove Albion,2,3.0,1.4,18.4,10.0,2.0,2.4,453,226,2.4,1.6,19.2,9.0,1.8,1.8,224,112,0.6000000000000001,0.20000000000000018,-0.8000000000000007,1.0,0.5999999999999999,229,40.0,54.6,-14.600000000000001
2223|2023-05-20|afc-bournemouth|manchester-united,2223,2023-05-20,AFC Bournemouth,Manchester United,0,1.2,2.0,12.0,6.0,1.2,1.2,226,113,1.0,0.8,18.6,7.0,1.4,0.8,491,246,0.19999999999999996,-1.2,-6.600000000000001,-1.0,0.3999999999999999,-265,,52.7,
2223|2023-05-20|fulham|crystal-palace,2223,2023-05-20,Fulham,Crystal Palace,1,1.6,1.4,8.0,6.0,1.2,1.2,264,132,1.2,1.2,13.2,7.0,1.4,1.2,378,189,0.40000000000000013,-0.19999999999999996,-5.199999999999999,-1.0,0.0,-114,,51.2,
2223|2023-05-20|liverpool|aston-villa,2223,2023-05-20,Liverpool,Aston Villa,1,2.2,0.8,15.6,15.0,3.0,2.6,492,246,0.8,0.8,11.8,7.0,1.4,1.4,378,189,1.4000000000000001,0.0,3.799999999999999,8.0,1.2000000000000002,114,63.2,46.4,16.800000000000004
2223|2023-05-20|nottingham-forest|arsenal,2223,2023-05-20,Nottingham Forest,Arsenal,2,2.4,2.2,9.6,7.0,1.4,1.4,36,18,1.8,2.2,14.6,7.0,1.4,1.6,492,246,0.5999999999999999,0.0,-5.0,0.0,-0.20000000000000018,-456,,53.0,
2223|2023-05-20|tottenham-hotspur|brentford,2223,2023-05-20,Tottenham Hotspur,Brentford,0,1.6,2.8,10.4,4.0,0.8,2.0,492,246,1.4,0.6,11.2,10.0,2.0,0.8,74,37,0.20000000000000018,-2.1999999999999997,-0.7999999999999989,-6.0,1.2,418,51.8,44.5,7.299999999999997
2223|2023-05-20|wolverhampton-wanderers|everton,2223,2023-05-20,Wolverhampton Wanderers,Everton,1,0.8,2.0,9.2,6.0,1.2,2.4,264,132,1.6,2.0,12.6,5.0,1.0,1.2,492,246,-0.8,0.0,-3.4000000000000004,1.0,1.2,-228,49.5,39.8,9.700000000000003
2223|2023-05-21|brighton-and-hove-albion|southampton,2223,2023-05-21,Brighton & Hove Albion,Southampton,2,2.4,1.8,17.4,9.0,1.8,2.0,225,112,1.4,2.6,9.4,1.0,0.2,0.4,416,208,1.0,0.8,7.999999999999998,8.0,1.6,-191,54.6,47.7,6.899999999999999
2223|2023-05-21|manchester-city|chelsea,2223,2023-05-21,Manchester City,Chelsea,2,2.8,0.6,13.8,15.0,3.0,3.0,491,246,1.4,2.0,11.0,4.0,0.8,1.2,491,245,1.4,1.4,2.8000000000000007,11.0,1.8,0,68.2,62.3,5.900000000000006
2223|2023-05-21|west-ham-united|leeds-united,2223,2023-05-21,West Ham United,Leeds United,2,1.0,2.2,8.0,3.0,0.6,1.4,454,227,1.2,2.2,10.2,2.0,0.4,0.6,112,56,-0.19999999999999996,0.0,-2.1999999999999993,1.0,0.7999999999999999,342,47.7,52.5,-4.799999999999997
2223|2023-05-22|newcastle-united|leicester-city,2223,2023-05-22,Newcastle United,Leicester City,1,2.6,1.4,17.8,10.0,2.0,2.4,454,227,1.6,2.4,13.4,5.0,1.0,0.4,340,170,1.0,1.0,4.4,5.0,2.0,114,40.0,52.2,-12.200000000000003
2223|2023-05-24|brighton-and-hove-albion|manchester-city,2223,2023-05-24,Brighton & Hove Albion,Manchester City,1,1.8,2.0,18.2,9.0,1.8,2.0,226,113,2.2,0.4,14.0,15.0,3.0,3.0,492,245,-0.40000000000000013,-1.6,4.199999999999999,-6.0,-1.0,-266,54.6,68.2,-13.600000000000001
2223|2023-05-25|manchester-united|chelsea,2223,2023-05-25,Manchester United,Chelsea,2,0.8,0.4,19.2,9.0,1.8,2.6,492,245,1.2,1.8,12.0,4.0,0.8,1.2,492,246,-0.3999999999999999,1.4,7.199999999999999,5.0,1.4000000000000001,0,52.7,62.3,-9.599999999999994
2223|2023-05-28|arsenal|wolverhampton-wanderers,2223,2023-05-28,Arsenal,Wolverhampton Wanderers,2,1.2,1.8,11.8,6.0,1.2,2.0,493,246,0.8,1.8,8.6,7.0,1.4,0.2,265,132,0.3999999999999999,0.0,3.200000000000001,-1.0,1.8,228,53.0,49.5,3.5
2223|2023-05-28|aston-villa|brighton-and-hove-albion,2223,2023-05-28,Aston Villa,Brighton & Hove Albion,2,0.8,0.8,10.2,7.0,1.4,3.0,379,189,1.8,2.2,17.8,7.0,1.4,1.2,227,113,-1.0,1.4000000000000001,-7.600000000000001,0.0,1.8,152,46.4,54.6,-8.200000000000003
2223|2023-05-28|brentford|manchester-city,2223,2023-05-28,Brentford,Manchester City,2,1.8,0.6,12.2,12.0,2.4,1.6,75,37,2.0,0.4,14.2,13.0,2.6,2.6,493,246,-0.19999999999999996,-0.19999999999999996,-2.0,-1.0,-1.0,-418,44.5,68.2,-23.700000000000003
2223|2023-05-28|chelsea|newcastle-united,2223,2023-05-28,Chelsea,Newcastle United,1,1.4,2.2,11.8,4.0,0.8,0.4,493,246,1.8,1.2,19.4,8.0,1.6,2.0,455,227,-0.40000000000000013,-1.0000000000000002,-7.599999999999998,-4.0,-1.6,38,62.3,40.0,22.299999999999997
2223|2023-05-28|crystal-palace|nottingham-forest,2223,2023-05-28,Crystal Palace,Nottingham Forest,1,1.6,1.6,13.0,7.0,1.4,2.0,379,189,2.2,1.6,8.6,10.0,2.0,0.2,37,18,-0.6000000000000001,0.0,4.4,-3.0,1.8,342,51.2,,
2223|2023-05-28|everton|afc-bournemouth,2223,2023-05-28,Everton,AFC Bournemouth,2,1.8,2.2,14.4,5.0,1.0,0.8,493,246,1.2,1.4,10.6,6.0,1.2,1.8,227,113,0.6000000000000001,-0.8000000000000003,3.8000000000000007,-1.0,-1.0,266,39.8,,
2223|2023-05-28|leeds-united|tottenham-hotspur,2223,2023-05-28,Leeds United,Tottenham Hotspur,0,1.2,2.4,10.6,2.0,0.4,1.0,113,56,1.6,2.2,12.6,4.0,0.8,0.4,493,246,-0.40000000000000013,-0.19999999999999973,-2.0,-2.0,0.6,-380,52.5,51.8,0.7000000000000028
2223|2023-05-28|leicester-city|west-ham-united,2223,2023-05-28,Leicester City,West Ham United,2,1.2,2.2,10.6,3.0,0.6,0.8,341,170,1.4,2.0,10.4,6.0,1.2,1.2,455,227,-0.19999999999999996,-0.20000000000000018,0.1999999999999993,-3.0,-0.3999999999999999,-114,52.2,47.7,4.5
2223|2023-05-28|manchester-united|fulham,2223,2023-05-28,Manchester United,Fulham,2,1.4,0.6,20.0,9.0,1.8,3.0,493,246,2.0,1.6,10.0,7.0,1.4,1.2,265,132,-0.6000000000000001,1.0,10.0,2.0,1.8,228,52.7,,
2223|2023-05-28|southampton|liverpool,2223,2023-05-28,Southampton,Liverpool,1,1.0,2.6,8.8,0.0,0.0,0.2,417,208,2.0,0.8,13.6,13.0,2.6,2.0,493,246,-1.0,-1.8,-4.799999999999999,-13.0,-1.8,-76,47.7,63.2,-15.5
2324|2023-08-11|burnley|manchester-city,2324,2023-08-11,Burnley,Manchester City,0,1.0,1.6,12.2,4.0,0.8,1.8,266,133,1.4,0.6,14.4,10.0,2.0,2.0,494,247,-0.3999999999999999,-1.0,-2.200000000000001,-6.0,-0.19999999999999996,-228,,65.1,
2324|2023-08-12|afc-bournemouth|west-ham-united,2324,2023-08-12,AFC Bournemouth,West Ham United,1,1.0,1.6,8.8,3.0,0.6,0.6,228,114,1.0,1.6,12.0,6.0,1.2,0.6,456,228,0.0,0.0,-3.1999999999999993,-3.0,0.0,-228,40.1,41.7,-1.6000000000000014
2324|2023-08-12|arsenal|nottingham-forest,2324,2023-08-12,Arsenal,Nottingham Forest,2,2.0,1.0,13.0,9.0,1.8,2.0,494,247,1.8,1.6,7.6,8.0,1.6,0.4,38,19,0.19999999999999996,0.6000000000000001,5.4,1.0,1.6,456,59.8,37.3,22.5
2324|2023-08-12|brighton-and-hove-albion|luton-town,2324,2023-08-12,Brighton & Hove Albion,Luton Town,2,1.8,1.6,14.8,7.0,1.4,2.0,228,114,,,,,,,0,0,,,,,,228,60.4,,
2324|2023-08-12|everton|fulham,2324,2023-08-12,Everton,Fulham,0,1.8,1.4,14.4,8.0,1.6,0.8,494,247,2.0,1.6,11.2,7.0,1.4,1.2,266,133,-0.19999999999999996,0.20000000000000018,3.200000000000001,1.0,-0.3999999999999999,228,42.6,48.6,-6.0
2324|2023-08-12|newcastle-united|aston-villa,2324,2023-08-12,Newcastle United,Aston Villa,2,1.4,1.2,17.6,6.0,1.2,2.0,456,228,1.0,1.0,9.8,7.0,1.4,1.0,380,190,0.3999999999999999,-0.19999999999999996,7.800000000000001,-1.0,1.0,76,52.4,49.4,3.0
2324|2023-08-12|sheffield-united|crystal-palace,2324,2023-08-12,Sheffield United,Crystal Palace,0,0.4,1.4,9.6,6.0,1.2,1.2,76,38,1.8,1.4,13.4,8.0,1.6,1.4,380,190,-1.4,0.0,-3.8000000000000007,-2.0,-0.19999999999999996,-304,,46.1,
2324|2023-08-13|brentford|tottenham-hotspur,2324,2023-08-13,Brentford,Tottenham Hotspur,1,1.6,0.6,13.0,12.0,2.4,2.0,76,38,2.0,2.0,11.2,6.0,1.2,0.8,494,247,-0.3999999999999999,1.4,1.8000000000000007,6.0,1.2,-418,43.5,49.9,-6.399999999999999
2324|2023-08-13|chelsea|liverpool,2324,2023-08-13,Chelsea,Liverpool,1,1.4,1.8,14.8,5.0,1.0,0.6,494,247,2.0,1.0,17.2,11.0,2.2,2.2,494,247,-0.6000000000000001,-0.8,-2.3999999999999986,-6.0,-1.6,0,59.1,61.0,-1.8999999999999986
2324|2023-08-14|manchester-united|wolverhampton-wanderers,2324,2023-08-14,Manchester United,Wolverhampton Wanderers,2,1.8,0.6,21.0,12.0,2.4,3.0,494,247,0.4,2.8,8.0,4.0,0.8,0.2,266,133,1.4,2.1999999999999997,13.0,8.0,2.8,228,53.8,50.2,3.5999999999999943
2324|2023-08-18|nottingham-forest|sheffield-united,2324,2023-08-18,Nottingham Forest,Sheffield United,2,1.8,1.6,7.8,8.0,1.6,2.0,39,19,0.4,0.8,9.6,6.0,1.2,0.6,77,38,1.4,-0.8,-1.7999999999999998,2.0,1.4,-38,37.3,,
2324|2023-08-19|fulham|brentford,2324,2023-08-19,Fulham,Brentford,0,2.2,1.4,11.2,10.0,2.0,1.4,267,133,1.6,0.8,12.4,10.0,2.0,1.2,77,38,0.6000000000000001,-0.5999999999999999,-1.200000000000001,0.0,0.19999999999999996,190,48.6,43.5,5.100000000000001
2324|2023-08-19|liverpool|afc-bournemouth,2324,2023-08-19,Liverpool,AFC Bournemouth,2,2.0,1.2,16.8,9.0,1.8,2.6,495,247,0.4,1.6,9.2,1.0,0.2,1.8,229,114,1.6,0.40000000000000013,7.600000000000001,8.0,0.8,266,61.0,40.1,20.9
2324|2023-08-19|manchester-city|newcastle-united,2324,2023-08-19,Manchester City,Newcastle United,2,1.6,0.4,14.2,10.0,2.0,3.0,495,247,2.4,1.0,18.6,9.0,1.8,1.6,457,228,-0.7999999999999998,0.6,-4.400000000000002,1.0,1.4,38,65.1,52.4,12.699999999999996
2324|2023-08-19|tottenham-hotspur|manchester-united,2324,2023-08-19,Tottenham Hotspur,Manchester United,2,1.8,1.6,12.8,7.0,1.4,1.4,495,247,2.0,0.4,20.2,15.0,3.0,1.4,495,247,-0.19999999999999996,-1.2000000000000002,-7.399999999999999,-8.0,0.0,0,49.9,53.8,-3.8999999999999986
2324|2023-08-19|wolverhampton-wanderers|brighton-and-hove-albion,2324,2023-08-19,Wolverhampton Wanderers,Brighton & Hove Albion,0,0.4,1.8,10.6,4.0,0.8,2.6,267,133,2.0,1.8,17.8,7.0,1.4,1.2,229,114,-1.6,0.0,-7.200000000000001,-3.0,1.4000000000000001,38,50.2,60.4,-10.199999999999996
2324|2023-08-20|aston-villa|everton,2324,2023-08-20,Aston Villa,Everton,2,1.2,1.8,11.6,7.0,1.4,3.0,381,190,1.4,1.2,13.6,7.0,1.4,1.2,495,247,-0.19999999999999996,-0.6000000000000001,-2.0,0.0,1.8,-114,49.4,42.6,6.799999999999997
2324|2023-08-20|west-ham-united|chelsea,2324,2023-08-20,West Ham United,Chelsea,2,1.2,1.2,14.0,7.0,1.4,1.4,457,228,1.0,1.8,14.6,3.0,0.6,0.6,495,247,0.19999999999999996,0.6000000000000001,-0.5999999999999996,4.0,0.7999999999999999,-38,41.7,59.1,-17.4
2324|2023-08-21|crystal-palace|arsenal,2324,2023-08-21,Crystal Palace,Arsenal,0,1.2,0.8,15.0,8.0,1.6,2.2,381,190,1.8,1.0,12.8,9.0,1.8,1.0,495,247,-0.6000000000000001,0.19999999999999996,2.1999999999999993,-1.0,1.2000000000000002,-114,46.1,59.8,-13.699999999999996
2324|2023-08-25|chelsea|luton-town,2324,2023-08-25,Chelsea,Luton Town,2,0.8,2.0,15.2,2.0,0.4,0.6,496,248,,,,,,,1,1,,,,,,495,59.1,,
2324|2023-08-26|afc-bournemouth|tottenham-hotspur,2324,2023-08-26,AFC Bournemouth,Tottenham Hotspur,0,0.4,1.6,9.8,1.0,0.2,0.8,230,115,2.0,1.6,14.6,7.0,1.4,0.8,496,248,-1.6,0.0,-4.799999999999999,-6.0,0.0,-266,40.1,49.9,-9.799999999999997
2324|2023-08-26|arsenal|fulham,2324,2023-08-26,Arsenal,Fulham,1,1.6,1.0,13.6,9.0,1.8,2.0,496,248,1.2,1.4,9.8,7.0,1.4,1.2,268,134,0.40000000000000013,0.3999999999999999,3.799999999999999,2.0,0.8,228,59.8,48.6,11.199999999999996
2324|2023-08-26|brentford|crystal-palace,2324,2023-08-26,Brentford,Crystal Palace,1,2.2,0.6,14.8,13.0,2.6,2.2,78,39,1.2,0.8,16.4,8.0,1.6,1.4,382,191,1.0000000000000002,0.20000000000000007,-1.5999999999999979,5.0,0.8000000000000003,-304,43.5,46.1,-2.6000000000000014
2324|2023-08-26|brighton-and-hove-albion|west-ham-united,2324,2023-08-26,Brighton & Hove Albion,West Ham United,0,2.6,1.2,19.4,10.0,2.0,2.0,230,115,1.6,1.4,13.4,7.0,1.4,0.2,458,229,1.0,0.19999999999999996,5.999999999999998,3.0,1.8,-228,60.4,41.7,18.699999999999996
2324|2023-08-26|everton|wolverhampton-wanderers,2324,2023-08-26,Everton,Wolverhampton Wanderers,0,0.4,1.8,13.4,4.0,0.8,0.6,496,248,0.4,2.6,12.6,1.0,0.2,0.0,268,134,0.0,0.8,0.8000000000000007,3.0,0.6,228,42.6,50.2,-7.600000000000001
2324|2023-08-26|manchester-united|nottingham-forest,2324,2023-08-26,Manchester United,Nottingham Forest,2,1.6,0.8,19.2,12.0,2.4,3.0,496,248,1.4,1.2,9.2,8.0,1.6,0.4,40,20,0.20000000000000018,0.3999999999999999,10.0,4.0,2.6,456,53.8,37.3,16.5
2324|2023-08-27|burnley|aston-villa,2324,2023-08-27,Burnley,Aston Villa,0,0.6,2.0,10.0,1.0,0.2,1.2,267,134,2.0,1.6,11.0,10.0,2.0,0.4,382,191,-1.4,-0.3999999999999999,-1.0,-9.0,0.7999999999999999,-115,,49.4,
2324|2023-08-27|newcastle-united|liverpool,2324,2023-08-27,Newcastle United,Liverpool,0,2.0,0.8,16.4,8.0,1.6,2.0,458,229,2.4,1.4,19.0,9.0,1.8,2.2,496,248,-0.3999999999999999,0.5999999999999999,-2.6000000000000014,-1.0,-0.20000000000000018,-38,52.4,61.0,-8.600000000000001
2324|2023-08-27|sheffield-united|manchester-city,2324,2023-08-27,Sheffield United,Manchester City,0,0.6,0.8,9.6,6.0,1.2,1.2,78,39,1.2,0.4,15.2,10.0,2.0,2.0,496,248,-0.6,-0.4,-5.6,-4.0,-0.8,-418,,65.1,
2324|2023-09-01|luton-town|west-ham-united,2324,2023-09-01,Luton Town,West Ham United,0,,,,,,,2,0,2.2,1.2,15.0,10.0,2.0,0.8,459,230,,,,,,-457,,41.7,
2324|2023-09-02|brentford|afc-bournemouth,2324,2023-09-02,Brentford,AFC Bournemouth,1,2.0,0.8,12.4,11.0,2.2,2.2,79,40,0.4,1.6,11.0,1.0,0.2,1.2,231,115,1.6,0.8,1.4000000000000004,10.0,1.0000000000000002,-152,43.5,40.1,3.3999999999999986
2324|2023-09-02|brighton-and-hove-albion|newcastle-united,2324,2023-09-02,Brighton & Hove Albion,Newcastle United,2,2.2,1.6,19.2,7.0,1.4,1.4,231,116,1.4,1.0,16.6,5.0,1.0,1.0,459,229,0.8000000000000003,-0.6000000000000001,2.599999999999998,2.0,0.3999999999999999,-228,60.4,52.4,8.0
2324|2023-09-02|burnley|tottenham-hotspur,2324,2023-09-02,Burnley,Tottenham Hotspur,0,0.6,2.0,9.0,1.0,0.2,0.6,268,135,2.2,1.2,17.0,10.0,2.0,1.4,497,249,-1.6,-0.8,-8.0,-9.0,-0.7999999999999999,-229,,49.9,
2324|2023-09-02|chelsea|nottingham-forest,2324,2023-09-02,Chelsea,Nottingham Forest,0,1.4,1.8,16.4,5.0,1.0,1.2,497,249,1.4,1.4,8.8,7.0,1.4,0.4,41,21,0.0,-0.40000000000000013,7.599999999999998,-2.0,0.7999999999999999,456,59.1,37.3,21.800000000000004
2324|2023-09-02|manchester-city|fulham,2324,2023-09-02,Manchester City,Fulham,2,1.4,0.6,18.2,10.0,2.0,3.0,497,248,1.2,1.8,9.6,5.0,1.0,1.4,269,135,0.19999999999999996,1.2000000000000002,8.6,5.0,1.6,228,65.1,48.6,16.499999999999993
2324|2023-09-02|sheffield-united|everton,2324,2023-09-02,Sheffield United,Everton,1,0.6,1.2,8.8,3.0,0.6,1.2,79,40,0.4,1.4,15.0,4.0,0.8,1.2,497,248,0.19999999999999996,0.19999999999999996,-6.199999999999999,-1.0,0.0,-418,,42.6,
2324|2023-09-03|arsenal|manchester-united,2324,2023-09-03,Arsenal,Manchester United,2,2.0,0.8,14.6,10.0,2.0,2.0,497,249,2.0,1.2,18.8,12.0,2.4,0.8,497,248,0.0,0.3999999999999999,-4.200000000000001,-2.0,1.2,0,59.8,53.8,6.0
2324|2023-09-03|crystal-palace|wolverhampton-wanderers,2324,2023-09-03,Crystal Palace,Wolverhampton Wanderers,2,1.0,1.0,16.0,6.0,1.2,1.6,383,191,0.6,2.2,13.8,4.0,0.8,0.6,269,135,0.4,1.2000000000000002,2.1999999999999993,2.0,1.0,114,46.1,50.2,-4.100000000000001
2324|2023-09-03|liverpool|aston-villa,2324,2023-09-03,Liverpool,Aston Villa,2,2.2,1.6,17.6,9.0,1.8,2.6,497,248,2.2,1.6,12.6,10.0,2.0,0.8,383,192,0.0,0.0,5.000000000000002,-1.0,1.8,114,61.0,49.4,11.600000000000001
2324|2023-09-16|aston-villa|crystal-palace,2324,2023-09-16,Aston Villa,Crystal Palace,2,2.0,2.0,13.2,9.0,1.8,3.0,384,191,1.2,1.0,17.0,8.0,1.6,1.0,384,192,0.8,-1.0,-3.8000000000000007,1.0,2.0,0,49.4,46.1,3.299999999999997
2324|2023-09-16|fulham|luton-town,2324,2023-09-16,Fulham,Luton Town,2,1.0,2.4,8.6,4.0,0.8,1.4,270,134,0.6666666666666666,3.0,12.0,0.0,0.0,,3,2,0.33333333333333337,0.6000000000000001,-3.4000000000000004,4.0,,267,48.6,,
2324|2023-09-16|manchester-united|brighton-and-hove-albion,2324,2023-09-16,Manchester United,Brighton & Hove Albion,0,1.4,1.6,17.2,9.0,1.8,3.0,498,249,2.6,1.6,18.2,9.0,1.8,1.2,232,115,-1.2000000000000002,0.0,-1.0,0.0,1.8,266,53.8,60.4,-6.600000000000001
2324|2023-09-16|newcastle-united|brentford,2324,2023-09-16,Newcastle United,Brentford,2,1.6,1.6,13.8,4.0,0.8,1.4,460,230,1.8,1.0,14.4,9.0,1.8,1.8,80,39,-0.19999999999999996,-0.6000000000000001,-0.5999999999999996,-5.0,-0.40000000000000013,380,52.4,43.5,8.899999999999999
2324|2023-09-16|tottenham-hotspur|sheffield-united,2324,2023-09-16,Tottenham Hotspur,Sheffield United,2,3.0,1.0,16.6,13.0,2.6,1.4,498,248,1.0,1.4,9.2,4.0,0.8,0.6,80,39,2.0,0.3999999999999999,7.400000000000002,9.0,0.7999999999999999,418,49.9,,
2324|2023-09-16|west-ham-united|manchester-city,2324,2023-09-16,West Ham United,Manchester City,0,2.0,1.2,13.0,10.0,2.0,2.0,460,229,2.2,0.6,17.0,12.0,2.4,2.0,498,249,-0.20000000000000018,-0.6,-4.0,-2.0,0.0,-38,41.7,65.1,-23.39999999999999
2324|2023-09-16|wolverhampton-wanderers|liverpool,2324,2023-09-16,Wolverhampton Wanderers,Liverpool,0,0.8,2.6,13.6,3.0,0.6,2.0,270,134,2.6,1.4,19.0,11.0,2.2,2.2,498,249,-1.8,-1.2000000000000002,-5.4,-8.0,-0.20000000000000018,-228,50.2,61.0,-10.799999999999997
2324|2023-09-17|afc-bournemouth|chelsea,2324,2023-09-17,AFC Bournemouth,Chelsea,1,0.8,1.8,11.4,2.0,0.4,0.8,232,116,1.2,1.2,17.8,5.0,1.0,0.6,498,248,-0.3999999999999999,-0.6000000000000001,-6.4,-3.0,0.20000000000000007,-266,40.1,59.1,-19.0
2324|2023-09-17|everton|arsenal,2324,2023-09-17,Everton,Arsenal,0,0.6,1.6,14.4,4.0,0.8,0.6,498,249,2.6,0.8,15.8,13.0,2.6,1.4,498,248,-2.0,-0.8,-1.4000000000000004,-9.0,-0.7999999999999999,0,42.6,59.8,-17.199999999999996
2324|2023-09-18|nottingham-forest|burnley,2324,2023-09-18,Nottingham Forest,Burnley,1,1.4,1.4,9.0,7.0,1.4,2.4,42,20,1.0,2.8,10.6,1.0,0.2,1.0,269,133,0.3999999999999999,1.4,-1.5999999999999996,6.0,1.4,-227,37.3,,
2324|2023-09-23|brentford|everton,2324,2023-09-23,Brentford,Everton,0,1.6,1.2,14.4,6.0,1.2,1.8,81,41,0.4,1.8,13.4,1.0,0.2,1.2,499,249,1.2000000000000002,0.6000000000000001,1.0,5.0,0.6000000000000001,-418,43.5,42.6,0.8999999999999986
2324|2023-09-23|burnley|manchester-united,2324,2023-09-23,Burnley,Manchester United,0,1.0,2.8,10.6,1.0,0.2,0.0,270,136,1.2,2.0,15.8,6.0,1.2,0.6,499,249,-0.19999999999999996,-0.7999999999999998,-5.200000000000001,-5.0,-0.6,-229,,53.8,
2324|2023-09-23|crystal-palace|fulham,2324,2023-09-23,Crystal Palace,Fulham,1,1.2,1.4,15.0,7.0,1.4,2.0,385,192,1.0,2.0,9.2,7.0,1.4,1.4,271,136,0.19999999999999996,0.6000000000000001,5.800000000000001,0.0,0.6000000000000001,114,46.1,48.6,-2.5
2324|2023-09-23|luton-town|wolverhampton-wanderers,2324,2023-09-23,Luton Town,Wolverhampton Wanderers,1,0.5,2.5,10.75,0.0,0.0,,4,1,1.0,2.2,14.6,3.0,0.6,0.6,271,136,-0.5,-0.2999999999999998,-3.8499999999999996,-3.0,,-267,,50.2,
2324|2023-09-23|manchester-city|nottingham-forest,2324,2023-09-23,Manchester City,Nottingham Forest,2,2.8,0.6,19.4,15.0,3.0,3.0,499,249,1.4,1.4,10.4,7.0,1.4,1.0,43,22,1.4,0.7999999999999999,8.999999999999998,8.0,2.0,456,65.1,37.3,27.799999999999997
2324|2023-09-24|arsenal|tottenham-hotspur,2324,2023-09-24,Arsenal,Tottenham Hotspur,1,1.8,0.8,15.6,13.0,2.6,2.0,499,250,2.6,1.0,20.0,13.0,2.6,2.0,499,250,-0.8,0.19999999999999996,-4.4,0.0,0.0,0,59.8,49.9,9.899999999999999
2324|2023-09-24|brighton-and-hove-albion|afc-bournemouth,2324,2023-09-24,Brighton & Hove Albion,AFC Bournemouth,2,3.0,1.4,18.6,12.0,2.4,2.0,233,117,0.8,1.6,12.6,3.0,0.6,0.8,233,116,2.2,0.20000000000000018,6.000000000000002,9.0,1.2,0,60.4,40.1,20.299999999999997
2324|2023-09-24|chelsea|aston-villa,2324,2023-09-24,Chelsea,Aston Villa,0,1.0,1.0,16.2,5.0,1.0,1.2,499,250,2.2,2.0,14.0,9.0,1.8,0.8,385,193,-1.2000000000000002,1.0,2.1999999999999993,-4.0,0.3999999999999999,114,59.1,49.4,9.700000000000003
2324|2023-09-24|liverpool|west-ham-united,2324,2023-09-24,Liverpool,West Ham United,2,2.4,0.8,16.2,13.0,2.6,2.6,499,249,2.0,1.4,11.0,10.0,2.0,1.4,461,231,0.3999999999999999,0.5999999999999999,5.199999999999999,3.0,1.2000000000000002,38,61.0,41.7,19.299999999999997
2324|2023-09-24|sheffield-united|newcastle-united,2324,2023-09-24,Sheffield United,Newcastle United,0,1.0,1.8,8.2,1.0,0.2,0.8,81,41,1.6,1.4,13.0,6.0,1.2,1.0,461,230,-0.6000000000000001,-0.40000000000000013,-4.800000000000001,-5.0,-0.19999999999999996,-380,,52.4,
2324|2023-09-30|afc-bournemouth|arsenal,2324,2023-09-30,AFC Bournemouth,Arsenal,0,0.8,2.0,12.2,2.0,0.4,0.4,234,117,1.8,1.0,15.2,11.0,2.2,1.8,500,249,-1.0,-1.0,-3.0,-9.0,-1.4,-266,40.1,59.8,-19.699999999999996
2324|2023-09-30|aston-villa|brighton-and-hove-albion,2324,2023-09-30,Aston Villa,Brighton & Hove Albion,2,2.2,1.0,13.8,12.0,2.4,3.0,386,192,2.8,1.4,15.8,12.0,2.4,1.8,234,116,-0.5999999999999996,0.3999999999999999,-2.0,0.0,1.2,152,49.4,60.4,-11.0
2324|2023-09-30|everton|luton-town,2324,2023-09-30,Everton,Luton Town,0,1.0,1.8,13.2,4.0,0.8,0.6,500,250,0.6,2.2,12.6,1.0,0.2,0.0,5,3,0.4,0.40000000000000013,0.5999999999999996,3.0,0.6,495,42.6,,
2324|2023-09-30|manchester-united|crystal-palace,2324,2023-09-30,Manchester United,Crystal Palace,0,1.2,2.0,15.0,6.0,1.2,2.4,500,250,1.0,1.4,11.6,5.0,1.0,1.0,386,193,0.19999999999999996,-0.6000000000000001,3.4000000000000004,1.0,1.4,114,53.8,46.1,7.699999999999996
2324|2023-09-30|newcastle-united|burnley,2324,2023-09-30,Newcastle United,Burnley,2,2.2,1.2,14.0,6.0,1.2,2.0,462,231,0.8,2.6,10.6,1.0,0.2,1.2,271,134,1.4000000000000001,1.4000000000000001,3.4000000000000004,5.0,0.8,191,52.4,,
2324|2023-09-30|tottenham-hotspur|liverpool,2324,2023-09-30,Tottenham Hotspur,Liverpool,2,2.6,1.0,19.0,13.0,2.6,2.0,500,249,2.8,0.8,18.0,15.0,3.0,2.2,500,250,-0.19999999999999973,-0.19999999999999996,1.0,-2.0,-0.20000000000000018,0,49.9,61.0,-11.100000000000001
2324|2023-09-30|west-ham-united|sheffield-united,2324,2023-09-30,West Ham United,Sheffield United,2,2.0,1.8,10.0,9.0,1.8,1.8,462,230,1.0,3.2,8.4,1.0,0.2,0.6,82,40,1.0,1.4000000000000001,1.5999999999999996,8.0,1.2000000000000002,380,41.7,,
2324|2023-09-30|wolverhampton-wanderers|manchester-city,2324,2023-09-30,Wolverhampton Wanderers,Manchester City,2,1.2,2.2,10.6,4.0,0.8,1.4,272,135,2.6,0.6,17.4,15.0,3.0,2.0,500,250,-1.4000000000000001,-1.6,-6.799999999999999,-11.0,-0.6000000000000001,-228,50.2,65.1,-14.899999999999991
2324|2023-10-01|nottingham-forest|brentford,2324,2023-10-01,Nottingham Forest,Brentford,1,1.2,1.4,11.2,7.0,1.4,2.6,44,21,1.4,1.4,14.6,5.0,1.0,1.8,82,40,-0.19999999999999996,0.0,-3.4000000000000004,2.0,0.8,-38,37.3,43.5,-6.200000000000003
2324|2023-10-02|fulham|chelsea,2324,2023-10-02,Fulham,Chelsea,0,0.8,2.0,9.4,5.0,1.0,1.4,272,135,0.8,1.0,16.2,4.0,0.8,0.8,500,249,0.0,-1.0,-6.799999999999999,1.0,0.5999999999999999,-228,48.6,59.1,-10.5
2324|2023-10-03|luton-town|burnley,2324,2023-10-03,Luton Town,Burnley,0,0.8,1.6,12.6,4.0,0.8,,6,2,0.8,2.4,11.0,1.0,0.2,1.0,272,135,0.0,0.7999999999999998,1.5999999999999996,3.0,,-266,,,
2324|2023-10-07|burnley|chelsea,2324,2023-10-07,Burnley,Chelsea,0,1.0,2.0,12.0,4.0,0.8,0.0,273,137,1.0,0.4,15.0,7.0,1.4,0.8,501,250,0.0,-1.6,-3.0,-3.0,-0.8,-228,,59.1,
2324|2023-10-07|crystal-palace|nottingham-forest,2324,2023-10-07,Crystal Palace,Nottingham Forest,1,1.2,1.2,10.4,8.0,1.6,1.6,387,193,1.0,1.4,9.2,5.0,1.0,0.8,45,23,0.19999999999999996,0.19999999999999996,1.200000000000001,3.0,0.8,342,46.1,37.3,8.800000000000004
2324|2023-10-07|everton|afc-bournemouth,2324,2023-10-07,Everton,AFC Bournemouth,2,1.2,1.4,16.0,4.0,0.8,0.6,501,251,0.6,2.2,11.2,2.0,0.4,0.2,235,117,0.6,0.8000000000000003,4.800000000000001,2.0,0.39999999999999997,266,42.6,40.1,2.5
2324|2023-10-07|fulham|sheffield-united,2324,2023-10-07,Fulham,Sheffield United,2,0.8,1.8,9.4,5.0,1.0,1.4,273,136,0.8,3.2,10.2,1.0,0.2,0.6,83,41,0.0,1.4000000000000001,-0.7999999999999989,4.0,0.7999999999999999,190,48.6,,
2324|2023-10-07|luton-town|tottenham-hotspur,2324,2023-10-07,Luton Town,Tottenham Hotspur,0,1.0,1.4,14.0,4.0,0.8,0.3333333333333333,7,3,2.6,1.2,20.4,13.0,2.6,2.2,501,251,-1.6,-0.19999999999999996,-6.399999999999999,-9.0,-1.866666666666667,-494,,49.9,
2324|2023-10-07|manchester-united|brentford,2324,2023-10-07,Manchester United,Brentford,2,1.2,1.8,14.4,6.0,1.2,1.8,501,251,1.0,1.6,14.8,3.0,0.6,1.4,83,41,0.19999999999999996,-0.19999999999999996,-0.40000000000000036,3.0,0.40000000000000013,418,53.8,43.5,10.299999999999997
2324|2023-10-08|arsenal|manchester-city,2324,2023-10-08,Arsenal,Manchester City,2,2.4,1.0,15.4,11.0,2.2,2.2,501,251,2.6,1.0,19.2,12.0,2.4,1.8,501,251,-0.20000000000000018,0.0,-3.799999999999999,-1.0,0.40000000000000013,0,59.8,65.1,-5.299999999999997
2324|2023-10-08|brighton-and-hove-albion|liverpool,2324,2023-10-08,Brighton & Hove Albion,Liverpool,1,2.2,2.4,14.8,9.0,1.8,2.0,235,118,2.4,1.0,15.2,12.0,2.4,1.6,501,251,-0.19999999999999973,-1.4,-0.3999999999999986,-3.0,0.3999999999999999,-266,60.4,61.0,-0.6000000000000014
2324|2023-10-08|west-ham-united|newcastle-united,2324,2023-10-08,West Ham United,Newcastle United,1,1.8,1.6,11.6,9.0,1.8,2.4,463,231,2.6,1.0,16.6,9.0,1.8,1.0,463,231,-0.8,-0.6000000000000001,-5.000000000000002,0.0,1.4,0,41.7,52.4,-10.699999999999996
2324|2023-10-08|wolverhampton-wanderers|aston-villa,2324,2023-10-08,Wolverhampton Wanderers,Aston Villa,1,1.4,1.6,8.0,7.0,1.4,1.4,273,136,2.6,1.2,15.0,12.0,2.4,1.4,387,194,-1.2000000000000002,-0.40000000000000013,-7.0,-5.0,0.0,-114,50.2,49.4,0.8000000000000043
2324|2023-10-21|afc-bournemouth|wolverhampton-wanderers,2324,2023-10-21,AFC Bournemouth,Wolverhampton Wanderers,0,0.6,2.4,11.2,2.0,0.4,0.4,236,118,1.4,1.8,7.4,5.0,1.0,0.8,274,137,-0.7999999999999999,-0.5999999999999999,3.799999999999999,-3.0,-0.4,-38,40.1,50.2,-10.100000000000001
2324|2023-10-21|brentford|burnley,2324,2023-10-21,Brentford,Burnley,2,1.0,1.8,14.6,2.0,0.4,1.2,84,42,0.8,1.8,10.8,4.0,0.8,1.0,274,136,0.19999999999999996,0.0,3.799999999999999,-2.0,0.19999999999999996,-190,43.5,,
2324|2023-10-21|chelsea|arsenal,2324,2023-10-21,Chelsea,Arsenal,1,1.2,0.6,13.0,7.0,1.4,1.0,502,251,2.2,0.6,14.0,13.0,2.6,2.4,502,250,-1.0000000000000002,0.0,-1.0,-6.0,-1.4,0,59.1,59.8,-0.6999999999999957
2324|2023-10-21|liverpool|everton,2324,2023-10-21,Liverpool,Everton,2,2.4,1.2,16.2,10.0,2.0,2.6,502,250,1.8,1.2,18.0,7.0,1.4,1.6,502,250,0.5999999999999999,0.0,-1.8000000000000007,3.0,1.0,0,61.0,42.6,18.4
2324|2023-10-21|manchester-city|brighton-and-hove-albion,2324,2023-10-21,Manchester City,Brighton & Hove Albion,2,2.2,1.0,14.0,9.0,1.8,3.0,502,250,2.4,2.2,12.6,10.0,2.0,1.2,236,117,-0.19999999999999973,1.2000000000000002,1.4000000000000004,-1.0,1.8,266,65.1,60.4,4.699999999999996
2324|2023-10-21|newcastle-united|crystal-palace,2324,2023-10-21,Newcastle United,Crystal Palace,2,2.8,1.0,14.0,10.0,2.0,2.0,464,232,1.0,1.0,9.0,8.0,1.6,1.6,388,194,1.7999999999999998,0.0,5.0,2.0,0.3999999999999999,76,52.4,46.1,6.299999999999997
2324|2023-10-21|nottingham-forest|luton-town,2324,2023-10-21,Nottingham Forest,Luton Town,1,0.6,0.8,10.6,6.0,1.2,2.2,46,22,0.8,1.2,13.2,4.0,0.8,0.75,8,4,-0.20000000000000007,0.3999999999999999,-2.5999999999999996,2.0,1.4500000000000002,38,37.3,,
2324|2023-10-21|sheffield-united|manchester-united,2324,2023-10-21,Sheffield United,Manchester United,0,0.8,3.4,10.0,1.0,0.2,0.8,84,42,1.0,1.6,15.0,6.0,1.2,1.2,502,250,-0.19999999999999996,-1.7999999999999998,-5.0,-5.0,-0.3999999999999999,-418,,53.8,
2324|2023-10-22|aston-villa|west-ham-united,2324,2023-10-22,Aston Villa,West Ham United,2,2.2,1.2,15.4,10.0,2.0,3.0,388,193,1.6,1.8,10.2,7.0,1.4,1.4,464,232,0.6000000000000001,0.6000000000000001,5.200000000000001,3.0,1.6,-76,49.4,41.7,7.699999999999996
2324|2023-10-23|tottenham-hotspur|fulham,2324,2023-10-23,Tottenham Hotspur,Fulham,2,2.4,1.2,20.0,13.0,2.6,2.4,502,250,1.0,1.6,11.8,7.0,1.4,1.0,274,137,1.4,0.40000000000000013,8.2,6.0,1.4,228,49.9,48.6,1.2999999999999972
2324|2023-10-27|crystal-palace|tottenham-hotspur,2324,2023-10-27,Crystal Palace,Tottenham Hotspur,0,0.4,1.4,9.2,5.0,1.0,1.2,389,194,1.8,0.8,19.0,13.0,2.6,2.2,503,252,-1.4,-0.5999999999999999,-9.8,-8.0,-1.0000000000000002,-114,46.1,49.9,-3.799999999999997
2324|2023-10-28|afc-bournemouth|burnley,2324,2023-10-28,AFC Bournemouth,Burnley,2,0.4,2.4,10.2,1.0,0.2,0.4,237,119,0.6,2.2,10.0,3.0,0.6,1.0,275,137,-0.19999999999999996,-0.19999999999999973,0.1999999999999993,-2.0,-0.6,-38,40.1,,
2324|2023-10-28|arsenal|sheffield-united,2324,2023-10-28,Arsenal,Sheffield United,2,2.0,0.8,13.2,11.0,2.2,2.2,503,252,0.6,3.4,9.8,0.0,0.0,0.0,85,42,1.4,2.5999999999999996,3.3999999999999986,11.0,2.2,418,59.8,,
2324|2023-10-28|chelsea|brentford,2324,2023-10-28,Chelsea,Brentford,0,1.6,0.8,11.0,8.0,1.6,1.0,503,252,1.2,1.4,15.0,4.0,0.8,1.4,85,42,0.40000000000000013,0.5999999999999999,-4.0,4.0,-0.3999999999999999,418,59.1,43.5,15.600000000000001
2324|2023-10-28|wolverhampton-wanderers|newcastle-united,2324,2023-10-28,Wolverhampton Wanderers,Newcastle United,1,1.4,1.4,9.0,8.0,1.6,1.0,275,137,3.4,0.4,14.2,13.0,2.6,1.0,465,232,-2.0,-0.9999999999999999,-5.199999999999999,-5.0,0.0,-190,50.2,52.4,-2.1999999999999957
2324|2023-10-29|aston-villa|luton-town,2324,2023-10-29,Aston Villa,Luton Town,2,3.0,0.8,16.6,13.0,2.6,3.0,389,194,1.2,1.4,14.4,5.0,1.0,0.8,9,5,1.8,0.5999999999999999,2.200000000000001,8.0,2.2,380,49.4,,
2324|2023-10-29|brighton-and-hove-albion|fulham,2324,2023-10-29,Brighton & Hove Albion,Fulham,1,2.0,2.4,10.6,7.0,1.4,2.0,237,119,0.8,1.0,12.6,7.0,1.4,1.0,275,138,1.2,-1.4,-2.0,0.0,1.0,-38,60.4,48.6,11.799999999999997
2324|2023-10-29|liverpool|nottingham-forest,2324,2023-10-29,Liverpool,Nottingham Forest,2,2.2,1.2,18.0,10.0,2.0,2.6,503,251,0.8,1.2,13.0,4.0,0.8,0.8,47,24,1.4000000000000001,0.0,5.0,6.0,1.8,456,61.0,37.3,23.700000000000003
2324|2023-10-29|manchester-united|manchester-city,2324,2023-10-29,Manchester United,Manchester City,0,1.2,1.2,15.8,9.0,1.8,1.8,503,252,1.6,1.0,14.6,9.0,1.8,1.8,503,252,-0.40000000000000013,-0.19999999999999996,1.200000000000001,0.0,0.0,0,53.8,65.1,-11.299999999999997
2324|2023-10-29|west-ham-united|everton,2324,2023-10-29,West Ham United,Everton,0,1.4,2.4,11.2,4.0,0.8,2.0,465,232,1.4,1.2,16.0,6.0,1.2,1.0,503,251,0.0,-1.2,-4.800000000000001,-2.0,1.0,-38,41.7,42.6,-0.8999999999999986
2324|2023-11-04|brentford|west-ham-united,2324,2023-11-04,Brentford,West Ham United,2,1.6,1.2,14.2,7.0,1.4,1.2,86,43,1.2,2.0,12.4,4.0,0.8,1.4,466,233,0.40000000000000013,0.8,1.799999999999999,3.0,-0.19999999999999996,-380,43.5,41.7,1.7999999999999972
2324|2023-11-04|burnley|crystal-palace,2324,2023-11-04,Burnley,Crystal Palace,0,0.8,2.4,8.8,3.0,0.6,0.0,276,138,0.4,1.2,10.6,5.0,1.0,1.4,390,195,0.4,-1.2,-1.799999999999999,-2.0,-1.4,-114,,46.1,
2324|2023-11-04|everton|brighton-and-hove-albion,2324,2023-11-04,Everton,Brighton & Hove Albion,1,1.6,1.0,16.4,9.0,1.8,0.6,504,252,1.6,2.4,12.2,5.0,1.0,1.2,238,118,0.0,1.4,4.199999999999999,4.0,-0.6,266,42.6,60.4,-17.799999999999997
2324|2023-11-04|fulham|manchester-united,2324,2023-11-04,Fulham,Manchester United,0,0.8,1.2,12.0,5.0,1.0,1.4,276,137,1.0,1.2,14.4,9.0,1.8,1.8,504,251,-0.19999999999999996,0.0,-2.4000000000000004,-4.0,-0.40000000000000013,-228,48.6,53.8,-5.199999999999996
2324|2023-11-04|manchester-city|afc-bournemouth,2324,2023-11-04,Manchester City,AFC Bournemouth,2,1.6,0.8,13.0,9.0,1.8,3.0,504,251,0.8,2.6,10.2,3.0,0.6,0.2,238,118,0.8,1.8,2.8000000000000007,6.0,2.8,266,65.1,40.1,24.999999999999993
2324|2023-11-04|newcastle-united|arsenal,2324,2023-11-04,Newcastle United,Arsenal,2,3.6,0.8,15.0,11.0,2.2,2.4,466,233,2.8,0.8,13.2,11.0,2.2,2.0,504,251,0.8000000000000003,0.0,1.8000000000000007,0.0,0.3999999999999999,-38,52.4,59.8,-7.399999999999999
2324|2023-11-04|sheffield-united|wolverhampton-wanderers,2324,2023-11-04,Sheffield United,Wolverhampton Wanderers,2,0.4,4.0,8.8,0.0,0.0,0.2,86,43,1.6,1.2,9.0,9.0,1.8,1.4,276,138,-1.2000000000000002,-2.8,-0.1999999999999993,-9.0,-1.2,-190,,50.2,
2324|2023-11-05|luton-town|liverpool,2324,2023-11-05,Luton Town,Liverpool,1,1.2,1.8,11.8,4.0,0.8,0.25,10,4,2.2,1.0,19.0,10.0,2.0,1.6,504,252,-1.0000000000000002,-0.8,-7.199999999999999,-6.0,-1.35,-494,,61.0,
2324|2023-11-05|nottingham-forest|aston-villa,2324,2023-11-05,Nottingham Forest,Aston Villa,2,0.6,1.6,12.0,3.0,0.6,1.8,48,23,3.0,0.8,16.8,13.0,2.6,1.4,390,195,-2.4,-0.8,-4.800000000000001,-10.0,0.40000000000000013,-342,37.3,49.4,-12.100000000000001
2324|2023-11-06|tottenham-hotspur|chelsea,2324,2023-11-06,Tottenham Hotspur,Chelsea,0,1.8,0.8,15.4,13.0,2.6,2.4,504,251,1.6,1.2,11.6,7.0,1.4,1.4,504,251,0.19999999999999996,0.3999999999999999,3.8000000000000007,6.0,1.0,0,49.9,59.1,-9.200000000000003
2324|2023-11-11|afc-bournemouth|newcastle-united,2324,2023-11-11,AFC Bournemouth,Newcastle United,2,0.8,3.2,8.8,3.0,0.6,0.8,239,120,2.2,0.8,12.4,11.0,2.2,1.0,467,233,-1.4000000000000001,-2.4000000000000004,-3.5999999999999996,-8.0,-0.19999999999999996,-228,40.1,52.4,-12.299999999999997
2324|2023-11-11|arsenal|burnley,2324,2023-11-11,Arsenal,Burnley,2,2.4,0.6,13.4,10.0,2.0,2.2,505,253,0.8,2.4,10.6,3.0,0.6,0.8,277,138,1.5999999999999999,1.7999999999999998,2.8000000000000007,7.0,1.4000000000000001,228,59.8,,
2324|2023-11-11|crystal-palace|everton,2324,2023-11-11,Crystal Palace,Everton,0,0.8,1.2,10.0,7.0,1.4,1.0,391,195,1.2,1.0,14.8,7.0,1.4,1.4,505,252,-0.3999999999999999,-0.19999999999999996,-4.800000000000001,0.0,-0.3999999999999999,-114,46.1,42.6,3.5
2324|2023-11-11|manchester-united|luton-town,2324,2023-11-11,Manchester United,Luton Town,2,1.0,1.2,14.6,9.0,1.8,1.2,505,253,1.0,1.8,11.6,2.0,0.4,0.8,11,6,0.0,0.6000000000000001,3.0,7.0,0.3999999999999999,494,53.8,,
2324|2023-11-11|wolverhampton-wanderers|tottenham-hotspur,2324,2023-11-11,Wolverhampton Wanderers,Tottenham Hotspur,2,1.6,1.4,10.4,8.0,1.6,1.0,277,138,1.6,1.2,14.4,12.0,2.4,2.6,505,253,0.0,-0.19999999999999996,-4.0,-4.0,-1.6,-228,50.2,49.9,0.30000000000000426
2324|2023-11-12|aston-villa|fulham,2324,2023-11-12,Aston Villa,Fulham,2,2.8,1.2,16.4,10.0,2.0,3.0,391,195,0.8,1.4,13.6,4.0,0.8,0.6,277,139,1.9999999999999998,0.19999999999999996,2.799999999999999,6.0,2.4,114,49.4,48.6,0.7999999999999972
2324|2023-11-12|brighton-and-hove-albion|sheffield-united,2324,2023-11-12,Brighton & Hove Albion,Sheffield United,1,1.2,2.4,11.0,3.0,0.6,1.6,239,120,0.8,2.6,9.2,3.0,0.6,0.0,87,43,0.3999999999999999,0.20000000000000018,1.8000000000000007,0.0,1.6,152,60.4,,
2324|2023-11-12|chelsea|manchester-city,2324,2023-11-12,Chelsea,Manchester City,1,2.4,1.2,13.0,10.0,2.0,0.8,505,253,2.4,1.0,15.8,9.0,1.8,1.8,505,253,0.0,-0.19999999999999996,-2.8000000000000007,1.0,-1.0,0,59.1,65.1,-5.999999999999993
2324|2023-11-12|liverpool|brentford,2324,2023-11-12,Liverpool,Brentford,2,1.8,1.0,19.4,8.0,1.6,3.0,505,252,2.0,1.0,15.0,10.0,2.0,1.4,87,43,-0.19999999999999996,0.0,4.399999999999999,-2.0,1.6,418,61.0,43.5,17.5
2324|2023-11-12|west-ham-united|nottingham-forest,2324,2023-11-12,West Ham United,Nottingham Forest,2,1.4,2.0,12.6,4.0,0.8,1.4,467,233,1.0,1.2,11.0,6.0,1.2,0.8,49,25,0.3999999999999999,-0.8,1.5999999999999996,-2.0,0.5999999999999999,418,41.7,37.3,4.400000000000006
2324|2023-11-25|brentford|arsenal,2324,2023-11-25,Brentford,Arsenal,0,1.8,1.4,14.6,9.0,1.8,1.6,88,44,2.2,0.8,13.6,10.0,2.0,2.0,506,252,-0.40000000000000013,-0.5999999999999999,1.0,-1.0,-0.3999999999999999,-418,43.5,59.8,-16.299999999999997
2324|2023-11-25|burnley|west-ham-united,2324,2023-11-25,Burnley,West Ham United,0,0.6,2.8,9.4,0.0,0.0,0.0,278,139,1.6,2.4,11.8,4.0,0.8,1.2,468,234,-1.0,-0.3999999999999999,-2.4000000000000004,-4.0,-1.2,-190,,41.7,
2324|2023-11-25|luton-town|crystal-palace,2324,2023-11-25,Luton Town,Crystal Palace,2,0.8,1.6,10.0,2.0,0.4,0.4,12,5,1.0,1.8,11.0,4.0,0.8,1.4,392,196,-0.19999999999999996,0.19999999999999996,-1.0,-2.0,-0.9999999999999999,-380,,46.1,
2324|2023-11-25|manchester-city|liverpool,2324,2023-11-25,Manchester City,Liverpool,1,3.0,1.4,14.2,10.0,2.0,3.0,506,252,2.2,0.6,20.4,11.0,2.2,1.6,506,253,0.7999999999999998,-0.7999999999999999,-6.199999999999999,-1.0,1.4,0,65.1,61.0,4.099999999999994
2324|2023-11-25|newcastle-united|chelsea,2324,2023-11-25,Newcastle United,Chelsea,2,1.8,1.2,10.0,8.0,1.6,2.4,468,234,2.8,2.0,14.2,8.0,1.6,2.0,506,252,-0.9999999999999998,0.8,-4.199999999999999,0.0,0.3999999999999999,-38,52.4,59.1,-6.700000000000003
2324|2023-11-25|nottingham-forest|brighton-and-hove-albion,2324,2023-11-25,Nottingham Forest,Brighton & Hove Albion,0,1.2,1.6,11.8,5.0,1.0,1.8,50,24,1.2,1.4,11.0,4.0,0.8,1.4,240,119,0.0,-0.20000000000000018,0.8000000000000007,1.0,0.40000000000000013,-190,37.3,60.4,-23.1
2324|2023-11-25|sheffield-united|afc-bournemouth,2324,2023-11-25,Sheffield United,AFC Bournemouth,0,1.0,2.4,7.8,4.0,0.8,0.8,88,44,1.2,2.4,11.0,6.0,1.2,0.2,240,119,-0.19999999999999996,0.0,-3.2,-2.0,0.6000000000000001,-152,,40.1,
2324|2023-11-26|everton|manchester-united,2324,2023-11-26,Everton,Manchester United,0,1.6,1.0,11.8,10.0,2.0,0.8,506,253,1.2,1.0,13.8,12.0,2.4,1.8,506,252,0.40000000000000013,0.0,-2.0,-2.0,-1.0,0,42.6,53.8,-11.199999999999996
2324|2023-11-26|tottenham-hotspur|aston-villa,2324,2023-11-26,Tottenham Hotspur,Aston Villa,0,1.4,1.4,10.8,9.0,1.8,2.4,506,252,2.2,1.2,15.0,10.0,2.0,1.4,392,196,-0.8000000000000003,-0.19999999999999996,-4.199999999999999,-1.0,1.0,114,49.9,49.4,0.5
2324|2023-11-27|fulham|wolverhampton-wanderers,2324,2023-11-27,Fulham,Wolverhampton Wanderers,2,1.0,1.6,13.4,4.0,0.8,1.2,278,138,1.6,1.4,13.2,8.0,1.6,1.4,278,139,-0.6000000000000001,-0.20000000000000018,0.20000000000000107,-4.0,-0.19999999999999996,0,48.6,50.2,-1.6000000000000014
2324|2023-12-02|arsenal|wolverhampton-wanderers,2324,2023-12-02,Arsenal,Wolverhampton Wanderers,2,2.2,0.8,14.2,10.0,2.0,2.6,507,254,1.8,1.8,13.6,7.0,1.4,0.8,279,140,0.40000000000000013,1.0,0.5999999999999996,3.0,1.8,228,59.8,50.2,9.599999999999994
2324|2023-12-02|brentford|luton-town,2324,2023-12-02,Brentford,Luton Town,2,1.6,1.2,14.2,9.0,1.8,1.4,89,45,1.2,1.6,9.2,5.0,1.0,0.8,13,7,0.40000000000000013,0.40000000000000013,5.0,4.0,0.5999999999999999,76,43.5,,
2324|2023-12-02|burnley|sheffield-united,2324,2023-12-02,Burnley,Sheffield United,2,0.6,2.4,9.6,0.0,0.0,0.0,279,140,1.0,2.4,8.8,4.0,0.8,0.2,89,44,-0.4,0.0,0.7999999999999989,-4.0,-0.2,190,,,
2324|2023-12-02|newcastle-united|manchester-united,2324,2023-12-02,Newcastle United,Manchester United,2,2.2,1.0,10.8,10.0,2.0,3.0,469,235,1.4,0.8,11.4,12.0,2.4,2.4,507,253,0.8000000000000003,-0.19999999999999996,-0.5999999999999996,-2.0,0.6000000000000001,-38,52.4,53.8,-1.3999999999999986
2324|2023-12-02|nottingham-forest|everton,2324,2023-12-02,Nottingham Forest,Everton,0,1.6,2.2,12.2,4.0,0.8,1.2,51,25,1.0,1.6,11.6,7.0,1.4,2.0,507,253,0.6000000000000001,-0.6000000000000001,0.5999999999999996,-3.0,-0.8,-456,37.3,42.6,-5.300000000000004
2324|2023-12-03|afc-bournemouth|aston-villa,2324,2023-12-03,AFC Bournemouth,Aston Villa,1,1.8,2.0,13.4,9.0,1.8,1.4,241,121,2.4,1.2,14.4,12.0,2.4,1.4,393,197,-0.5999999999999999,-0.8,-1.0,-3.0,0.0,-152,40.1,49.4,-9.299999999999997
2324|2023-12-03|chelsea|brighton-and-hove-albion,2324,2023-12-03,Chelsea,Brighton & Hove Albion,2,2.2,2.6,13.8,5.0,1.0,0.4,507,254,1.4,1.4,10.4,6.0,1.2,1.4,241,120,0.8000000000000003,-1.2000000000000002,3.4000000000000004,-1.0,-0.9999999999999999,266,59.1,60.4,-1.2999999999999972
2324|2023-12-03|liverpool|fulham,2324,2023-12-03,Liverpool,Fulham,2,2.0,0.4,19.2,11.0,2.2,3.0,507,253,1.0,1.8,11.8,4.0,0.8,0.4,279,140,1.0,1.4,7.399999999999999,7.0,2.6,228,61.0,48.6,12.399999999999999
2324|2023-12-03|manchester-city|tottenham-hotspur,2324,2023-12-03,Manchester City,Tottenham Hotspur,1,3.2,1.4,16.6,11.0,2.2,2.6,507,253,1.4,1.8,11.4,6.0,1.2,2.0,507,254,1.8000000000000003,0.40000000000000013,5.200000000000001,5.0,0.6000000000000001,0,65.1,49.9,15.199999999999996
2324|2023-12-03|west-ham-united|crystal-palace,2324,2023-12-03,West Ham United,Crystal Palace,1,1.6,2.2,13.0,6.0,1.2,1.4,469,234,1.2,2.2,12.6,3.0,0.6,1.2,393,197,0.40000000000000013,0.0,0.40000000000000036,3.0,0.19999999999999996,76,41.7,46.1,-4.399999999999999
2324|2023-12-05|luton-town|arsenal,2324,2023-12-05,Luton Town,Arsenal,0,1.0,1.8,8.0,4.0,0.8,1.0,14,6,2.2,0.6,15.4,12.0,2.4,2.0,508,253,-1.2000000000000002,-1.2000000000000002,-7.4,-8.0,-1.0,-494,,59.8,
2324|2023-12-05|wolverhampton-wanderers|burnley,2324,2023-12-05,Wolverhampton Wanderers,Burnley,2,1.6,2.0,10.8,4.0,0.8,1.6,280,139,1.6,1.8,12.2,3.0,0.6,0.6,280,139,0.0,-0.19999999999999996,-1.3999999999999986,1.0,1.0,0,50.2,,
2324|2023-12-06|aston-villa|manchester-city,2324,2023-12-06,Aston Villa,Manchester City,2,2.0,1.4,13.6,10.0,2.0,3.0,394,196,3.4,1.8,18.2,9.0,1.8,1.4,508,254,-1.4,0.40000000000000013,-4.6,1.0,1.6,-114,49.4,65.1,-15.699999999999996
2324|2023-12-06|brighton-and-hove-albion|brentford,2324,2023-12-06,Brighton & Hove Albion,Brentford,2,1.6,1.6,13.0,6.0,1.2,1.8,242,121,1.6,1.4,15.0,9.0,1.8,0.8,90,44,0.0,-0.20000000000000018,-2.0,-3.0,1.0,152,60.4,43.5,16.9
2324|2023-12-06|crystal-palace|afc-bournemouth,2324,2023-12-06,Crystal Palace,AFC Bournemouth,0,1.4,1.6,11.0,4.0,0.8,1.0,394,196,2.0,2.0,15.0,10.0,2.0,0.8,242,120,-0.6000000000000001,0.3999999999999999,-4.0,-6.0,0.19999999999999996,152,46.1,40.1,6.0
2324|2023-12-06|fulham|nottingham-forest,2324,2023-12-06,Fulham,Nottingham Forest,2,1.6,2.2,11.6,4.0,0.8,1.8,280,139,1.2,2.0,11.0,3.0,0.6,0.8,52,26,0.40000000000000013,-0.20000000000000018,0.5999999999999996,1.0,1.0,228,48.6,37.3,11.300000000000004
2324|2023-12-06|manchester-united|chelsea,2324,2023-12-06,Manchester United,Chelsea,2,1.0,0.8,10.2,9.0,1.8,1.2,508,254,2.4,2.6,13.2,7.0,1.4,2.0,508,253,-1.4,1.8,-3.0,2.0,-0.8,0,53.8,59.1,-5.300000000000004
2324|2023-12-06|sheffield-united|liverpool,2324,2023-12-06,Sheffield United,Liverpool,0,0.8,3.0,7.6,4.0,0.8,0.8,90,45,2.4,1.0,19.2,11.0,2.2,1.2,508,254,-1.5999999999999999,-2.0,-11.6,-7.0,-0.3999999999999999,-418,,61.0,
2324|2023-12-07|everton|newcastle-united,2324,2023-12-07,Everton,Newcastle United,2,1.2,1.2,12.8,10.0,2.0,0.8,508,254,1.6,1.0,13.2,10.0,2.0,1.0,470,234,-0.40000000000000013,-0.19999999999999996,-0.3999999999999986,0.0,-0.19999999999999996,38,42.6,52.4,-9.799999999999997
2324|2023-12-07|tottenham-hotspur|west-ham-united,2324,2023-12-07,Tottenham Hotspur,West Ham United,0,1.6,2.4,10.0,4.0,0.8,1.8,508,253,1.6,1.6,12.0,7.0,1.4,1.2,470,235,0.0,-0.7999999999999998,-2.0,-3.0,0.6000000000000001,38,49.9,41.7,8.199999999999996
2324|2023-12-09|aston-villa|arsenal,2324,2023-12-09,Aston Villa,Arsenal,2,1.6,1.2,14.6,10.0,2.0,3.0,395,197,2.0,1.2,17.4,12.0,2.4,2.0,509,254,-0.3999999999999999,0.0,-2.799999999999999,-2.0,1.0,-114,49.4,59.8,-10.399999999999999
2324|2023-12-09|brighton-and-hove-albion|burnley,2324,2023-12-09,Brighton & Hove Albion,Burnley,1,1.8,1.6,13.0,8.0,1.6,1.8,243,122,1.4,1.6,13.4,3.0,0.6,0.6,281,140,0.40000000000000013,0.0,-0.40000000000000036,5.0,1.2000000000000002,-38,60.4,,
2324|2023-12-09|crystal-palace|liverpool,2324,2023-12-09,Crystal Palace,Liverpool,0,1.2,1.6,11.6,4.0,0.8,0.4,395,197,2.2,1.0,18.0,11.0,2.2,1.2,509,255,-1.0000000000000002,-0.6000000000000001,-6.4,-7.0,-0.7999999999999999,-114,46.1,61.0,-14.899999999999999
2324|2023-12-09|manchester-united|afc-bournemouth,2324,2023-12-09,Manchester United,AFC Bournemouth,0,1.4,0.4,14.4,12.0,2.4,1.8,509,255,2.0,1.8,14.6,10.0,2.0,1.2,243,121,-0.6000000000000001,1.4,-0.1999999999999993,2.0,0.6000000000000001,266,53.8,40.1,13.699999999999996
2324|2023-12-09|sheffield-united|brentford,2324,2023-12-09,Sheffield United,Brentford,2,0.8,2.4,8.4,4.0,0.8,0.6,91,46,1.4,1.8,15.2,6.0,1.2,0.8,91,45,-0.5999999999999999,-0.5999999999999999,-6.799999999999999,-2.0,-0.20000000000000007,0,,43.5,
2324|2023-12-09|wolverhampton-wanderers|nottingham-forest,2324,2023-12-09,Wolverhampton Wanderers,Nottingham Forest,1,1.4,1.6,10.0,6.0,1.2,2.2,281,140,1.2,2.4,10.0,3.0,0.6,0.2,53,27,0.19999999999999996,0.7999999999999998,0.0,3.0,2.0,228,50.2,37.3,12.900000000000006
2324|2023-12-10|everton|chelsea,2324,2023-12-10,Everton,Chelsea,2,1.6,1.2,15.0,10.0,2.0,1.4,509,255,2.6,2.6,12.4,7.0,1.4,1.8,509,254,-1.0,1.4000000000000001,2.5999999999999996,3.0,-0.40000000000000013,0,42.6,59.1,-16.5
2324|2023-12-10|fulham|west-ham-united,2324,2023-12-10,Fulham,West Ham United,2,2.4,2.0,12.4,6.0,1.2,1.8,281,140,2.0,1.6,11.8,10.0,2.0,1.2,471,236,0.3999999999999999,-0.3999999999999999,0.5999999999999996,-4.0,0.6000000000000001,-190,48.6,41.7,6.899999999999999
2324|2023-12-10|luton-town|manchester-city,2324,2023-12-10,Luton Town,Manchester City,0,1.4,2.0,7.8,4.0,0.8,0.8,15,7,2.8,2.0,14.4,6.0,1.2,0.8,509,255,-1.4,0.0,-6.6000000000000005,-2.0,0.0,-494,,65.1,
2324|2023-12-10|tottenham-hotspur|newcastle-united,2324,2023-12-10,Tottenham Hotspur,Newcastle United,2,1.4,2.6,12.6,1.0,0.2,1.2,509,254,1.2,1.2,13.2,9.0,1.8,1.0,471,235,0.19999999999999996,-1.4000000000000001,-0.5999999999999996,-8.0,0.19999999999999996,38,49.9,52.4,-2.5
2324|2023-12-15|nottingham-forest|tottenham-hotspur,2324,2023-12-15,Nottingham Forest,Tottenham Hotspur,0,1.0,2.6,10.6,1.0,0.2,1.0,54,26,2.0,2.0,15.6,4.0,0.8,1.6,510,255,-1.0,-0.6000000000000001,-5.0,-3.0,-0.6000000000000001,-456,37.3,49.9,-12.600000000000001
2324|2023-12-16|burnley|everton,2324,2023-12-16,Burnley,Everton,0,1.6,1.4,11.2,4.0,0.8,0.6,282,141,1.8,1.0,14.8,12.0,2.4,2.4,510,254,-0.19999999999999996,-0.3999999999999999,-3.6000000000000014,-8.0,-1.7999999999999998,-228,,42.6,
2324|2023-12-16|chelsea|sheffield-united,2324,2023-12-16,Chelsea,Sheffield United,2,1.8,2.8,12.2,4.0,0.8,1.0,510,255,0.6,2.2,8.0,4.0,0.8,0.2,92,45,1.2000000000000002,-0.5999999999999996,4.199999999999999,0.0,0.8,418,59.1,,
2324|2023-12-16|manchester-city|crystal-palace,2324,2023-12-16,Manchester City,Crystal Palace,1,2.0,2.0,13.8,6.0,1.2,2.2,510,254,1.0,2.0,12.4,1.0,0.2,1.4,396,198,1.0,0.0,1.4000000000000004,5.0,0.8000000000000003,114,65.1,46.1,18.999999999999993
2324|2023-12-16|newcastle-united|fulham,2324,2023-12-16,Newcastle United,Fulham,2,1.2,2.0,13.2,6.0,1.2,3.0,472,236,3.4,1.8,11.6,9.0,1.8,0.4,282,141,-2.2,-0.19999999999999996,1.5999999999999996,-3.0,2.6,190,52.4,48.6,3.799999999999997
2324|2023-12-17|arsenal|brighton-and-hove-albion,2324,2023-12-17,Arsenal,Brighton & Hove Albion,2,2.0,1.2,17.0,12.0,2.4,2.6,510,255,1.8,1.6,17.4,8.0,1.6,0.8,244,121,0.19999999999999996,0.40000000000000013,-0.3999999999999986,4.0,1.8,266,59.8,60.4,-0.6000000000000014
2324|2023-12-17|brentford|aston-villa,2324,2023-12-17,Brentford,Aston Villa,0,0.8,1.6,14.0,3.0,0.6,1.8,92,46,1.8,0.8,14.0,13.0,2.6,1.6,396,198,-1.0,-0.8,0.0,-10.0,0.19999999999999996,-304,43.5,49.4,-5.899999999999999
2324|2023-12-17|liverpool|manchester-united,2324,2023-12-17,Liverpool,Manchester United,1,2.4,1.0,16.0,13.0,2.6,3.0,510,254,1.2,1.0,16.0,9.0,1.8,2.4,510,254,1.2,0.0,0.0,4.0,0.6000000000000001,0,61.0,53.8,7.200000000000003
2324|2023-12-17|west-ham-united|wolverhampton-wanderers,2324,2023-12-17,West Ham United,Wolverhampton Wanderers,2,1.6,2.0,11.2,10.0,2.0,1.6,472,235,1.4,1.4,10.0,7.0,1.4,0.8,282,141,0.20000000000000018,-0.6000000000000001,1.1999999999999993,3.0,0.8,190,41.7,50.2,-8.5
2324|2023-12-21|crystal-palace|brighton-and-hove-albion,2324,2023-12-21,Crystal Palace,Brighton & Hove Albion,1,1.0,1.8,10.8,2.0,0.4,0.2,397,198,1.6,1.8,16.4,7.0,1.4,0.8,245,122,-0.6000000000000001,0.0,-5.599999999999998,-5.0,-0.6000000000000001,152,46.1,60.4,-14.299999999999997
2324|2023-12-22|aston-villa|sheffield-united,2324,2023-12-22,Aston Villa,Sheffield United,1,1.6,0.8,14.6,13.0,2.6,3.0,397,198,0.4,2.4,7.4,3.0,0.6,0.2,93,46,1.2000000000000002,1.5999999999999999,7.199999999999999,10.0,2.8,304,49.4,,
2324|2023-12-23|fulham|burnley,2324,2023-12-23,Fulham,Burnley,0,3.2,1.8,11.0,9.0,1.8,2.4,283,141,1.4,1.2,12.4,4.0,0.8,0.2,283,141,1.8000000000000003,-0.6000000000000001,-1.4000000000000004,5.0,2.1999999999999997,0,48.6,,
2324|2023-12-23|liverpool|arsenal,2324,2023-12-23,Liverpool,Arsenal,1,1.8,1.0,19.4,11.0,2.2,2.6,511,255,1.8,1.0,19.0,12.0,2.4,1.4,511,255,0.0,0.0,0.3999999999999986,-1.0,1.2000000000000002,0,61.0,59.8,1.2000000000000028
2324|2023-12-23|luton-town|newcastle-united,2324,2023-12-23,Luton Town,Newcastle United,2,1.4,2.2,7.0,3.0,0.6,0.8,16,8,1.8,1.6,17.0,9.0,1.8,0.4,473,236,-0.40000000000000013,-0.6000000000000001,-10.0,-6.0,0.4,-457,,52.4,
2324|2023-12-23|nottingham-forest|afc-bournemouth,2324,2023-12-23,Nottingham Forest,AFC Bournemouth,0,0.6,2.4,11.6,1.0,0.2,0.8,55,27,2.4,0.6,15.6,13.0,2.6,1.8,244,122,-1.7999999999999998,-1.7999999999999998,-4.0,-12.0,-1.0,-189,37.3,40.1,-2.8000000000000043
2324|2023-12-23|tottenham-hotspur|everton,2324,2023-12-23,Tottenham Hotspur,Everton,2,2.2,1.6,16.8,7.0,1.4,1.2,511,255,1.6,0.6,15.0,12.0,2.4,2.4,511,255,0.6000000000000001,-1.0,1.8000000000000007,-5.0,-1.2,0,49.9,42.6,7.299999999999997
2324|2023-12-23|west-ham-united|manchester-united,2324,2023-12-23,West Ham United,Manchester United,2,1.6,1.6,10.6,10.0,2.0,1.6,473,236,1.0,1.0,14.2,7.0,1.4,2.0,511,255,0.6000000000000001,-0.6000000000000001,-3.5999999999999996,3.0,-0.3999999999999999,-38,41.7,53.8,-12.099999999999994
2324|2023-12-24|wolverhampton-wanderers|chelsea,2324,2023-12-24,Wolverhampton Wanderers,Chelsea,2,1.0,1.8,9.4,4.0,0.8,1.8,283,141,1.4,2.0,11.8,6.0,1.2,1.2,511,255,-0.3999999999999999,0.19999999999999996,-2.4000000000000004,-2.0,0.6000000000000001,-228,50.2,59.1,-8.899999999999999
2324|2023-12-26|afc-bournemouth|fulham,2324,2023-12-26,AFC Bournemouth,Fulham,2,2.6,1.0,15.4,13.0,2.6,1.4,245,122,2.6,1.8,12.4,6.0,1.2,0.2,284,142,0.0,0.8,3.0,7.0,1.2,-39,40.1,48.6,-8.5
2324|2023-12-26|burnley|liverpool,2324,2023-12-26,Burnley,Liverpool,0,1.6,0.8,11.6,7.0,1.4,0.6,284,142,1.8,1.0,20.4,11.0,2.2,1.8,512,256,-0.19999999999999996,0.19999999999999996,-8.799999999999999,-4.0,-1.2000000000000002,-228,,61.0,
2324|2023-12-26|manchester-united|aston-villa,2324,2023-12-26,Manchester United,Aston Villa,2,0.4,1.4,14.6,4.0,0.8,1.8,512,256,1.4,0.8,14.0,11.0,2.2,1.6,398,199,-0.9999999999999999,-0.5999999999999999,0.5999999999999996,-7.0,0.19999999999999996,114,53.8,49.4,4.399999999999999
2324|2023-12-26|newcastle-united|nottingham-forest,2324,2023-12-26,Newcastle United,Nottingham Forest,0,1.0,1.6,17.2,6.0,1.2,3.0,474,237,0.6,2.4,10.2,1.0,0.2,0.4,56,28,0.4,0.7999999999999998,7.0,5.0,2.6,418,52.4,37.3,15.100000000000001
2324|2023-12-26|sheffield-united|luton-town,2324,2023-12-26,Sheffield United,Luton Town,0,0.4,2.0,6.4,4.0,0.8,1.2,94,47,1.6,2.0,8.2,6.0,1.2,0.8,17,8,-1.2000000000000002,0.0,-1.799999999999999,-2.0,0.3999999999999999,77,,,
2324|2023-12-27|brentford|wolverhampton-wanderers,2324,2023-12-27,Brentford,Wolverhampton Wanderers,0,1.0,1.4,11.6,3.0,0.6,1.8,93,47,1.0,1.4,10.2,7.0,1.4,0.6,284,142,0.0,0.0,1.4000000000000004,-4.0,1.2000000000000002,-191,43.5,50.2,-6.700000000000003
2324|2023-12-27|chelsea|crystal-palace,2324,2023-12-27,Chelsea,Crystal Palace,2,1.4,1.6,13.6,6.0,1.2,1.6,512,256,1.0,1.6,9.8,3.0,0.6,1.0,398,199,0.3999999999999999,0.0,3.799999999999999,3.0,0.6000000000000001,114,59.1,46.1,13.0
2324|2023-12-27|everton|manchester-city,2324,2023-12-27,Everton,Manchester City,0,1.8,0.4,13.8,12.0,2.4,2.0,512,256,1.6,1.6,14.6,6.0,1.2,1.4,511,256,0.19999999999999996,1.2000000000000002,-0.7999999999999989,6.0,0.6000000000000001,1,42.6,65.1,-22.499999999999993
2324|2023-12-28|arsenal|west-ham-united,2324,2023-12-28,Arsenal,West Ham United,0,1.8,1.2,18.6,10.0,2.0,3.0,512,256,1.6,1.4,10.8,10.0,2.0,1.2,474,237,0.19999999999999996,0.19999999999999996,7.800000000000001,0.0,1.8,38,59.8,41.7,18.099999999999994
2324|2023-12-28|brighton-and-hove-albion|tottenham-hotspur,2324,2023-12-28,Brighton & Hove Albion,Tottenham Hotspur,2,1.2,1.6,17.8,5.0,1.0,1.4,246,123,2.4,1.4,15.8,10.0,2.0,2.0,512,256,-1.2,-0.20000000000000018,2.0,-5.0,-0.6000000000000001,-266,60.4,49.9,10.5
2324|2023-12-30|aston-villa|burnley,2324,2023-12-30,Aston Villa,Burnley,2,1.4,1.0,13.8,10.0,2.0,2.6,399,199,0.6,1.2,9.6,4.0,0.8,0.8,285,142,0.7999999999999999,0.19999999999999996,4.200000000000001,6.0,1.8,114,49.4,,
2324|2023-12-30|crystal-palace|brentford,2324,2023-12-30,Crystal Palace,Brentford,2,1.0,1.8,10.6,2.0,0.4,0.2,399,199,1.2,2.0,12.6,3.0,0.6,0.6,94,46,-0.19999999999999996,0.19999999999999996,-2.0,-1.0,-0.39999999999999997,305,46.1,43.5,2.6000000000000014
2324|2023-12-30|luton-town|chelsea,2324,2023-12-30,Luton Town,Chelsea,0,1.8,2.2,9.0,6.0,1.2,1.4,18,9,1.2,1.4,13.8,6.0,1.2,0.6,513,256,0.6000000000000001,-0.8000000000000003,-4.800000000000001,0.0,0.7999999999999999,-495,,59.1,
2324|2023-12-30|manchester-city|sheffield-united,2324,2023-12-30,Manchester City,Sheffield United,2,2.0,1.6,16.0,8.0,1.6,1.8,512,255,0.8,1.6,9.4,4.0,0.8,0.4,95,47,1.2,0.0,6.6,4.0,1.4,417,65.1,,
2324|2023-12-30|nottingham-forest|manchester-united,2324,2023-12-30,Nottingham Forest,Manchester United,2,1.2,2.4,10.6,4.0,0.8,0.6,57,28,1.0,1.6,15.6,7.0,1.4,1.4,513,256,0.19999999999999996,-0.7999999999999998,-5.0,-3.0,-0.7999999999999999,-456,37.3,53.8,-16.5
2324|2023-12-30|wolverhampton-wanderers|everton,2324,2023-12-30,Wolverhampton Wanderers,Everton,2,1.6,1.2,11.2,10.0,2.0,2.2,285,142,1.8,1.0,12.8,9.0,1.8,2.4,513,256,-0.19999999999999996,-0.19999999999999996,-1.6000000000000014,1.0,-0.19999999999999973,-228,50.2,42.6,7.600000000000001
2324|2023-12-31|fulham|arsenal,2324,2023-12-31,Fulham,Arsenal,2,2.0,1.6,12.2,6.0,1.2,1.8,285,142,1.4,1.4,20.8,7.0,1.4,1.4,513,256,0.6000000000000001,-0.20000000000000018,-8.600000000000001,-1.0,0.40000000000000013,-228,48.6,59.8,-11.199999999999996
2324|2023-12-31|tottenham-hotspur|afc-bournemouth,2324,2023-12-31,Tottenham Hotspur,AFC Bournemouth,2,2.2,1.6,18.0,9.0,1.8,1.2,513,256,2.6,0.8,14.0,13.0,2.6,2.4,246,123,-0.3999999999999999,-0.8,4.0,-4.0,-1.2,267,49.9,40.1,9.799999999999997
2324|2024-01-01|liverpool|newcastle-united,2324,2024-01-01,Liverpool,Newcastle United,2,1.4,0.4,19.0,11.0,2.2,2.2,513,256,1.0,2.2,16.6,3.0,0.6,0.2,475,237,0.3999999999999999,1.8000000000000003,2.3999999999999986,8.0,2.0,38,61.0,52.4,8.600000000000001
2324|2024-01-02|west-ham-united|brighton-and-hove-albion,2324,2024-01-02,West Ham United,Brighton & Hove Albion,1,1.8,1.2,10.2,12.0,2.4,2.0,475,237,1.6,1.4,17.2,8.0,1.6,1.0,247,123,0.19999999999999996,0.19999999999999996,-7.0,4.0,1.0,228,41.7,60.4,-18.699999999999996
2324|2024-01-12|burnley|luton-town,2324,2024-01-12,Burnley,Luton Town,1,1.0,1.6,9.0,4.0,0.8,0.6,286,143,2.0,2.2,10.6,6.0,1.2,0.8,19,9,-1.0,0.6000000000000001,-1.5999999999999996,-2.0,-0.20000000000000007,267,,,
2324|2024-01-13|chelsea|fulham,2324,2024-01-13,Chelsea,Fulham,2,1.6,1.4,13.6,9.0,1.8,2.0,514,257,1.4,1.8,12.4,6.0,1.2,0.2,286,143,0.20000000000000018,0.40000000000000013,1.1999999999999993,3.0,1.8,228,59.1,48.6,10.5
2324|2024-01-13|newcastle-united|manchester-city,2324,2024-01-13,Newcastle United,Manchester City,0,1.4,2.4,15.0,3.0,0.6,2.4,476,238,1.8,1.0,16.0,10.0,2.0,2.0,513,257,-0.40000000000000013,-1.4,-1.0,-7.0,0.3999999999999999,-37,52.4,65.1,-12.699999999999996
2324|2024-01-14|everton|aston-villa,2324,2024-01-14,Everton,Aston Villa,1,1.2,1.6,10.6,6.0,1.2,1.4,514,257,1.8,1.4,13.2,10.0,2.0,1.4,400,200,-0.6000000000000001,-0.20000000000000018,-2.5999999999999996,-4.0,0.0,114,42.6,49.4,-6.799999999999997
2324|2024-01-14|manchester-united|tottenham-hotspur,2324,2024-01-14,Manchester United,Tottenham Hotspur,1,0.8,1.8,12.0,4.0,0.8,1.8,514,257,2.6,1.4,15.8,12.0,2.4,1.4,514,257,-1.8,-0.40000000000000013,-3.8000000000000007,-8.0,0.40000000000000013,0,53.8,49.9,3.8999999999999986
2324|2024-01-20|arsenal|crystal-palace,2324,2024-01-20,Arsenal,Crystal Palace,2,0.8,1.2,18.8,4.0,0.8,2.4,514,257,1.6,1.6,10.0,5.0,1.0,1.0,400,200,-0.8,0.40000000000000013,8.8,-1.0,1.4,114,59.8,46.1,13.699999999999996
2324|2024-01-20|brentford|nottingham-forest,2324,2024-01-20,Brentford,Nottingham Forest,2,0.8,2.4,9.0,0.0,0.0,1.2,95,48,1.6,1.6,11.4,7.0,1.4,0.8,58,29,-0.8,-0.7999999999999998,-2.4000000000000004,-7.0,0.3999999999999999,37,43.5,37.3,6.200000000000003
2324|2024-01-21|afc-bournemouth|liverpool,2324,2024-01-21,AFC Bournemouth,Liverpool,0,2.4,1.0,15.8,12.0,2.4,2.0,247,123,1.8,0.8,22.8,11.0,2.2,2.2,514,257,0.5999999999999999,-0.19999999999999996,-7.0,1.0,-0.20000000000000018,-267,40.1,61.0,-20.9
2324|2024-01-21|sheffield-united|west-ham-united,2324,2024-01-21,Sheffield United,West Ham United,1,0.8,1.6,9.0,4.0,0.8,1.2,96,48,1.4,1.0,9.2,10.0,2.0,1.8,476,238,-0.5999999999999999,-0.6000000000000001,-0.1999999999999993,-6.0,-0.6000000000000001,-380,,41.7,
2324|2024-01-22|brighton-and-hove-albion|wolverhampton-wanderers,2324,2024-01-22,Brighton & Hove Albion,Wolverhampton Wanderers,1,1.2,1.2,18.0,6.0,1.2,1.8,248,124,2.0,1.2,12.2,10.0,2.0,0.6,286,143,-0.8,0.0,5.800000000000001,-4.0,1.2000000000000002,-38,60.4,50.2,10.199999999999996
2324|2024-01-30|aston-villa|newcastle-united,2324,2024-01-30,Aston Villa,Newcastle United,0,1.6,1.4,14.4,8.0,1.6,2.6,401,200,1.6,2.2,15.6,3.0,0.6,0.0,477,238,0.0,0.8000000000000003,-1.1999999999999993,5.0,2.6,-76,49.4,52.4,-3.0
2324|2024-01-30|crystal-palace|sheffield-united,2324,2024-01-30,Crystal Palace,Sheffield United,2,1.4,2.2,10.8,5.0,1.0,0.8,401,200,1.0,2.0,11.4,2.0,0.4,0.4,97,48,0.3999999999999999,-0.20000000000000018,-0.5999999999999996,3.0,0.4,304,46.1,,
2324|2024-01-30|fulham|everton,2324,2024-01-30,Fulham,Everton,1,0.4,2.0,12.4,3.0,0.6,2.4,287,143,0.8,1.6,10.8,4.0,0.8,1.8,515,257,-0.4,-0.3999999999999999,1.5999999999999996,-1.0,0.5999999999999999,-228,48.6,42.6,6.0
2324|2024-01-30|luton-town|brighton-and-hove-albion,2324,2024-01-30,Luton Town,Brighton & Hove Albion,2,1.6,1.6,12.2,7.0,1.4,1.2,20,10,1.0,1.0,14.4,6.0,1.2,1.0,249,124,0.6000000000000001,-0.6000000000000001,-2.200000000000001,1.0,0.19999999999999996,-229,,60.4,
2324|2024-01-30|nottingham-forest|arsenal,2324,2024-01-30,Nottingham Forest,Arsenal,0,1.8,2.0,12.2,6.0,1.2,0.6,59,29,1.8,1.0,20.6,7.0,1.4,1.4,515,257,0.0,-1.0,-8.400000000000002,-1.0,-0.7999999999999999,-456,37.3,59.8,-22.5
2324|2024-01-31|liverpool|chelsea,2324,2024-01-31,Liverpool,Chelsea,2,2.2,0.6,22.8,11.0,2.2,2.2,515,257,1.8,1.0,13.8,12.0,2.4,0.6,515,257,0.40000000000000013,0.4,9.0,-1.0,1.6,0,61.0,59.1,1.8999999999999986
2324|2024-01-31|manchester-city|burnley,2324,2024-01-31,Manchester City,Burnley,2,2.4,1.2,21.0,13.0,2.6,1.8,514,256,1.0,1.6,10.4,4.0,0.8,0.8,287,143,1.4,0.40000000000000013,10.6,9.0,1.0,227,65.1,,
2324|2024-01-31|tottenham-hotspur|brentford,2324,2024-01-31,Tottenham Hotspur,Brentford,2,2.2,1.6,14.4,10.0,2.0,1.8,515,257,1.2,2.4,9.6,3.0,0.6,0.6,96,47,1.0000000000000002,0.7999999999999998,4.800000000000001,7.0,1.2000000000000002,419,49.9,43.5,6.399999999999999
2324|2024-02-01|west-ham-united|afc-bournemouth,2324,2024-02-01,West Ham United,AFC Bournemouth,1,1.8,0.4,10.6,11.0,2.2,2.2,477,238,2.0,1.8,15.8,9.0,1.8,2.4,248,124,-0.19999999999999996,1.4,-5.200000000000001,2.0,-0.19999999999999973,229,41.7,40.1,1.6000000000000014
2324|2024-02-01|wolverhampton-wanderers|manchester-united,2324,2024-02-01,Wolverhampton Wanderers,Manchester United,0,1.8,1.0,11.8,10.0,2.0,2.6,287,143,1.2,1.6,9.8,5.0,1.0,0.8,515,257,0.6000000000000001,0.6000000000000001,2.0,5.0,1.8,-228,50.2,53.8,-3.5999999999999943
2324|2024-02-03|brighton-and-hove-albion|crystal-palace,2324,2024-02-03,Brighton & Hove Albion,Crystal Palace,2,1.0,1.4,15.0,6.0,1.2,1.8,250,125,1.6,2.2,12.2,7.0,1.4,0.4,402,201,-0.6000000000000001,0.8000000000000003,2.8000000000000007,-1.0,1.4,-152,60.4,46.1,14.299999999999997
2324|2024-02-03|burnley|fulham,2324,2024-02-03,Burnley,Fulham,1,1.2,1.8,9.2,4.0,0.8,0.8,288,144,0.4,1.4,16.2,4.0,0.8,0.0,288,144,0.7999999999999999,-0.40000000000000013,-7.0,0.0,0.8,0,,48.6,
2324|2024-02-03|everton|tottenham-hotspur,2324,2024-02-03,Everton,Tottenham Hotspur,1,0.4,1.6,13.2,2.0,0.4,1.4,516,258,2.4,2.0,15.8,10.0,2.0,1.0,516,258,-2.0,0.3999999999999999,-2.6000000000000014,-8.0,0.3999999999999999,0,42.6,49.9,-7.299999999999997
2324|2024-02-03|newcastle-united|luton-town,2324,2024-02-03,Newcastle United,Luton Town,1,1.6,2.4,13.0,3.0,0.6,1.8,478,239,2.2,1.2,15.0,10.0,2.0,0.8,21,10,-0.6000000000000001,-1.2,-2.0,-7.0,1.0,457,52.4,,
2324|2024-02-03|sheffield-united|aston-villa,2324,2024-02-03,Sheffield United,Aston Villa,0,1.4,2.2,12.0,2.0,0.4,0.8,98,49,1.4,1.8,13.8,5.0,1.0,1.6,402,201,0.0,-0.40000000000000013,-1.8000000000000007,-3.0,-0.8,-304,,49.4,
2324|2024-02-04|afc-bournemouth|nottingham-forest,2324,2024-02-04,AFC Bournemouth,Nottingham Forest,1,1.6,2.0,15.6,7.0,1.4,2.0,249,124,2.0,2.0,11.0,6.0,1.2,0.8,60,30,-0.3999999999999999,0.0,4.6,1.0,1.2,189,40.1,37.3,2.8000000000000043
2324|2024-02-04|arsenal|liverpool,2324,2024-02-04,Arsenal,Liverpool,2,1.8,1.2,19.2,7.0,1.4,2.4,516,258,3.0,0.8,21.6,13.0,2.6,2.6,516,258,-1.2,-0.3999999999999999,-2.400000000000002,-6.0,-0.20000000000000018,0,59.8,61.0,-1.2000000000000028
2324|2024-02-04|chelsea|wolverhampton-wanderers,2324,2024-02-04,Chelsea,Wolverhampton Wanderers,0,1.6,1.8,11.6,9.0,1.8,2.6,516,258,2.4,1.2,12.2,10.0,2.0,0.8,288,144,-0.7999999999999998,-0.6000000000000001,-0.5999999999999996,-1.0,1.8,228,59.1,50.2,8.899999999999999
2324|2024-02-04|manchester-united|west-ham-united,2324,2024-02-04,Manchester United,West Ham United,2,2.0,2.2,12.8,7.0,1.4,2.0,516,258,1.4,0.6,9.8,9.0,1.8,2.0,478,239,0.6000000000000001,-1.6,3.0,-2.0,0.0,38,53.8,41.7,12.099999999999994
2324|2024-02-05|brentford|manchester-city,2324,2024-02-05,Brentford,Manchester City,0,1.6,2.8,9.4,3.0,0.6,1.2,97,49,2.6,1.2,20.2,13.0,2.6,2.0,515,258,-1.0,-1.5999999999999999,-10.799999999999999,-10.0,-0.8,-418,43.5,65.1,-21.599999999999994
2324|2024-02-10|fulham|afc-bournemouth,2324,2024-02-10,Fulham,AFC Bournemouth,2,0.8,1.4,15.4,5.0,1.0,2.0,289,144,1.2,1.8,13.8,5.0,1.0,2.0,250,125,-0.3999999999999999,0.40000000000000013,1.5999999999999996,0.0,0.0,39,48.6,40.1,8.5
2324|2024-02-10|liverpool|burnley,2324,2024-02-10,Liverpool,Burnley,2,3.0,1.2,21.0,12.0,2.4,2.2,517,258,1.2,2.2,10.2,2.0,0.4,0.8,289,144,1.8,1.0000000000000002,10.8,10.0,1.4000000000000001,228,61.0,,
2324|2024-02-10|luton-town|sheffield-united,2324,2024-02-10,Luton Town,Sheffield United,0,2.8,2.0,14.0,8.0,1.6,1.2,22,11,1.2,3.0,13.0,1.0,0.2,0.2,99,49,1.5999999999999999,1.0,1.0,7.0,1.0,-77,,,
2324|2024-02-10|manchester-city|everton,2324,2024-02-10,Manchester City,Everton,2,2.8,1.0,21.4,15.0,3.0,1.8,516,257,0.6,1.6,12.4,3.0,0.6,1.4,517,258,2.1999999999999997,0.6000000000000001,8.999999999999998,12.0,0.40000000000000013,-1,65.1,42.6,22.499999999999993
2324|2024-02-10|nottingham-forest|newcastle-united,2324,2024-02-10,Nottingham Forest,Newcastle United,0,1.8,1.6,10.4,7.0,1.4,0.6,61,30,2.4,3.0,13.8,4.0,0.8,0.6,479,239,-0.5999999999999999,1.4,-3.4000000000000004,3.0,0.0,-418,37.3,52.4,-15.100000000000001
2324|2024-02-10|tottenham-hotspur|brighton-and-hove-albion,2324,2024-02-10,Tottenham Hotspur,Brighton & Hove Albion,2,2.4,2.2,15.0,8.0,1.6,2.4,517,258,1.6,1.4,14.0,8.0,1.6,0.4,251,125,0.7999999999999998,-0.8000000000000003,1.0,0.0,2.0,266,49.9,60.4,-10.5
2324|2024-02-10|wolverhampton-wanderers|brentford,2324,2024-02-10,Wolverhampton Wanderers,Brentford,0,2.8,1.4,12.2,10.0,2.0,2.0,289,144,1.6,3.0,10.4,3.0,0.6,0.0,98,48,1.1999999999999997,1.6,1.799999999999999,7.0,2.0,191,50.2,43.5,6.700000000000003
2324|2024-02-11|aston-villa|manchester-united,2324,2024-02-11,Aston Villa,Manchester United,0,2.2,1.6,14.2,7.0,1.4,2.0,403,201,2.6,1.8,13.0,10.0,2.0,0.8,517,258,-0.3999999999999999,0.19999999999999996,1.1999999999999993,-3.0,1.2,-114,49.4,53.8,-4.399999999999999
2324|2024-02-11|west-ham-united|arsenal,2324,2024-02-11,West Ham United,Arsenal,0,1.0,1.2,11.8,6.0,1.2,1.8,479,239,2.2,1.2,19.6,9.0,1.8,1.4,517,258,-1.2000000000000002,0.0,-7.800000000000001,-3.0,0.40000000000000013,-38,41.7,59.8,-18.099999999999994
2324|2024-02-12|crystal-palace|chelsea,2324,2024-02-12,Crystal Palace,Chelsea,0,1.6,2.8,11.4,6.0,1.2,1.4,403,201,1.8,2.2,11.4,9.0,1.8,0.6,517,258,-0.19999999999999996,-0.5999999999999996,0.0,-3.0,0.7999999999999999,-114,46.1,59.1,-13.0
2324|2024-02-17|brentford|liverpool,2324,2024-02-17,Brentford,Liverpool,0,1.8,2.2,9.4,6.0,1.2,1.2,99,50,3.2,1.4,22.2,12.0,2.4,2.4,518,259,-1.4000000000000001,-0.8000000000000003,-12.799999999999999,-6.0,-1.2,-419,43.5,61.0,-17.5
2324|2024-02-17|burnley|arsenal,2324,2024-02-17,Burnley,Arsenal,0,1.4,2.4,10.2,2.0,0.4,1.0,290,145,3.4,0.8,18.6,12.0,2.4,1.4,518,259,-2.0,-1.5999999999999999,-8.400000000000002,-10.0,-0.3999999999999999,-228,,59.8,
2324|2024-02-17|fulham|aston-villa,2324,2024-02-17,Fulham,Aston Villa,0,1.4,1.0,15.2,8.0,1.6,2.0,290,145,2.0,1.4,16.8,7.0,1.4,1.6,404,202,-0.6000000000000001,0.3999999999999999,-1.6000000000000014,1.0,0.3999999999999999,-114,48.6,49.4,-0.7999999999999972
2324|2024-02-17|manchester-city|chelsea,2324,2024-02-17,Manchester City,Chelsea,1,2.6,0.8,20.6,15.0,3.0,2.2,517,258,2.0,2.2,12.4,9.0,1.8,1.2,518,259,0.6000000000000001,1.4000000000000001,8.200000000000001,6.0,1.0000000000000002,-1,65.1,59.1,5.999999999999993
2324|2024-02-17|newcastle-united|afc-bournemouth,2324,2024-02-17,Newcastle United,AFC Bournemouth,1,2.8,2.8,11.4,7.0,1.4,1.4,480,240,0.8,2.4,15.6,2.0,0.4,1.4,251,126,1.9999999999999998,-0.3999999999999999,-4.199999999999999,5.0,0.0,229,52.4,40.1,12.299999999999997
2324|2024-02-17|nottingham-forest|west-ham-united,2324,2024-02-17,Nottingham Forest,West Ham United,2,1.6,2.0,10.0,4.0,0.8,0.6,62,31,0.6,2.4,11.6,3.0,0.6,1.4,480,240,1.0,0.3999999999999999,-1.5999999999999996,1.0,-0.7999999999999999,-418,37.3,41.7,-4.400000000000006
2324|2024-02-17|tottenham-hotspur|wolverhampton-wanderers,2324,2024-02-17,Tottenham Hotspur,Wolverhampton Wanderers,0,2.4,1.6,14.4,11.0,2.2,3.0,518,259,2.0,1.6,13.4,7.0,1.4,1.4,290,145,0.3999999999999999,0.0,1.0,4.0,1.6,228,49.9,50.2,-0.30000000000000426
2324|2024-02-18|luton-town|manchester-united,2324,2024-02-18,Luton Town,Manchester United,0,2.4,2.2,15.6,5.0,1.0,1.2,23,12,2.4,1.6,13.8,10.0,2.0,1.4,518,259,0.0,-0.6000000000000001,1.799999999999999,-5.0,-0.19999999999999996,-495,,53.8,
2324|2024-02-18|sheffield-united|brighton-and-hove-albion,2324,2024-02-18,Sheffield United,Brighton & Hove Albion,0,1.4,2.6,10.2,4.0,0.8,0.8,100,50,1.0,1.4,12.2,5.0,1.0,0.4,252,126,0.3999999999999999,-1.2000000000000002,-2.0,-1.0,0.4,-152,,60.4,
2324|2024-02-19|everton|crystal-palace,2324,2024-02-19,Everton,Crystal Palace,1,0.4,1.4,12.0,3.0,0.6,1.6,518,259,1.6,3.0,11.4,6.0,1.2,0.4,404,202,-1.2000000000000002,1.6,0.5999999999999996,-3.0,1.2000000000000002,114,42.6,46.1,-3.5
2324|2024-02-20|manchester-city|brentford,2324,2024-02-20,Manchester City,Brentford,2,2.4,1.0,23.2,13.0,2.6,2.2,518,259,1.8,2.4,10.6,6.0,1.2,0.6,100,49,0.5999999999999999,1.4,12.6,7.0,1.6,418,65.1,43.5,21.599999999999994
2324|2024-02-21|liverpool|luton-town,2324,2024-02-21,Liverpool,Luton Town,2,3.2,1.2,18.4,12.0,2.4,2.2,519,259,2.2,2.0,17.0,5.0,1.0,1.0,24,11,1.0,0.8,1.3999999999999986,7.0,1.2000000000000002,495,61.0,,
2324|2024-02-24|afc-bournemouth|manchester-city,2324,2024-02-24,AFC Bournemouth,Manchester City,0,1.0,2.2,13.2,3.0,0.6,1.6,252,125,2.0,0.6,22.8,13.0,2.6,2.4,519,259,-1.0,-1.6,-9.600000000000001,-10.0,-0.7999999999999998,-267,40.1,65.1,-24.999999999999993
2324|2024-02-24|arsenal|newcastle-united,2324,2024-02-24,Arsenal,Newcastle United,2,4.2,0.4,19.2,15.0,3.0,2.4,519,259,2.8,2.4,13.8,8.0,1.6,1.2,481,240,1.4000000000000004,2.0,5.399999999999999,7.0,1.2,38,59.8,52.4,7.399999999999999
2324|2024-02-24|aston-villa|nottingham-forest,2324,2024-02-24,Aston Villa,Nottingham Forest,2,1.8,1.2,15.4,7.0,1.4,1.4,405,202,1.6,1.8,12.2,4.0,0.8,1.0,63,31,0.19999999999999996,0.6000000000000001,3.200000000000001,3.0,0.3999999999999999,342,49.4,37.3,12.100000000000001
2324|2024-02-24|brighton-and-hove-albion|everton,2324,2024-02-24,Brighton & Hove Albion,Everton,1,2.0,1.4,12.6,7.0,1.4,2.2,253,126,0.6,1.0,13.8,4.0,0.8,0.8,519,259,1.4,-0.3999999999999999,-1.200000000000001,3.0,1.4000000000000001,-266,60.4,42.6,17.799999999999997
2324|2024-02-24|crystal-palace|burnley,2324,2024-02-24,Crystal Palace,Burnley,2,1.2,3.0,10.8,4.0,0.8,1.4,405,202,1.0,2.8,10.0,2.0,0.4,0.8,291,145,0.19999999999999996,-0.20000000000000018,0.8000000000000007,2.0,0.5999999999999999,114,46.1,,
2324|2024-02-24|manchester-united|fulham,2324,2024-02-24,Manchester United,Fulham,0,2.6,1.4,16.0,13.0,2.6,2.0,519,259,1.2,1.2,15.2,5.0,1.0,0.2,291,145,1.4000000000000001,-0.19999999999999996,0.8000000000000007,8.0,1.8,228,53.8,48.6,5.199999999999996
2324|2024-02-25|wolverhampton-wanderers|sheffield-united,2324,2024-02-25,Wolverhampton Wanderers,Sheffield United,2,1.8,1.8,13.4,7.0,1.4,1.4,291,145,1.4,3.2,10.6,4.0,0.8,0.8,101,50,0.40000000000000013,1.4000000000000001,2.8000000000000007,3.0,0.5999999999999999,190,50.2,,
2324|2024-02-26|west-ham-united|brentford,2324,2024-02-26,West Ham United,Brentford,2,0.6,2.8,12.4,2.0,0.4,1.6,481,240,1.2,2.2,9.6,3.0,0.6,0.6,101,50,-0.6,-0.5999999999999996,2.8000000000000007,-1.0,1.0,380,41.7,43.5,-1.7999999999999972
2324|2024-03-02|brentford|chelsea,2324,2024-03-02,Brentford,Chelsea,1,1.2,2.4,10.6,3.0,0.6,0.6,102,51,1.6,2.0,11.8,7.0,1.4,1.4,519,260,-0.40000000000000013,-0.3999999999999999,-1.200000000000001,-4.0,-0.7999999999999999,-417,43.5,59.1,-15.600000000000001
2324|2024-03-02|everton|west-ham-united,2324,2024-03-02,Everton,West Ham United,0,0.8,1.2,13.0,4.0,0.8,1.2,520,260,1.0,2.8,12.6,4.0,0.8,0.8,482,241,-0.19999999999999996,1.5999999999999999,0.40000000000000036,0.0,0.3999999999999999,38,42.6,41.7,0.8999999999999986
2324|2024-03-02|fulham|brighton-and-hove-albion,2324,2024-03-02,Fulham,Brighton & Hove Albion,2,1.6,1.2,15.8,8.0,1.6,1.4,292,146,2.2,1.6,15.0,7.0,1.4,1.0,254,127,-0.6000000000000001,0.40000000000000013,0.8000000000000007,1.0,0.3999999999999999,38,48.6,60.4,-11.799999999999997
2324|2024-03-02|luton-town|aston-villa,2324,2024-03-02,Luton Town,Aston Villa,0,2.2,2.6,16.6,4.0,0.8,1.2,25,13,2.6,1.6,15.4,9.0,1.8,2.0,406,203,-0.3999999999999999,-1.0,1.200000000000001,-5.0,-0.8,-381,,49.4,
2324|2024-03-02|newcastle-united|wolverhampton-wanderers,2324,2024-03-02,Newcastle United,Wolverhampton Wanderers,2,2.6,2.6,12.0,8.0,1.6,1.0,482,241,2.0,1.8,14.4,9.0,1.8,2.0,292,146,0.6000000000000001,-0.8,-2.4000000000000004,-1.0,-1.0,190,52.4,50.2,2.1999999999999957
2324|2024-03-02|nottingham-forest|liverpool,2324,2024-03-02,Nottingham Forest,Liverpool,0,1.6,2.0,11.8,4.0,0.8,1.2,64,32,3.2,1.4,21.4,12.0,2.4,2.4,520,260,-1.6,-0.6000000000000001,-9.599999999999998,-8.0,-1.2,-456,37.3,61.0,-23.700000000000003
2324|2024-03-02|tottenham-hotspur|crystal-palace,2324,2024-03-02,Tottenham Hotspur,Crystal Palace,2,2.0,1.8,15.0,8.0,1.6,2.4,519,260,1.8,2.0,11.4,7.0,1.4,0.4,406,203,0.19999999999999996,0.19999999999999996,3.5999999999999996,1.0,2.0,113,49.9,46.1,3.799999999999997
2324|2024-03-03|burnley|afc-bournemouth,2324,2024-03-03,Burnley,AFC Bournemouth,0,0.8,3.2,7.8,1.0,0.2,0.4,292,146,1.0,1.6,13.6,3.0,0.6,1.0,253,127,-0.19999999999999996,-1.6,-5.8,-2.0,-0.6,39,,40.1,
2324|2024-03-03|manchester-city|manchester-united,2324,2024-03-03,Manchester City,Manchester United,2,1.6,0.4,23.0,13.0,2.6,2.6,520,260,2.4,1.4,18.4,12.0,2.4,1.8,520,260,-0.7999999999999998,0.9999999999999999,4.600000000000001,1.0,0.8,0,65.1,53.8,11.299999999999997
2324|2024-03-04|sheffield-united|arsenal,2324,2024-03-04,Sheffield United,Arsenal,0,1.0,3.0,8.8,3.0,0.6,0.8,102,51,4.0,0.6,18.6,15.0,3.0,2.0,520,260,-3.0,-2.4,-9.8,-12.0,-1.2,-418,,59.8,
2324|2024-03-09|afc-bournemouth|sheffield-united,2324,2024-03-09,AFC Bournemouth,Sheffield United,1,1.2,1.4,13.8,5.0,1.0,1.0,254,126,0.6,3.6,7.8,3.0,0.6,0.8,103,51,0.6,2.2,6.000000000000001,2.0,0.19999999999999996,151,40.1,,
2324|2024-03-09|arsenal|brentford,2324,2024-03-09,Arsenal,Brentford,2,4.8,0.4,19.2,15.0,3.0,2.4,521,260,1.4,2.2,11.6,4.0,0.8,0.6,103,51,3.4,1.8000000000000003,7.6,11.0,1.7999999999999998,418,59.8,43.5,16.299999999999997
2324|2024-03-09|crystal-palace|luton-town,2324,2024-03-09,Crystal Palace,Luton Town,1,1.4,2.2,9.8,4.0,0.8,2.0,407,203,1.8,3.2,15.6,1.0,0.2,1.0,26,12,-0.40000000000000013,1.0,-5.799999999999999,3.0,1.0,381,46.1,,
2324|2024-03-09|manchester-united|everton,2324,2024-03-09,Manchester United,Everton,2,1.8,1.4,14.8,9.0,1.8,1.4,521,260,1.0,1.8,13.2,3.0,0.6,0.4,521,260,0.8,0.40000000000000013,1.6000000000000014,6.0,0.9999999999999999,0,53.8,42.6,11.199999999999996
2324|2024-03-09|wolverhampton-wanderers|fulham,2324,2024-03-09,Wolverhampton Wanderers,Fulham,2,1.4,1.6,13.6,9.0,1.8,1.8,293,146,2.2,1.2,13.2,10.0,2.0,0.8,293,146,-0.8000000000000003,-0.40000000000000013,0.40000000000000036,-1.0,1.0,0,50.2,48.6,1.6000000000000014
2324|2024-03-10|aston-villa|tottenham-hotspur,2324,2024-03-10,Aston Villa,Tottenham Hotspur,0,3.0,1.4,15.4,12.0,2.4,1.4,407,203,2.2,1.6,14.6,10.0,2.0,1.2,520,259,0.7999999999999998,0.20000000000000018,0.8000000000000007,2.0,0.19999999999999996,-113,49.4,49.9,-0.5
2324|2024-03-10|brighton-and-hove-albion|nottingham-forest,2324,2024-03-10,Brighton & Hove Albion,Nottingham Forest,2,2.2,1.4,16.2,7.0,1.4,1.8,255,127,1.4,1.8,11.6,4.0,0.8,1.0,65,32,0.8000000000000003,0.40000000000000013,4.6,3.0,0.8,190,60.4,37.3,23.1
2324|2024-03-10|liverpool|manchester-city,2324,2024-03-10,Liverpool,Manchester City,1,2.6,1.2,20.2,12.0,2.4,2.6,521,260,1.6,0.4,23.4,13.0,2.6,3.0,521,260,1.0,-0.7999999999999999,-3.1999999999999993,-1.0,-0.3999999999999999,0,61.0,65.1,-4.099999999999994
2324|2024-03-10|west-ham-united|burnley,2324,2024-03-10,West Ham United,Burnley,1,1.4,2.8,13.2,6.0,1.2,1.6,483,241,0.6,3.0,10.2,1.0,0.2,0.6,293,146,0.7999999999999999,0.20000000000000018,3.0,5.0,1.0,190,41.7,,
2324|2024-03-11|chelsea|newcastle-united,2324,2024-03-11,Chelsea,Newcastle United,2,1.8,2.4,11.8,5.0,1.0,2.4,520,259,2.6,2.4,12.0,8.0,1.6,1.2,483,241,-0.8,0.0,-0.1999999999999993,-3.0,1.2,37,59.1,52.4,6.700000000000003
2324|2024-03-13|afc-bournemouth|luton-town,2324,2024-03-13,AFC Bournemouth,Luton Town,2,1.4,1.6,18.4,5.0,1.0,1.0,255,127,1.2,2.6,15.0,1.0,0.2,1.2,27,13,0.19999999999999996,1.0,3.3999999999999986,4.0,-0.19999999999999996,228,40.1,,
2324|2024-03-16|burnley|brentford,2324,2024-03-16,Burnley,Brentford,2,0.6,3.0,10.0,1.0,0.2,0.4,294,147,1.2,2.6,11.6,1.0,0.2,0.6,104,52,-0.6,-0.3999999999999999,-1.5999999999999996,0.0,-0.19999999999999996,190,,43.5,
2324|2024-03-16|fulham|tottenham-hotspur,2324,2024-03-16,Fulham,Tottenham Hotspur,2,2.0,1.2,14.8,9.0,1.8,2.0,294,147,2.4,1.2,12.6,10.0,2.0,1.6,521,260,-0.3999999999999999,0.0,2.200000000000001,-1.0,0.3999999999999999,-227,48.6,49.9,-1.2999999999999972
2324|2024-03-16|luton-town|nottingham-forest,2324,2024-03-16,Luton Town,Nottingham Forest,1,1.6,2.8,12.6,1.0,0.2,0.6,28,14,1.2,1.8,11.8,3.0,0.6,0.8,66,33,0.40000000000000013,-0.9999999999999998,0.7999999999999989,-2.0,-0.20000000000000007,-38,,37.3,
2324|2024-03-17|west-ham-united|aston-villa,2324,2024-03-17,West Ham United,Aston Villa,1,1.8,2.6,13.2,7.0,1.4,1.2,484,242,2.0,2.2,14.6,9.0,1.8,2.0,408,204,-0.19999999999999996,-0.3999999999999999,-1.4000000000000004,-2.0,-0.8,76,41.7,49.4,-7.699999999999996
2324|2024-03-30|afc-bournemouth|everton,2324,2024-03-30,AFC Bournemouth,Everton,2,2.0,1.6,18.2,8.0,1.6,1.0,256,128,0.6,1.8,15.0,2.0,0.4,0.4,522,261,1.4,0.19999999999999996,3.1999999999999993,6.0,0.6,-266,40.1,42.6,-2.5
2324|2024-03-30|aston-villa|wolverhampton-wanderers,2324,2024-03-30,Aston Villa,Wolverhampton Wanderers,2,2.0,2.0,12.6,10.0,2.0,1.2,409,204,1.0,1.4,12.4,9.0,1.8,2.0,294,147,1.0,-0.6000000000000001,0.1999999999999993,1.0,-0.8,115,49.4,50.2,-0.8000000000000043
2324|2024-03-30|brentford|manchester-united,2324,2024-03-30,Brentford,Manchester United,1,1.2,2.2,10.4,1.0,0.2,0.8,105,52,1.6,1.4,15.4,9.0,1.8,1.8,522,261,-0.40000000000000013,-0.8000000000000003,-5.0,-8.0,-1.0,-417,43.5,53.8,-10.299999999999997
2324|2024-03-30|chelsea|burnley,2324,2024-03-30,Chelsea,Burnley,1,2.2,2.0,13.4,8.0,1.6,2.4,521,260,0.8,2.6,11.6,4.0,0.8,0.2,295,147,1.4000000000000001,0.6000000000000001,1.8000000000000007,4.0,2.1999999999999997,226,59.1,,
2324|2024-03-30|newcastle-united|west-ham-united,2324,2024-03-30,Newcastle United,West Ham United,2,2.2,2.2,10.4,7.0,1.4,1.0,484,242,2.0,1.6,14.8,8.0,1.6,1.4,485,242,0.20000000000000018,-0.6000000000000001,-4.4,-1.0,-0.3999999999999999,-1,52.4,41.7,10.699999999999996
2324|2024-03-30|nottingham-forest|crystal-palace,2324,2024-03-30,Nottingham Forest,Crystal Palace,1,1.0,1.4,12.4,4.0,0.8,1.2,67,33,1.4,1.6,12.6,5.0,1.0,0.2,408,204,-0.3999999999999999,0.20000000000000018,-0.1999999999999993,-1.0,1.0,-341,37.3,46.1,-8.800000000000004
2324|2024-03-30|sheffield-united|fulham,2324,2024-03-30,Sheffield United,Fulham,1,1.0,3.0,8.4,4.0,0.8,0.2,104,52,2.0,1.0,16.6,9.0,1.8,0.8,295,147,-1.0,-2.0,-8.200000000000001,-5.0,-0.6000000000000001,-191,,48.6,
2324|2024-03-30|tottenham-hotspur|luton-town,2324,2024-03-30,Tottenham Hotspur,Luton Town,2,2.0,1.4,13.6,9.0,1.8,2.4,522,261,1.6,2.6,10.2,2.0,0.4,0.6,29,14,0.3999999999999999,1.2000000000000002,3.4000000000000004,7.0,1.7999999999999998,493,49.9,,
2324|2024-03-31|liverpool|brighton-and-hove-albion,2324,2024-03-31,Liverpool,Brighton & Hove Albion,2,2.6,0.8,22.0,13.0,2.6,2.6,522,261,1.6,1.2,15.6,7.0,1.4,0.8,256,128,1.0,0.3999999999999999,6.4,6.0,1.8,266,61.0,60.4,0.6000000000000014
2324|2024-03-31|manchester-city|arsenal,2324,2024-03-31,Manchester City,Arsenal,1,1.4,0.6,21.6,11.0,2.2,2.6,522,261,4.6,0.4,19.6,15.0,3.0,2.4,522,261,-3.1999999999999997,-0.19999999999999996,2.0,-4.0,0.20000000000000018,0,65.1,59.8,5.299999999999997
2324|2024-04-02|afc-bournemouth|crystal-palace,2324,2024-04-02,AFC Bournemouth,Crystal Palace,2,2.0,1.4,18.0,10.0,2.0,1.6,257,129,1.4,1.2,12.0,6.0,1.2,0.4,409,205,0.6000000000000001,-0.19999999999999996,6.0,4.0,1.2000000000000002,-152,40.1,46.1,-6.0
2324|2024-04-02|burnley|wolverhampton-wanderers,2324,2024-04-02,Burnley,Wolverhampton Wanderers,1,1.2,2.0,13.6,5.0,1.0,1.0,296,148,1.0,1.4,11.6,9.0,1.8,1.4,295,148,0.19999999999999996,-0.6000000000000001,2.0,-4.0,-0.3999999999999999,1,,50.2,
2324|2024-04-02|newcastle-united|everton,2324,2024-04-02,Newcastle United,Everton,1,2.4,2.4,13.8,7.0,1.4,1.6,485,243,0.8,1.8,15.4,2.0,0.4,0.4,523,262,1.5999999999999999,-0.5999999999999999,-1.5999999999999996,5.0,1.2000000000000002,-38,52.4,42.6,9.799999999999997
2324|2024-04-02|nottingham-forest|fulham,2324,2024-04-02,Nottingham Forest,Fulham,2,0.8,1.6,11.0,2.0,0.4,0.8,68,34,2.4,1.2,18.4,10.0,2.0,1.0,296,148,-1.5999999999999999,-0.40000000000000013,-7.399999999999999,-8.0,-0.19999999999999996,-228,37.3,48.6,-11.300000000000004
2324|2024-04-02|west-ham-united|tottenham-hotspur,2324,2024-04-02,West Ham United,Tottenham Hotspur,1,2.6,2.0,14.8,8.0,1.6,1.2,486,243,2.0,1.4,13.8,9.0,1.8,1.0,523,261,0.6000000000000001,-0.6000000000000001,1.0,-1.0,0.19999999999999996,-37,41.7,49.9,-8.199999999999996
2324|2024-04-03|arsenal|luton-town,2324,2024-04-03,Arsenal,Luton Town,2,3.4,0.4,15.8,13.0,2.6,2.4,523,261,1.6,2.2,9.2,2.0,0.4,0.4,30,15,1.7999999999999998,1.8000000000000003,6.600000000000001,11.0,2.0,493,59.8,,
2324|2024-04-03|brentford|brighton-and-hove-albion,2324,2024-04-03,Brentford,Brighton & Hove Albion,1,1.4,2.2,15.4,2.0,0.4,1.0,106,53,1.6,1.2,16.2,7.0,1.4,0.6,257,129,-0.20000000000000018,-1.0000000000000002,-0.7999999999999989,-5.0,0.4,-151,43.5,60.4,-16.9
2324|2024-04-03|manchester-city|aston-villa,2324,2024-04-03,Manchester City,Aston Villa,2,1.2,0.4,17.8,11.0,2.2,2.2,523,262,2.0,1.8,12.4,10.0,2.0,2.2,410,205,-0.8,1.4,5.4,1.0,0.0,113,65.1,49.4,15.699999999999996
2324|2024-04-04|chelsea|manchester-united,2324,2024-04-04,Chelsea,Manchester United,2,2.2,1.6,17.0,9.0,1.8,2.0,522,261,1.4,1.4,14.2,7.0,1.4,2.0,523,262,0.8000000000000003,-0.20000000000000018,2.8000000000000007,2.0,0.0,-1,59.1,53.8,5.300000000000004
2324|2024-04-04|liverpool|sheffield-united,2324,2024-04-04,Liverpool,Sheffield United,2,2.4,0.8,23.0,13.0,2.6,2.6,523,262,1.0,3.4,8.6,2.0,0.4,0.8,105,52,1.4,2.5999999999999996,14.4,11.0,1.8,418,61.0,,
2324|2024-04-06|aston-villa|brentford,2324,2024-04-06,Aston Villa,Brentford,1,1.4,2.2,10.8,7.0,1.4,1.2,411,205,1.0,1.4,13.6,3.0,0.6,0.6,107,53,0.3999999999999999,-0.8000000000000003,-2.799999999999999,4.0,0.6,304,49.4,43.5,5.899999999999999
2324|2024-04-06|brighton-and-hove-albion|arsenal,2324,2024-04-06,Brighton & Hove Albion,Arsenal,0,0.6,1.2,16.2,5.0,1.0,2.2,258,128,2.8,0.4,15.2,13.0,2.6,2.6,524,262,-2.1999999999999997,-0.7999999999999999,1.0,-8.0,-0.3999999999999999,-266,60.4,59.8,0.6000000000000014
2324|2024-04-06|crystal-palace|manchester-city,2324,2024-04-06,Crystal Palace,Manchester City,0,1.2,1.2,10.6,5.0,1.0,2.0,410,204,1.8,0.6,17.8,11.0,2.2,2.6,524,261,-0.6000000000000001,-0.6,-7.200000000000001,-6.0,-0.6000000000000001,-114,46.1,65.1,-18.999999999999993
2324|2024-04-06|everton|burnley,2324,2024-04-06,Everton,Burnley,2,0.8,1.8,13.6,2.0,0.4,0.6,524,261,1.4,1.6,15.8,6.0,1.2,0.4,297,148,-0.5999999999999999,-0.19999999999999996,-2.200000000000001,-4.0,0.19999999999999996,227,42.6,,
2324|2024-04-06|fulham|newcastle-united,2324,2024-04-06,Fulham,Newcastle United,0,2.2,1.6,18.6,7.0,1.4,2.0,297,148,2.2,2.2,14.0,7.0,1.4,1.2,486,242,0.0,0.6000000000000001,4.600000000000001,0.0,0.8,-189,48.6,52.4,-3.799999999999997
2324|2024-04-06|luton-town|afc-bournemouth,2324,2024-04-06,Luton Town,AFC Bournemouth,2,1.2,2.0,7.6,2.0,0.4,0.8,31,15,2.2,1.2,17.6,13.0,2.6,1.0,258,128,-1.0000000000000002,-0.8,-10.000000000000002,-11.0,-0.19999999999999996,-227,,40.1,
2324|2024-04-06|wolverhampton-wanderers|west-ham-united,2324,2024-04-06,Wolverhampton Wanderers,West Ham United,0,0.8,1.4,10.8,7.0,1.4,1.8,296,147,2.0,1.8,13.6,6.0,1.2,0.8,487,243,-1.2,0.40000000000000013,-2.799999999999999,1.0,1.0,-191,50.2,41.7,8.5
2324|2024-04-07|manchester-united|liverpool,2324,2024-04-07,Manchester United,Liverpool,1,1.6,2.0,13.8,4.0,0.8,2.0,524,261,2.2,0.8,25.8,13.0,2.6,2.4,524,261,-0.6000000000000001,-1.2,-12.0,-9.0,-0.3999999999999999,0,53.8,61.0,-7.200000000000003
2324|2024-04-07|sheffield-united|chelsea,2324,2024-04-07,Sheffield United,Chelsea,1,1.2,3.0,9.0,2.0,0.4,0.4,106,53,2.4,2.0,19.8,9.0,1.8,1.6,523,261,-1.2,-1.0,-10.8,-7.0,-1.2000000000000002,-417,,59.1,
2324|2024-04-07|tottenham-hotspur|nottingham-forest,2324,2024-04-07,Tottenham Hotspur,Nottingham Forest,2,2.0,1.2,13.4,10.0,2.0,2.4,524,262,1.0,1.0,12.2,5.0,1.0,0.4,69,34,1.0,-0.19999999999999996,1.200000000000001,5.0,2.0,455,49.9,37.3,12.600000000000001
2324|2024-04-13|afc-bournemouth|manchester-united,2324,2024-04-13,AFC Bournemouth,Manchester United,1,2.0,1.6,17.2,10.0,2.0,2.0,259,130,1.8,2.0,11.4,5.0,1.0,1.4,525,263,0.19999999999999996,0.3999999999999999,5.799999999999999,5.0,0.6000000000000001,-266,40.1,53.8,-13.699999999999996
2324|2024-04-13|brentford|sheffield-united,2324,2024-04-13,Brentford,Sheffield United,2,1.2,1.6,12.4,3.0,0.6,0.6,108,54,1.6,3.2,8.8,3.0,0.6,0.8,107,53,-0.40000000000000013,1.6,3.5999999999999996,0.0,-0.20000000000000007,1,43.5,,
2324|2024-04-13|burnley|brighton-and-hove-albion,2324,2024-04-13,Burnley,Brighton & Hove Albion,1,1.4,1.4,13.0,6.0,1.2,1.0,298,149,0.4,1.6,13.6,4.0,0.8,0.8,259,130,0.9999999999999999,0.20000000000000018,-0.5999999999999996,2.0,0.19999999999999996,39,,60.4,
2324|2024-04-13|manchester-city|luton-town,2324,2024-04-13,Manchester City,Luton Town,2,2.4,1.0,18.4,11.0,2.2,2.2,525,263,1.4,2.0,9.8,4.0,0.8,0.2,32,16,1.0,1.0,8.599999999999998,7.0,2.0,493,65.1,,
2324|2024-04-13|newcastle-united|tottenham-hotspur,2324,2024-04-13,Newcastle United,Tottenham Hotspur,2,2.2,1.4,15.8,10.0,2.0,1.8,487,244,2.0,1.2,14.0,10.0,2.0,1.2,525,262,0.20000000000000018,-0.19999999999999996,1.8000000000000007,0.0,0.6000000000000001,-38,52.4,49.9,2.5
2324|2024-04-13|nottingham-forest|wolverhampton-wanderers,2324,2024-04-13,Nottingham Forest,Wolverhampton Wanderers,1,1.2,1.4,13.2,5.0,1.0,1.4,70,35,0.8,1.8,11.0,4.0,0.8,1.4,297,149,0.3999999999999999,0.40000000000000013,2.1999999999999993,1.0,0.0,-227,37.3,50.2,-12.900000000000006
2324|2024-04-14|arsenal|aston-villa,2324,2024-04-14,Arsenal,Aston Villa,0,2.6,0.2,15.6,13.0,2.6,3.0,525,262,1.4,2.4,10.6,5.0,1.0,2.0,412,206,1.2000000000000002,2.1999999999999997,5.0,8.0,1.0,113,59.8,49.4,10.399999999999999
2324|2024-04-14|liverpool|crystal-palace,2324,2024-04-14,Liverpool,Crystal Palace,0,1.8,1.0,25.6,11.0,2.2,2.6,525,263,1.0,2.0,9.0,2.0,0.4,0.4,411,206,0.8,1.0,16.6,9.0,2.2,114,61.0,46.1,14.899999999999999
2324|2024-04-14|west-ham-united|fulham,2324,2024-04-14,West Ham United,Fulham,0,1.8,1.8,13.4,6.0,1.2,1.2,488,244,1.6,1.8,19.0,4.0,0.8,1.0,298,149,0.19999999999999996,0.0,-5.6,2.0,0.19999999999999996,190,41.7,48.6,-6.899999999999999
2324|2024-04-15|chelsea|everton,2324,2024-04-15,Chelsea,Everton,2,2.6,2.2,19.2,9.0,1.8,2.0,524,262,0.8,1.6,14.8,4.0,0.8,0.4,525,263,1.8,-0.6000000000000001,4.399999999999999,5.0,1.6,-1,59.1,42.6,16.5
2324|2024-04-20|luton-town|brentford,2324,2024-04-20,Luton Town,Brentford,0,1.0,2.2,9.0,4.0,0.8,0.8,33,16,1.4,1.2,12.4,6.0,1.2,0.2,109,54,-0.3999999999999999,-1.0000000000000002,-3.4000000000000004,-2.0,0.6000000000000001,-76,,43.5,
2324|2024-04-20|sheffield-united|burnley,2324,2024-04-20,Sheffield United,Burnley,0,1.6,2.4,9.6,3.0,0.6,0.4,108,54,1.2,1.2,13.0,6.0,1.2,0.4,299,149,0.40000000000000013,-1.2,-3.4000000000000004,-3.0,0.0,-191,,,
2324|2024-04-20|wolverhampton-wanderers|arsenal,2324,2024-04-20,Wolverhampton Wanderers,Arsenal,0,1.2,1.6,10.8,5.0,1.0,1.2,298,148,1.4,0.6,14.8,10.0,2.0,2.6,526,263,-0.19999999999999996,-1.0,-4.0,-5.0,-1.4000000000000001,-228,50.2,59.8,-9.599999999999994
2324|2024-04-21|aston-villa|afc-bournemouth,2324,2024-04-21,Aston Villa,AFC Bournemouth,2,1.8,1.6,10.8,8.0,1.6,1.4,413,206,2.0,1.6,14.8,10.0,2.0,1.0,260,129,-0.19999999999999996,0.0,-4.0,-2.0,0.3999999999999999,153,49.4,40.1,9.299999999999997
2324|2024-04-21|crystal-palace|west-ham-united,2324,2024-04-21,Crystal Palace,West Ham United,2,1.0,1.4,9.8,5.0,1.0,1.4,412,205,1.4,1.8,12.0,5.0,1.0,1.2,489,244,-0.3999999999999999,0.40000000000000013,-2.1999999999999993,0.0,0.19999999999999996,-77,46.1,41.7,4.399999999999999
2324|2024-04-21|everton|nottingham-forest,2324,2024-04-21,Everton,Nottingham Forest,2,0.6,2.2,12.4,4.0,0.8,1.2,526,262,1.6,1.6,15.0,6.0,1.2,0.4,71,35,-1.0,-0.6000000000000001,-2.5999999999999996,-2.0,0.7999999999999999,455,42.6,37.3,5.300000000000004
2324|2024-04-21|fulham|liverpool,2324,2024-04-21,Fulham,Liverpool,0,1.8,1.4,18.0,7.0,1.4,1.8,299,149,1.6,1.2,25.4,8.0,1.6,2.0,526,262,0.19999999999999996,-0.19999999999999996,-7.399999999999999,-1.0,-0.19999999999999996,-227,48.6,61.0,-12.399999999999999
2324|2024-04-23|arsenal|chelsea,2324,2024-04-23,Arsenal,Chelsea,2,1.4,0.4,16.2,10.0,2.0,2.4,527,263,3.4,1.8,18.6,11.0,2.2,1.2,525,262,-2.0,1.4,-2.400000000000002,-1.0,1.2,2,59.8,59.1,0.6999999999999957
2324|2024-04-24|crystal-palace|newcastle-united,2324,2024-04-24,Crystal Palace,Newcastle United,2,1.8,1.6,9.2,7.0,1.4,1.4,413,206,2.4,1.4,16.6,10.0,2.0,1.8,488,243,-0.5999999999999999,-0.20000000000000018,-7.400000000000002,-3.0,-0.40000000000000013,-75,46.1,52.4,-6.299999999999997
2324|2024-04-24|everton|liverpool,2324,2024-04-24,Everton,Liverpool,2,1.0,1.8,9.2,7.0,1.4,1.6,527,263,2.0,1.2,24.4,10.0,2.0,2.0,527,263,-1.0,-0.6000000000000001,-15.2,-3.0,-0.3999999999999999,0,42.6,61.0,-18.4
2324|2024-04-24|manchester-united|sheffield-united,2324,2024-04-24,Manchester United,Sheffield United,2,2.0,1.8,12.4,6.0,1.2,1.6,526,262,1.4,2.8,10.6,2.0,0.4,0.8,109,54,0.6000000000000001,0.9999999999999998,1.8000000000000007,4.0,0.8,417,53.8,,
2324|2024-04-24|wolverhampton-wanderers|afc-bournemouth,2324,2024-04-24,Wolverhampton Wanderers,AFC Bournemouth,0,0.8,1.8,10.2,2.0,0.4,1.2,299,149,1.4,1.6,12.8,7.0,1.4,0.8,261,130,-0.5999999999999999,-0.19999999999999996,-2.6000000000000014,-5.0,0.3999999999999999,38,50.2,40.1,10.100000000000001
2324|2024-04-25|brighton-and-hove-albion|manchester-city,2324,2024-04-25,Brighton & Hove Albion,Manchester City,0,0.6,1.2,14.6,5.0,1.0,1.6,260,129,2.8,1.0,19.6,11.0,2.2,2.6,526,262,-2.1999999999999997,-0.19999999999999996,-5.000000000000002,-6.0,-1.0,-266,60.4,65.1,-4.699999999999996
2324|2024-04-27|aston-villa|chelsea,2324,2024-04-27,Aston Villa,Chelsea,1,2.2,1.6,11.0,10.0,2.0,2.0,414,207,2.8,2.4,17.6,8.0,1.6,1.2,526,263,-0.5999999999999996,0.7999999999999998,-6.600000000000001,2.0,0.8,-112,49.4,59.1,-9.700000000000003
2324|2024-04-27|everton|brentford,2324,2024-04-27,Everton,Brentford,2,1.2,1.4,11.0,10.0,2.0,2.0,528,264,2.2,1.0,14.8,9.0,1.8,0.8,110,55,-1.0000000000000002,-0.3999999999999999,-3.8000000000000007,1.0,1.2,418,42.6,43.5,-0.8999999999999986
2324|2024-04-27|fulham|crystal-palace,2324,2024-04-27,Fulham,Crystal Palace,1,1.4,2.0,17.2,4.0,0.8,1.2,300,150,2.0,1.4,11.2,9.0,1.8,1.0,414,207,-0.6000000000000001,-0.6000000000000001,6.0,-5.0,0.19999999999999996,-114,48.6,46.1,2.5
2324|2024-04-27|manchester-united|burnley,2324,2024-04-27,Manchester United,Burnley,1,2.4,2.2,14.4,6.0,1.2,2.0,527,263,1.6,1.2,12.8,6.0,1.2,1.0,300,150,0.7999999999999998,-1.0000000000000002,1.5999999999999996,0.0,1.0,227,53.8,,
2324|2024-04-27|newcastle-united|sheffield-united,2324,2024-04-27,Newcastle United,Sheffield United,2,2.0,1.2,15.8,10.0,2.0,2.2,489,245,1.2,3.0,11.0,1.0,0.2,0.2,110,55,0.8,1.8,4.800000000000001,9.0,2.0,379,52.4,,
2324|2024-04-27|west-ham-united|liverpool,2324,2024-04-27,West Ham United,Liverpool,1,1.6,2.6,10.2,4.0,0.8,1.2,490,245,1.6,1.4,23.0,7.0,1.4,2.0,528,264,0.0,-1.2000000000000002,-12.8,-3.0,-0.8,-38,41.7,61.0,-19.299999999999997
2324|2024-04-27|wolverhampton-wanderers|luton-town,2324,2024-04-27,Wolverhampton Wanderers,Luton Town,2,0.8,1.6,10.6,2.0,0.4,1.2,300,150,1.0,3.0,8.2,3.0,0.6,0.2,34,17,-0.19999999999999996,1.4,2.4000000000000004,-1.0,1.0,266,50.2,,
2324|2024-04-28|afc-bournemouth|brighton-and-hove-albion,2324,2024-04-28,AFC Bournemouth,Brighton & Hove Albion,2,1.2,1.4,14.8,7.0,1.4,2.2,262,131,0.4,2.0,14.0,2.0,0.4,1.0,261,131,0.7999999999999999,0.6000000000000001,0.8000000000000007,5.0,1.2000000000000002,1,40.1,60.4,-20.299999999999997
2324|2024-04-28|nottingham-forest|manchester-city,2324,2024-04-28,Nottingham Forest,Manchester City,0,1.4,1.8,13.4,5.0,1.0,1.6,72,36,3.4,0.8,20.4,13.0,2.6,2.6,527,263,-2.0,-1.0,-6.999999999999998,-8.0,-1.0,-455,37.3,65.1,-27.799999999999997
2324|2024-04-28|tottenham-hotspur|arsenal,2324,2024-04-28,Tottenham Hotspur,Arsenal,0,1.2,2.0,14.4,7.0,1.4,2.4,526,263,2.4,0.4,20.4,12.0,2.4,2.6,528,264,-1.2,-1.6,-5.999999999999998,-5.0,-0.20000000000000018,-2,49.9,59.8,-9.899999999999999
2324|2024-05-02|chelsea|tottenham-hotspur,2324,2024-05-02,Chelsea,Tottenham Hotspur,2,2.8,2.4,15.2,8.0,1.6,2.0,527,263,1.6,2.0,14.4,7.0,1.4,1.0,527,263,1.1999999999999997,-0.3999999999999999,0.7999999999999989,1.0,1.0,0,59.1,49.9,9.200000000000003
2324|2024-05-03|luton-town|everton,2324,2024-05-03,Luton Town,Everton,1,1.0,3.0,8.6,3.0,0.6,0.8,35,17,1.2,1.2,12.6,12.0,2.4,0.4,529,264,-0.19999999999999996,-1.8,-4.0,-9.0,0.4,-494,,42.6,
2324|2024-05-04|arsenal|afc-bournemouth,2324,2024-05-04,Arsenal,AFC Bournemouth,2,2.6,0.8,19.6,12.0,2.4,2.4,529,264,1.6,1.4,15.6,7.0,1.4,1.4,263,131,1.0,0.5999999999999999,4.000000000000002,5.0,1.0,266,59.8,40.1,19.699999999999996
2324|2024-05-04|brentford|fulham,2324,2024-05-04,Brentford,Fulham,1,2.0,1.0,10.6,8.0,1.6,1.2,111,55,1.0,1.6,14.2,4.0,0.8,1.4,301,150,1.0,0.6000000000000001,-3.5999999999999996,4.0,-0.19999999999999996,-190,43.5,48.6,-5.100000000000001
2324|2024-05-04|burnley|newcastle-united,2324,2024-05-04,Burnley,Newcastle United,0,1.4,1.0,12.4,6.0,1.2,1.0,301,150,2.2,0.8,15.0,10.0,2.0,1.2,490,244,-0.8000000000000003,-0.19999999999999996,-2.5999999999999996,-4.0,-0.19999999999999996,-189,,52.4,
2324|2024-05-04|manchester-city|wolverhampton-wanderers,2324,2024-05-04,Manchester City,Wolverhampton Wanderers,2,3.8,0.8,20.2,15.0,3.0,2.6,528,264,1.0,1.6,11.6,4.0,0.8,1.0,301,150,2.8,0.8,8.6,11.0,1.6,227,65.1,50.2,14.899999999999991
2324|2024-05-04|sheffield-united|nottingham-forest,2324,2024-05-04,Sheffield United,Nottingham Forest,0,1.2,3.4,12.4,1.0,0.2,0.4,111,55,1.2,2.0,13.8,4.0,0.8,0.2,73,36,0.0,-1.4,-1.4000000000000004,-3.0,0.2,38,,37.3,
2324|2024-05-05|brighton-and-hove-albion|aston-villa,2324,2024-05-05,Brighton & Hove Albion,Aston Villa,2,0.2,2.2,14.8,2.0,0.4,1.4,262,130,2.2,2.0,10.6,8.0,1.6,2.0,415,207,-2.0,-0.20000000000000018,4.200000000000001,-6.0,-0.6000000000000001,-153,60.4,49.4,11.0
2324|2024-05-05|chelsea|west-ham-united,2324,2024-05-05,Chelsea,West Ham United,2,2.4,1.8,12.8,8.0,1.6,2.6,528,264,1.4,2.2,10.4,5.0,1.0,1.2,491,245,1.0,0.40000000000000013,2.4000000000000004,3.0,1.4000000000000001,37,59.1,41.7,17.4
2324|2024-05-05|liverpool|tottenham-hotspur,2324,2024-05-05,Liverpool,Tottenham Hotspur,2,1.4,1.6,22.8,5.0,1.0,2.0,529,264,1.2,2.2,14.8,4.0,0.8,0.8,528,264,0.19999999999999996,0.6000000000000001,8.0,1.0,1.2,1,61.0,49.9,11.100000000000001
2324|2024-05-06|crystal-palace|manchester-united,2324,2024-05-06,Crystal Palace,Manchester United,2,2.2,1.4,13.4,10.0,2.0,2.0,415,207,2.4,2.2,17.6,6.0,1.2,1.0,528,264,-0.19999999999999973,0.8000000000000003,-4.200000000000001,4.0,1.0,-113,46.1,53.8,-7.699999999999996
2324|2024-05-11|afc-bournemouth|brentford,2324,2024-05-11,AFC Bournemouth,Brentford,0,1.4,1.6,15.4,7.0,1.4,2.6,264,132,2.0,1.0,11.0,8.0,1.6,0.8,112,56,-0.6000000000000001,-0.6000000000000001,4.4,-1.0,1.8,152,40.1,43.5,-3.3999999999999986
2324|2024-05-11|everton|sheffield-united,2324,2024-05-11,Everton,Sheffield United,2,1.2,1.4,12.2,10.0,2.0,2.4,530,265,1.0,3.6,13.6,0.0,0.0,0.2,112,56,0.19999999999999996,2.2,-1.4000000000000004,10.0,2.1999999999999997,418,42.6,,
2324|2024-05-11|fulham|manchester-city,2324,2024-05-11,Fulham,Manchester City,0,0.8,1.0,13.6,5.0,1.0,1.4,302,151,4.0,0.8,19.2,15.0,3.0,2.6,529,264,-3.2,-0.19999999999999996,-5.6,-10.0,-1.2000000000000002,-227,48.6,65.1,-16.499999999999993
2324|2024-05-11|newcastle-united|brighton-and-hove-albion,2324,2024-05-11,Newcastle United,Brighton & Hove Albion,1,2.8,0.8,16.0,12.0,2.4,2.6,491,246,0.4,2.2,13.0,4.0,0.8,0.4,263,132,2.4,1.4000000000000001,3.0,8.0,2.2,228,52.4,60.4,-8.0
2324|2024-05-11|nottingham-forest|chelsea,2324,2024-05-11,Nottingham Forest,Chelsea,0,1.2,2.0,13.6,4.0,0.8,1.0,74,37,3.0,1.4,16.6,10.0,2.0,0.8,529,264,-1.8,-0.6000000000000001,-3.0000000000000018,-6.0,0.19999999999999996,-455,37.3,59.1,-21.800000000000004
2324|2024-05-11|tottenham-hotspur|burnley,2324,2024-05-11,Tottenham Hotspur,Burnley,2,1.4,2.8,14.4,3.0,0.6,1.8,529,264,1.4,1.6,13.2,5.0,1.0,1.2,302,151,0.0,-1.1999999999999997,1.200000000000001,-2.0,0.6000000000000001,227,49.9,,
2324|2024-05-11|west-ham-united|luton-town,2324,2024-05-11,West Ham United,Luton Town,2,1.2,3.0,10.8,4.0,0.8,0.8,492,246,1.2,2.8,11.2,4.0,0.8,0.0,36,18,0.0,-0.20000000000000018,-0.3999999999999986,0.0,0.8,456,41.7,,
2324|2024-05-11|wolverhampton-wanderers|crystal-palace,2324,2024-05-11,Wolverhampton Wanderers,Crystal Palace,0,1.0,2.2,9.2,4.0,0.8,1.2,302,151,2.6,0.6,15.6,13.0,2.6,1.0,416,208,-1.6,-1.6,-6.4,-9.0,0.19999999999999996,-114,50.2,46.1,4.100000000000001
2324|2024-05-12|manchester-united|arsenal,2324,2024-05-12,Manchester United,Arsenal,0,1.8,2.2,15.2,6.0,1.2,1.6,529,264,2.6,0.8,20.6,12.0,2.4,2.6,530,265,-0.8,-1.4000000000000001,-5.400000000000002,-6.0,-1.0,-1,53.8,59.8,-6.0
2324|2024-05-13|aston-villa|liverpool,2324,2024-05-13,Aston Villa,Liverpool,1,2.0,1.4,9.4,8.0,1.6,1.6,416,208,1.8,1.6,22.2,7.0,1.4,1.6,530,265,0.19999999999999996,0.20000000000000018,-12.799999999999999,1.0,0.0,-114,49.4,61.0,-11.600000000000001
2324|2024-05-14|tottenham-hotspur|manchester-city,2324,2024-05-14,Tottenham Hotspur,Manchester City,0,1.2,2.8,15.2,3.0,0.6,2.4,530,265,4.0,0.4,18.8,15.0,3.0,2.6,530,265,-2.8,-2.4,-3.6000000000000014,-12.0,-0.20000000000000018,0,49.9,65.1,-15.199999999999996
2324|2024-05-15|brighton-and-hove-albion|chelsea,2324,2024-05-15,Brighton & Hove Albion,Chelsea,0,0.6,1.8,14.0,5.0,1.0,1.4,264,131,2.4,1.8,16.2,10.0,2.0,1.2,530,265,-1.7999999999999998,0.0,-2.1999999999999993,-5.0,0.19999999999999996,-266,60.4,59.1,1.2999999999999972
2324|2024-05-15|manchester-united|newcastle-united,2324,2024-05-15,Manchester United,Newcastle United,2,1.4,2.0,16.2,5.0,1.0,1.6,530,265,2.8,1.0,17.2,10.0,2.0,1.2,492,245,-1.4,-1.0,-1.0,-5.0,0.40000000000000013,38,53.8,52.4,1.3999999999999986
2324|2024-05-19|arsenal|everton,2324,2024-05-19,Arsenal,Everton,2,2.8,0.4,19.2,15.0,3.0,2.4,531,265,1.4,0.2,13.2,13.0,2.6,0.4,531,265,1.4,-0.2,6.0,2.0,2.0,0,59.8,42.6,17.199999999999996
2324|2024-05-19|brentford|newcastle-united,2324,2024-05-19,Brentford,Newcastle United,0,1.8,0.6,11.6,10.0,2.0,1.4,113,56,2.4,1.6,17.8,7.0,1.4,1.2,493,246,-0.5999999999999999,1.0,-6.200000000000001,3.0,0.19999999999999996,-380,43.5,52.4,-8.899999999999999
2324|2024-05-19|brighton-and-hove-albion|manchester-united,2324,2024-05-19,Brighton & Hove Albion,Manchester United,0,0.6,2.0,12.4,4.0,0.8,1.2,265,132,1.6,2.0,18.0,7.0,1.4,0.4,531,265,-1.0,0.0,-5.6,-3.0,0.7999999999999999,-266,60.4,53.8,6.600000000000001
2324|2024-05-19|burnley|nottingham-forest,2324,2024-05-19,Burnley,Nottingham Forest,0,1.6,1.8,13.4,5.0,1.0,1.0,303,151,1.4,2.0,15.0,4.0,0.8,0.8,75,37,0.20000000000000018,0.19999999999999996,-1.5999999999999996,1.0,0.19999999999999996,228,,37.3,
2324|2024-05-19|chelsea|afc-bournemouth,2324,2024-05-19,Chelsea,AFC Bournemouth,2,2.8,1.0,17.4,13.0,2.6,2.6,531,265,1.2,1.6,14.0,6.0,1.2,1.2,265,132,1.5999999999999999,0.6000000000000001,3.3999999999999986,7.0,1.4000000000000001,266,59.1,40.1,19.0
2324|2024-05-19|crystal-palace|aston-villa,2324,2024-05-19,Crystal Palace,Aston Villa,2,3.0,0.8,16.6,13.0,2.6,2.0,417,208,2.0,1.4,11.0,8.0,1.6,1.4,417,208,1.0,0.5999999999999999,5.600000000000001,5.0,0.6000000000000001,0,46.1,49.4,-3.299999999999997
2324|2024-05-19|liverpool|wolverhampton-wanderers,2324,2024-05-19,Liverpool,Wolverhampton Wanderers,2,2.4,2.0,20.8,8.0,1.6,2.0,531,265,0.8,2.4,9.6,3.0,0.6,0.4,303,151,1.5999999999999999,0.3999999999999999,11.200000000000001,5.0,1.6,228,61.0,50.2,10.799999999999997
2324|2024-05-19|luton-town|fulham,2324,2024-05-19,Luton Town,Fulham,0,1.0,3.2,8.2,1.0,0.2,1.0,37,18,0.8,1.6,11.0,5.0,1.0,1.0,303,151,0.19999999999999996,-1.6,-2.8000000000000007,-4.0,0.0,-266,,48.6,
2324|2024-05-19|manchester-city|west-ham-united,2324,2024-05-19,Manchester City,West Ham United,2,3.4,0.2,13.8,15.0,3.0,2.6,531,265,1.4,3.0,13.4,4.0,0.8,1.2,493,246,2.0,2.8,0.40000000000000036,11.0,1.4000000000000001,38,65.1,41.7,23.39999999999999
2324|2024-05-19|sheffield-united|tottenham-hotspur,2324,2024-05-19,Sheffield United,Tottenham Hotspur,0,1.0,3.4,14.6,0.0,0.0,0.4,113,56,1.2,2.4,15.0,3.0,0.6,0.2,531,265,-0.19999999999999996,-1.0,-0.40000000000000036,-3.0,0.2,-418,,49.9,
2425|2024-08-16|manchester-united|fulham,2425,2024-08-16,Manchester United,Fulham,2,1.2,1.6,15.2,7.0,1.4,1.6,532,266,1.2,2.0,10.4,5.0,1.0,1.6,304,152,0.0,0.3999999999999999,4.799999999999999,2.0,0.0,228,50.5,50.8,-0.29999999999999716
2425|2024-08-17|arsenal|wolverhampton-wanderers,2425,2024-08-17,Arsenal,Wolverhampton Wanderers,2,2.8,0.6,19.6,15.0,3.0,2.4,532,266,0.8,2.4,9.4,3.0,0.6,0.4,304,152,1.9999999999999998,1.7999999999999998,10.200000000000001,12.0,2.0,228,58.4,48.9,9.5
2425|2024-08-17|everton|brighton-and-hove-albion,2425,2024-08-17,Everton,Brighton & Hove Albion,0,1.2,0.6,12.8,10.0,2.0,3.0,532,266,0.6,1.6,14.4,4.0,0.8,0.6,266,133,0.6,1.0,-1.5999999999999996,6.0,2.4,266,40.6,60.2,-19.6
2425|2024-08-17|ipswich-town|liverpool,2425,2024-08-17,Ipswich Town,Liverpool,0,,,,,,,0,0,2.2,1.8,25.2,8.0,1.6,1.2,532,266,,,,,,-532,,61.7,
2425|2024-08-17|newcastle-united|southampton,2425,2024-08-17,Newcastle United,Southampton,2,3.2,1.6,18.8,10.0,2.0,2.2,494,247,1.8,3.2,9.6,1.0,0.2,0.2,418,209,1.4000000000000001,1.6,9.200000000000001,9.0,2.0,76,52.2,,
2425|2024-08-17|nottingham-forest|afc-bournemouth,2425,2024-08-17,Nottingham Forest,AFC Bournemouth,1,1.4,1.8,13.8,6.0,1.2,1.0,76,38,1.2,1.4,15.6,6.0,1.2,0.6,266,133,0.19999999999999996,-0.40000000000000013,-1.799999999999999,0.0,0.4,-190,40.3,44.1,-3.8000000000000043
2425|2024-08-17|west-ham-united|aston-villa,2425,2024-08-17,West Ham United,Aston Villa,0,1.6,3.2,11.0,4.0,0.8,1.2,494,247,1.6,2.4,10.4,5.0,1.0,0.8,418,209,0.0,-0.8000000000000003,0.5999999999999996,-1.0,0.3999999999999999,76,40.8,53.2,-12.400000000000006
2425|2024-08-18|brentford|crystal-palace,2425,2024-08-18,Brentford,Crystal Palace,2,1.8,1.4,11.8,7.0,1.4,1.2,114,57,3.0,0.4,16.0,13.0,2.6,1.6,418,209,-1.2,-0.9999999999999999,-4.199999999999999,-6.0,-0.40000000000000013,-304,45.0,42.1,2.8999999999999986
2425|2024-08-18|chelsea|manchester-city,2425,2024-08-18,Chelsea,Manchester City,0,2.8,0.8,16.4,15.0,3.0,3.0,532,266,3.2,0.4,16.6,15.0,3.0,3.0,532,266,-0.40000000000000036,-0.4,-0.20000000000000284,0.0,0.0,0,58.9,65.4,-6.500000000000007
2425|2024-08-19|leicester-city|tottenham-hotspur,2425,2024-08-19,Leicester City,Tottenham Hotspur,1,1.4,2.2,10.2,5.0,1.0,1.4,342,171,1.4,1.8,15.8,6.0,1.2,0.8,532,266,0.0,-0.40000000000000013,-5.600000000000001,-1.0,0.5999999999999999,-190,,62.1,
2425|2024-08-24|aston-villa|arsenal,2425,2024-08-24,Aston Villa,Arsenal,0,1.4,2.4,10.6,5.0,1.0,1.8,419,209,2.2,0.6,17.8,15.0,3.0,2.6,533,266,-0.8000000000000003,-1.7999999999999998,-7.200000000000001,-10.0,-0.8,-114,53.2,58.4,-5.199999999999996
2425|2024-08-24|brighton-and-hove-albion|manchester-united,2425,2024-08-24,Brighton & Hove Albion,Manchester United,2,1.2,1.0,13.8,7.0,1.4,0.6,267,133,1.2,1.4,12.6,9.0,1.8,1.0,533,266,0.0,0.3999999999999999,1.200000000000001,-2.0,-0.4,-266,60.2,50.5,9.700000000000003
2425|2024-08-24|crystal-palace|west-ham-united,2425,2024-08-24,Crystal Palace,West Ham United,0,2.8,0.8,14.8,10.0,2.0,2.4,419,209,1.4,2.6,13.0,4.0,0.8,0.6,495,247,1.4,1.8,1.8000000000000007,6.0,1.7999999999999998,-76,42.1,40.8,1.3000000000000043
2425|2024-08-24|fulham|leicester-city,2425,2024-08-24,Fulham,Leicester City,2,1.0,1.6,10.0,5.0,1.0,0.8,305,152,1.2,2.0,8.6,5.0,1.0,0.4,343,171,-0.19999999999999996,0.3999999999999999,1.4000000000000004,0.0,0.4,-38,50.8,,
2425|2024-08-24|manchester-city|ipswich-town,2425,2024-08-24,Manchester City,Ipswich Town,2,3.2,0.4,16.6,15.0,3.0,2.6,533,266,,,,,,,1,0,,,,,,532,65.4,,
2425|2024-08-24|southampton|nottingham-forest,2425,2024-08-24,Southampton,Nottingham Forest,0,1.6,2.8,12.6,1.0,0.2,0.2,419,209,1.6,1.6,15.0,7.0,1.4,1.4,77,38,0.0,-1.1999999999999997,-2.4000000000000004,-6.0,-1.2,342,,40.3,
2425|2024-08-24|tottenham-hotspur|everton,2425,2024-08-24,Tottenham Hotspur,Everton,2,1.6,1.6,15.0,7.0,1.4,1.8,533,266,0.8,1.2,11.4,7.0,1.4,0.4,533,266,0.8,-0.40000000000000013,3.5999999999999996,0.0,1.4,0,62.1,40.6,21.5
2425|2024-08-25|afc-bournemouth|newcastle-united,2425,2024-08-25,AFC Bournemouth,Newcastle United,1,1.2,1.6,14.0,4.0,0.8,2.0,267,133,2.4,1.4,15.4,10.0,2.0,1.8,495,247,-1.2,-0.20000000000000018,-1.4000000000000004,-6.0,0.19999999999999996,-228,44.1,52.2,-8.100000000000001
2425|2024-08-25|liverpool|brentford,2425,2024-08-25,Liverpool,Brentford,2,2.6,1.4,24.2,11.0,2.2,2.4,533,266,1.2,1.4,9.4,7.0,1.4,1.4,115,57,1.4000000000000001,0.0,14.799999999999999,4.0,1.0,418,61.7,45.0,16.700000000000003
2425|2024-08-25|wolverhampton-wanderers|chelsea,2425,2024-08-25,Wolverhampton Wanderers,Chelsea,0,0.8,2.6,8.2,3.0,0.6,0.6,305,152,2.4,1.2,15.2,12.0,2.4,1.6,533,266,-1.5999999999999999,-1.4000000000000001,-7.0,-9.0,-1.0,-228,48.9,58.9,-10.0
2425|2024-08-31|arsenal|brighton-and-hove-albion,2425,2024-08-31,Arsenal,Brighton & Hove Albion,1,2.0,0.2,17.8,15.0,3.0,2.4,534,267,1.4,1.2,13.6,7.0,1.4,1.2,268,134,0.6000000000000001,1.0,4.200000000000001,8.0,1.2,266,58.4,60.2,-1.8000000000000043
2425|2024-08-31|brentford|southampton,2425,2024-08-31,Brentford,Southampton,2,1.2,1.6,9.0,7.0,1.4,1.6,116,58,1.0,2.2,9.8,1.0,0.2,0.2,420,210,0.19999999999999996,0.6000000000000001,-0.8000000000000007,6.0,1.4000000000000001,-304,45.0,,
2425|2024-08-31|everton|afc-bournemouth,2425,2024-08-31,Everton,AFC Bournemouth,0,0.6,2.0,9.8,4.0,0.8,2.4,534,267,0.8,1.8,14.2,2.0,0.4,0.8,268,134,-0.20000000000000007,-0.19999999999999996,-4.399999999999999,2.0,1.5999999999999999,266,40.6,44.1,-3.5
2425|2024-08-31|ipswich-town|fulham,2425,2024-08-31,Ipswich Town,Fulham,1,,,,,,,2,1,1.2,1.6,11.8,7.0,1.4,1.4,306,153,,,,,,-304,,50.8,
2425|2024-08-31|leicester-city|aston-villa,2425,2024-08-31,Leicester City,Aston Villa,0,0.8,1.4,7.0,5.0,1.0,1.6,344,172,1.0,2.4,11.0,4.0,0.8,1.2,420,210,-0.19999999999999996,1.0,-4.0,1.0,0.40000000000000013,-76,,53.2,
2425|2024-08-31|nottingham-forest|wolverhampton-wanderers,2425,2024-08-31,Nottingham Forest,Wolverhampton Wanderers,1,1.8,1.2,16.8,10.0,2.0,1.0,78,39,0.8,3.6,8.0,0.0,0.0,0.4,306,153,1.0,2.4000000000000004,8.8,10.0,0.6,-228,40.3,48.9,-8.600000000000001
2425|2024-08-31|west-ham-united|manchester-city,2425,2024-08-31,West Ham United,Manchester City,0,1.4,2.2,14.4,6.0,1.2,1.0,496,248,3.0,0.4,15.4,15.0,3.0,3.0,534,267,-1.6,-1.8000000000000003,-1.0,-9.0,-2.0,-38,40.8,65.4,-24.60000000000001
2425|2024-09-01|chelsea|crystal-palace,2425,2024-09-01,Chelsea,Crystal Palace,1,2.6,1.6,13.0,12.0,2.4,2.4,534,267,2.6,1.0,14.8,9.0,1.8,1.4,420,210,0.0,-0.6000000000000001,-1.8000000000000007,3.0,1.0,114,58.9,42.1,16.799999999999997
2425|2024-09-01|manchester-united|liverpool,2425,2024-09-01,Manchester United,Liverpool,0,1.4,1.0,13.4,9.0,1.8,2.0,534,267,2.6,1.0,22.4,13.0,2.6,1.6,534,267,-1.2000000000000002,0.0,-8.999999999999998,-4.0,0.3999999999999999,0,50.5,61.7,-11.200000000000003
2425|2024-09-01|newcastle-united|tottenham-hotspur,2425,2024-09-01,Newcastle United,Tottenham Hotspur,2,1.8,1.4,13.6,8.0,1.6,2.2,496,248,2.0,0.8,15.4,10.0,2.0,0.8,534,267,-0.19999999999999996,-0.5999999999999999,-1.8000000000000007,-2.0,1.4000000000000001,-38,52.2,62.1,-9.899999999999999
2425|2024-09-14|afc-bournemouth|chelsea,2425,2024-09-14,AFC Bournemouth,Chelsea,0,1.4,1.6,16.2,5.0,1.0,1.6,269,134,2.2,1.4,13.2,10.0,2.0,2.0,535,267,-0.8000000000000003,-0.20000000000000018,3.0,-5.0,-0.3999999999999999,-266,44.1,58.9,-14.799999999999997
2425|2024-09-14|aston-villa|everton,2425,2024-09-14,Aston Villa,Everton,2,1.4,2.4,12.6,7.0,1.4,1.2,421,210,0.8,2.4,11.4,3.0,0.6,0.4,535,267,0.5999999999999999,0.0,1.1999999999999993,4.0,0.7999999999999999,-114,53.2,40.6,12.600000000000001
2425|2024-09-14|brighton-and-hove-albion|ipswich-town,2425,2024-09-14,Brighton & Hove Albion,Ipswich Town,1,1.4,1.2,15.0,7.0,1.4,1.2,269,134,0.6666666666666666,2.3333333333333335,6.333333333333333,1.0,0.3333333333333333,,3,1,0.7333333333333333,1.1333333333333335,8.666666666666668,6.0,,266,60.2,,
2425|2024-09-14|crystal-palace|leicester-city,2425,2024-09-14,Crystal Palace,Leicester City,1,2.0,1.2,13.0,7.0,1.4,2.4,421,210,1.0,1.2,8.0,5.0,1.0,0.4,345,172,1.0,0.0,5.0,2.0,2.0,76,42.1,,
2425|2024-09-14|fulham|west-ham-united,2425,2024-09-14,Fulham,West Ham United,1,1.4,1.8,10.6,7.0,1.4,0.8,307,153,1.6,1.8,13.8,6.0,1.2,1.2,497,248,-0.20000000000000018,0.0,-3.200000000000001,1.0,-0.3999999999999999,-190,50.8,40.8,10.0
2425|2024-09-14|liverpool|nottingham-forest,2425,2024-09-14,Liverpool,Nottingham Forest,0,2.4,0.6,19.6,13.0,2.6,2.4,535,267,1.4,1.2,17.0,8.0,1.6,1.8,79,39,1.0,0.6,2.6000000000000014,5.0,0.5999999999999999,456,61.7,40.3,21.400000000000006
2425|2024-09-14|manchester-city|brentford,2425,2024-09-14,Manchester City,Brentford,2,2.8,0.6,16.8,15.0,3.0,3.0,535,267,1.8,1.8,11.6,9.0,1.8,1.4,117,58,0.9999999999999998,1.2000000000000002,5.200000000000001,6.0,1.6,418,65.4,45.0,20.400000000000006
2425|2024-09-14|southampton|manchester-united,2425,2024-09-14,Southampton,Manchester United,0,1.2,2.4,12.4,1.0,0.2,0.2,421,210,1.4,1.4,12.2,9.0,1.8,0.8,535,267,-0.19999999999999996,-1.0,0.20000000000000107,-8.0,-0.6000000000000001,-114,,50.5,
2425|2024-09-15|tottenham-hotspur|arsenal,2425,2024-09-15,Tottenham Hotspur,Arsenal,0,1.8,1.0,15.2,7.0,1.4,1.8,535,267,1.6,0.4,15.0,13.0,2.6,3.0,535,267,0.19999999999999996,-0.6,0.1999999999999993,-6.0,-1.2,0,62.1,58.4,3.700000000000003
2425|2024-09-15|wolverhampton-wanderers|newcastle-united,2425,2024-09-15,Wolverhampton Wanderers,Newcastle United,0,0.8,2.8,9.8,1.0,0.2,0.6,307,153,2.0,1.4,11.8,10.0,2.0,1.4,497,248,-1.2,-1.4,-2.0,-9.0,-0.7999999999999999,-190,48.9,52.2,-3.3000000000000043
2425|2024-09-21|aston-villa|wolverhampton-wanderers,2425,2024-09-21,Aston Villa,Wolverhampton Wanderers,2,1.4,2.2,12.2,9.0,1.8,1.6,422,211,0.8,2.6,9.6,1.0,0.2,0.4,308,154,0.5999999999999999,0.3999999999999999,2.5999999999999996,8.0,1.2000000000000002,114,53.2,48.9,4.300000000000004
2425|2024-09-21|crystal-palace|manchester-united,2425,2024-09-21,Crystal Palace,Manchester United,1,1.8,1.4,14.4,5.0,1.0,2.0,422,211,1.4,1.0,12.8,9.0,1.8,1.4,536,268,0.40000000000000013,-0.3999999999999999,1.5999999999999996,-4.0,0.6000000000000001,-114,42.1,50.5,-8.399999999999999
2425|2024-09-21|fulham|newcastle-united,2425,2024-09-21,Fulham,Newcastle United,2,1.6,1.2,14.6,8.0,1.6,1.0,308,154,2.0,1.0,10.4,13.0,2.6,2.0,498,249,-0.3999999999999999,-0.19999999999999996,4.199999999999999,-5.0,-1.0,-190,50.8,52.2,-1.4000000000000057
2425|2024-09-21|leicester-city|everton,2425,2024-09-21,Leicester City,Everton,1,1.4,1.6,9.6,5.0,1.0,1.0,346,173,1.0,3.0,9.6,0.0,0.0,0.2,536,268,0.3999999999999999,1.4,0.0,5.0,0.8,-190,,40.6,
2425|2024-09-21|liverpool|afc-bournemouth,2425,2024-09-21,Liverpool,AFC Bournemouth,2,1.8,0.2,19.6,12.0,2.4,1.8,536,268,1.2,1.4,17.4,5.0,1.0,1.4,270,135,0.6000000000000001,1.2,2.200000000000003,7.0,0.40000000000000013,266,61.7,44.1,17.6
2425|2024-09-21|southampton|ipswich-town,2425,2024-09-21,Southampton,Ipswich Town,1,1.0,2.4,12.6,1.0,0.2,0.2,422,211,0.5,1.75,6.25,2.0,0.5,,4,2,0.5,-0.6499999999999999,6.35,-1.0,,418,,,
2425|2024-09-21|tottenham-hotspur|brentford,2425,2024-09-21,Tottenham Hotspur,Brentford,2,1.8,0.8,16.2,7.0,1.4,1.2,536,268,1.6,2.0,11.0,6.0,1.2,1.2,118,59,0.19999999999999996,1.2,5.199999999999999,1.0,0.0,418,62.1,45.0,17.1
2425|2024-09-21|west-ham-united|chelsea,2425,2024-09-21,West Ham United,Chelsea,0,1.2,1.8,11.2,4.0,0.8,0.8,498,249,2.0,1.2,12.6,10.0,2.0,2.6,536,268,-0.8,-0.6000000000000001,-1.4000000000000004,-6.0,-1.8,-38,40.8,58.9,-18.1
2425|2024-09-22|brighton-and-hove-albion|nottingham-forest,2425,2024-09-22,Brighton & Hove Albion,Nottingham Forest,1,1.2,0.8,16.8,8.0,1.6,1.4,270,135,1.2,0.6,14.0,11.0,2.2,2.4,80,40,0.0,-0.20000000000000007,2.8000000000000007,-3.0,-1.0,190,60.2,40.3,19.900000000000006
2425|2024-09-22|manchester-city|arsenal,2425,2024-09-22,Manchester City,Arsenal,1,2.8,0.8,18.8,15.0,3.0,3.0,536,268,1.6,0.4,14.2,13.0,2.6,3.0,536,268,1.1999999999999997,-0.4,4.600000000000001,2.0,0.0,0,65.4,58.4,7.000000000000007
2425|2024-09-28|arsenal|leicester-city,2425,2024-09-28,Arsenal,Leicester City,2,1.6,0.6,10.0,11.0,2.2,2.6,537,268,1.2,1.6,9.4,3.0,0.6,0.6,347,173,0.40000000000000013,1.0,0.5999999999999996,8.0,2.0,190,58.4,,
2425|2024-09-28|brentford|west-ham-united,2425,2024-09-28,Brentford,West Ham United,1,1.4,1.8,10.2,6.0,1.2,2.0,119,59,1.0,1.8,13.6,4.0,0.8,0.8,499,249,0.3999999999999999,0.0,-3.4000000000000004,2.0,1.2,-380,45.0,40.8,4.200000000000003
2425|2024-09-28|chelsea|brighton-and-hove-albion,2425,2024-09-28,Chelsea,Brighton & Hove Albion,2,2.2,1.0,11.8,10.0,2.0,2.0,537,268,1.6,0.8,16.2,9.0,1.8,1.2,271,135,0.6000000000000001,-0.19999999999999996,-4.399999999999999,1.0,0.8,266,58.9,60.2,-1.3000000000000043
2425|2024-09-28|everton|crystal-palace,2425,2024-09-28,Everton,Crystal Palace,2,1.0,2.8,11.8,1.0,0.2,1.8,537,268,0.8,1.4,13.2,3.0,0.6,1.6,423,211,0.19999999999999996,-1.4,-1.3999999999999986,-2.0,0.19999999999999996,114,40.6,42.1,-1.5
2425|2024-09-28|newcastle-united|manchester-city,2425,2024-09-28,Newcastle United,Manchester City,1,1.4,1.2,11.0,10.0,2.0,2.6,499,249,2.6,1.0,19.8,13.0,2.6,3.0,537,268,-1.2000000000000002,-0.19999999999999996,-8.8,-3.0,-0.3999999999999999,-38,52.2,65.4,-13.200000000000003
2425|2024-09-28|nottingham-forest|fulham,2425,2024-09-28,Nottingham Forest,Fulham,0,1.2,0.8,12.4,9.0,1.8,0.6,81,40,1.4,1.0,16.0,8.0,1.6,1.6,309,154,-0.19999999999999996,0.19999999999999996,-3.5999999999999996,1.0,-1.0,-228,40.3,50.8,-10.5
2425|2024-09-28|wolverhampton-wanderers|liverpool,2425,2024-09-28,Wolverhampton Wanderers,Liverpool,0,1.0,2.8,10.8,1.0,0.2,0.6,309,154,2.0,0.2,16.2,12.0,2.4,1.6,537,268,-1.0,-2.5999999999999996,-5.399999999999999,-11.0,-1.0,-228,48.9,61.7,-12.800000000000004
2425|2024-09-29|ipswich-town|aston-villa,2425,2024-09-29,Ipswich Town,Aston Villa,1,0.6,1.6,7.6,3.0,0.6,,5,2,2.0,1.4,12.4,12.0,2.4,1.8,423,211,-1.4,-0.20000000000000018,-4.800000000000001,-9.0,,-418,,53.2,
2425|2024-09-29|manchester-united|tottenham-hotspur,2425,2024-09-29,Manchester United,Tottenham Hotspur,0,1.0,1.0,13.6,7.0,1.4,1.4,537,268,1.8,1.0,17.2,7.0,1.4,0.8,537,268,-0.8,0.0,-3.5999999999999996,0.0,0.5999999999999999,0,50.5,62.1,-11.600000000000001
2425|2024-09-30|afc-bournemouth|southampton,2425,2024-09-30,AFC Bournemouth,Southampton,2,1.0,1.6,16.8,5.0,1.0,1.0,271,135,0.4,1.8,11.8,1.0,0.2,0.0,423,211,0.6,0.19999999999999996,5.0,4.0,1.0,-152,44.1,,
2425|2024-10-05|arsenal|southampton,2425,2024-10-05,Arsenal,Southampton,2,2.0,1.0,13.6,11.0,2.2,2.6,538,269,0.6,2.2,9.8,1.0,0.2,0.0,424,212,1.4,1.2000000000000002,3.799999999999999,10.0,2.6,114,58.4,,
2425|2024-10-05|brentford|wolverhampton-wanderers,2425,2024-10-05,Brentford,Wolverhampton Wanderers,2,1.2,1.8,10.0,4.0,0.8,1.6,120,60,1.2,2.8,10.6,1.0,0.2,0.2,310,155,0.0,0.9999999999999998,-0.5999999999999996,3.0,1.4000000000000001,-190,45.0,48.9,-3.8999999999999986
2425|2024-10-05|crystal-palace|liverpool,2425,2024-10-05,Crystal Palace,Liverpool,0,0.8,1.4,13.8,3.0,0.6,1.6,424,212,2.0,0.4,14.6,12.0,2.4,2.2,538,269,-1.2,-0.9999999999999999,-0.7999999999999989,-9.0,-0.6000000000000001,-114,42.1,61.7,-19.6
2425|2024-10-05|everton|newcastle-united,2425,2024-10-05,Everton,Newcastle United,1,1.4,2.4,11.6,4.0,0.8,1.8,538,269,1.4,1.4,12.6,8.0,1.6,1.4,500,250,0.0,-1.0,-1.0,-4.0,0.40000000000000013,38,40.6,52.2,-11.600000000000001
2425|2024-10-05|leicester-city|afc-bournemouth,2425,2024-10-05,Leicester City,AFC Bournemouth,2,1.4,2.2,9.0,2.0,0.4,1.0,348,174,1.4,1.6,17.0,7.0,1.4,0.8,272,136,0.0,-0.6000000000000001,-8.0,-5.0,0.19999999999999996,76,,44.1,
2425|2024-10-05|manchester-city|fulham,2425,2024-10-05,Manchester City,Fulham,2,2.4,1.2,20.8,11.0,2.2,2.6,538,269,1.6,0.8,16.8,11.0,2.2,1.6,310,155,0.7999999999999998,-0.3999999999999999,4.0,0.0,1.0,228,65.4,50.8,14.600000000000009
2425|2024-10-05|west-ham-united|ipswich-town,2425,2024-10-05,West Ham United,Ipswich Town,2,1.0,1.6,14.6,5.0,1.0,0.8,500,250,1.0,1.6,9.2,4.0,0.8,0.6666666666666666,6,3,0.0,0.0,5.4,1.0,0.13333333333333341,494,40.8,,
2425|2024-10-06|aston-villa|manchester-united,2425,2024-10-06,Aston Villa,Manchester United,1,2.0,1.6,10.8,10.0,2.0,1.6,424,212,0.8,1.6,13.0,4.0,0.8,1.4,538,269,1.2,0.0,-2.1999999999999993,6.0,0.20000000000000018,-114,53.2,50.5,2.700000000000003
2425|2024-10-06|brighton-and-hove-albion|tottenham-hotspur,2425,2024-10-06,Brighton & Hove Albion,Tottenham Hotspur,2,1.4,1.6,17.2,6.0,1.2,1.0,272,136,2.2,0.8,19.0,9.0,1.8,1.4,538,269,-0.8000000000000003,-0.8,-1.8000000000000007,-3.0,-0.3999999999999999,-266,60.2,62.1,-1.8999999999999986
2425|2024-10-06|chelsea|nottingham-forest,2425,2024-10-06,Chelsea,Nottingham Forest,1,3.0,1.0,12.8,13.0,2.6,2.0,538,269,1.0,0.8,11.8,8.0,1.6,2.6,82,41,2.0,-0.19999999999999996,1.0,5.0,-0.6000000000000001,456,58.9,40.3,18.6
2425|2024-10-19|afc-bournemouth|arsenal,2425,2024-10-19,AFC Bournemouth,Arsenal,2,1.2,1.6,17.2,6.0,1.2,1.4,273,136,2.2,1.2,17.6,11.0,2.2,2.6,539,269,-1.0000000000000002,-0.40000000000000013,-0.40000000000000213,-5.0,-1.2000000000000002,-266,44.1,58.4,-14.299999999999997
2425|2024-10-19|fulham|aston-villa,2425,2024-10-19,Fulham,Aston Villa,0,1.6,1.2,15.4,8.0,1.6,1.6,311,155,2.0,1.2,10.8,11.0,2.2,1.4,425,212,-0.3999999999999999,0.0,4.6,-3.0,0.20000000000000018,-114,50.8,53.2,-2.4000000000000057
2425|2024-10-19|ipswich-town|everton,2425,2024-10-19,Ipswich Town,Everton,0,1.0,1.6,10.8,4.0,0.8,0.6666666666666666,7,3,1.4,1.6,11.2,5.0,1.0,0.4,539,269,-0.3999999999999999,0.0,-0.3999999999999986,-1.0,0.2666666666666666,-532,,40.6,
2425|2024-10-19|manchester-united|brentford,2425,2024-10-19,Manchester United,Brentford,2,0.6,1.2,12.8,5.0,1.0,1.2,539,269,2.2,2.0,12.2,7.0,1.4,0.6,121,60,-1.6,0.8,0.6000000000000014,-2.0,0.6,418,50.5,45.0,5.5
2425|2024-10-19|newcastle-united|brighton-and-hove-albion,2425,2024-10-19,Newcastle United,Brighton & Hove Albion,0,1.2,1.2,12.6,8.0,1.6,2.2,501,250,1.6,1.8,16.6,6.0,1.2,1.0,273,136,-0.40000000000000013,0.6000000000000001,-4.000000000000002,2.0,1.2000000000000002,228,52.2,60.2,-8.0
2425|2024-10-19|southampton|leicester-city,2425,2024-10-19,Southampton,Leicester City,0,0.8,2.6,10.4,1.0,0.2,0.4,425,212,1.4,1.8,8.2,5.0,1.0,0.4,349,174,-0.5999999999999999,-0.8,2.200000000000001,-4.0,0.0,76,,,
2425|2024-10-19|tottenham-hotspur|west-ham-united,2425,2024-10-19,Tottenham Hotspur,West Ham United,2,1.8,1.4,19.0,6.0,1.2,1.8,539,269,1.4,1.8,15.6,5.0,1.0,1.0,501,250,0.40000000000000013,0.40000000000000013,3.4000000000000004,1.0,0.8,38,62.1,40.8,21.300000000000004
2425|2024-10-20|liverpool|chelsea,2425,2024-10-20,Liverpool,Chelsea,2,1.8,0.4,14.0,12.0,2.4,2.4,539,269,2.0,0.8,14.4,11.0,2.2,3.0,539,269,-0.19999999999999996,0.4,-0.40000000000000036,1.0,-0.6000000000000001,0,61.7,58.9,2.8000000000000043
2425|2024-10-20|wolverhampton-wanderers|manchester-city,2425,2024-10-20,Wolverhampton Wanderers,Manchester City,0,1.4,2.6,11.6,1.0,0.2,0.6,311,155,2.2,1.4,22.0,11.0,2.2,2.6,539,269,-0.8000000000000003,-1.2000000000000002,-10.4,-10.0,-2.0,-228,48.9,65.4,-16.500000000000007
2425|2024-10-21|nottingham-forest|crystal-palace,2425,2024-10-21,Nottingham Forest,Crystal Palace,2,1.0,1.0,10.4,6.0,1.2,0.4,83,41,0.8,1.2,12.8,3.0,0.6,1.0,425,212,0.19999999999999996,0.19999999999999996,-2.4000000000000004,3.0,-0.6,-342,40.3,42.1,-1.8000000000000043
2425|2024-10-25|leicester-city|nottingham-forest,2425,2024-10-25,Leicester City,Nottingham Forest,0,1.8,1.8,10.0,8.0,1.6,1.6,350,175,1.0,0.8,11.2,8.0,1.6,2.2,84,42,0.8,-1.0,-1.1999999999999993,0.0,-0.6000000000000001,266,,40.3,
2425|2024-10-26|aston-villa|afc-bournemouth,2425,2024-10-26,Aston Villa,AFC Bournemouth,1,2.2,1.2,11.6,11.0,2.2,1.6,426,213,1.0,1.2,16.4,6.0,1.2,0.8,274,137,1.2000000000000002,0.0,-4.799999999999999,5.0,0.8,152,53.2,44.1,9.100000000000001
2425|2024-10-26|brentford|ipswich-town,2425,2024-10-26,Brentford,Ipswich Town,2,1.8,2.2,9.8,4.0,0.8,2.0,122,61,0.8,1.8,11.2,3.0,0.6,0.5,8,4,1.0,-0.40000000000000013,-1.3999999999999986,1.0,1.5,114,45.0,,
2425|2024-10-26|brighton-and-hove-albion|wolverhampton-wanderers,2425,2024-10-26,Brighton & Hove Albion,Wolverhampton Wanderers,1,1.6,1.6,14.2,8.0,1.6,1.6,274,137,1.4,2.8,10.0,0.0,0.0,0.2,312,156,0.20000000000000018,1.1999999999999997,4.199999999999999,8.0,1.4000000000000001,-38,60.2,48.9,11.300000000000004
2425|2024-10-26|everton|fulham,2425,2024-10-26,Everton,Fulham,1,1.4,1.0,9.8,8.0,1.6,1.4,540,270,1.6,1.6,15.6,7.0,1.4,1.4,312,156,-0.20000000000000018,0.6000000000000001,-5.799999999999999,1.0,0.0,228,40.6,50.8,-10.199999999999996
2425|2024-10-26|manchester-city|southampton,2425,2024-10-26,Manchester City,Southampton,2,2.0,1.4,21.8,11.0,2.2,2.6,540,270,1.0,2.6,9.6,1.0,0.2,0.0,426,213,1.0,1.2000000000000002,12.200000000000001,10.0,2.6,114,65.4,,
2425|2024-10-27|arsenal|liverpool,2425,2024-10-27,Arsenal,Liverpool,1,2.0,1.4,16.6,10.0,2.0,2.6,540,270,1.6,0.6,13.6,12.0,2.4,2.6,540,270,0.3999999999999999,-0.7999999999999999,3.0000000000000018,-2.0,0.0,0,58.4,61.7,-3.3000000000000043
2425|2024-10-27|chelsea|newcastle-united,2425,2024-10-27,Chelsea,Newcastle United,2,2.0,1.0,14.2,10.0,2.0,1.6,540,270,0.8,1.2,15.0,5.0,1.0,1.6,502,251,1.2,0.19999999999999996,-0.8000000000000007,5.0,0.0,38,58.9,52.2,6.699999999999996
2425|2024-10-27|crystal-palace|tottenham-hotspur,2425,2024-10-27,Crystal Palace,Tottenham Hotspur,2,0.6,1.2,15.0,2.0,0.4,1.0,426,213,2.4,1.2,19.4,9.0,1.8,1.4,540,270,-1.7999999999999998,0.0,-4.399999999999999,-7.0,-0.3999999999999999,-114,42.1,62.1,-20.0
2425|2024-10-27|west-ham-united|manchester-united,2425,2024-10-27,West Ham United,Manchester United,2,1.4,2.0,15.8,5.0,1.0,1.2,502,251,1.0,0.8,15.8,8.0,1.6,1.6,540,270,0.3999999999999999,-1.2,0.0,-3.0,-0.40000000000000013,-38,40.8,50.5,-9.700000000000003
2425|2024-11-02|afc-bournemouth|manchester-city,2425,2024-11-02,AFC Bournemouth,Manchester City,2,1.2,1.2,14.8,7.0,1.4,1.4,275,137,1.8,1.2,22.6,11.0,2.2,2.6,541,270,-0.6000000000000001,0.0,-7.800000000000001,-4.0,-1.2000000000000002,-266,44.1,65.4,-21.300000000000004
2425|2024-11-02|ipswich-town|leicester-city,2425,2024-11-02,Ipswich Town,Leicester City,1,1.4,2.6,12.2,2.0,0.4,0.5,9,4,1.6,2.0,10.4,7.0,1.4,1.0,351,175,-0.20000000000000018,-0.6000000000000001,1.799999999999999,-5.0,-0.5,-342,,,
2425|2024-11-02|liverpool|brighton-and-hove-albion,2425,2024-11-02,Liverpool,Brighton & Hove Albion,2,2.0,0.8,12.6,13.0,2.6,2.4,541,270,2.0,2.0,13.8,8.0,1.6,1.6,275,137,0.0,1.2,-1.200000000000001,5.0,0.7999999999999998,266,61.7,60.2,1.5
2425|2024-11-02|newcastle-united|arsenal,2425,2024-11-02,Newcastle United,Arsenal,2,0.6,1.4,14.4,2.0,0.4,1.6,503,251,2.2,1.8,17.0,8.0,1.6,2.0,541,270,-1.6,0.40000000000000013,-2.5999999999999996,-6.0,-0.3999999999999999,-38,52.2,58.4,-6.199999999999996
2425|2024-11-02|nottingham-forest|west-ham-united,2425,2024-11-02,Nottingham Forest,West Ham United,2,1.4,1.0,14.2,8.0,1.6,1.0,85,42,1.6,2.0,16.0,7.0,1.4,1.0,503,251,-0.20000000000000018,1.0,-1.8000000000000007,1.0,0.0,-418,40.3,40.8,-0.5
2425|2024-11-02|southampton|everton,2425,2024-11-02,Southampton,Everton,2,1.0,2.2,9.4,1.0,0.2,0.4,427,213,1.2,0.6,10.6,9.0,1.8,0.8,541,270,-0.19999999999999996,-1.6,-1.1999999999999993,-8.0,-0.4,-114,,40.6,
2425|2024-11-02|wolverhampton-wanderers|crystal-palace,2425,2024-11-02,Wolverhampton Wanderers,Crystal Palace,1,1.6,2.8,10.4,1.0,0.2,0.0,313,156,0.4,0.8,13.8,4.0,0.8,0.8,427,213,1.2000000000000002,-1.9999999999999998,-3.4000000000000004,-3.0,-0.8,-114,48.9,42.1,6.799999999999997
2425|2024-11-03|manchester-united|chelsea,2425,2024-11-03,Manchester United,Chelsea,1,0.6,1.2,15.4,5.0,1.0,1.8,541,270,2.2,1.2,15.6,10.0,2.0,2.4,541,270,-1.6,0.0,-0.1999999999999993,-5.0,-0.5999999999999999,0,50.5,58.9,-8.399999999999999
2425|2024-11-03|tottenham-hotspur|aston-villa,2425,2024-11-03,Tottenham Hotspur,Aston Villa,2,2.4,1.2,18.6,9.0,1.8,1.8,541,270,1.8,1.0,11.8,9.0,1.8,2.0,427,213,0.5999999999999999,-0.19999999999999996,6.800000000000001,0.0,-0.19999999999999996,114,62.1,53.2,8.899999999999999
2425|2024-11-04|fulham|brentford,2425,2024-11-04,Fulham,Brentford,2,1.6,1.6,14.2,7.0,1.4,1.4,313,156,2.4,2.4,12.2,7.0,1.4,0.6,123,61,-0.7999999999999998,0.7999999999999998,2.0,0.0,0.7999999999999999,190,50.8,45.0,5.799999999999997
2425|2024-11-09|brentford|afc-bournemouth,2425,2024-11-09,Brentford,AFC Bournemouth,2,2.4,2.2,12.0,7.0,1.4,2.6,124,62,1.6,0.8,13.4,10.0,2.0,1.0,276,138,0.7999999999999998,-1.4000000000000001,-1.4000000000000004,-3.0,1.6,-152,45.0,44.1,0.8999999999999986
2425|2024-11-09|brighton-and-hove-albion|manchester-city,2425,2024-11-09,Brighton & Hove Albion,Manchester City,2,1.8,2.0,13.6,7.0,1.4,1.8,276,138,1.6,1.2,19.6,10.0,2.0,2.0,542,271,0.19999999999999996,-0.8,-6.000000000000002,-3.0,-0.19999999999999996,-266,60.2,65.4,-5.200000000000003
2425|2024-11-09|crystal-palace|fulham,2425,2024-11-09,Crystal Palace,Fulham,0,0.8,1.2,15.8,4.0,0.8,1.0,428,214,1.4,1.6,15.0,7.0,1.4,1.0,314,157,-0.5999999999999999,0.40000000000000013,0.8000000000000007,-3.0,0.0,114,42.1,50.8,-8.699999999999996
2425|2024-11-09|liverpool|aston-villa,2425,2024-11-09,Liverpool,Aston Villa,2,1.8,1.0,12.0,13.0,2.6,2.4,542,271,1.4,1.6,12.4,6.0,1.2,2.0,428,214,0.40000000000000013,0.6000000000000001,-0.40000000000000036,7.0,0.3999999999999999,114,61.7,53.2,8.5
2425|2024-11-09|west-ham-united|everton,2425,2024-11-09,West Ham United,Everton,1,1.6,2.0,13.8,7.0,1.4,1.2,504,252,1.0,0.6,10.6,8.0,1.6,0.8,542,271,0.6000000000000001,-1.4,3.200000000000001,-1.0,0.3999999999999999,-38,40.8,40.6,0.19999999999999574
2425|2024-11-09|wolverhampton-wanderers|southampton,2425,2024-11-09,Wolverhampton Wanderers,Southampton,2,1.8,2.6,10.6,2.0,0.4,0.2,314,157,1.0,2.0,9.0,3.0,0.6,0.0,428,214,0.8,-0.6000000000000001,1.5999999999999996,-1.0,0.2,-114,48.9,,
2425|2024-11-10|chelsea|arsenal,2425,2024-11-10,Chelsea,Arsenal,1,1.8,1.4,15.6,8.0,1.6,1.6,542,271,1.8,1.6,18.0,7.0,1.4,1.4,542,271,0.0,0.20000000000000018,-2.4000000000000004,1.0,0.20000000000000018,0,58.9,58.4,0.5
2425|2024-11-10|manchester-united|leicester-city,2425,2024-11-10,Manchester United,Leicester City,2,0.8,1.4,14.6,5.0,1.0,1.4,542,271,1.6,2.0,12.0,7.0,1.4,1.0,352,176,-0.8,0.6000000000000001,2.5999999999999996,-2.0,0.3999999999999999,190,50.5,,
2425|2024-11-10|nottingham-forest|newcastle-united,2425,2024-11-10,Nottingham Forest,Newcastle United,0,1.6,0.6,17.2,10.0,2.0,1.6,86,43,0.6,0.8,13.2,5.0,1.0,1.0,504,252,1.0,0.20000000000000007,4.0,5.0,0.6000000000000001,-418,40.3,52.2,-11.900000000000006
2425|2024-11-10|tottenham-hotspur|ipswich-town,2425,2024-11-10,Tottenham Hotspur,Ipswich Town,0,2.6,1.2,17.2,9.0,1.8,2.4,542,271,1.4,2.6,12.4,2.0,0.4,0.4,10,5,1.2000000000000002,1.4000000000000001,4.799999999999999,7.0,2.0,532,62.1,,
2425|2024-11-23|afc-bournemouth|brighton-and-hove-albion,2425,2024-11-23,AFC Bournemouth,Brighton & Hove Albion,0,1.4,1.2,13.6,7.0,1.4,2.0,277,138,1.8,1.4,12.6,10.0,2.0,1.4,277,138,-0.40000000000000013,0.19999999999999996,1.0,-3.0,0.6000000000000001,0,44.1,60.2,-16.1
2425|2024-11-23|arsenal|nottingham-forest,2425,2024-11-23,Arsenal,Nottingham Forest,2,1.2,1.4,13.4,5.0,1.0,2.2,543,271,1.8,1.0,16.8,10.0,2.0,2.2,87,43,-0.6000000000000001,-0.3999999999999999,-3.4000000000000004,-5.0,0.0,456,58.4,40.3,18.1
2425|2024-11-23|aston-villa|crystal-palace,2425,2024-11-23,Aston Villa,Crystal Palace,1,1.0,1.6,13.4,5.0,1.0,1.6,429,214,0.6,1.2,15.0,4.0,0.8,0.4,429,214,0.4,-0.40000000000000013,-1.5999999999999996,1.0,1.2000000000000002,0,53.2,42.1,11.100000000000001
2425|2024-11-23|everton|brentford,2425,2024-11-23,Everton,Brentford,1,0.6,0.4,12.6,6.0,1.2,1.0,543,271,2.8,2.4,12.8,9.0,1.8,0.0,125,62,-2.1999999999999997,2.0,-0.20000000000000107,-3.0,1.0,418,40.6,45.0,-4.399999999999999
2425|2024-11-23|fulham|wolverhampton-wanderers,2425,2024-11-23,Fulham,Wolverhampton Wanderers,0,1.6,1.6,15.6,7.0,1.4,2.0,315,157,2.0,2.2,10.6,5.0,1.0,0.4,315,157,-0.3999999999999999,0.6000000000000001,5.0,2.0,1.6,0,50.8,48.9,1.8999999999999986
2425|2024-11-23|leicester-city|chelsea,2425,2024-11-23,Leicester City,Chelsea,0,1.2,1.8,12.2,7.0,1.4,1.0,353,176,1.2,1.2,16.0,6.0,1.2,2.0,543,271,0.0,-0.6000000000000001,-3.8000000000000007,1.0,-1.0,-190,,58.9,
2425|2024-11-23|manchester-city|tottenham-hotspur,2425,2024-11-23,Manchester City,Tottenham Hotspur,0,1.6,1.4,19.4,9.0,1.8,2.6,543,271,2.2,1.6,15.8,6.0,1.2,0.8,543,271,-0.6000000000000001,0.20000000000000018,3.599999999999998,3.0,1.8,0,65.4,62.1,3.3000000000000043
2425|2024-11-24|ipswich-town|manchester-united,2425,2024-11-24,Ipswich Town,Manchester United,1,1.4,2.4,11.0,4.0,0.8,0.6,11,5,1.4,0.8,15.0,8.0,1.6,1.0,543,271,0.0,-1.5999999999999999,-4.0,-4.0,-0.4,-532,,50.5,
2425|2024-11-24|southampton|liverpool,2425,2024-11-24,Southampton,Liverpool,0,0.8,1.8,9.0,3.0,0.6,0.8,429,214,1.8,0.8,12.8,13.0,2.6,2.6,543,271,-1.0,-1.0,-3.8000000000000007,-10.0,-1.8,-114,,61.7,
2425|2024-11-25|newcastle-united|west-ham-united,2425,2024-11-25,Newcastle United,West Ham United,0,1.0,0.8,14.4,7.0,1.4,2.0,505,252,1.4,1.8,12.2,7.0,1.4,1.0,505,252,-0.3999999999999999,1.0,2.200000000000001,0.0,1.0,0,52.2,40.8,11.400000000000006
2425|2024-11-29|brighton-and-hove-albion|southampton,2425,2024-11-29,Brighton & Hove Albion,Southampton,1,1.6,1.2,11.6,10.0,2.0,1.8,278,139,1.0,1.8,8.8,3.0,0.6,0.0,430,215,0.6000000000000001,0.6000000000000001,2.799999999999999,7.0,1.8,-152,60.2,,
2425|2024-11-30|brentford|leicester-city,2425,2024-11-30,Brentford,Leicester City,2,1.8,1.8,10.8,7.0,1.4,2.6,126,63,1.2,2.2,11.8,4.0,0.8,1.0,354,177,0.6000000000000001,0.40000000000000013,-1.0,3.0,1.6,-228,45.0,,
2425|2024-11-30|crystal-palace|newcastle-united,2425,2024-11-30,Crystal Palace,Newcastle United,1,1.0,1.4,15.8,5.0,1.0,1.0,430,215,1.0,1.2,15.2,6.0,1.2,1.4,506,253,0.0,-0.19999999999999996,0.6000000000000014,-1.0,-0.3999999999999999,-76,42.1,52.2,-10.100000000000001
2425|2024-11-30|nottingham-forest|ipswich-town,2425,2024-11-30,Nottingham Forest,Ipswich Town,2,1.6,1.4,15.0,9.0,1.8,1.4,88,44,1.4,1.8,11.4,5.0,1.0,1.0,12,6,0.20000000000000018,0.40000000000000013,3.5999999999999996,4.0,0.3999999999999999,76,40.3,,
2425|2024-11-30|west-ham-united|arsenal,2425,2024-11-30,West Ham United,Arsenal,0,1.0,1.6,10.6,7.0,1.4,1.4,506,253,1.2,1.2,11.4,5.0,1.0,1.0,544,272,-0.19999999999999996,-0.40000000000000013,-0.8000000000000007,2.0,0.3999999999999999,-38,40.8,58.4,-17.6
2425|2024-11-30|wolverhampton-wanderers|afc-bournemouth,2425,2024-11-30,Wolverhampton Wanderers,AFC Bournemouth,0,2.2,1.4,9.2,8.0,1.6,0.8,316,158,1.6,1.4,14.0,7.0,1.4,0.8,278,139,0.6000000000000001,0.0,-4.800000000000001,1.0,0.0,38,48.9,44.1,4.799999999999997
2425|2024-12-01|chelsea|aston-villa,2425,2024-12-01,Chelsea,Aston Villa,2,1.4,1.2,14.8,8.0,1.6,1.8,544,272,1.4,2.0,14.6,5.0,1.0,1.4,430,215,0.0,0.8,0.20000000000000107,3.0,0.40000000000000013,114,58.9,53.2,5.699999999999996
2425|2024-12-01|liverpool|manchester-city,2425,2024-12-01,Liverpool,Manchester City,2,2.2,1.2,15.0,13.0,2.6,2.4,544,272,1.0,1.8,20.0,6.0,1.2,1.4,544,272,1.2000000000000002,0.6000000000000001,-5.0,7.0,1.0,0,61.7,65.4,-3.700000000000003
2425|2024-12-01|manchester-united|everton,2425,2024-12-01,Manchester United,Everton,2,1.6,1.0,15.2,8.0,1.6,1.4,544,272,0.6,0.4,16.4,6.0,1.2,1.0,544,272,1.0,-0.6,-1.1999999999999993,2.0,0.3999999999999999,0,50.5,40.6,9.899999999999999
2425|2024-12-01|tottenham-hotspur|fulham,2425,2024-12-01,Tottenham Hotspur,Fulham,1,2.6,1.0,15.0,9.0,1.8,1.8,544,272,1.4,1.8,15.4,7.0,1.4,1.6,316,158,1.2000000000000002,0.8,-0.40000000000000036,2.0,0.19999999999999996,228,62.1,50.8,11.300000000000004
2425|2024-12-03|ipswich-town|crystal-palace,2425,2024-12-03,Ipswich Town,Crystal Palace,0,1.4,1.6,10.2,5.0,1.0,0.8,13,6,1.2,1.4,15.0,6.0,1.2,0.6,431,215,0.19999999999999996,-0.20000000000000018,-4.800000000000001,-1.0,0.20000000000000007,-418,,42.1,
2425|2024-12-03|leicester-city|west-ham-united,2425,2024-12-03,Leicester City,West Ham United,2,0.8,2.6,9.6,1.0,0.2,0.8,355,177,1.2,1.8,10.8,7.0,1.4,1.0,507,253,-0.3999999999999999,-0.8,-1.200000000000001,-6.0,-0.19999999999999996,-152,,40.8,
2425|2024-12-04|arsenal|manchester-united,2425,2024-12-04,Arsenal,Manchester United,2,2.2,1.2,13.4,8.0,1.6,2.2,545,272,2.0,0.8,12.8,8.0,1.6,1.2,545,272,0.20000000000000018,-0.3999999999999999,0.5999999999999996,0.0,1.0000000000000002,0,58.4,50.5,7.899999999999999
2425|2024-12-04|aston-villa|brentford,2425,2024-12-04,Aston Villa,Brentford,2,0.8,2.4,13.8,2.0,0.4,1.8,431,215,2.4,1.6,11.8,10.0,2.0,0.2,127,63,-1.5999999999999999,-0.7999999999999998,2.0,-8.0,1.6,304,53.2,45.0,8.200000000000003
2425|2024-12-04|everton|wolverhampton-wanderers,2425,2024-12-04,Everton,Wolverhampton Wanderers,2,0.2,1.2,15.8,3.0,0.6,1.2,545,272,2.4,1.8,10.6,8.0,1.6,1.0,317,158,-2.1999999999999997,0.6000000000000001,5.200000000000001,-5.0,0.19999999999999996,228,40.6,48.9,-8.299999999999997
2425|2024-12-04|manchester-city|nottingham-forest,2425,2024-12-04,Manchester City,Nottingham Forest,2,0.6,2.0,17.2,3.0,0.6,2.0,545,272,1.6,1.4,13.4,9.0,1.8,1.6,89,44,-1.0,-0.6000000000000001,3.799999999999999,-6.0,0.3999999999999999,456,65.4,40.3,25.10000000000001
2425|2024-12-04|newcastle-united|liverpool,2425,2024-12-04,Newcastle United,Liverpool,1,1.2,1.2,11.2,7.0,1.4,1.4,507,253,2.2,1.0,16.8,13.0,2.6,2.6,545,272,-1.0000000000000002,-0.19999999999999996,-5.600000000000001,-6.0,-1.2000000000000002,-38,52.2,61.7,-9.5
2425|2024-12-04|southampton|chelsea,2425,2024-12-04,Southampton,Chelsea,0,0.8,1.4,8.0,4.0,0.8,0.8,431,215,1.8,0.8,15.8,11.0,2.2,2.0,545,272,-1.0,-0.5999999999999999,-7.800000000000001,-7.0,-1.2,-114,,58.9,
2425|2024-12-05|afc-bournemouth|tottenham-hotspur,2425,2024-12-05,AFC Bournemouth,Tottenham Hotspur,2,2.0,1.8,13.8,7.0,1.4,1.8,279,139,2.0,1.0,12.2,7.0,1.4,1.2,545,272,0.0,-0.8,1.6000000000000014,0.0,0.6000000000000001,-266,44.1,62.1,-18.0
2425|2024-12-05|fulham|brighton-and-hove-albion,2425,2024-12-05,Fulham,Brighton & Hove Albion,2,1.4,1.4,16.2,8.0,1.6,1.4,317,158,1.6,1.4,14.0,8.0,1.6,1.4,279,139,-0.20000000000000018,0.0,2.1999999999999993,0.0,0.0,38,50.8,60.2,-9.400000000000006
2425|2024-12-07|aston-villa|southampton,2425,2024-12-07,Aston Villa,Southampton,2,1.2,2.4,14.2,4.0,0.8,1.8,432,216,1.0,2.2,8.2,4.0,0.8,0.2,432,216,0.19999999999999996,-0.19999999999999973,6.0,0.0,1.6,0,53.2,,
2425|2024-12-07|brentford|newcastle-united,2425,2024-12-07,Brentford,Newcastle United,2,1.8,1.6,9.6,7.0,1.4,2.6,128,64,1.6,1.4,12.4,8.0,1.6,1.0,508,254,0.19999999999999996,-0.20000000000000018,-2.8000000000000007,-1.0,1.6,-380,45.0,52.2,-7.200000000000003
2425|2024-12-07|crystal-palace|manchester-city,2425,2024-12-07,Crystal Palace,Manchester City,1,1.2,1.4,14.8,6.0,1.2,1.0,432,216,1.0,2.0,16.2,3.0,0.6,0.8,546,273,0.19999999999999996,0.6000000000000001,-1.3999999999999986,3.0,0.19999999999999996,-114,42.1,65.4,-23.300000000000004
2425|2024-12-07|manchester-united|nottingham-forest,2425,2024-12-07,Manchester United,Nottingham Forest,0,1.8,0.8,10.2,8.0,1.6,2.0,546,273,1.0,1.8,11.8,6.0,1.2,1.0,90,45,0.8,1.0,-1.6000000000000014,2.0,1.0,456,50.5,40.3,10.200000000000003
2425|2024-12-08|fulham|arsenal,2425,2024-12-08,Fulham,Arsenal,1,1.8,1.4,14.6,10.0,2.0,1.8,318,159,2.2,0.8,14.4,10.0,2.0,1.0,546,273,-0.40000000000000013,-0.5999999999999999,0.1999999999999993,0.0,0.8,-228,50.8,58.4,-7.600000000000001
2425|2024-12-08|ipswich-town|afc-bournemouth,2425,2024-12-08,Ipswich Town,AFC Bournemouth,0,0.8,1.0,9.8,5.0,1.0,0.6,14,7,2.0,1.6,15.8,9.0,1.8,0.8,280,140,-1.2,0.6000000000000001,-6.0,-4.0,-0.20000000000000007,-266,,44.1,
2425|2024-12-08|leicester-city|brighton-and-hove-albion,2425,2024-12-08,Leicester City,Brighton & Hove Albion,1,1.2,2.2,9.0,4.0,0.8,1.4,356,178,1.4,1.6,12.8,7.0,1.4,1.2,280,140,-0.19999999999999996,-0.6000000000000001,-3.8000000000000007,-3.0,0.19999999999999996,76,,60.2,
2425|2024-12-08|tottenham-hotspur|chelsea,2425,2024-12-08,Tottenham Hotspur,Chelsea,0,2.0,1.0,12.4,7.0,1.4,2.0,546,273,2.4,0.8,17.6,11.0,2.2,2.0,546,273,-0.3999999999999999,-0.19999999999999996,-5.200000000000001,-4.0,0.0,0,62.1,58.9,3.200000000000003
2425|2024-12-09|west-ham-united|wolverhampton-wanderers,2425,2024-12-09,West Ham United,Wolverhampton Wanderers,2,1.0,2.2,14.6,4.0,0.8,1.4,508,254,2.0,2.2,9.0,7.0,1.4,0.8,318,159,-1.0,0.0,5.6,-3.0,0.5999999999999999,190,40.8,48.9,-8.100000000000001
2425|2024-12-14|arsenal|everton,2425,2024-12-14,Arsenal,Everton,1,2.4,0.8,14.8,11.0,2.2,2.6,547,273,0.8,1.0,16.4,5.0,1.0,1.0,546,273,1.5999999999999999,0.19999999999999996,-1.5999999999999979,6.0,1.6,1,58.4,40.6,17.799999999999997
2425|2024-12-14|liverpool|fulham,2425,2024-12-14,Liverpool,Fulham,1,2.4,1.2,18.2,13.0,2.6,3.0,546,273,1.6,1.4,9.8,8.0,1.6,1.6,319,159,0.7999999999999998,0.19999999999999996,8.399999999999999,5.0,1.4,227,61.7,50.8,10.900000000000006
2425|2024-12-14|newcastle-united|leicester-city,2425,2024-12-14,Newcastle United,Leicester City,2,1.8,2.2,13.8,5.0,1.0,1.0,509,254,1.4,2.4,7.0,4.0,0.8,0.8,357,178,0.40000000000000013,0.19999999999999973,6.800000000000001,1.0,0.19999999999999996,152,52.2,,
2425|2024-12-14|nottingham-forest|aston-villa,2425,2024-12-14,Nottingham Forest,Aston Villa,2,1.0,2.2,10.2,6.0,1.2,1.8,91,45,1.2,1.6,15.4,7.0,1.4,0.8,433,216,-0.19999999999999996,-0.6000000000000001,-5.200000000000001,-1.0,1.0,-342,40.3,53.2,-12.900000000000006
2425|2024-12-14|wolverhampton-wanderers|ipswich-town,2425,2024-12-14,Wolverhampton Wanderers,Ipswich Town,0,1.8,2.2,10.6,6.0,1.2,0.8,319,159,0.8,1.2,10.6,4.0,0.8,0.8,15,7,1.0,-1.0000000000000002,0.0,2.0,0.0,304,48.9,,
2425|2024-12-15|brighton-and-hove-albion|crystal-palace,2425,2024-12-15,Brighton & Hove Albion,Crystal Palace,0,1.6,1.6,13.4,8.0,1.6,1.8,281,140,1.2,1.4,13.4,6.0,1.2,1.0,433,216,0.40000000000000013,-0.20000000000000018,0.0,2.0,0.8,-152,60.2,42.1,18.1
2425|2024-12-15|chelsea|brentford,2425,2024-12-15,Chelsea,Brentford,2,3.0,1.2,18.6,13.0,2.6,2.2,547,273,2.4,1.6,10.8,10.0,2.0,0.2,129,64,0.6000000000000001,0.40000000000000013,7.800000000000001,3.0,2.0,418,58.9,45.0,13.899999999999999
2425|2024-12-15|manchester-city|manchester-united,2425,2024-12-15,Manchester City,Manchester United,0,1.2,2.0,15.0,4.0,0.8,2.0,547,273,2.0,1.2,11.4,7.0,1.4,0.6,547,273,-0.8,-0.8,3.5999999999999996,-3.0,1.4,0,65.4,50.5,14.900000000000006
2425|2024-12-15|southampton|tottenham-hotspur,2425,2024-12-15,Southampton,Tottenham Hotspur,0,0.8,2.4,7.2,1.0,0.2,0.8,433,216,1.8,1.6,11.8,4.0,0.8,1.2,547,273,-1.0,-0.7999999999999998,-4.6000000000000005,-3.0,-0.3999999999999999,-114,,62.1,
2425|2024-12-16|afc-bournemouth|west-ham-united,2425,2024-12-16,AFC Bournemouth,West Ham United,1,2.0,1.6,17.8,9.0,1.8,2.4,281,140,1.4,1.8,17.6,7.0,1.4,0.8,509,254,0.6000000000000001,0.19999999999999996,0.1999999999999993,2.0,1.5999999999999999,-228,44.1,40.8,3.3000000000000043
2425|2024-12-21|aston-villa|manchester-city,2425,2024-12-21,Aston Villa,Manchester City,2,1.4,1.6,14.6,7.0,1.4,1.8,434,217,1.2,2.0,14.0,4.0,0.8,0.8,548,274,0.19999999999999996,0.3999999999999999,0.5999999999999996,3.0,1.0,-114,53.2,65.4,-12.200000000000003
2425|2024-12-21|brentford|nottingham-forest,2425,2024-12-21,Brentford,Nottingham Forest,0,2.0,1.6,10.2,7.0,1.4,3.0,130,65,1.2,1.8,11.8,9.0,1.8,1.4,92,46,0.8,0.19999999999999996,-1.6000000000000014,-2.0,1.6,38,45.0,40.3,4.700000000000003
2425|2024-12-21|crystal-palace|arsenal,2425,2024-12-21,Crystal Palace,Arsenal,0,1.8,1.2,13.4,9.0,1.8,1.0,434,217,2.2,0.6,14.8,11.0,2.2,1.0,548,274,-0.40000000000000013,-0.6,-1.4000000000000004,-2.0,0.0,-114,42.1,58.4,-16.299999999999997
2425|2024-12-21|ipswich-town|newcastle-united,2425,2024-12-21,Ipswich Town,Newcastle United,0,0.8,1.2,11.0,4.0,0.8,0.4,16,8,2.0,2.0,15.8,5.0,1.0,1.0,510,255,-1.2,0.8,-4.800000000000001,-1.0,-0.6,-494,,52.2,
2425|2024-12-21|west-ham-united|brighton-and-hove-albion,2425,2024-12-21,West Ham United,Brighton & Hove Albion,1,1.6,2.0,18.6,7.0,1.4,2.0,510,255,1.4,2.0,14.8,5.0,1.0,1.4,282,141,0.20000000000000018,0.0,3.8000000000000007,2.0,0.6000000000000001,228,40.8,60.2,-19.400000000000006
2425|2024-12-22|everton|chelsea,2425,2024-12-22,Everton,Chelsea,1,0.8,0.8,13.6,6.0,1.2,1.8,547,273,3.2,1.2,20.4,15.0,3.0,2.0,548,274,-2.4000000000000004,0.3999999999999999,-6.799999999999999,-9.0,-0.19999999999999996,-1,40.6,58.9,-18.299999999999997
2425|2024-12-22|fulham|southampton,2425,2024-12-22,Fulham,Southampton,1,1.6,1.8,8.8,6.0,1.2,1.4,320,160,0.8,3.0,7.2,1.0,0.2,0.2,434,217,0.8,1.2,1.6000000000000005,5.0,1.2,-114,50.8,,
2425|2024-12-22|leicester-city|wolverhampton-wanderers,2425,2024-12-22,Leicester City,Wolverhampton Wanderers,0,1.4,2.6,6.6,4.0,0.8,1.4,358,179,1.6,2.6,12.2,3.0,0.6,0.8,320,160,-0.20000000000000018,0.0,-5.6,1.0,0.5999999999999999,38,,48.9,
2425|2024-12-22|manchester-united|afc-bournemouth,2425,2024-12-22,Manchester United,AFC Bournemouth,0,1.8,1.4,10.8,7.0,1.4,2.0,548,274,1.8,1.2,20.6,10.0,2.0,1.4,282,141,0.0,-0.19999999999999996,-9.8,-3.0,0.6000000000000001,266,50.5,44.1,6.399999999999999
2425|2024-12-22|tottenham-hotspur|liverpool,2425,2024-12-22,Tottenham Hotspur,Liverpool,0,2.6,1.2,12.0,7.0,1.4,1.4,548,274,2.4,1.4,18.2,11.0,2.2,2.2,547,273,0.20000000000000018,0.19999999999999996,-6.199999999999999,-4.0,-0.8000000000000003,1,62.1,61.7,0.3999999999999986
2425|2024-12-26|afc-bournemouth|crystal-palace,2425,2024-12-26,AFC Bournemouth,Crystal Palace,1,2.2,0.8,18.8,13.0,2.6,2.0,283,141,1.6,1.8,13.8,8.0,1.6,1.6,435,217,0.6000000000000001,1.0,5.0,5.0,0.3999999999999999,-152,44.1,42.1,2.0
2425|2024-12-26|chelsea|fulham,2425,2024-12-26,Chelsea,Fulham,0,2.8,1.0,19.6,13.0,2.6,2.2,549,274,1.4,1.0,10.0,7.0,1.4,1.2,321,160,1.4,0.0,9.600000000000001,6.0,1.0000000000000002,228,58.9,50.8,8.100000000000001
2425|2024-12-26|liverpool|leicester-city,2425,2024-12-26,Liverpool,Leicester City,2,3.2,2.0,20.2,11.0,2.2,2.6,548,274,1.2,2.8,7.6,4.0,0.8,0.8,359,179,2.0,0.7999999999999998,12.6,7.0,1.8,189,61.7,,
2425|2024-12-26|manchester-city|everton,2425,2024-12-26,Manchester City,Everton,1,1.4,1.6,11.8,4.0,0.8,1.8,549,274,0.8,0.8,11.0,6.0,1.2,1.0,548,274,0.5999999999999999,-0.8,0.8000000000000007,-2.0,0.8,1,65.4,40.6,24.800000000000004
2425|2024-12-26|newcastle-united|aston-villa,2425,2024-12-26,Newcastle United,Aston Villa,2,2.8,1.6,15.2,8.0,1.6,1.4,511,255,1.4,1.4,13.4,9.0,1.8,0.6,435,217,1.4,-0.20000000000000018,1.799999999999999,-1.0,0.7999999999999999,76,52.2,53.2,-1.0
2425|2024-12-26|nottingham-forest|tottenham-hotspur,2425,2024-12-26,Nottingham Forest,Tottenham Hotspur,2,1.6,1.2,12.4,12.0,2.4,2.4,93,46,2.4,2.4,12.0,4.0,0.8,1.2,549,274,-0.7999999999999998,1.2,0.40000000000000036,8.0,1.2,-456,40.3,62.1,-21.800000000000004
2425|2024-12-26|southampton|west-ham-united,2425,2024-12-26,Southampton,West Ham United,0,0.4,2.4,6.8,2.0,0.4,0.6,435,217,1.4,2.2,17.8,5.0,1.0,0.8,511,255,-0.9999999999999999,-0.19999999999999973,-11.0,-3.0,-0.20000000000000007,-76,,40.8,
2425|2024-12-26|wolverhampton-wanderers|manchester-united,2425,2024-12-26,Wolverhampton Wanderers,Manchester United,2,1.4,2.4,11.8,3.0,0.6,0.8,321,160,1.6,1.8,13.2,6.0,1.2,1.0,549,274,-0.20000000000000018,-0.5999999999999999,-1.3999999999999986,-3.0,-0.19999999999999996,-228,48.9,50.5,-1.6000000000000014
2425|2024-12-27|arsenal|ipswich-town,2425,2024-12-27,Arsenal,Ipswich Town,2,2.6,0.8,13.8,11.0,2.2,2.2,549,274,0.6,1.8,10.8,3.0,0.6,1.2,17,8,2.0,1.0,3.0,8.0,1.0000000000000002,532,58.4,,
2425|2024-12-27|brighton-and-hove-albion|brentford,2425,2024-12-27,Brighton & Hove Albion,Brentford,1,1.2,2.0,16.0,3.0,0.6,1.6,283,141,2.0,2.0,9.8,6.0,1.2,0.2,131,65,-0.8,0.0,6.199999999999999,-3.0,1.4000000000000001,152,60.2,45.0,15.200000000000003
2425|2024-12-29|crystal-palace|southampton,2425,2024-12-29,Crystal Palace,Southampton,2,1.4,1.6,12.6,8.0,1.6,1.0,436,218,0.2,2.4,8.4,1.0,0.2,0.4,436,218,1.2,0.7999999999999998,4.199999999999999,7.0,0.6,0,42.1,,
2425|2024-12-29|everton|nottingham-forest,2425,2024-12-29,Everton,Nottingham Forest,0,1.0,1.0,7.2,6.0,1.2,1.4,549,274,1.6,1.2,12.0,12.0,2.4,1.8,94,47,-0.6000000000000001,0.19999999999999996,-4.8,-6.0,-0.40000000000000013,455,40.6,40.3,0.30000000000000426
2425|2024-12-29|fulham|afc-bournemouth,2425,2024-12-29,Fulham,AFC Bournemouth,1,1.6,1.0,10.0,9.0,1.8,1.6,322,161,1.4,0.4,20.0,11.0,2.2,2.0,284,142,0.20000000000000018,-0.6,-10.0,-2.0,-0.3999999999999999,38,50.8,44.1,6.699999999999996
2425|2024-12-29|leicester-city|manchester-city,2425,2024-12-29,Leicester City,Manchester City,0,1.2,2.6,7.0,4.0,0.8,0.8,360,180,1.6,1.4,15.0,5.0,1.0,0.2,550,275,-0.40000000000000013,-1.2000000000000002,-8.0,-1.0,0.6000000000000001,-190,,65.4,
2425|2024-12-29|tottenham-hotspur|wolverhampton-wanderers,2425,2024-12-29,Tottenham Hotspur,Wolverhampton Wanderers,1,2.2,2.4,13.0,3.0,0.6,0.8,550,275,1.4,1.6,11.2,6.0,1.2,1.4,322,161,0.8000000000000003,-0.7999999999999998,1.8000000000000007,-3.0,-0.5999999999999999,228,62.1,48.9,13.200000000000003
2425|2024-12-29|west-ham-united|liverpool,2425,2024-12-29,West Ham United,Liverpool,0,1.2,1.2,18.6,8.0,1.6,1.6,512,256,3.2,1.8,18.6,11.0,2.2,2.2,549,274,-2.0,0.6000000000000001,0.0,-3.0,-0.6000000000000001,-37,40.8,61.7,-20.900000000000006
2425|2024-12-30|aston-villa|brighton-and-hove-albion,2425,2024-12-30,Aston Villa,Brighton & Hove Albion,1,1.4,1.4,12.2,9.0,1.8,2.2,436,218,1.0,1.8,16.4,3.0,0.6,1.0,284,142,0.3999999999999999,0.40000000000000013,-4.199999999999999,6.0,1.2000000000000002,152,53.2,60.2,-7.0
2425|2024-12-30|ipswich-town|chelsea,2425,2024-12-30,Ipswich Town,Chelsea,2,0.6,1.8,10.0,3.0,0.6,0.4,18,9,2.4,1.4,18.6,10.0,2.0,2.2,550,275,-1.7999999999999998,-0.40000000000000013,-8.600000000000001,-7.0,-1.8000000000000003,-532,,58.9,
2425|2024-12-30|manchester-united|newcastle-united,2425,2024-12-30,Manchester United,Newcastle United,0,0.8,2.2,13.2,3.0,0.6,1.4,550,275,3.2,1.4,19.4,10.0,2.0,1.4,512,256,-2.4000000000000004,-0.8000000000000003,-6.199999999999999,-7.0,0.0,38,50.5,52.2,-1.7000000000000028
2425|2025-01-01|brentford|arsenal,2425,2025-01-01,Brentford,Arsenal,0,1.2,1.8,8.8,4.0,0.8,2.4,132,66,1.8,0.4,13.2,11.0,2.2,1.6,550,275,-0.6000000000000001,-1.4,-4.399999999999999,-7.0,0.7999999999999998,-418,45.0,58.4,-13.399999999999999
2425|2025-01-04|afc-bournemouth|everton,2425,2025-01-04,AFC Bournemouth,Everton,2,1.6,0.8,19.0,9.0,1.8,1.6,285,142,1.0,0.6,8.2,6.0,1.2,0.6,550,275,0.6000000000000001,-0.20000000000000007,10.8,3.0,1.0,-265,44.1,40.6,3.5
2425|2025-01-04|aston-villa|leicester-city,2425,2025-01-04,Aston Villa,Leicester City,2,1.2,1.6,12.2,7.0,1.4,2.2,437,219,0.6,2.8,7.6,1.0,0.2,0.2,361,180,0.6,1.1999999999999997,4.6,6.0,2.0,76,53.2,,
2425|2025-01-04|brighton-and-hove-albion|arsenal,2425,2025-01-04,Brighton & Hove Albion,Arsenal,1,1.2,1.6,16.4,4.0,0.8,1.2,285,142,2.0,0.6,13.2,11.0,2.2,2.2,551,276,-0.8,-1.0,3.1999999999999993,-7.0,-1.0000000000000002,-266,60.2,58.4,1.8000000000000043
2425|2025-01-04|crystal-palace|chelsea,2425,2025-01-04,Crystal Palace,Chelsea,1,1.6,1.8,13.8,8.0,1.6,1.0,437,219,1.4,1.6,17.4,7.0,1.4,2.0,551,276,0.20000000000000018,-0.19999999999999996,-3.599999999999998,1.0,-1.0,-114,42.1,58.9,-16.799999999999997
2425|2025-01-04|manchester-city|west-ham-united,2425,2025-01-04,Manchester City,West Ham United,2,1.4,1.4,14.4,5.0,1.0,1.4,551,275,1.0,1.6,13.8,8.0,1.6,1.4,513,256,0.3999999999999999,0.20000000000000018,0.5999999999999996,-3.0,0.0,38,65.4,40.8,24.60000000000001
2425|2025-01-04|southampton|brentford,2425,2025-01-04,Southampton,Brentford,0,0.2,1.8,8.6,1.0,0.2,0.6,437,218,1.2,1.8,8.0,4.0,0.8,0.4,133,66,-1.0,0.0,0.5999999999999996,-3.0,0.19999999999999996,304,,45.0,
2425|2025-01-04|tottenham-hotspur|newcastle-united,2425,2025-01-04,Tottenham Hotspur,Newcastle United,0,2.6,2.6,13.2,4.0,0.8,0.4,551,276,3.0,0.8,18.4,12.0,2.4,2.0,513,257,-0.3999999999999999,-1.8,-5.199999999999999,-8.0,-1.6,38,62.1,52.2,9.899999999999999
2425|2025-01-05|fulham|ipswich-town,2425,2025-01-05,Fulham,Ipswich Town,1,1.4,1.2,11.0,7.0,1.4,1.2,323,162,1.0,1.6,10.0,6.0,1.2,1.2,19,9,0.3999999999999999,0.40000000000000013,1.0,1.0,0.0,304,50.8,,
2425|2025-01-05|liverpool|manchester-united,2425,2025-01-05,Liverpool,Manchester United,1,3.8,1.8,19.4,11.0,2.2,2.6,550,275,0.8,2.2,14.2,3.0,0.6,0.8,551,275,3.0,0.40000000000000013,5.199999999999999,8.0,1.8,-1,61.7,50.5,11.200000000000003
2425|2025-01-06|wolverhampton-wanderers|nottingham-forest,2425,2025-01-06,Wolverhampton Wanderers,Nottingham Forest,0,1.8,1.2,12.2,7.0,1.4,1.4,323,161,2.0,0.6,11.8,15.0,3.0,1.8,95,48,-0.19999999999999996,-0.6,0.3999999999999986,-8.0,-0.40000000000000013,228,48.9,40.3,8.600000000000001
2425|2025-01-14|brentford|manchester-city,2425,2025-01-14,Brentford,Manchester City,1,1.4,1.4,9.8,4.0,0.8,1.8,134,67,1.8,1.2,14.0,7.0,1.4,0.8,552,276,-0.40000000000000013,-0.19999999999999996,-4.199999999999999,-3.0,1.0,-418,45.0,65.4,-20.400000000000006
2425|2025-01-14|chelsea|afc-bournemouth,2425,2025-01-14,Chelsea,AFC Bournemouth,1,0.8,1.2,17.0,5.0,1.0,2.0,552,275,1.4,0.6,18.4,9.0,1.8,2.0,286,143,-0.5999999999999999,-0.6,-1.3999999999999986,-4.0,0.0,266,58.9,44.1,14.799999999999997
2425|2025-01-14|nottingham-forest|liverpool,2425,2025-01-14,Nottingham Forest,Liverpool,1,2.0,0.2,11.8,15.0,3.0,2.4,96,47,3.6,1.6,20.0,11.0,2.2,2.2,551,275,-1.6,1.4000000000000001,-8.2,4.0,0.19999999999999973,-455,40.3,61.7,-21.400000000000006
2425|2025-01-14|west-ham-united|fulham,2425,2025-01-14,West Ham United,Fulham,2,0.8,2.2,13.4,5.0,1.0,1.0,514,257,1.6,1.4,13.6,7.0,1.4,1.8,324,161,-0.8,-0.8000000000000003,-0.1999999999999993,-2.0,-0.8,190,40.8,50.8,-10.0
2425|2025-01-15|arsenal|tottenham-hotspur,2425,2025-01-15,Arsenal,Tottenham Hotspur,2,2.0,0.6,12.6,11.0,2.2,2.2,552,275,2.2,2.2,13.2,4.0,0.8,1.2,552,275,-0.20000000000000018,1.6,-0.5999999999999996,7.0,1.0000000000000002,0,58.4,62.1,-3.700000000000003
2425|2025-01-15|everton|aston-villa,2425,2025-01-15,Everton,Aston Villa,0,0.2,0.8,7.4,3.0,0.6,1.2,551,275,1.4,1.8,11.2,7.0,1.4,0.0,438,218,-1.2,1.0,-3.799999999999999,-4.0,1.2,113,40.6,53.2,-12.600000000000001
2425|2025-01-15|leicester-city|crystal-palace,2425,2025-01-15,Leicester City,Crystal Palace,0,0.4,2.8,6.4,0.0,0.0,0.8,362,181,1.4,1.6,14.0,8.0,1.6,1.8,438,218,-0.9999999999999999,-1.1999999999999997,-7.6,-8.0,-1.0,-76,,42.1,
2425|2025-01-15|newcastle-united|wolverhampton-wanderers,2425,2025-01-15,Newcastle United,Wolverhampton Wanderers,2,3.0,0.2,18.0,15.0,3.0,2.0,514,256,1.6,1.4,11.0,7.0,1.4,1.4,324,162,1.4,1.2,7.0,8.0,0.6000000000000001,190,52.2,48.9,3.3000000000000043
2425|2025-01-16|ipswich-town|brighton-and-hove-albion,2425,2025-01-16,Ipswich Town,Brighton & Hove Albion,0,1.2,1.6,7.8,7.0,1.4,0.8,20,10,1.0,1.4,15.4,4.0,0.8,1.2,286,143,0.19999999999999996,-0.20000000000000018,-7.6000000000000005,3.0,-0.3999999999999999,-266,,60.2,
2425|2025-01-16|manchester-united|southampton,2425,2025-01-16,Manchester United,Southampton,2,0.8,2.0,13.4,4.0,0.8,1.2,552,276,0.2,2.6,9.4,1.0,0.2,0.4,438,219,0.6000000000000001,0.6000000000000001,4.0,3.0,0.7999999999999999,114,50.5,,
2425|2025-01-18|arsenal|aston-villa,2425,2025-01-18,Arsenal,Aston Villa,1,2.4,0.8,12.8,13.0,2.6,2.6,553,276,1.4,1.4,11.8,10.0,2.0,0.6,439,219,1.0,0.5999999999999999,1.0,3.0,2.0,114,58.4,53.2,5.199999999999996
2425|2025-01-18|brentford|liverpool,2425,2025-01-18,Brentford,Liverpool,0,1.6,1.4,11.6,5.0,1.0,1.4,135,68,3.4,1.4,21.4,11.0,2.2,2.2,552,276,-1.7999999999999998,0.0,-9.799999999999999,-6.0,-0.8000000000000003,-417,45.0,61.7,-16.700000000000003
2425|2025-01-18|leicester-city|fulham,2425,2025-01-18,Leicester City,Fulham,0,0.4,2.4,9.8,0.0,0.0,0.8,363,182,1.6,1.6,15.4,6.0,1.2,1.6,325,162,-1.2000000000000002,-0.7999999999999998,-5.6,-6.0,-0.8,38,,50.8,
2425|2025-01-18|newcastle-united|afc-bournemouth,2425,2025-01-18,Newcastle United,AFC Bournemouth,0,2.8,0.2,16.0,15.0,3.0,2.0,515,257,1.6,0.8,14.0,9.0,1.8,2.2,287,144,1.1999999999999997,0.6000000000000001,2.0,6.0,-0.20000000000000018,228,52.2,44.1,8.100000000000001
2425|2025-01-18|west-ham-united|crystal-palace,2425,2025-01-18,West Ham United,Crystal Palace,0,1.2,2.4,11.0,7.0,1.4,1.4,515,258,1.2,1.4,13.2,8.0,1.6,2.2,439,219,0.0,-1.0,-2.1999999999999993,-1.0,-0.8000000000000003,76,40.8,42.1,-1.3000000000000043
2425|2025-01-19|everton|tottenham-hotspur,2425,2025-01-19,Everton,Tottenham Hotspur,2,0.2,1.0,9.0,2.0,0.4,1.0,552,276,1.4,2.6,11.6,1.0,0.2,1.2,553,276,-1.2,1.6,-2.5999999999999996,1.0,-0.19999999999999996,-1,40.6,62.1,-21.5
2425|2025-01-19|ipswich-town|manchester-city,2425,2025-01-19,Ipswich Town,Manchester City,0,0.8,1.8,6.8,4.0,0.8,0.6,21,11,2.0,1.2,16.2,8.0,1.6,1.0,553,277,-1.2,-0.6000000000000001,-9.399999999999999,-4.0,-0.4,-532,,65.4,
2425|2025-01-19|manchester-united|brighton-and-hove-albion,2425,2025-01-19,Manchester United,Brighton & Hove Albion,0,1.0,2.0,16.0,4.0,0.8,1.2,553,277,1.2,0.8,14.2,7.0,1.4,1.2,287,144,-0.19999999999999996,-1.2,1.8000000000000007,-3.0,0.0,266,50.5,60.2,-9.700000000000003
2425|2025-01-19|nottingham-forest|southampton,2425,2025-01-19,Nottingham Forest,Southampton,2,1.8,0.2,9.6,13.0,2.6,2.0,97,48,0.4,2.2,10.2,1.0,0.2,0.4,439,220,1.4,2.0,-0.5999999999999996,12.0,1.6,-342,40.3,,
2425|2025-01-20|chelsea|wolverhampton-wanderers,2425,2025-01-20,Chelsea,Wolverhampton Wanderers,2,0.8,1.4,17.0,3.0,0.6,1.6,553,276,1.4,1.6,10.4,7.0,1.4,0.8,325,163,-0.5999999999999999,0.20000000000000018,6.6,-4.0,0.8,228,58.9,48.9,10.0
2425|2025-01-25|afc-bournemouth|nottingham-forest,2425,2025-01-25,AFC Bournemouth,Nottingham Forest,2,1.8,1.0,15.8,9.0,1.8,1.6,288,143,2.0,0.6,10.4,13.0,2.6,2.4,98,49,-0.19999999999999996,-0.4,5.4,-4.0,-0.7999999999999998,190,44.1,40.3,3.8000000000000043
2425|2025-01-25|brighton-and-hove-albion|everton,2425,2025-01-25,Brighton & Hove Albion,Everton,0,1.6,0.8,13.0,9.0,1.8,1.2,288,143,0.8,1.4,10.4,4.0,0.8,0.6,553,276,0.8,0.5999999999999999,2.5999999999999996,5.0,0.6,-265,60.2,40.6,19.6
2425|2025-01-25|liverpool|ipswich-town,2425,2025-01-25,Liverpool,Ipswich Town,2,2.6,0.8,24.0,11.0,2.2,2.2,553,276,0.8,2.2,6.4,4.0,0.8,1.4,22,10,1.8,1.4000000000000001,17.6,7.0,0.8000000000000003,531,61.7,,
2425|2025-01-25|manchester-city|chelsea,2425,2025-01-25,Manchester City,Chelsea,2,3.0,0.8,17.2,11.0,2.2,1.4,554,276,1.4,1.6,18.4,5.0,1.0,1.6,554,277,1.6,0.8,-1.1999999999999993,6.0,-0.20000000000000018,0,65.4,58.9,6.500000000000007
2425|2025-01-25|southampton|newcastle-united,2425,2025-01-25,Southampton,Newcastle United,0,0.8,2.8,11.2,0.0,0.0,0.0,440,219,2.2,1.0,15.6,12.0,2.4,2.0,516,258,-1.4000000000000001,-1.7999999999999998,-4.4,-12.0,-2.0,-76,,52.2,
2425|2025-01-25|wolverhampton-wanderers|arsenal,2425,2025-01-25,Wolverhampton Wanderers,Arsenal,0,1.0,2.2,10.6,4.0,0.8,1.2,326,162,1.8,1.0,13.6,11.0,2.2,2.2,554,277,-0.8,-1.2000000000000002,-3.0,-7.0,-1.0000000000000002,-228,48.9,58.4,-9.5
2425|2025-01-26|aston-villa|west-ham-united,2425,2025-01-26,Aston Villa,West Ham United,1,1.4,1.6,11.2,8.0,1.6,2.6,440,220,1.0,2.6,10.2,6.0,1.2,1.4,516,257,0.3999999999999999,1.0,1.0,2.0,1.2000000000000002,-76,53.2,40.8,12.400000000000006
2425|2025-01-26|crystal-palace|brentford,2425,2025-01-26,Crystal Palace,Brentford,0,1.4,0.4,12.6,11.0,2.2,1.2,440,220,1.6,1.4,12.4,5.0,1.0,1.0,136,67,-0.20000000000000018,0.9999999999999999,0.1999999999999993,6.0,0.19999999999999996,304,42.1,45.0,-2.8999999999999986
2425|2025-01-26|fulham|manchester-united,2425,2025-01-26,Fulham,Manchester United,0,2.0,1.6,15.6,8.0,1.6,1.4,326,163,1.2,2.0,13.4,4.0,0.8,1.0,554,276,0.8,0.3999999999999999,2.1999999999999993,4.0,0.3999999999999999,-228,50.8,50.5,0.29999999999999716
2425|2025-01-26|tottenham-hotspur|leicester-city,2425,2025-01-26,Tottenham Hotspur,Leicester City,0,1.2,2.0,12.0,1.0,0.2,0.4,554,277,0.4,2.2,9.6,0.0,0.0,0.0,364,181,0.7999999999999999,0.20000000000000018,2.4000000000000004,1.0,0.4,190,62.1,,
2425|2025-02-01|afc-bournemouth|liverpool,2425,2025-02-01,AFC Bournemouth,Liverpool,0,2.8,1.0,15.4,11.0,2.2,2.2,289,144,2.8,0.8,23.4,11.0,2.2,2.2,554,277,0.0,-0.19999999999999996,-7.999999999999998,0.0,0.0,-265,44.1,61.7,-17.6
2425|2025-02-01|everton|leicester-city,2425,2025-02-01,Everton,Leicester City,2,0.8,1.2,9.4,6.0,1.2,1.4,554,277,0.6,1.8,11.2,3.0,0.6,0.6,365,182,0.20000000000000007,0.6000000000000001,-1.799999999999999,3.0,0.7999999999999999,189,40.6,,
2425|2025-02-01|ipswich-town|southampton,2425,2025-02-01,Ipswich Town,Southampton,0,1.0,2.8,6.4,4.0,0.8,0.6,23,12,1.0,3.2,10.0,0.0,0.0,0.2,441,221,0.0,0.40000000000000036,-3.5999999999999996,4.0,0.39999999999999997,-418,,,
2425|2025-02-01|newcastle-united|fulham,2425,2025-02-01,Newcastle United,Fulham,0,2.2,1.2,14.6,12.0,2.4,2.0,517,258,1.6,1.6,14.6,5.0,1.0,1.6,327,163,0.6000000000000001,0.40000000000000013,0.0,7.0,0.3999999999999999,190,52.2,50.8,1.4000000000000057
2425|2025-02-01|nottingham-forest|brighton-and-hove-albion,2425,2025-02-01,Nottingham Forest,Brighton & Hove Albion,2,1.8,1.6,12.0,10.0,2.0,2.6,99,49,1.6,1.0,11.4,8.0,1.6,1.8,289,145,0.19999999999999996,-0.6000000000000001,0.5999999999999996,2.0,0.8,-190,40.3,60.2,-19.900000000000006
2425|2025-02-01|wolverhampton-wanderers|aston-villa,2425,2025-02-01,Wolverhampton Wanderers,Aston Villa,2,0.6,2.4,11.0,1.0,0.2,0.6,327,163,1.6,1.2,13.2,9.0,1.8,0.8,441,220,-1.0,-1.2,-2.1999999999999993,-8.0,-0.20000000000000007,-114,48.9,53.2,-4.300000000000004
2425|2025-02-02|arsenal|manchester-city,2425,2025-02-02,Arsenal,Manchester City,2,1.8,1.0,12.8,11.0,2.2,2.2,555,277,3.4,0.8,15.4,13.0,2.6,1.6,555,278,-1.5999999999999999,-0.19999999999999996,-2.5999999999999996,-2.0,0.6000000000000001,0,58.4,65.4,-7.000000000000007
2425|2025-02-02|brentford|tottenham-hotspur,2425,2025-02-02,Brentford,Tottenham Hotspur,0,2.0,1.6,13.4,7.0,1.4,0.8,137,69,1.4,2.2,12.4,1.0,0.2,0.6,555,277,0.6000000000000001,0.6000000000000001,1.0,6.0,0.20000000000000007,-418,45.0,62.1,-17.1
2425|2025-02-02|manchester-united|crystal-palace,2425,2025-02-02,Manchester United,Crystal Palace,0,1.4,1.6,12.0,7.0,1.4,0.6,555,278,1.6,0.8,13.8,10.0,2.0,2.6,441,220,-0.20000000000000018,-0.8,-1.8000000000000007,-3.0,-2.0,114,50.5,42.1,8.399999999999999
2425|2025-02-03|chelsea|west-ham-united,2425,2025-02-03,Chelsea,West Ham United,2,1.4,1.8,18.0,5.0,1.0,2.0,555,277,1.0,2.8,9.8,4.0,0.8,1.0,517,258,0.3999999999999999,0.9999999999999998,8.2,1.0,1.0,38,58.9,40.8,18.1
2425|2025-02-12|everton|liverpool,2425,2025-02-12,Everton,Liverpool,1,1.6,0.8,9.4,9.0,1.8,1.4,555,278,2.2,0.8,22.8,11.0,2.2,2.6,555,278,-0.6000000000000001,0.0,-13.4,-2.0,-1.2000000000000002,0,40.6,61.7,-21.1
2425|2025-02-14|brighton-and-hove-albion|chelsea,2425,2025-02-14,Brighton & Hove Albion,Chelsea,2,1.2,2.0,10.8,7.0,1.4,0.6,290,144,1.8,1.6,18.4,8.0,1.6,1.0,556,278,-0.6000000000000001,-0.3999999999999999,-7.599999999999998,-1.0,-0.4,-266,60.2,58.9,1.3000000000000043
2425|2025-02-15|aston-villa|ipswich-town,2425,2025-02-15,Aston Villa,Ipswich Town,1,1.2,1.2,11.2,8.0,1.6,2.2,442,221,0.8,3.2,7.6,1.0,0.2,0.8,24,11,0.3999999999999999,2.0,3.5999999999999996,7.0,1.4000000000000001,418,53.2,,
2425|2025-02-15|crystal-palace|everton,2425,2025-02-15,Crystal Palace,Everton,0,1.6,0.6,12.2,10.0,2.0,1.0,442,221,2.0,1.0,9.6,10.0,2.0,1.0,556,277,-0.3999999999999999,0.4,2.5999999999999996,0.0,0.0,-114,42.1,40.6,1.5
2425|2025-02-15|fulham|nottingham-forest,2425,2025-02-15,Fulham,Nottingham Forest,2,1.6,1.4,15.4,7.0,1.4,0.8,328,164,2.8,1.6,12.6,10.0,2.0,2.4,100,50,-1.1999999999999997,0.20000000000000018,2.8000000000000007,-3.0,-1.5999999999999999,228,50.8,40.3,10.5
2425|2025-02-15|leicester-city|arsenal,2425,2025-02-15,Leicester City,Arsenal,0,0.6,2.2,10.8,3.0,0.6,0.2,366,183,2.2,1.0,12.4,11.0,2.2,2.2,556,278,-1.6,-1.2000000000000002,-1.5999999999999996,-8.0,-2.0,-190,,58.4,
2425|2025-02-15|manchester-city|newcastle-united,2425,2025-02-15,Manchester City,Newcastle United,2,3.2,1.8,14.0,10.0,2.0,2.0,556,277,2.0,1.6,14.4,9.0,1.8,2.4,518,259,1.2000000000000002,-0.19999999999999996,-0.40000000000000036,1.0,-0.3999999999999999,38,65.4,52.2,13.200000000000003
2425|2025-02-15|southampton|afc-bournemouth,2425,2025-02-15,Southampton,AFC Bournemouth,0,1.2,3.0,10.4,3.0,0.6,0.0,442,220,2.4,1.0,15.0,10.0,2.0,2.2,290,145,-1.2,-2.0,-4.6,-7.0,-2.2,152,,44.1,
2425|2025-02-15|west-ham-united|brentford,2425,2025-02-15,West Ham United,Brentford,0,1.2,2.2,11.2,4.0,0.8,1.4,518,259,1.8,1.4,16.4,7.0,1.4,1.4,138,68,-0.6000000000000001,-0.8000000000000003,-5.199999999999999,-3.0,0.0,380,40.8,45.0,-4.200000000000003
2425|2025-02-16|liverpool|wolverhampton-wanderers,2425,2025-02-16,Liverpool,Wolverhampton Wanderers,2,2.2,0.8,20.2,11.0,2.2,2.2,556,277,0.6,2.0,10.4,3.0,0.6,0.8,328,164,1.6,1.2,9.799999999999999,8.0,1.4000000000000001,228,61.7,48.9,12.800000000000004
2425|2025-02-16|tottenham-hotspur|manchester-united,2425,2025-02-16,Tottenham Hotspur,Manchester United,2,1.4,1.8,12.4,3.0,0.6,0.2,556,278,1.4,1.6,13.4,7.0,1.4,1.4,556,277,0.0,-0.19999999999999996,-1.0,-4.0,-1.2,0,62.1,50.5,11.600000000000001
2425|2025-02-19|aston-villa|liverpool,2425,2025-02-19,Aston Villa,Liverpool,1,1.0,1.2,13.6,6.0,1.2,1.8,443,222,2.4,0.8,17.6,13.0,2.6,2.2,557,279,-1.4,-0.3999999999999999,-4.000000000000002,-7.0,-0.40000000000000013,-114,53.2,61.7,-8.5
2425|2025-02-21|leicester-city|brentford,2425,2025-02-21,Leicester City,Brentford,0,0.4,2.2,11.2,3.0,0.6,0.0,367,184,1.0,1.4,15.2,7.0,1.4,2.0,139,69,-0.6,-0.8000000000000003,-4.0,-4.0,-2.0,228,,45.0,
2425|2025-02-22|afc-bournemouth|wolverhampton-wanderers,2425,2025-02-22,AFC Bournemouth,Wolverhampton Wanderers,0,2.8,1.2,14.0,10.0,2.0,1.6,291,145,0.8,1.8,11.0,3.0,0.6,0.8,329,165,1.9999999999999998,0.6000000000000001,3.0,7.0,0.8,-38,44.1,48.9,-4.799999999999997
2425|2025-02-22|arsenal|west-ham-united,2425,2025-02-22,Arsenal,West Ham United,0,2.4,0.8,12.8,13.0,2.6,2.2,557,278,1.0,1.6,10.4,4.0,0.8,1.0,519,259,1.4,0.8,2.4000000000000004,9.0,1.2000000000000002,38,58.4,40.8,17.6
2425|2025-02-22|aston-villa|chelsea,2425,2025-02-22,Aston Villa,Chelsea,2,1.2,1.6,13.2,4.0,0.8,1.4,444,223,1.6,2.0,17.0,7.0,1.4,0.4,557,279,-0.40000000000000013,0.3999999999999999,-3.8000000000000007,-3.0,0.9999999999999999,-113,53.2,58.9,-5.699999999999996
2425|2025-02-22|everton|manchester-united,2425,2025-02-22,Everton,Manchester United,1,2.4,1.0,9.8,13.0,2.6,1.4,557,279,1.0,1.4,14.0,6.0,1.2,1.4,557,278,1.4,0.3999999999999999,-4.199999999999999,7.0,0.0,0,40.6,50.5,-9.899999999999999
2425|2025-02-22|fulham|crystal-palace,2425,2025-02-22,Fulham,Crystal Palace,0,1.6,1.2,17.2,9.0,1.8,1.2,329,165,1.6,0.8,13.0,9.0,1.8,2.6,443,221,0.0,-0.3999999999999999,4.199999999999999,0.0,-1.4000000000000001,-114,50.8,42.1,8.699999999999996
2425|2025-02-22|ipswich-town|tottenham-hotspur,2425,2025-02-22,Ipswich Town,Tottenham Hotspur,0,0.6,3.0,7.0,1.0,0.2,0.6,25,13,1.4,1.4,14.2,6.0,1.2,1.2,557,278,-0.7999999999999999,-1.6,-7.199999999999999,-5.0,-0.6,-532,,62.1,
2425|2025-02-22|southampton|brighton-and-hove-albion,2425,2025-02-22,Southampton,Brighton & Hove Albion,0,1.4,2.6,11.0,3.0,0.6,0.0,443,221,1.6,1.8,11.2,9.0,1.8,1.6,291,146,-0.20000000000000018,-0.8,-0.1999999999999993,-6.0,-1.6,152,,60.2,
2425|2025-02-23|manchester-city|liverpool,2425,2025-02-23,Manchester City,Liverpool,0,3.2,1.6,14.2,10.0,2.0,2.0,557,278,2.4,1.2,13.6,11.0,2.2,1.8,558,280,0.8000000000000003,-0.40000000000000013,0.5999999999999996,-1.0,0.19999999999999996,-1,65.4,61.7,3.700000000000003
2425|2025-02-23|newcastle-united|nottingham-forest,2425,2025-02-23,Newcastle United,Nottingham Forest,2,1.6,2.2,12.2,6.0,1.2,1.8,519,259,2.4,2.0,12.0,7.0,1.4,1.8,101,51,-0.7999999999999998,-0.20000000000000018,0.1999999999999993,-1.0,0.0,418,52.2,40.3,11.900000000000006
2425|2025-02-25|brighton-and-hove-albion|afc-bournemouth,2425,2025-02-25,Brighton & Hove Albion,AFC Bournemouth,2,2.0,1.8,12.6,9.0,1.8,1.0,292,145,2.4,1.0,14.2,9.0,1.8,2.2,292,146,-0.3999999999999999,-0.8,-1.5999999999999996,0.0,-1.2000000000000002,0,60.2,44.1,16.1
2425|2025-02-25|chelsea|southampton,2425,2025-02-25,Chelsea,Southampton,2,1.4,2.0,14.8,6.0,1.2,2.0,558,278,1.2,2.8,9.6,3.0,0.6,0.8,444,222,0.19999999999999996,0.7999999999999998,5.200000000000001,3.0,1.2,114,58.9,,
2425|2025-02-25|crystal-palace|aston-villa,2425,2025-02-25,Crystal Palace,Aston Villa,2,1.6,0.8,13.2,9.0,1.8,0.8,444,222,1.2,1.4,14.0,6.0,1.2,0.8,445,221,0.40000000000000013,0.5999999999999999,-0.8000000000000007,3.0,0.0,-1,42.1,53.2,-11.100000000000001
2425|2025-02-25|wolverhampton-wanderers|fulham,2425,2025-02-25,Wolverhampton Wanderers,Fulham,0,1.0,1.2,11.0,6.0,1.2,1.2,330,164,1.2,1.0,15.0,9.0,1.8,2.0,330,164,-0.19999999999999996,-0.19999999999999996,-4.0,-3.0,-0.8,0,48.9,50.8,-1.8999999999999986
2425|2025-02-26|brentford|everton,2425,2025-02-26,Brentford,Everton,1,1.4,1.0,14.4,9.0,1.8,0.2,140,70,2.2,1.0,9.2,11.0,2.2,1.6,558,278,-0.8000000000000003,0.0,5.200000000000001,-2.0,-1.4000000000000001,-418,45.0,40.6,4.399999999999999
2425|2025-02-26|liverpool|newcastle-united,2425,2025-02-26,Liverpool,Newcastle United,2,2.0,1.0,12.0,11.0,2.2,2.2,559,278,1.8,2.8,11.4,6.0,1.2,2.4,520,260,0.19999999999999996,1.7999999999999998,0.5999999999999996,5.0,-0.19999999999999973,39,61.7,52.2,9.5
2425|2025-02-26|manchester-united|ipswich-town,2425,2025-02-26,Manchester United,Ipswich Town,2,0.8,1.6,11.2,4.0,0.8,0.6,558,279,0.8,3.4,9.4,1.0,0.2,1.0,26,12,0.0,1.7999999999999998,1.799999999999999,3.0,-0.4,532,50.5,,
2425|2025-02-26|nottingham-forest|arsenal,2425,2025-02-26,Nottingham Forest,Arsenal,1,2.8,2.6,14.2,6.0,1.2,2.6,102,50,2.0,0.8,14.0,10.0,2.0,2.6,558,279,0.7999999999999998,-1.8,0.1999999999999993,-4.0,0.0,-456,40.3,58.4,-18.1
2425|2025-02-26|tottenham-hotspur|manchester-city,2425,2025-02-26,Tottenham Hotspur,Manchester City,0,2.0,1.2,14.2,9.0,1.8,0.8,558,279,2.8,1.6,13.2,9.0,1.8,1.4,558,279,-0.7999999999999998,0.40000000000000013,1.0,0.0,-0.5999999999999999,0,62.1,65.4,-3.3000000000000043
2425|2025-02-27|west-ham-united|leicester-city,2425,2025-02-27,West Ham United,Leicester City,2,0.6,1.2,10.6,4.0,0.8,0.8,520,260,0.4,2.6,8.6,3.0,0.6,0.6,368,183,0.19999999999999996,1.4000000000000001,2.0,1.0,0.20000000000000007,152,40.8,,
2425|2025-03-08|brentford|aston-villa,2425,2025-03-08,Brentford,Aston Villa,0,1.6,0.8,14.6,10.0,2.0,0.4,141,71,1.2,2.0,12.4,5.0,1.0,0.8,446,222,0.40000000000000013,1.2,2.1999999999999993,5.0,-0.4,-305,45.0,53.2,-8.200000000000003
2425|2025-03-08|brighton-and-hove-albion|fulham,2425,2025-03-08,Brighton & Hove Albion,Fulham,2,1.8,1.8,13.6,9.0,1.8,1.6,293,146,1.2,1.2,13.8,9.0,1.8,2.4,331,165,0.6000000000000001,-0.6000000000000001,-0.20000000000000107,0.0,-0.7999999999999998,-38,60.2,50.8,9.400000000000006
2425|2025-03-08|crystal-palace|ipswich-town,2425,2025-03-08,Crystal Palace,Ipswich Town,2,2.0,1.0,14.6,9.0,1.8,1.4,445,223,1.2,2.8,10.2,1.0,0.2,0.4,27,13,0.8,1.7999999999999998,4.4,8.0,0.9999999999999999,418,42.1,,
2425|2025-03-08|liverpool|southampton,2425,2025-03-08,Liverpool,Southampton,2,2.0,1.0,10.6,11.0,2.2,2.6,560,279,0.8,3.0,9.0,3.0,0.6,0.6,445,223,1.2,2.0,1.5999999999999996,8.0,2.0,115,61.7,,
2425|2025-03-08|nottingham-forest|manchester-city,2425,2025-03-08,Nottingham Forest,Manchester City,2,2.2,2.2,12.6,4.0,0.8,2.2,103,51,1.8,1.6,12.2,9.0,1.8,2.0,559,280,0.40000000000000013,-0.6000000000000001,0.40000000000000036,-5.0,0.20000000000000018,-456,40.3,65.4,-25.10000000000001
2425|2025-03-08|wolverhampton-wanderers|everton,2425,2025-03-08,Wolverhampton Wanderers,Everton,1,1.0,1.0,12.8,6.0,1.2,1.2,331,165,2.2,1.2,11.4,9.0,1.8,1.6,559,279,-1.2000000000000002,0.19999999999999996,1.4000000000000004,-3.0,-0.40000000000000013,-228,48.9,40.6,8.299999999999997
2425|2025-03-09|chelsea|leicester-city,2425,2025-03-09,Chelsea,Leicester City,2,1.6,1.8,14.8,6.0,1.2,2.0,559,279,0.4,2.6,9.0,3.0,0.6,0.6,369,184,1.2000000000000002,0.8,5.800000000000001,3.0,1.4,190,58.9,,
2425|2025-03-09|manchester-united|arsenal,2425,2025-03-09,Manchester United,Arsenal,1,1.2,1.4,11.2,7.0,1.4,1.2,559,280,1.6,0.4,13.0,10.0,2.0,2.2,559,280,-0.40000000000000013,-0.9999999999999999,-1.8000000000000007,-3.0,-1.0000000000000002,0,50.5,58.4,-7.899999999999999
2425|2025-03-09|tottenham-hotspur|afc-bournemouth,2425,2025-03-09,Tottenham Hotspur,AFC Bournemouth,1,1.6,0.8,14.2,9.0,1.8,0.8,559,280,1.8,1.2,14.2,6.0,1.2,1.6,293,147,-0.19999999999999996,0.3999999999999999,0.0,3.0,-0.8,266,62.1,44.1,18.0
2425|2025-03-10|west-ham-united|newcastle-united,2425,2025-03-10,West Ham United,Newcastle United,0,1.0,0.8,10.8,7.0,1.4,1.2,521,261,1.6,2.4,9.4,6.0,1.2,1.8,521,261,-0.6000000000000001,1.5999999999999999,1.4000000000000004,1.0,-0.6000000000000001,0,40.8,52.2,-11.400000000000006
2425|2025-03-15|afc-bournemouth|brentford,2425,2025-03-15,AFC Bournemouth,Brentford,0,1.2,1.6,14.4,4.0,0.8,1.4,294,146,1.2,0.8,14.6,7.0,1.4,2.6,142,70,0.0,-0.8,-0.1999999999999993,-3.0,-1.2000000000000002,152,44.1,45.0,-0.8999999999999986
2425|2025-03-15|everton|west-ham-united,2425,2025-03-15,Everton,West Ham United,1,1.6,1.4,11.2,7.0,1.4,1.6,560,280,0.8,0.8,9.8,6.0,1.2,1.4,522,260,0.8,-0.5999999999999999,1.3999999999999986,1.0,0.20000000000000018,38,40.6,40.8,-0.19999999999999574
2425|2025-03-15|ipswich-town|nottingham-forest,2425,2025-03-15,Ipswich Town,Nottingham Forest,0,1.0,2.2,12.6,1.0,0.2,0.6,28,14,2.4,1.2,10.8,7.0,1.4,1.2,104,52,-1.4,-1.0000000000000002,1.799999999999999,-6.0,-0.6,-76,,40.3,
2425|2025-03-15|manchester-city|brighton-and-hove-albion,2425,2025-03-15,Manchester City,Brighton & Hove Albion,1,1.2,1.6,12.0,6.0,1.2,2.0,560,279,2.2,1.8,12.2,12.0,2.4,2.0,294,147,-1.0000000000000002,0.19999999999999996,-0.1999999999999993,-6.0,0.0,266,65.4,60.2,5.200000000000003
2425|2025-03-15|southampton|wolverhampton-wanderers,2425,2025-03-15,Southampton,Wolverhampton Wanderers,0,0.8,3.0,7.8,3.0,0.6,0.0,446,222,1.2,1.0,13.2,7.0,1.4,0.8,332,166,-0.3999999999999999,-2.0,-5.3999999999999995,-4.0,-0.8,114,,48.9,
2425|2025-03-16|arsenal|chelsea,2425,2025-03-16,Arsenal,Chelsea,2,1.6,0.6,14.6,8.0,1.6,2.0,560,279,1.6,1.2,16.8,9.0,1.8,0.2,560,280,0.0,0.6,-2.200000000000001,-1.0,1.8,0,58.4,58.9,-0.5
2425|2025-03-16|fulham|tottenham-hotspur,2425,2025-03-16,Fulham,Tottenham Hotspur,2,1.4,1.4,13.2,9.0,1.8,1.0,332,166,1.8,0.8,13.6,10.0,2.0,1.2,560,279,-0.40000000000000013,-0.5999999999999999,-0.40000000000000036,-1.0,-0.19999999999999996,-228,50.8,62.1,-11.300000000000004
2425|2025-03-16|leicester-city|manchester-united,2425,2025-03-16,Leicester City,Manchester United,0,0.0,2.6,7.2,0.0,0.0,0.0,370,185,1.2,1.6,12.4,5.0,1.0,1.0,560,279,-1.2,-1.0,-5.2,-5.0,-1.0,-190,,50.5,
2425|2025-04-01|arsenal|fulham,2425,2025-04-01,Arsenal,Fulham,2,0.8,0.4,14.6,8.0,1.6,2.0,561,280,1.4,1.2,12.8,9.0,1.8,1.8,333,166,-0.5999999999999999,0.7999999999999999,1.799999999999999,-1.0,0.19999999999999996,228,58.4,50.8,7.600000000000001
2425|2025-04-01|nottingham-forest|manchester-united,2425,2025-04-01,Nottingham Forest,Manchester United,2,1.8,1.6,10.2,7.0,1.4,2.2,105,52,1.8,1.2,12.6,8.0,1.6,1.6,561,280,0.0,-0.40000000000000013,-2.4000000000000004,-1.0,0.6000000000000001,-456,40.3,50.5,-10.200000000000003
2425|2025-04-01|wolverhampton-wanderers|west-ham-united,2425,2025-04-01,Wolverhampton Wanderers,West Ham United,2,1.2,1.2,12.6,7.0,1.4,0.8,333,166,0.8,0.6,9.0,7.0,1.4,1.0,523,261,0.3999999999999999,-0.6,3.5999999999999996,0.0,-0.19999999999999996,-190,48.9,40.8,8.100000000000001
2425|2025-04-02|afc-bournemouth|ipswich-town,2425,2025-04-02,AFC Bournemouth,Ipswich Town,0,1.4,1.6,15.0,4.0,0.8,1.2,295,147,1.2,2.6,11.8,1.0,0.2,0.4,29,14,0.19999999999999996,1.0,3.1999999999999993,3.0,0.7999999999999999,266,44.1,,
2425|2025-04-02|brighton-and-hove-albion|aston-villa,2425,2025-04-02,Brighton & Hove Albion,Aston Villa,0,2.6,0.8,13.2,13.0,2.6,2.0,295,147,1.4,1.6,12.8,8.0,1.6,1.4,447,223,1.2000000000000002,0.8,0.3999999999999986,5.0,0.6000000000000001,-152,60.2,53.2,7.0
2425|2025-04-02|liverpool|everton,2425,2025-04-02,Liverpool,Everton,2,2.2,0.8,15.0,13.0,2.6,2.6,561,280,1.4,1.2,11.8,7.0,1.4,1.6,561,280,0.8000000000000003,0.3999999999999999,3.1999999999999993,6.0,1.0,0,61.7,40.6,21.1
2425|2025-04-02|manchester-city|leicester-city,2425,2025-04-02,Manchester City,Leicester City,2,1.4,1.0,12.8,7.0,1.4,2.0,561,280,0.0,2.4,7.6,0.0,0.0,0.6,371,185,1.4,1.4,5.200000000000001,7.0,1.4,190,65.4,,
2425|2025-04-02|newcastle-united|brentford,2425,2025-04-02,Newcastle United,Brentford,2,1.2,2.2,7.8,6.0,1.2,1.8,522,260,1.6,0.6,12.6,10.0,2.0,3.0,143,71,-0.40000000000000013,-1.6,-4.8,-4.0,-1.2,379,52.2,45.0,7.200000000000003
2425|2025-04-02|southampton|crystal-palace,2425,2025-04-02,Southampton,Crystal Palace,1,0.6,3.2,8.0,0.0,0.0,0.0,447,223,2.0,0.6,15.2,12.0,2.4,2.6,446,222,-1.4,-2.6,-7.199999999999999,-12.0,-2.6,1,,42.1,
2425|2025-04-03|chelsea|tottenham-hotspur,2425,2025-04-03,Chelsea,Tottenham Hotspur,2,1.2,1.2,14.0,6.0,1.2,2.6,561,280,1.4,1.2,13.4,7.0,1.4,1.2,561,280,-0.19999999999999996,0.0,0.5999999999999996,-1.0,1.4000000000000001,0,58.9,62.1,-3.200000000000003
2425|2025-04-05|aston-villa|nottingham-forest,2425,2025-04-05,Aston Villa,Nottingham Forest,2,1.8,1.4,9.4,10.0,2.0,1.8,448,224,1.8,1.2,10.2,10.0,2.0,1.2,106,53,0.0,-0.19999999999999996,-0.7999999999999989,0.0,0.6000000000000001,342,53.2,40.3,12.900000000000006
2425|2025-04-05|crystal-palace|brighton-and-hove-albion,2425,2025-04-05,Crystal Palace,Brighton & Hove Albion,2,1.8,0.8,14.8,10.0,2.0,1.4,447,224,2.0,1.4,12.8,10.0,2.0,2.0,296,148,-0.19999999999999996,0.5999999999999999,2.0,0.0,-0.6000000000000001,151,42.1,60.2,-18.1
2425|2025-04-05|everton|arsenal,2425,2025-04-05,Everton,Arsenal,1,1.0,1.2,10.6,4.0,0.8,1.8,562,281,0.8,0.6,15.8,8.0,1.6,1.8,562,281,0.19999999999999996,-0.6,-5.200000000000001,-4.0,0.0,0,40.6,58.4,-17.799999999999997
2425|2025-04-05|ipswich-town|wolverhampton-wanderers,2425,2025-04-05,Ipswich Town,Wolverhampton Wanderers,0,1.4,2.6,13.0,3.0,0.6,0.0,30,15,1.2,0.8,11.2,10.0,2.0,1.2,334,167,0.19999999999999996,-1.8,1.8000000000000007,-7.0,-1.2,-304,,48.9,
2425|2025-04-05|west-ham-united|afc-bournemouth,2425,2025-04-05,West Ham United,AFC Bournemouth,1,0.8,0.6,8.4,7.0,1.4,1.2,524,262,1.0,1.8,17.0,1.0,0.2,1.6,296,148,-0.19999999999999996,1.2000000000000002,-8.6,6.0,-0.40000000000000013,228,40.8,44.1,-3.3000000000000043
2425|2025-04-06|brentford|chelsea,2425,2025-04-06,Brentford,Chelsea,1,1.6,1.0,12.2,7.0,1.4,0.4,144,72,1.4,0.6,14.6,9.0,1.8,0.2,562,281,0.20000000000000018,-0.4,-2.4000000000000004,-2.0,0.2,-418,45.0,58.9,-13.899999999999999
2425|2025-04-06|fulham|liverpool,2425,2025-04-06,Fulham,Liverpool,2,1.2,1.4,9.8,6.0,1.2,1.4,334,167,2.0,0.6,16.4,13.0,2.6,2.2,562,281,-0.8,-0.7999999999999999,-6.599999999999998,-7.0,-0.8000000000000003,-228,50.8,61.7,-10.900000000000006
2425|2025-04-06|manchester-united|manchester-city,2425,2025-04-06,Manchester United,Manchester City,1,1.8,1.2,14.0,8.0,1.6,1.4,562,281,1.0,1.0,14.2,7.0,1.4,1.4,562,281,0.8,-0.19999999999999996,-0.1999999999999993,1.0,0.0,0,50.5,65.4,-14.900000000000006
2425|2025-04-06|tottenham-hotspur|southampton,2425,2025-04-06,Tottenham Hotspur,Southampton,2,1.2,1.4,10.6,4.0,0.8,0.8,562,281,0.6,2.8,7.4,1.0,0.2,0.6,448,224,0.6,1.4,3.1999999999999993,3.0,0.20000000000000007,114,62.1,,
2425|2025-04-07|leicester-city|newcastle-united,2425,2025-04-07,Leicester City,Newcastle United,0,0.0,2.4,6.8,0.0,0.0,0.0,372,186,1.4,2.0,9.8,9.0,1.8,1.8,523,262,-1.4,-0.3999999999999999,-3.000000000000001,-9.0,-1.8,-151,,52.2,
2425|2025-04-12|arsenal|brentford,2425,2025-04-12,Arsenal,Brentford,1,1.0,0.6,14.6,9.0,1.8,2.0,563,281,0.8,1.0,11.2,5.0,1.0,2.4,145,72,0.19999999999999996,0.4,3.4000000000000004,4.0,-0.3999999999999999,418,58.4,45.0,13.399999999999999
2425|2025-04-12|brighton-and-hove-albion|leicester-city,2425,2025-04-12,Brighton & Hove Albion,Leicester City,1,1.4,1.8,11.4,7.0,1.4,1.8,297,148,0.0,2.2,6.6,0.0,0.0,0.6,373,186,1.4,0.40000000000000013,4.800000000000001,7.0,1.2000000000000002,-76,60.2,,
2425|2025-04-12|manchester-city|crystal-palace,2425,2025-04-12,Manchester City,Crystal Palace,2,1.0,0.6,12.8,8.0,1.6,2.0,563,281,2.0,0.6,13.0,13.0,2.6,2.6,448,223,-1.0,0.0,-0.1999999999999993,-5.0,-0.6000000000000001,115,65.4,42.1,23.300000000000004
2425|2025-04-12|nottingham-forest|everton,2425,2025-04-12,Nottingham Forest,Everton,0,1.4,0.8,10.6,10.0,2.0,2.6,107,53,0.8,1.0,9.8,4.0,0.8,1.6,563,281,0.5999999999999999,0.19999999999999996,0.7999999999999989,6.0,1.0,-456,40.3,40.6,-0.30000000000000426
2425|2025-04-12|southampton|aston-villa,2425,2025-04-12,Southampton,Aston Villa,0,0.8,2.6,8.6,1.0,0.2,0.2,449,224,1.8,1.2,11.0,12.0,2.4,1.4,449,224,-1.0,-1.4000000000000001,-2.4000000000000004,-11.0,-1.2,0,,53.2,
2425|2025-04-13|chelsea|ipswich-town,2425,2025-04-13,Chelsea,Ipswich Town,1,1.2,0.2,15.8,10.0,2.0,3.0,563,281,1.4,2.2,10.8,3.0,0.6,0.8,31,15,-0.19999999999999996,2.0,5.0,7.0,2.2,532,58.9,,
2425|2025-04-13|liverpool|west-ham-united,2425,2025-04-13,Liverpool,West Ham United,2,2.0,0.8,15.8,12.0,2.4,3.0,563,281,1.0,1.0,9.2,5.0,1.0,1.0,525,262,1.0,0.19999999999999996,6.600000000000001,7.0,2.0,38,61.7,40.8,20.900000000000006
2425|2025-04-13|newcastle-united|manchester-united,2425,2025-04-13,Newcastle United,Manchester United,2,2.0,1.2,12.4,12.0,2.4,1.8,524,261,1.4,0.8,14.8,8.0,1.6,1.4,563,281,0.6000000000000001,-0.3999999999999999,-2.4000000000000004,4.0,0.40000000000000013,-39,52.2,50.5,1.7000000000000028
2425|2025-04-13|wolverhampton-wanderers|tottenham-hotspur,2425,2025-04-13,Wolverhampton Wanderers,Tottenham Hotspur,2,1.4,1.0,13.0,10.0,2.0,1.4,335,167,1.0,1.4,11.2,4.0,0.8,1.2,563,281,0.3999999999999999,0.3999999999999999,1.8000000000000007,6.0,0.19999999999999996,-228,48.9,62.1,-13.200000000000003
2425|2025-04-14|afc-bournemouth|fulham,2425,2025-04-14,AFC Bournemouth,Fulham,2,1.4,2.0,17.6,2.0,0.4,0.6,297,148,1.8,1.4,10.2,9.0,1.8,1.8,335,167,-0.40000000000000013,-0.6000000000000001,7.400000000000002,-7.0,-1.2000000000000002,-38,44.1,50.8,-6.699999999999996
2425|2025-04-16|newcastle-united|crystal-palace,2425,2025-04-16,Newcastle United,Crystal Palace,2,2.0,0.8,12.4,12.0,2.4,1.8,525,262,2.0,1.6,12.6,10.0,2.0,2.0,449,224,0.0,0.8,-0.1999999999999993,2.0,-0.19999999999999996,76,52.2,42.1,10.100000000000001
2425|2025-04-19|aston-villa|newcastle-united,2425,2025-04-19,Aston Villa,Newcastle United,2,2.0,1.0,13.6,12.0,2.4,1.8,450,225,3.0,0.4,14.6,15.0,3.0,1.8,526,263,-1.0,-0.6,-1.0,-3.0,0.0,-76,53.2,52.2,1.0
2425|2025-04-19|brentford|brighton-and-hove-albion,2425,2025-04-19,Brentford,Brighton & Hove Albion,2,0.8,1.0,9.4,5.0,1.0,0.4,146,73,1.4,2.0,13.4,5.0,1.0,1.4,298,149,-0.5999999999999999,1.0,-4.0,0.0,-0.9999999999999999,-152,45.0,60.2,-15.200000000000003
2425|2025-04-19|crystal-palace|afc-bournemouth,2425,2025-04-19,Crystal Palace,AFC Bournemouth,1,1.2,2.4,11.0,7.0,1.4,1.8,450,225,1.4,1.6,16.2,5.0,1.0,1.6,298,149,-0.19999999999999996,-0.7999999999999998,-5.199999999999999,2.0,0.19999999999999996,152,42.1,44.1,-2.0
2425|2025-04-19|everton|manchester-city,2425,2025-04-19,Everton,Manchester City,0,0.8,0.8,9.6,6.0,1.2,1.4,564,282,1.8,1.0,14.6,8.0,1.6,1.4,564,282,-1.0,0.19999999999999996,-5.0,-2.0,0.0,0,40.6,65.4,-24.800000000000004
2425|2025-04-19|west-ham-united|southampton,2425,2025-04-19,West Ham United,Southampton,1,0.8,1.4,9.8,2.0,0.4,0.8,526,263,0.8,2.4,8.6,1.0,0.2,0.6,450,225,0.0,1.0,1.200000000000001,1.0,0.20000000000000007,76,40.8,,
2425|2025-04-20|fulham|chelsea,2425,2025-04-20,Fulham,Chelsea,0,1.4,1.4,10.4,6.0,1.2,1.8,336,168,0.8,0.6,18.8,8.0,1.6,0.2,564,282,0.5999999999999999,-0.7999999999999999,-8.4,-2.0,1.6,-228,50.8,58.9,-8.100000000000001
2425|2025-04-20|ipswich-town|arsenal,2425,2025-04-20,Ipswich Town,Arsenal,0,1.4,2.0,11.0,4.0,0.8,0.0,32,16,1.2,0.8,14.8,9.0,1.8,1.8,564,282,0.19999999999999996,-1.2,-3.8000000000000007,-5.0,-1.8,-532,,58.4,
2425|2025-04-20|leicester-city|liverpool,2425,2025-04-20,Leicester City,Liverpool,0,0.4,2.2,7.6,1.0,0.2,0.0,374,187,2.0,1.0,17.2,12.0,2.4,1.6,564,282,-1.6,-1.2000000000000002,-9.6,-11.0,-1.6,-190,,61.7,
2425|2025-04-20|manchester-united|wolverhampton-wanderers,2425,2025-04-20,Manchester United,Wolverhampton Wanderers,0,1.0,1.2,14.6,5.0,1.0,1.0,564,282,2.0,1.0,12.0,13.0,2.6,1.8,336,168,-1.0,-0.19999999999999996,2.5999999999999996,-8.0,-0.8,228,50.5,48.9,1.6000000000000014
2425|2025-04-21|tottenham-hotspur|nottingham-forest,2425,2025-04-21,Tottenham Hotspur,Nottingham Forest,0,1.4,2.0,11.2,4.0,0.8,1.4,564,282,1.4,1.0,11.4,9.0,1.8,0.6,108,54,0.0,-1.0,-0.20000000000000107,-5.0,0.7999999999999999,456,62.1,40.3,21.800000000000004
2425|2025-04-22|manchester-city|aston-villa,2425,2025-04-22,Manchester City,Aston Villa,2,2.2,0.8,14.2,11.0,2.2,2.0,565,282,2.6,0.4,17.0,15.0,3.0,1.8,451,225,-0.3999999999999999,-0.4,-2.8000000000000007,-4.0,0.19999999999999996,114,65.4,53.2,12.200000000000003
2425|2025-04-23|arsenal|crystal-palace,2425,2025-04-23,Arsenal,Crystal Palace,1,1.8,0.6,16.2,11.0,2.2,2.0,565,282,1.0,2.4,8.2,5.0,1.0,1.4,451,225,0.8,1.7999999999999998,8.0,6.0,0.6000000000000001,114,58.4,42.1,16.299999999999997
2425|2025-04-26|brighton-and-hove-albion|west-ham-united,2425,2025-04-26,Brighton & Hove Albion,West Ham United,2,1.4,2.6,14.0,2.0,0.4,2.0,299,149,1.0,1.4,10.4,3.0,0.6,0.8,527,263,0.3999999999999999,-1.2000000000000002,3.5999999999999996,-1.0,1.2,-228,60.2,40.8,19.400000000000006
2425|2025-04-26|chelsea|everton,2425,2025-04-26,Chelsea,Everton,2,1.0,0.8,17.4,8.0,1.6,2.6,565,282,0.6,1.0,8.8,5.0,1.0,1.6,565,282,0.4,0.19999999999999996,8.599999999999998,3.0,1.0,0,58.9,40.6,18.299999999999997
2425|2025-04-26|newcastle-united|ipswich-town,2425,2025-04-26,Newcastle United,Ipswich Town,2,3.0,1.2,14.8,12.0,2.4,2.4,527,263,1.4,2.6,8.8,4.0,0.8,1.0,33,16,1.6,1.4000000000000001,6.0,8.0,1.4,494,52.2,,
2425|2025-04-26|southampton|fulham,2425,2025-04-26,Southampton,Fulham,0,0.8,2.0,10.4,2.0,0.4,0.2,451,225,1.4,1.4,10.4,6.0,1.2,1.2,337,168,-0.5999999999999999,-0.6000000000000001,0.0,-4.0,-1.0,114,,50.8,
2425|2025-04-26|wolverhampton-wanderers|leicester-city,2425,2025-04-26,Wolverhampton Wanderers,Leicester City,2,2.0,0.8,10.6,15.0,3.0,2.0,337,168,0.4,2.2,8.0,1.0,0.2,0.2,375,187,1.6,1.4000000000000001,2.5999999999999996,14.0,1.8,-38,48.9,,
2425|2025-04-27|afc-bournemouth|manchester-united,2425,2025-04-27,AFC Bournemouth,Manchester United,1,1.0,1.2,15.8,5.0,1.0,0.6,299,149,0.8,1.2,15.0,4.0,0.8,0.8,565,282,0.19999999999999996,0.0,0.8000000000000007,1.0,-0.20000000000000007,-266,44.1,50.5,-6.399999999999999
2425|2025-04-27|liverpool|tottenham-hotspur,2425,2025-04-27,Liverpool,Tottenham Hotspur,2,1.8,1.0,20.4,12.0,2.4,3.0,565,282,1.2,2.0,13.2,3.0,0.6,1.2,565,282,0.6000000000000001,1.0,7.199999999999999,9.0,1.8,0,61.7,62.1,-0.3999999999999986
2425|2025-05-01|nottingham-forest|brentford,2425,2025-05-01,Nottingham Forest,Brentford,0,1.6,1.2,10.4,9.0,1.8,2.0,109,54,1.6,1.2,10.0,8.0,1.6,2.0,147,73,0.0,0.0,0.40000000000000036,1.0,0.0,-38,40.3,45.0,-4.700000000000003
2425|2025-05-02|manchester-city|wolverhampton-wanderers,2425,2025-05-02,Manchester City,Wolverhampton Wanderers,2,2.2,0.6,14.8,13.0,2.6,2.0,566,283,2.2,0.6,13.6,15.0,3.0,2.4,338,169,0.0,0.0,1.200000000000001,-2.0,-0.3999999999999999,228,65.4,48.9,16.500000000000007
2425|2025-05-03|arsenal|afc-bournemouth,2425,2025-05-03,Arsenal,AFC Bournemouth,0,2.0,1.0,16.2,9.0,1.8,1.6,566,283,1.0,1.0,14.0,6.0,1.2,1.2,300,150,1.0,0.0,2.1999999999999993,3.0,0.40000000000000013,266,58.4,44.1,14.299999999999997
2425|2025-05-03|aston-villa|fulham,2425,2025-05-03,Aston Villa,Fulham,2,2.6,0.8,16.0,12.0,2.4,2.2,452,226,1.4,1.6,13.0,6.0,1.2,1.2,338,169,1.2000000000000002,0.8,3.0,6.0,1.0000000000000002,114,53.2,50.8,2.4000000000000057
2425|2025-05-03|everton|ipswich-town,2425,2025-05-03,Everton,Ipswich Town,1,0.4,1.0,7.4,4.0,0.8,0.8,566,283,1.0,2.4,7.4,4.0,0.8,0.8,34,17,-0.6,1.4,0.0,0.0,0.0,532,40.6,,
2425|2025-05-03|leicester-city|southampton,2425,2025-05-03,Leicester City,Southampton,2,0.4,2.2,7.4,1.0,0.2,0.0,376,188,0.8,2.0,9.8,2.0,0.4,0.8,452,226,-0.4,-0.20000000000000018,-2.4000000000000004,-1.0,-0.8,-76,,,
2425|2025-05-04|brentford|manchester-united,2425,2025-05-04,Brentford,Manchester United,2,1.6,1.0,10.2,8.0,1.6,1.0,148,74,0.4,1.4,16.4,2.0,0.4,1.0,566,283,1.2000000000000002,0.3999999999999999,-6.199999999999999,6.0,0.0,-418,45.0,50.5,-5.5
2425|2025-05-04|brighton-and-hove-albion|newcastle-united,2425,2025-05-04,Brighton & Hove Albion,Newcastle United,1,1.6,2.6,14.2,4.0,0.8,2.0,300,150,3.2,1.0,15.6,12.0,2.4,1.2,528,264,-1.6,-1.6,-1.4000000000000004,-8.0,0.8,-228,60.2,52.2,8.0
2425|2025-05-04|chelsea|liverpool,2425,2025-05-04,Chelsea,Liverpool,2,1.2,0.6,17.8,11.0,2.2,2.6,566,283,2.2,1.0,19.8,12.0,2.4,1.6,566,283,-1.0000000000000002,0.4,-2.0,-1.0,1.0,0,58.9,61.7,-2.8000000000000043
2425|2025-05-04|west-ham-united|tottenham-hotspur,2425,2025-05-04,West Ham United,Tottenham Hotspur,1,1.2,1.8,10.8,2.0,0.4,1.0,528,264,1.4,2.6,12.4,3.0,0.6,0.6,566,283,-0.19999999999999996,0.8,-1.5999999999999996,-1.0,0.4,-38,40.8,62.1,-21.300000000000004
2425|2025-05-05|crystal-palace|nottingham-forest,2425,2025-05-05,Crystal Palace,Nottingham Forest,1,1.2,2.6,9.4,5.0,1.0,2.0,452,226,0.8,1.2,11.0,6.0,1.2,1.2,110,55,0.3999999999999999,-1.4000000000000001,-1.5999999999999996,-1.0,0.8,342,42.1,40.3,1.8000000000000043
2425|2025-05-10|afc-bournemouth|aston-villa,2425,2025-05-10,AFC Bournemouth,Aston Villa,0,1.2,0.8,11.0,9.0,1.8,0.8,301,150,2.2,0.8,16.4,12.0,2.4,1.8,453,226,-1.0000000000000002,0.0,-5.399999999999999,-3.0,-1.0,-152,44.1,53.2,-9.100000000000001
2425|2025-05-10|fulham|everton,2425,2025-05-10,Fulham,Everton,0,1.2,1.4,13.4,6.0,1.2,1.8,339,169,0.8,1.2,8.0,5.0,1.0,1.0,567,283,0.3999999999999999,-0.19999999999999996,5.4,1.0,0.8,-228,50.8,40.6,10.199999999999996
2425|2025-05-10|ipswich-town|brentford,2425,2025-05-10,Ipswich Town,Brentford,0,1.0,2.6,7.8,2.0,0.4,0.0,35,17,2.2,1.2,10.2,11.0,2.2,2.0,149,74,-1.2000000000000002,-1.4000000000000001,-2.3999999999999995,-9.0,-2.0,-114,,45.0,
2425|2025-05-10|southampton|manchester-city,2425,2025-05-10,Southampton,Manchester City,1,0.6,2.2,9.8,1.0,0.2,0.2,453,226,2.0,0.6,13.0,13.0,2.6,1.4,567,283,-1.4,-1.6,-3.1999999999999993,-12.0,-1.2,-114,,65.4,
2425|2025-05-10|wolverhampton-wanderers|brighton-and-hove-albion,2425,2025-05-10,Wolverhampton Wanderers,Brighton & Hove Albion,0,2.0,0.8,13.0,12.0,2.4,2.0,339,169,1.8,2.2,13.0,5.0,1.0,0.8,301,150,0.19999999999999996,1.4000000000000001,0.0,7.0,1.2,38,48.9,60.2,-11.300000000000004
2425|2025-05-11|liverpool|arsenal,2425,2025-05-11,Liverpool,Arsenal,1,2.2,1.6,18.6,9.0,1.8,3.0,567,283,1.8,1.2,15.4,6.0,1.2,1.8,567,283,0.40000000000000013,-0.40000000000000013,3.200000000000001,3.0,1.2,0,61.7,58.4,3.3000000000000043
2425|2025-05-11|manchester-united|west-ham-united,2425,2025-05-11,Manchester United,West Ham United,0,1.0,2.0,14.6,2.0,0.4,1.0,567,283,1.4,1.8,11.0,3.0,0.6,0.8,529,264,-0.3999999999999999,-0.19999999999999996,3.5999999999999996,-1.0,0.19999999999999996,38,50.5,40.8,9.700000000000003
2425|2025-05-11|newcastle-united|chelsea,2425,2025-05-11,Newcastle United,Chelsea,2,2.8,1.2,15.0,10.0,2.0,3.0,529,264,1.6,0.8,19.0,11.0,2.2,0.8,567,283,1.1999999999999997,-0.3999999999999999,-4.0,-1.0,2.2,-38,52.2,58.9,-6.699999999999996
2425|2025-05-11|nottingham-forest|leicester-city,2425,2025-05-11,Nottingham Forest,Leicester City,1,0.8,1.4,11.8,4.0,0.8,1.4,111,55,0.8,1.8,9.8,4.0,0.8,0.2,377,188,0.0,0.40000000000000013,2.0,0.0,1.2,-266,40.3,,
2425|2025-05-11|tottenham-hotspur|crystal-palace,2425,2025-05-11,Tottenham Hotspur,Crystal Palace,0,1.6,2.6,12.2,4.0,0.8,1.4,567,283,1.0,2.6,11.8,3.0,0.6,1.0,453,226,0.6000000000000001,0.0,0.3999999999999986,1.0,0.3999999999999999,114,62.1,42.1,20.0
2425|2025-05-16|aston-villa|tottenham-hotspur,2425,2025-05-16,Aston Villa,Tottenham Hotspur,2,2.0,0.6,14.2,12.0,2.4,2.6,454,227,1.0,2.8,11.2,1.0,0.2,0.2,568,284,1.0,2.1999999999999997,3.0,11.0,2.4,-114,53.2,62.1,-8.899999999999999
2425|2025-05-16|chelsea|manchester-united,2425,2025-05-16,Chelsea,Manchester United,2,1.6,1.2,16.8,10.0,2.0,2.6,568,284,1.0,2.4,16.0,1.0,0.2,0.8,568,284,0.6000000000000001,1.2,0.8000000000000007,9.0,1.8,0,58.9,50.5,8.399999999999999
2425|2025-05-18|arsenal|newcastle-united,2425,2025-05-18,Arsenal,Newcastle United,2,2.0,1.4,15.6,6.0,1.2,1.6,568,284,2.4,1.0,15.4,10.0,2.0,1.4,530,265,-0.3999999999999999,-0.3999999999999999,0.1999999999999993,-4.0,0.20000000000000018,38,58.4,52.2,6.199999999999996
2425|2025-05-18|brentford|fulham,2425,2025-05-18,Brentford,Fulham,0,2.4,1.2,11.4,13.0,2.6,1.6,150,75,0.8,1.6,14.6,3.0,0.6,0.6,340,170,1.5999999999999999,0.40000000000000013,-3.1999999999999993,10.0,1.0,-190,45.0,50.8,-5.799999999999997
2425|2025-05-18|everton|southampton,2425,2025-05-18,Everton,Southampton,2,1.2,1.2,9.2,7.0,1.4,0.8,568,284,0.4,1.6,7.8,2.0,0.4,0.2,454,227,0.7999999999999999,0.40000000000000013,1.3999999999999995,5.0,0.6000000000000001,114,40.6,,
2425|2025-05-18|leicester-city|ipswich-town,2425,2025-05-18,Leicester City,Ipswich Town,2,1.2,1.6,10.4,5.0,1.0,0.6,378,189,0.8,2.4,8.8,2.0,0.4,1.0,36,18,0.3999999999999999,0.7999999999999998,1.5999999999999996,3.0,-0.4,342,,,
2425|2025-05-18|west-ham-united|nottingham-forest,2425,2025-05-18,West Ham United,Nottingham Forest,0,1.4,1.4,11.0,5.0,1.0,1.2,530,265,1.0,1.4,11.0,5.0,1.0,1.4,112,56,0.3999999999999999,0.0,0.0,0.0,-0.19999999999999996,418,40.8,40.3,0.5
2425|2025-05-19|brighton-and-hove-albion|liverpool,2425,2025-05-19,Brighton & Hove Albion,Liverpool,2,2.0,1.8,12.2,8.0,1.6,1.6,302,151,2.2,1.4,18.6,10.0,2.0,1.4,568,284,-0.20000000000000018,-0.40000000000000013,-6.400000000000002,-2.0,0.20000000000000018,-266,60.2,61.7,-1.5
2425|2025-05-20|crystal-palace|wolverhampton-wanderers,2425,2025-05-20,Crystal Palace,Wolverhampton Wanderers,2,1.0,1.6,14.8,6.0,1.2,2.2,454,227,1.6,1.0,10.6,9.0,1.8,2.4,340,170,-0.6000000000000001,-0.6000000000000001,4.200000000000001,-3.0,-0.19999999999999973,114,42.1,48.9,-6.799999999999997
2425|2025-05-20|manchester-city|afc-bournemouth,2425,2025-05-20,Manchester City,AFC Bournemouth,2,2.0,0.6,16.4,13.0,2.6,2.6,568,284,0.8,0.6,10.8,8.0,1.6,1.2,302,151,1.2,0.0,5.599999999999998,5.0,1.4000000000000001,266,65.4,44.1,21.300000000000004
2425|2025-05-25|afc-bournemouth|leicester-city,2425,2025-05-25,AFC Bournemouth,Leicester City,2,0.8,1.2,10.0,5.0,1.0,0.8,303,151,1.2,1.2,9.2,7.0,1.4,0.4,379,189,-0.3999999999999999,0.0,0.8000000000000007,-2.0,0.4,-76,44.1,,
2425|2025-05-25|fulham|manchester-city,2425,2025-05-25,Fulham,Manchester City,0,1.4,1.8,15.4,6.0,1.2,1.2,341,170,1.6,0.4,14.6,13.0,2.6,1.6,569,284,-0.20000000000000018,-1.4,0.8000000000000007,-7.0,-0.40000000000000013,-228,50.8,65.4,-14.600000000000009
2425|2025-05-25|ipswich-town|west-ham-united,2425,2025-05-25,Ipswich Town,West Ham United,0,0.4,2.4,10.2,1.0,0.2,0.0,37,18,1.4,1.4,12.0,5.0,1.0,0.8,531,265,-0.9999999999999999,-1.0,-1.8000000000000007,-4.0,-0.8,-494,,40.8,
2425|2025-05-25|liverpool|crystal-palace,2425,2025-05-25,Liverpool,Crystal Palace,1,2.2,1.8,19.2,7.0,1.4,2.6,569,284,1.8,1.0,15.4,9.0,1.8,1.0,455,227,0.40000000000000013,-0.8,3.799999999999999,-2.0,1.6,114,61.7,42.1,19.6
2425|2025-05-25|manchester-united|aston-villa,2425,2025-05-25,Manchester United,Aston Villa,2,0.8,1.8,15.0,1.0,0.2,1.0,569,284,1.8,0.6,12.8,12.0,2.4,2.4,455,227,-1.0,-1.2000000000000002,2.1999999999999993,-11.0,-1.4,114,50.5,53.2,-2.700000000000003
2425|2025-05-25|newcastle-united|everton,2425,2025-05-25,Newcastle United,Everton,0,1.4,1.2,15.4,7.0,1.4,3.0,531,265,1.4,1.2,9.2,7.0,1.4,1.4,569,284,0.0,0.0,6.200000000000001,0.0,1.6,-38,52.2,40.6,11.600000000000001
2425|2025-05-25|nottingham-forest|chelsea,2425,2025-05-25,Nottingham Forest,Chelsea,0,1.4,1.4,11.0,8.0,1.6,1.4,113,56,1.4,0.8,12.2,12.0,2.4,0.8,569,284,0.0,-0.5999999999999999,-1.1999999999999993,-4.0,0.5999999999999999,-456,40.3,58.9,-18.6
2425|2025-05-25|southampton|arsenal,2425,2025-05-25,Southampton,Arsenal,0,0.4,1.4,7.6,2.0,0.4,0.4,455,227,2.0,1.2,15.2,8.0,1.6,1.4,569,284,-1.6,-0.19999999999999996,-7.6,-6.0,-0.9999999999999999,-114,,58.4,
2425|2025-05-25|tottenham-hotspur|brighton-and-hove-albion,2425,2025-05-25,Tottenham Hotspur,Brighton & Hove Albion,0,0.6,2.4,9.6,1.0,0.2,0.8,569,284,2.2,1.8,13.0,10.0,2.0,1.4,303,151,-1.6,-0.5999999999999999,-3.4000000000000004,-9.0,-0.5999999999999999,266,62.1,60.2,1.8999999999999986
2425|2025-05-25|wolverhampton-wanderers|brentford,2425,2025-05-25,Wolverhampton Wanderers,Brentford,1,1.2,1.4,10.4,6.0,1.2,2.0,341,170,2.6,1.6,13.0,12.0,2.4,2.0,151,75,-1.4000000000000001,0.20000000000000018,-2.5999999999999996,-6.0,0.0,190,48.9,45.0,3.8999999999999986
2526|2025-08-15|liverpool|afc-bournemouth,2526,2025-08-15,Liverpool,AFC Bournemouth,2,2.2,2.0,16.4,5.0,1.0,2.2,570,285,1.2,1.2,11.0,7.0,1.4,1.2,304,152,1.0000000000000002,-0.8,5.399999999999999,-2.0,1.0000000000000002,266,57.9,48.6,9.299999999999997
2526|2025-08-16|aston-villa|newcastle-united,2526,2025-08-16,Aston Villa,Newcastle United,1,1.0,0.8,9.4,9.0,1.8,3.0,456,228,1.2,0.6,16.8,7.0,1.4,1.4,532,266,-0.19999999999999996,-0.20000000000000007,-7.4,2.0,1.6,-76,50.6,51.1,-0.5
2526|2025-08-16|brighton-and-hove-albion|fulham,2526,2025-08-16,Brighton & Hove Albion,Fulham,1,2.6,1.2,15.2,13.0,2.6,1.6,304,152,1.2,1.8,16.8,6.0,1.2,1.2,342,171,1.4000000000000001,0.6000000000000001,-1.6000000000000014,7.0,0.40000000000000013,-38,52.6,52.4,0.20000000000000284
2526|2025-08-16|sunderland|west-ham-united,2526,2025-08-16,Sunderland,West Ham United,2,0.6,2.0,11.0,3.0,0.6,0.4,266,133,1.8,1.4,11.6,7.0,1.4,1.2,532,266,-1.2000000000000002,-0.6000000000000001,-0.5999999999999996,-4.0,-0.7999999999999999,-266,,48.6,
2526|2025-08-16|tottenham-hotspur|burnley,2526,2025-08-16,Tottenham Hotspur,Burnley,2,0.6,2.8,6.0,1.0,0.2,0.8,570,285,1.6,2.0,15.2,4.0,0.8,1.0,304,152,-1.0,-0.7999999999999998,-9.2,-3.0,-0.19999999999999996,266,54.8,,
2526|2025-08-16|wolverhampton-wanderers|manchester-city,2526,2025-08-16,Wolverhampton Wanderers,Manchester City,0,1.2,1.6,13.2,4.0,0.8,2.0,342,171,1.6,0.4,16.2,13.0,2.6,1.6,570,285,-0.40000000000000013,-1.2000000000000002,-3.0,-9.0,0.3999999999999999,-228,48.1,61.5,-13.399999999999999
2526|2025-08-17|chelsea|crystal-palace,2526,2025-08-17,Chelsea,Crystal Palace,1,1.2,0.6,10.8,12.0,2.4,2.6,570,285,2.0,1.2,16.0,9.0,1.8,1.0,456,228,-0.8,0.6,-5.199999999999999,3.0,1.6,114,57.2,42.6,14.600000000000001
2526|2025-08-17|manchester-united|arsenal,2526,2025-08-17,Manchester United,Arsenal,0,1.2,1.6,17.6,4.0,0.8,1.0,570,285,1.6,1.4,15.0,8.0,1.6,1.8,570,285,-0.40000000000000013,-0.20000000000000018,2.6000000000000014,-4.0,-0.8,0,53.6,57.0,-3.3999999999999986
2526|2025-08-17|nottingham-forest|brentford,2526,2025-08-17,Nottingham Forest,Brentford,2,1.0,1.4,12.2,5.0,1.0,0.8,114,57,2.0,1.4,12.4,10.0,2.0,1.6,152,76,-1.0,0.0,-0.20000000000000107,-5.0,-0.8,-38,40.9,47.8,-6.899999999999999
2526|2025-08-18|leeds-united|everton,2526,2025-08-18,Leeds United,Everton,2,1.2,3.0,11.8,1.0,0.2,0.4,114,57,1.6,0.8,10.4,10.0,2.0,1.8,570,285,-0.40000000000000013,-2.2,1.4000000000000004,-9.0,-1.4,-456,,40.6,
2526|2025-08-22|west-ham-united|chelsea,2526,2025-08-22,West Ham United,Chelsea,0,1.4,1.4,11.6,7.0,1.4,0.6,533,266,1.0,0.6,12.6,10.0,2.0,1.4,571,285,0.3999999999999999,-0.7999999999999999,-1.0,-3.0,-0.7999999999999999,-38,48.6,57.2,-8.600000000000001
2526|2025-08-23|afc-bournemouth|wolverhampton-wanderers,2526,2025-08-23,AFC Bournemouth,Wolverhampton Wanderers,2,1.4,1.8,11.4,6.0,1.2,1.4,305,152,0.6,2.4,11.0,1.0,0.2,1.8,343,171,0.7999999999999999,0.5999999999999999,0.40000000000000036,5.0,-0.40000000000000013,-38,48.6,48.1,0.5
2526|2025-08-23|arsenal|leeds-united,2526,2025-08-23,Arsenal,Leeds United,2,1.4,1.0,14.4,10.0,2.0,1.6,571,285,1.2,2.2,13.0,4.0,0.8,0.0,115,57,0.19999999999999996,1.2000000000000002,1.4000000000000004,6.0,1.6,456,57.0,,
2526|2025-08-23|brentford|aston-villa,2526,2025-08-23,Brentford,Aston Villa,2,1.8,2.0,12.2,7.0,1.4,1.4,153,76,0.8,0.4,8.6,10.0,2.0,1.8,457,228,1.0,-1.6,3.5999999999999996,-3.0,-0.40000000000000013,-304,47.8,50.6,-2.8000000000000043
2526|2025-08-23|burnley|sunderland,2526,2025-08-23,Burnley,Sunderland,2,0.8,2.4,14.8,1.0,0.2,1.0,305,152,1.2,1.8,9.6,6.0,1.2,0.6,267,133,-0.3999999999999999,-0.5999999999999999,5.200000000000001,-5.0,0.4,38,,,
2526|2025-08-23|manchester-city|tottenham-hotspur,2526,2025-08-23,Manchester City,Tottenham Hotspur,0,2.0,0.2,16.4,13.0,2.6,3.0,571,285,1.0,1.8,7.6,4.0,0.8,0.2,571,285,1.0,1.6,8.799999999999999,9.0,2.8,0,61.5,54.8,6.700000000000003
2526|2025-08-24|crystal-palace|nottingham-forest,2526,2025-08-24,Crystal Palace,Nottingham Forest,1,1.6,0.8,15.4,9.0,1.8,2.2,457,228,1.6,1.2,11.6,8.0,1.6,2.0,115,57,0.0,0.3999999999999999,3.8000000000000007,1.0,0.20000000000000018,342,42.6,40.9,1.7000000000000028
2526|2025-08-24|everton|brighton-and-hove-albion,2526,2025-08-24,Everton,Brighton & Hove Albion,2,1.6,0.8,10.6,10.0,2.0,1.2,571,285,2.2,1.0,14.0,11.0,2.2,1.4,305,152,-0.6000000000000001,0.19999999999999996,-3.4000000000000004,-1.0,-0.19999999999999996,266,40.6,52.6,-12.0
2526|2025-08-24|fulham|manchester-united,2526,2025-08-24,Fulham,Manchester United,1,1.0,1.8,13.0,4.0,0.8,1.2,343,171,1.0,1.6,17.0,3.0,0.6,0.2,571,285,0.0,-0.19999999999999996,-4.0,1.0,1.0,-228,52.4,53.6,-1.2000000000000028
2526|2025-08-25|newcastle-united|liverpool,2526,2025-08-25,Newcastle United,Liverpool,0,0.6,0.6,15.0,5.0,1.0,2.4,533,266,2.0,2.2,15.2,5.0,1.0,1.2,571,285,-1.4,1.6,-0.1999999999999993,0.0,1.2,-38,51.1,57.9,-6.799999999999997
2526|2025-08-30|chelsea|fulham,2526,2025-08-30,Chelsea,Fulham,2,1.4,0.6,11.6,10.0,2.0,2.2,572,286,1.2,1.8,13.4,5.0,1.0,1.4,344,172,0.19999999999999996,1.2000000000000002,-1.8000000000000007,5.0,0.8000000000000003,228,57.2,52.4,4.800000000000004
2526|2025-08-30|leeds-united|newcastle-united,2526,2025-08-30,Leeds United,Newcastle United,1,1.0,2.8,12.8,4.0,0.8,1.0,116,58,0.8,1.0,14.4,4.0,0.8,1.0,534,267,0.19999999999999996,-1.7999999999999998,-1.5999999999999996,0.0,0.0,-418,,51.1,
2526|2025-08-30|manchester-united|burnley,2526,2025-08-30,Manchester United,Burnley,2,0.6,1.0,16.2,4.0,0.8,0.8,572,286,1.0,2.2,13.0,3.0,0.6,0.8,306,153,-0.4,1.2000000000000002,3.1999999999999993,1.0,0.0,266,53.6,,
2526|2025-08-30|sunderland|brentford,2526,2025-08-30,Sunderland,Brentford,2,0.8,2.2,9.0,3.0,0.6,0.8,268,134,1.2,1.4,11.6,7.0,1.4,1.6,154,77,-0.3999999999999999,-0.8000000000000003,-2.5999999999999996,-4.0,-0.8,114,,47.8,
2526|2025-08-30|tottenham-hotspur|afc-bournemouth,2526,2025-08-30,Tottenham Hotspur,AFC Bournemouth,0,1.2,1.6,8.6,6.0,1.2,1.2,572,286,1.2,1.6,12.4,6.0,1.2,1.0,306,153,0.0,0.0,-3.8000000000000007,0.0,0.19999999999999996,266,54.8,48.6,6.199999999999996
2526|2025-08-30|wolverhampton-wanderers|everton,2526,2025-08-30,Wolverhampton Wanderers,Everton,0,0.6,2.4,11.0,1.0,0.2,1.4,344,172,1.6,0.4,11.2,12.0,2.4,1.8,572,286,-1.0,-2.0,-0.1999999999999993,-11.0,-0.40000000000000013,-228,48.1,40.6,7.5
2526|2025-08-31|aston-villa|crystal-palace,2526,2025-08-31,Aston Villa,Crystal Palace,0,0.6,0.6,10.0,7.0,1.4,2.6,458,229,1.6,0.8,13.0,9.0,1.8,1.2,458,229,-1.0,0.20000000000000007,-3.0,-2.0,1.4000000000000001,0,50.6,42.6,8.0
2526|2025-08-31|brighton-and-hove-albion|manchester-city,2526,2025-08-31,Brighton & Hove Albion,Manchester City,2,2.0,1.2,15.6,10.0,2.0,1.8,306,153,1.8,0.6,16.6,10.0,2.0,2.2,572,286,0.19999999999999996,-0.6,-1.0000000000000018,0.0,-0.40000000000000013,-266,52.6,61.5,-8.899999999999999
2526|2025-08-31|liverpool|arsenal,2526,2025-08-31,Liverpool,Arsenal,2,2.4,2.0,14.0,8.0,1.6,2.2,572,286,2.2,0.6,15.4,13.0,2.6,2.2,572,286,0.19999999999999973,-1.4,-1.4000000000000004,-5.0,0.0,0,57.9,57.0,0.8999999999999986
2526|2025-08-31|nottingham-forest|west-ham-united,2526,2025-08-31,Nottingham Forest,West Ham United,0,1.6,1.2,11.0,8.0,1.6,0.8,116,58,1.4,2.2,11.8,6.0,1.2,1.2,534,267,0.20000000000000018,1.0000000000000002,-0.8000000000000007,2.0,-0.3999999999999999,-418,40.9,48.6,-7.700000000000003
2526|2025-09-13|afc-bournemouth|brighton-and-hove-albion,2526,2025-09-13,AFC Bournemouth,Brighton & Hove Albion,2,1.4,1.4,14.4,9.0,1.8,2.0,307,153,2.0,1.4,16.6,10.0,2.0,1.2,307,153,-0.6000000000000001,0.0,-2.200000000000001,-1.0,0.8,0,48.6,52.6,-4.0
2526|2025-09-13|arsenal|nottingham-forest,2526,2025-09-13,Arsenal,Nottingham Forest,2,1.8,0.4,14.6,12.0,2.4,1.6,573,286,1.2,1.4,10.2,7.0,1.4,1.6,117,58,0.6000000000000001,0.9999999999999999,4.4,5.0,0.0,456,57.0,40.9,16.1
2526|2025-09-13|brentford|chelsea,2526,2025-09-13,Brentford,Chelsea,1,1.2,1.8,10.0,4.0,0.8,2.0,155,77,1.8,0.2,12.2,13.0,2.6,2.0,573,286,-0.6000000000000001,-1.6,-2.1999999999999993,-9.0,0.0,-418,47.8,57.2,-9.400000000000006
2526|2025-09-13|crystal-palace|sunderland,2526,2025-09-13,Crystal Palace,Sunderland,1,1.8,0.8,9.6,9.0,1.8,1.8,459,229,1.2,2.0,8.8,6.0,1.2,0.6,269,134,0.6000000000000001,1.2,0.7999999999999989,3.0,1.2000000000000002,190,42.6,,
2526|2025-09-13|everton|aston-villa,2526,2025-09-13,Everton,Aston Villa,1,1.6,0.6,11.0,12.0,2.4,1.6,573,286,0.4,1.2,11.4,4.0,0.8,1.2,459,229,1.2000000000000002,0.6,-0.40000000000000036,8.0,0.40000000000000013,114,40.6,50.6,-10.0
2526|2025-09-13|fulham|leeds-united,2526,2025-09-13,Fulham,Leeds United,2,1.0,1.6,12.0,5.0,1.0,0.8,345,172,0.6,2.4,13.0,4.0,0.8,0.0,117,58,0.4,0.7999999999999998,-1.0,1.0,0.8,228,52.4,,
2526|2025-09-13|newcastle-united|wolverhampton-wanderers,2526,2025-09-13,Newcastle United,Wolverhampton Wanderers,2,0.4,1.0,13.0,2.0,0.4,1.8,535,267,1.0,2.6,11.4,1.0,0.2,1.2,345,172,-0.6,1.6,1.5999999999999996,1.0,0.6000000000000001,190,51.1,48.1,3.0
2526|2025-09-13|west-ham-united|tottenham-hotspur,2526,2025-09-13,West Ham United,Tottenham Hotspur,0,1.6,2.2,12.4,6.0,1.2,0.6,535,267,1.2,1.4,8.0,6.0,1.2,0.8,573,286,0.40000000000000013,-0.8000000000000003,4.4,0.0,-0.20000000000000007,-38,48.6,54.8,-6.199999999999996
2526|2025-09-14|burnley|liverpool,2526,2025-09-14,Burnley,Liverpool,0,1.2,2.0,10.8,3.0,0.6,1.0,307,153,2.2,1.6,13.0,10.0,2.0,1.2,573,286,-1.0000000000000002,-0.3999999999999999,-2.1999999999999993,-7.0,-0.19999999999999996,-266,,57.9,
2526|2025-09-14|manchester-city|manchester-united,2526,2025-09-14,Manchester City,Manchester United,2,2.0,1.0,13.8,9.0,1.8,2.4,573,286,1.2,1.0,17.4,7.0,1.4,0.4,573,286,0.8,0.0,-3.599999999999998,2.0,2.0,0,61.5,53.6,7.899999999999999
2526|2025-09-20|brighton-and-hove-albion|tottenham-hotspur,2526,2025-09-20,Brighton & Hove Albion,Tottenham Hotspur,1,1.6,1.4,12.8,7.0,1.4,2.2,308,154,1.8,1.0,10.2,9.0,1.8,1.4,574,287,-0.19999999999999996,-0.3999999999999999,2.6000000000000014,-2.0,0.8000000000000003,-266,52.6,54.8,-2.1999999999999957
2526|2025-09-20|burnley|nottingham-forest,2526,2025-09-20,Burnley,Nottingham Forest,1,1.0,1.8,10.0,3.0,0.6,0.8,308,154,0.8,1.8,9.2,4.0,0.8,1.6,118,59,0.19999999999999996,0.0,0.8000000000000007,-1.0,-0.8,190,,40.9,
2526|2025-09-20|fulham|brentford,2526,2025-09-20,Fulham,Brentford,2,0.6,1.2,9.8,5.0,1.0,0.8,346,173,1.2,1.6,9.2,5.0,1.0,1.4,156,78,-0.6,0.40000000000000013,0.6000000000000014,0.0,-0.5999999999999999,190,52.4,47.8,4.600000000000001
2526|2025-09-20|liverpool|everton,2526,2025-09-20,Liverpool,Everton,2,2.0,1.0,14.8,13.0,2.6,2.2,574,287,1.2,0.6,12.4,10.0,2.0,1.8,574,287,0.8,-0.4,2.4000000000000004,3.0,0.40000000000000013,0,57.9,40.6,17.299999999999997
2526|2025-09-20|manchester-united|chelsea,2526,2025-09-20,Manchester United,Chelsea,2,1.2,1.4,19.0,7.0,1.4,1.2,574,287,2.0,0.6,13.2,11.0,2.2,2.0,574,287,-0.8,-0.7999999999999999,5.800000000000001,-4.0,-0.8,0,53.6,57.2,-3.6000000000000014
2526|2025-09-20|west-ham-united|crystal-palace,2526,2025-09-20,West Ham United,Crystal Palace,0,1.4,2.4,10.6,6.0,1.2,0.4,536,268,1.0,0.4,9.6,7.0,1.4,1.8,460,230,0.3999999999999999,-2.0,1.0,-1.0,-1.4,76,48.6,42.6,6.0
2526|2025-09-20|wolverhampton-wanderers|leeds-united,2526,2025-09-20,Wolverhampton Wanderers,Leeds United,0,0.6,2.0,10.6,1.0,0.2,0.8,346,173,0.4,2.0,12.6,4.0,0.8,0.0,118,59,0.19999999999999996,0.0,-2.0,-3.0,0.8,228,48.1,,
2526|2025-09-21|afc-bournemouth|newcastle-united,2526,2025-09-21,AFC Bournemouth,Newcastle United,1,1.6,1.0,15.4,12.0,2.4,2.0,308,154,0.6,0.8,13.4,5.0,1.0,0.6,536,268,1.0,-0.19999999999999996,2.0,7.0,1.4,-228,48.6,51.1,-2.5
2526|2025-09-21|arsenal|manchester-city,2526,2025-09-21,Arsenal,Manchester City,1,2.2,0.4,15.4,12.0,2.4,2.0,574,287,2.0,0.8,14.0,9.0,1.8,2.0,574,287,0.20000000000000018,0.4,1.4000000000000004,3.0,0.0,0,57.0,61.5,-4.5
2526|2025-09-21|sunderland|aston-villa,2526,2025-09-21,Sunderland,Aston Villa,1,1.2,1.6,8.8,7.0,1.4,1.4,270,135,0.0,1.2,9.2,2.0,0.4,0.8,460,230,1.2,-0.40000000000000013,-0.3999999999999986,5.0,0.5999999999999999,-190,,50.6,
2526|2025-09-27|brentford|manchester-united,2526,2025-09-27,Brentford,Manchester United,2,1.2,2.0,8.2,4.0,0.8,2.0,157,78,1.2,1.6,16.2,7.0,1.4,0.4,575,287,0.0,-0.3999999999999999,-8.0,-3.0,1.6,-418,47.8,53.6,-5.800000000000004
2526|2025-09-27|chelsea|brighton-and-hove-albion,2526,2025-09-27,Chelsea,Brighton & Hove Albion,0,2.0,1.0,13.0,8.0,1.6,2.6,575,287,1.2,1.6,10.6,5.0,1.0,1.2,309,154,0.8,0.6000000000000001,2.4000000000000004,3.0,1.4000000000000001,266,57.2,52.6,4.600000000000001
2526|2025-09-27|crystal-palace|liverpool,2526,2025-09-27,Crystal Palace,Liverpool,2,1.2,0.4,11.6,9.0,1.8,1.4,461,230,2.2,1.0,14.2,15.0,3.0,1.8,575,287,-1.0000000000000002,0.6,-2.5999999999999996,-6.0,-0.40000000000000013,-114,42.6,57.9,-15.299999999999997
2526|2025-09-27|leeds-united|afc-bournemouth,2526,2025-09-27,Leeds United,AFC Bournemouth,1,0.8,1.4,10.0,7.0,1.4,1.2,119,59,1.2,1.0,13.6,10.0,2.0,1.4,309,154,-0.3999999999999999,-0.3999999999999999,-3.5999999999999996,-3.0,-0.19999999999999996,-190,,48.6,
2526|2025-09-27|manchester-city|burnley,2526,2025-09-27,Manchester City,Burnley,2,1.8,1.0,11.0,7.0,1.4,2.4,575,287,1.0,1.6,8.4,4.0,0.8,0.8,309,154,0.8,0.6000000000000001,2.5999999999999996,3.0,1.5999999999999999,266,61.5,,
2526|2025-09-27|nottingham-forest|sunderland,2526,2025-09-27,Nottingham Forest,Sunderland,0,1.0,1.8,10.6,5.0,1.0,0.8,119,59,1.2,0.8,10.2,8.0,1.6,0.8,271,135,-0.19999999999999996,-1.0,0.40000000000000036,-3.0,0.0,-152,40.9,,
2526|2025-09-27|tottenham-hotspur|wolverhampton-wanderers,2526,2025-09-27,Tottenham Hotspur,Wolverhampton Wanderers,1,2.0,0.6,11.6,10.0,2.0,0.6,575,287,0.6,2.4,10.2,0.0,0.0,0.6,347,173,1.4,1.7999999999999998,1.4000000000000004,10.0,0.0,228,54.8,48.1,6.699999999999996
2526|2025-09-28|aston-villa|fulham,2526,2025-09-28,Aston Villa,Fulham,2,0.2,1.0,10.4,3.0,0.6,2.0,461,230,1.2,1.0,10.0,8.0,1.6,1.4,347,173,-1.0,0.0,0.40000000000000036,-5.0,0.6000000000000001,114,50.6,52.4,-1.7999999999999972
2526|2025-09-28|newcastle-united|arsenal,2526,2025-09-28,Newcastle United,Arsenal,0,0.6,0.6,10.8,6.0,1.2,1.8,537,268,2.0,0.4,13.2,10.0,2.0,2.0,575,287,-1.4,-0.19999999999999996,-2.3999999999999986,-4.0,-0.19999999999999996,-38,51.1,57.0,-5.899999999999999
2526|2025-09-29|everton|west-ham-united,2526,2025-09-29,Everton,West Ham United,1,1.2,1.0,11.4,7.0,1.4,1.6,575,287,1.0,2.6,10.2,3.0,0.6,1.8,537,268,0.19999999999999996,1.6,1.200000000000001,4.0,-0.19999999999999996,38,40.6,48.6,-8.0
2526|2025-10-03|afc-bournemouth|fulham,2526,2025-10-03,AFC Bournemouth,Fulham,2,1.2,0.6,14.0,11.0,2.2,2.0,310,155,1.2,1.4,10.8,7.0,1.4,0.8,348,174,0.0,0.7999999999999999,3.1999999999999993,4.0,1.2,-38,48.6,52.4,-3.799999999999997
2526|2025-10-04|arsenal|west-ham-united,2526,2025-10-04,Arsenal,West Ham United,2,2.2,0.6,15.4,10.0,2.0,2.0,576,288,1.2,2.2,10.6,4.0,0.8,2.0,538,269,1.0000000000000002,1.6,4.800000000000001,6.0,0.0,38,57.0,48.6,8.399999999999999
2526|2025-10-04|chelsea|liverpool,2526,2025-10-04,Chelsea,Liverpool,2,2.2,1.6,11.8,7.0,1.4,2.0,576,288,1.6,1.0,14.4,12.0,2.4,1.2,576,288,0.6000000000000001,-0.6000000000000001,-2.5999999999999996,-5.0,0.8,0,57.2,57.9,-0.6999999999999957
2526|2025-10-04|leeds-united|tottenham-hotspur,2526,2025-10-04,Leeds United,Tottenham Hotspur,0,1.0,1.8,9.6,5.0,1.0,1.2,120,60,1.6,0.8,10.4,8.0,1.6,1.6,576,288,-0.6000000000000001,-1.0,-0.8000000000000007,-3.0,-0.40000000000000013,-456,,54.8,
2526|2025-10-04|manchester-united|sunderland,2526,2025-10-04,Manchester United,Sunderland,2,1.4,2.0,14.6,7.0,1.4,1.8,576,288,0.8,0.8,10.4,8.0,1.6,0.8,272,136,0.5999999999999999,-1.2,4.199999999999999,-1.0,1.0,304,53.6,,
2526|2025-10-05|aston-villa|burnley,2526,2025-10-05,Aston Villa,Burnley,2,0.8,1.2,11.6,5.0,1.0,2.0,462,231,1.2,2.0,7.4,4.0,0.8,0.2,310,155,-0.3999999999999999,0.8,4.199999999999999,1.0,1.8,152,50.6,,
2526|2025-10-05|brentford|manchester-city,2526,2025-10-05,Brentford,Manchester City,0,1.6,1.6,8.2,7.0,1.4,2.0,158,79,2.0,1.2,12.2,7.0,1.4,1.6,576,288,-0.3999999999999999,-0.40000000000000013,-4.0,0.0,0.3999999999999999,-418,47.8,61.5,-13.700000000000003
2526|2025-10-05|everton|crystal-palace,2526,2025-10-05,Everton,Crystal Palace,2,1.4,1.0,12.4,8.0,1.6,1.8,576,288,1.6,0.6,12.4,11.0,2.2,2.2,462,231,-0.20000000000000018,-0.4,0.0,-3.0,-0.40000000000000013,114,40.6,42.6,-2.0
2526|2025-10-05|newcastle-united|nottingham-forest,2526,2025-10-05,Newcastle United,Nottingham Forest,2,0.8,1.0,9.2,5.0,1.0,1.2,538,269,0.4,1.8,12.8,2.0,0.4,1.2,120,60,0.4,0.8,-3.6000000000000014,3.0,0.0,418,51.1,40.9,10.200000000000003
2526|2025-10-05|wolverhampton-wanderers|brighton-and-hove-albion,2526,2025-10-05,Wolverhampton Wanderers,Brighton & Hove Albion,1,0.8,1.8,10.2,1.0,0.2,0.2,348,174,1.6,1.6,11.0,7.0,1.4,1.8,310,155,-0.8,-0.19999999999999996,-0.8000000000000007,-6.0,-1.6,38,48.1,52.6,-4.5
2526|2025-10-18|brighton-and-hove-albion|newcastle-united,2526,2025-10-18,Brighton & Hove Albion,Newcastle United,2,1.8,1.4,11.8,8.0,1.6,1.8,311,155,0.8,0.4,10.8,8.0,1.6,0.8,539,269,1.0,-0.9999999999999999,1.0,0.0,1.0,-228,52.6,51.1,1.5
2526|2025-10-18|burnley|leeds-united,2526,2025-10-18,Burnley,Leeds United,2,1.0,2.4,7.0,1.0,0.2,0.8,311,155,1.2,1.2,12.2,5.0,1.0,0.6,121,60,-0.19999999999999996,-1.2,-5.199999999999999,-4.0,0.20000000000000007,190,,,
2526|2025-10-18|crystal-palace|afc-bournemouth,2526,2025-10-18,Crystal Palace,AFC Bournemouth,1,1.6,0.8,13.8,10.0,2.0,1.8,463,231,1.6,0.8,13.4,11.0,2.2,1.4,311,155,0.0,0.0,0.40000000000000036,-1.0,0.40000000000000013,152,42.6,48.6,-6.0
2526|2025-10-18|fulham|arsenal,2526,2025-10-18,Fulham,Arsenal,0,1.2,1.8,10.6,6.0,1.2,1.4,349,174,1.6,0.6,16.0,10.0,2.0,2.0,577,288,-0.40000000000000013,-1.2000000000000002,-5.4,-4.0,-0.6000000000000001,-228,52.4,57.0,-4.600000000000001
2526|2025-10-18|manchester-city|everton,2526,2025-10-18,Manchester City,Everton,2,2.2,0.8,12.2,10.0,2.0,2.4,577,288,1.4,1.2,13.0,8.0,1.6,1.8,577,288,0.8000000000000003,0.3999999999999999,-0.8000000000000007,2.0,0.5999999999999999,0,61.5,40.6,20.9
2526|2025-10-18|nottingham-forest|chelsea,2526,2025-10-18,Nottingham Forest,Chelsea,0,0.2,2.0,12.0,1.0,0.2,0.8,121,60,1.6,1.6,11.8,7.0,1.4,1.4,577,288,-1.4000000000000001,-0.3999999999999999,0.1999999999999993,-6.0,-0.5999999999999999,-456,40.9,57.2,-16.300000000000004
2526|2025-10-18|sunderland|wolverhampton-wanderers,2526,2025-10-18,Sunderland,Wolverhampton Wanderers,2,0.8,0.8,10.2,8.0,1.6,1.4,273,136,1.0,1.8,10.2,2.0,0.4,0.2,349,174,-0.19999999999999996,1.0,0.0,6.0,1.2,-76,,48.1,
2526|2025-10-19|liverpool|manchester-united,2526,2025-10-19,Liverpool,Manchester United,0,1.2,1.0,15.8,9.0,1.8,2.2,577,288,1.6,1.8,15.6,9.0,1.8,0.2,577,288,-0.40000000000000013,0.8,0.20000000000000107,0.0,2.0,0,57.9,53.6,4.299999999999997
2526|2025-10-19|tottenham-hotspur|aston-villa,2526,2025-10-19,Tottenham Hotspur,Aston Villa,0,1.6,1.0,9.8,8.0,1.6,0.8,577,288,1.2,1.2,11.2,8.0,1.6,1.0,463,231,0.40000000000000013,0.19999999999999996,-1.3999999999999986,0.0,-0.19999999999999996,114,54.8,50.6,4.199999999999996
2526|2025-10-20|west-ham-united|brentford,2526,2025-10-20,West Ham United,Brentford,0,1.0,1.6,9.0,4.0,0.8,0.2,539,269,1.4,1.8,7.6,4.0,0.8,0.8,159,79,-0.3999999999999999,0.19999999999999996,1.4000000000000004,0.0,-0.6000000000000001,380,48.6,47.8,0.8000000000000043
2526|2025-10-24|leeds-united|west-ham-united,2526,2025-10-24,Leeds United,West Ham United,2,1.2,1.6,14.0,4.0,0.8,1.0,122,61,0.4,2.0,8.0,1.0,0.2,1.4,540,270,0.7999999999999999,0.3999999999999999,6.0,3.0,-0.3999999999999999,-418,,48.6,
2526|2025-10-25|brentford|liverpool,2526,2025-10-25,Brentford,Liverpool,2,1.6,1.4,10.6,7.0,1.4,1.4,160,80,1.2,1.4,17.8,6.0,1.2,1.2,578,289,0.40000000000000013,0.0,-7.200000000000001,1.0,0.19999999999999996,-418,47.8,57.9,-10.100000000000001
2526|2025-10-25|chelsea|sunderland,2526,2025-10-25,Chelsea,Sunderland,0,1.8,1.6,12.6,7.0,1.4,2.0,578,289,0.8,0.6,9.4,8.0,1.6,0.8,274,137,1.0,-1.0,3.1999999999999993,-1.0,1.2,304,57.2,,
2526|2025-10-25|manchester-united|brighton-and-hove-albion,2526,2025-10-25,Manchester United,Brighton & Hove Albion,2,1.4,1.6,12.8,9.0,1.8,2.4,578,289,1.8,1.4,12.0,8.0,1.6,1.4,312,156,-0.40000000000000013,-0.20000000000000018,0.8000000000000007,1.0,1.0,266,53.6,52.6,1.0
2526|2025-10-25|newcastle-united|fulham,2526,2025-10-25,Newcastle United,Fulham,2,1.0,0.8,12.4,7.0,1.4,1.2,540,270,1.2,1.6,10.2,6.0,1.2,0.8,350,175,-0.19999999999999996,0.8,2.200000000000001,1.0,0.3999999999999999,190,51.1,52.4,-1.2999999999999972
2526|2025-10-26|afc-bournemouth|nottingham-forest,2526,2025-10-26,AFC Bournemouth,Nottingham Forest,2,2.0,1.4,11.0,9.0,1.8,2.6,312,156,0.2,2.0,12.2,1.0,0.2,1.0,122,61,1.8,0.6000000000000001,-1.1999999999999993,8.0,1.6,190,48.6,40.9,7.700000000000003
2526|2025-10-26|arsenal|crystal-palace,2526,2025-10-26,Arsenal,Crystal Palace,2,1.8,0.4,17.0,13.0,2.6,2.6,578,289,1.6,1.4,16.6,8.0,1.6,1.6,464,232,0.19999999999999996,0.9999999999999999,0.3999999999999986,5.0,1.0,114,57.0,42.6,14.399999999999999
2526|2025-10-26|aston-villa|manchester-city,2526,2025-10-26,Aston Villa,Manchester City,2,1.6,0.8,10.2,11.0,2.2,2.0,464,232,2.4,0.4,13.6,13.0,2.6,2.0,578,289,-0.7999999999999998,-0.4,-3.4000000000000004,-2.0,0.0,-114,50.6,61.5,-10.899999999999999
2526|2025-10-26|everton|tottenham-hotspur,2526,2025-10-26,Everton,Tottenham Hotspur,0,0.8,1.2,12.0,5.0,1.0,2.2,578,289,1.8,1.2,10.6,8.0,1.6,2.0,578,289,-1.0,0.0,1.4000000000000004,-3.0,0.20000000000000018,0,40.6,54.8,-14.199999999999996
2526|2025-10-26|wolverhampton-wanderers|burnley,2526,2025-10-26,Wolverhampton Wanderers,Burnley,0,0.6,1.6,11.0,2.0,0.4,0.4,350,175,1.0,1.8,6.6,4.0,0.8,0.0,312,156,-0.4,0.19999999999999996,4.4,-2.0,0.4,38,48.1,,
2526|2025-11-01|brighton-and-hove-albion|leeds-united,2526,2025-11-01,Brighton & Hove Albion,Leeds United,2,2.0,1.8,14.2,8.0,1.6,2.2,313,156,1.6,1.6,14.6,7.0,1.4,0.6,123,61,0.3999999999999999,-0.19999999999999996,-0.40000000000000036,1.0,1.6,190,52.6,,
2526|2025-11-01|burnley|arsenal,2526,2025-11-01,Burnley,Arsenal,0,1.6,2.0,8.2,7.0,1.4,1.4,313,156,1.4,0.4,15.8,13.0,2.6,2.4,579,289,0.20000000000000018,-1.6,-7.600000000000001,-6.0,-1.0,-266,,57.0,
2526|2025-11-01|crystal-palace|brentford,2526,2025-11-01,Crystal Palace,Brentford,2,1.6,1.6,15.2,7.0,1.4,1.8,465,232,1.8,1.4,12.6,9.0,1.8,0.8,161,80,-0.19999999999999996,-0.20000000000000018,2.5999999999999996,-2.0,1.0,304,42.6,47.8,-5.199999999999996
2526|2025-11-01|fulham|wolverhampton-wanderers,2526,2025-11-01,Fulham,Wolverhampton Wanderers,2,1.2,2.0,11.6,3.0,0.6,1.4,351,175,1.0,2.0,12.4,2.0,0.4,0.2,351,175,0.19999999999999996,0.0,-0.8000000000000007,1.0,1.2,0,52.4,48.1,4.299999999999997
2526|2025-11-01|liverpool|aston-villa,2526,2025-11-01,Liverpool,Aston Villa,2,1.4,2.0,16.0,3.0,0.6,2.0,579,289,1.8,0.8,10.6,13.0,2.6,1.0,465,232,-0.40000000000000013,-1.2,5.4,-10.0,1.0,114,57.9,50.6,7.299999999999997
2526|2025-11-01|nottingham-forest|manchester-united,2526,2025-11-01,Nottingham Forest,Manchester United,1,0.2,1.8,12.8,1.0,0.2,0.6,123,61,2.2,1.4,13.0,12.0,2.4,0.8,579,289,-2.0,-0.40000000000000013,-0.1999999999999993,-11.0,-0.20000000000000007,-456,40.9,53.6,-12.700000000000003
2526|2025-11-01|tottenham-hotspur|chelsea,2526,2025-11-01,Tottenham Hotspur,Chelsea,0,1.8,1.2,9.2,8.0,1.6,0.8,579,289,1.6,1.6,12.6,6.0,1.2,2.0,579,289,0.19999999999999996,0.40000000000000013,-3.4000000000000004,2.0,-1.2,0,54.8,57.2,-2.4000000000000057
2526|2025-11-02|manchester-city|afc-bournemouth,2526,2025-11-02,Manchester City,AFC Bournemouth,2,1.8,0.6,14.6,10.0,2.0,2.4,579,289,2.0,1.2,11.0,9.0,1.8,1.0,313,156,-0.19999999999999996,0.6,3.5999999999999996,1.0,1.4,266,61.5,48.6,12.899999999999999
2526|2025-11-02|west-ham-united|newcastle-united,2526,2025-11-02,West Ham United,Newcastle United,2,0.6,1.8,8.4,1.0,0.2,0.0,541,270,1.2,1.0,12.8,7.0,1.4,0.6,541,270,-0.6,-0.8,-4.4,-6.0,-0.6,0,48.6,51.1,-2.5
2526|2025-11-03|sunderland|everton,2526,2025-11-03,Sunderland,Everton,1,1.2,0.8,10.2,10.0,2.0,2.0,275,137,0.8,1.8,10.4,4.0,0.8,1.2,579,289,0.3999999999999999,1.0,-0.20000000000000107,6.0,0.8,-304,,40.6,
2526|2025-11-08|chelsea|wolverhampton-wanderers,2526,2025-11-08,Chelsea,Wolverhampton Wanderers,2,1.6,1.2,14.6,9.0,1.8,1.4,580,290,0.8,2.0,10.2,2.0,0.4,0.2,352,176,0.8,0.8,4.4,7.0,1.2,228,57.2,48.1,9.100000000000001
2526|2025-11-08|everton|fulham,2526,2025-11-08,Everton,Fulham,2,0.8,1.6,10.2,5.0,1.0,1.6,580,290,1.2,1.8,12.6,3.0,0.6,0.2,352,176,-0.3999999999999999,0.19999999999999996,-2.4000000000000004,2.0,1.4000000000000001,228,40.6,52.4,-11.799999999999997
2526|2025-11-08|sunderland|arsenal,2526,2025-11-08,Sunderland,Arsenal,1,1.2,0.8,10.8,10.0,2.0,2.2,276,138,1.6,0.2,15.8,15.0,3.0,2.4,580,290,-0.40000000000000013,-0.6000000000000001,-5.0,-5.0,-0.19999999999999973,-304,,57.0,
2526|2025-11-08|tottenham-hotspur|manchester-united,2526,2025-11-08,Tottenham Hotspur,Manchester United,1,1.4,1.0,7.6,7.0,1.4,0.8,580,290,2.2,1.6,14.4,10.0,2.0,1.0,580,290,-0.8000000000000003,0.6000000000000001,-6.800000000000001,-3.0,-0.19999999999999996,0,54.8,53.6,1.1999999999999957
2526|2025-11-08|west-ham-united|burnley,2526,2025-11-08,West Ham United,Burnley,2,1.0,1.6,9.8,4.0,0.8,0.6,542,271,1.4,2.2,6.4,6.0,1.2,0.6,314,157,-0.3999999999999999,0.6000000000000001,3.4000000000000004,-2.0,0.0,228,48.6,,
2526|2025-11-09|aston-villa|afc-bournemouth,2526,2025-11-09,Aston Villa,AFC Bournemouth,2,1.6,1.0,10.2,12.0,2.4,2.0,466,233,2.2,1.8,10.4,8.0,1.6,1.0,314,157,-0.6000000000000001,0.8,-0.20000000000000107,4.0,1.0,152,50.6,48.6,2.0
2526|2025-11-09|brentford|newcastle-united,2526,2025-11-09,Brentford,Newcastle United,2,1.6,1.2,12.2,9.0,1.8,2.0,162,81,1.4,1.6,14.4,6.0,1.2,0.6,542,271,0.20000000000000018,0.40000000000000013,-2.200000000000001,3.0,1.4,-380,47.8,51.1,-3.3000000000000043
2526|2025-11-09|crystal-palace|brighton-and-hove-albion,2526,2025-11-09,Crystal Palace,Brighton & Hove Albion,1,1.6,1.4,13.4,7.0,1.4,1.8,466,233,2.2,1.4,14.6,10.0,2.0,0.8,314,157,-0.6000000000000001,0.0,-1.1999999999999993,-3.0,1.0,152,42.6,52.6,-10.0
2526|2025-11-09|manchester-city|liverpool,2526,2025-11-09,Manchester City,Liverpool,2,2.2,0.6,16.6,12.0,2.4,2.4,580,290,1.4,1.8,17.0,3.0,0.6,1.2,580,290,0.8000000000000003,1.2000000000000002,-0.3999999999999986,9.0,1.2,0,61.5,57.9,3.6000000000000014
2526|2025-11-09|nottingham-forest|leeds-united,2526,2025-11-09,Nottingham Forest,Leeds United,2,0.4,2.0,12.8,1.0,0.2,0.8,124,62,1.0,2.0,14.4,4.0,0.8,0.6,124,62,-0.6,0.0,-1.5999999999999996,-3.0,0.20000000000000007,0,40.9,,
2526|2025-11-22|afc-bournemouth|west-ham-united,2526,2025-11-22,AFC Bournemouth,West Ham United,1,1.8,2.2,10.6,7.0,1.4,2.6,315,157,1.4,1.8,10.0,6.0,1.2,0.8,543,271,0.40000000000000013,-0.40000000000000013,0.5999999999999996,1.0,1.8,-228,48.6,48.6,0.0
2526|2025-11-22|brighton-and-hove-albion|brentford,2526,2025-11-22,Brighton & Hove Albion,Brentford,2,1.6,1.2,13.6,8.0,1.6,2.2,315,157,1.6,1.2,13.2,9.0,1.8,0.6,163,81,0.0,0.0,0.40000000000000036,-1.0,1.6,152,52.6,47.8,4.800000000000004
2526|2025-11-22|burnley|chelsea,2526,2025-11-22,Burnley,Chelsea,0,1.6,1.8,7.8,6.0,1.2,1.4,315,157,2.0,0.6,16.0,12.0,2.4,2.0,581,290,-0.3999999999999999,-1.2000000000000002,-8.2,-6.0,-0.6000000000000001,-266,,57.2,
2526|2025-11-22|fulham|sunderland,2526,2025-11-22,Fulham,Sunderland,2,1.0,1.6,12.0,3.0,0.6,2.0,353,176,1.4,1.2,9.8,8.0,1.6,1.4,277,138,-0.3999999999999999,-0.40000000000000013,2.1999999999999993,-5.0,0.6000000000000001,76,52.4,,
2526|2025-11-22|liverpool|nottingham-forest,2526,2025-11-22,Liverpool,Nottingham Forest,0,1.2,2.0,14.4,3.0,0.6,2.4,581,290,1.0,2.0,11.2,4.0,0.8,0.4,125,62,0.19999999999999996,0.0,3.200000000000001,-1.0,2.0,456,57.9,40.9,17.0
2526|2025-11-22|newcastle-united|manchester-city,2526,2025-11-22,Newcastle United,Manchester City,2,1.4,1.8,13.8,6.0,1.2,1.8,543,271,1.8,0.4,15.2,12.0,2.4,1.4,581,290,-0.40000000000000013,-1.4,-1.3999999999999986,-6.0,0.40000000000000013,-38,51.1,61.5,-10.399999999999999
2526|2025-11-22|wolverhampton-wanderers|crystal-palace,2526,2025-11-22,Wolverhampton Wanderers,Crystal Palace,0,0.6,2.4,9.0,1.0,0.2,0.2,353,176,1.2,1.2,12.2,5.0,1.0,1.4,467,233,-0.6,-1.2,-3.1999999999999993,-4.0,-1.2,-114,48.1,42.6,5.5
2526|2025-11-23|arsenal|tottenham-hotspur,2526,2025-11-23,Arsenal,Tottenham Hotspur,2,1.6,0.4,15.2,13.0,2.6,2.6,581,290,1.6,1.2,7.6,7.0,1.4,2.6,581,290,0.0,0.7999999999999999,7.6,6.0,0.0,0,57.0,54.8,2.200000000000003
2526|2025-11-23|leeds-united|aston-villa,2526,2025-11-23,Leeds United,Aston Villa,0,0.8,2.2,12.6,3.0,0.6,1.6,125,62,1.8,0.8,11.6,12.0,2.4,1.0,467,233,-1.0,-1.4000000000000001,1.0,-9.0,0.6000000000000001,-342,,50.6,
2526|2025-11-24|manchester-united|everton,2526,2025-11-24,Manchester United,Everton,0,2.4,1.4,12.6,11.0,2.2,2.4,581,290,1.0,1.4,10.6,7.0,1.4,0.8,581,290,1.4,0.0,2.0,4.0,1.5999999999999999,0,53.6,40.6,13.0
2526|2025-11-29|brentford|burnley,2526,2025-11-29,Brentford,Burnley,2,1.8,1.4,14.0,9.0,1.8,2.0,164,82,1.4,1.8,8.4,6.0,1.2,0.6,316,158,0.40000000000000013,0.40000000000000013,5.6,3.0,1.4,-152,47.8,,
2526|2025-11-29|everton|newcastle-united,2526,2025-11-29,Everton,Newcastle United,0,0.8,1.2,8.4,7.0,1.4,1.6,582,291,1.4,2.0,12.0,6.0,1.2,0.4,544,272,-0.5999999999999999,0.8,-3.5999999999999996,1.0,1.2000000000000002,38,40.6,51.1,-10.5
2526|2025-11-29|manchester-city|leeds-united,2526,2025-11-29,Manchester City,Leeds United,2,1.8,0.8,16.6,9.0,1.8,3.0,582,291,0.8,2.2,12.2,3.0,0.6,0.6,126,63,1.0,1.4000000000000001,4.400000000000002,6.0,2.4,456,61.5,,
2526|2025-11-29|sunderland|afc-bournemouth,2526,2025-11-29,Sunderland,AFC Bournemouth,2,1.4,1.0,9.0,8.0,1.6,1.8,278,139,1.6,2.4,14.0,5.0,1.0,1.0,316,158,-0.20000000000000018,1.4,-5.0,3.0,0.8,-38,,48.6,
2526|2025-11-29|tottenham-hotspur|fulham,2526,2025-11-29,Tottenham Hotspur,Fulham,0,1.4,1.8,6.4,4.0,0.8,0.4,582,291,1.0,1.0,14.4,6.0,1.2,0.0,354,177,0.3999999999999999,-0.8,-8.0,-2.0,0.4,228,54.8,52.4,2.3999999999999986
2526|2025-11-30|aston-villa|wolverhampton-wanderers,2526,2025-11-30,Aston Villa,Wolverhampton Wanderers,2,1.8,0.8,11.4,12.0,2.4,2.4,468,234,0.4,2.6,9.4,0.0,0.0,0.2,354,177,1.4,1.8,2.0,12.0,2.1999999999999997,114,50.6,48.1,2.5
2526|2025-11-30|chelsea|arsenal,2526,2025-11-30,Chelsea,Arsenal,1,2.0,0.4,16.6,12.0,2.4,1.8,582,291,2.0,0.6,14.4,13.0,2.6,2.0,582,291,0.0,0.19999999999999996,2.200000000000001,-1.0,-0.19999999999999996,0,57.2,57.0,0.20000000000000284
2526|2025-11-30|crystal-palace|manchester-united,2526,2025-11-30,Crystal Palace,Manchester United,0,1.4,0.8,11.2,8.0,1.6,1.8,468,234,2.0,1.6,14.6,8.0,1.6,1.0,582,291,-0.6000000000000001,0.8,-3.4000000000000004,0.0,0.8,-114,42.6,53.6,-11.0
2526|2025-11-30|nottingham-forest|brighton-and-hove-albion,2526,2025-11-30,Nottingham Forest,Brighton & Hove Albion,0,1.6,1.6,13.2,7.0,1.4,0.8,126,63,1.8,1.2,13.0,10.0,2.0,1.0,316,158,-0.19999999999999996,-0.40000000000000013,0.1999999999999993,-3.0,-0.19999999999999996,-190,40.9,52.6,-11.700000000000003
2526|2025-11-30|west-ham-united|liverpool,2526,2025-11-30,West Ham United,Liverpool,0,1.8,1.8,10.2,7.0,1.4,1.2,544,272,1.0,2.2,16.2,3.0,0.6,0.6,582,291,0.8,0.40000000000000013,-6.0,4.0,0.6,-38,48.6,57.9,-9.299999999999997
2526|2025-12-02|afc-bournemouth|everton,2526,2025-12-02,AFC Bournemouth,Everton,0,1.4,2.4,16.0,4.0,0.8,2.2,317,158,1.0,1.6,9.4,7.0,1.4,1.4,583,291,0.3999999999999999,-0.7999999999999998,6.6,-3.0,0.8000000000000003,-266,48.6,40.6,8.0
2526|2025-12-02|fulham|manchester-city,2526,2025-12-02,Fulham,Manchester City,0,1.4,1.0,14.0,9.0,1.8,2.4,355,177,2.0,1.2,16.4,9.0,1.8,0.8,583,291,-0.6000000000000001,0.19999999999999996,-2.3999999999999986,0.0,1.5999999999999999,-228,52.4,61.5,-9.100000000000001
2526|2025-12-02|newcastle-united|tottenham-hotspur,2526,2025-12-02,Newcastle United,Tottenham Hotspur,1,2.0,1.8,11.4,9.0,1.8,2.4,545,272,1.4,1.8,7.4,4.0,0.8,2.0,583,291,0.6000000000000001,0.0,4.0,5.0,0.3999999999999999,-38,51.1,54.8,-3.6999999999999957
2526|2025-12-03|arsenal|brentford,2526,2025-12-03,Arsenal,Brentford,2,2.0,0.8,12.8,11.0,2.2,2.6,583,291,2.0,1.6,12.4,9.0,1.8,0.6,165,82,0.0,0.8,0.40000000000000036,2.0,2.0,418,57.0,47.8,9.200000000000003
2526|2025-12-03|brighton-and-hove-albion|aston-villa,2526,2025-12-03,Brighton & Hove Albion,Aston Villa,0,1.8,1.0,13.8,10.0,2.0,2.6,317,158,1.6,0.6,13.0,12.0,2.4,1.6,469,234,0.19999999999999996,-0.4,0.8000000000000007,-2.0,1.0,-152,52.6,50.6,2.0
2526|2025-12-03|burnley|crystal-palace,2526,2025-12-03,Burnley,Crystal Palace,0,1.2,2.4,8.8,3.0,0.6,0.8,317,158,1.0,0.6,10.0,7.0,1.4,1.8,469,234,0.19999999999999996,-1.7999999999999998,-1.1999999999999993,-4.0,-1.0,-152,,42.6,
2526|2025-12-03|leeds-united|chelsea,2526,2025-12-03,Leeds United,Chelsea,2,1.2,2.4,10.2,3.0,0.6,1.0,127,63,1.6,0.6,15.4,10.0,2.0,2.0,583,291,-0.40000000000000013,-1.7999999999999998,-5.200000000000001,-7.0,-1.0,-456,,57.2,
2526|2025-12-03|liverpool|sunderland,2526,2025-12-03,Liverpool,Sunderland,1,1.2,1.8,14.2,6.0,1.2,1.8,583,291,1.6,1.4,9.8,8.0,1.6,1.4,279,139,-0.40000000000000013,-0.40000000000000013,4.399999999999999,-2.0,0.40000000000000013,304,57.9,,
2526|2025-12-03|wolverhampton-wanderers|nottingham-forest,2526,2025-12-03,Wolverhampton Wanderers,Nottingham Forest,0,0.4,2.4,8.0,0.0,0.0,0.2,355,177,1.6,1.4,14.6,7.0,1.4,0.8,127,63,-1.2000000000000002,-1.0,-6.6,-7.0,-0.6000000000000001,228,48.1,40.9,7.200000000000003
2526|2025-12-04|manchester-united|west-ham-united,2526,2025-12-04,Manchester United,West Ham United,1,2.0,1.6,15.0,8.0,1.6,2.4,583,291,1.8,1.8,10.2,7.0,1.4,1.0,545,272,0.19999999999999996,0.19999999999999996,4.800000000000001,1.0,1.4,38,53.6,48.6,5.0
2526|2025-12-06|afc-bournemouth|chelsea,2526,2025-12-06,AFC Bournemouth,Chelsea,1,1.0,2.6,14.4,1.0,0.2,1.6,318,159,1.6,0.8,15.0,10.0,2.0,1.8,584,292,-0.6000000000000001,-1.8,-0.5999999999999996,-9.0,-0.19999999999999996,-266,48.6,57.2,-8.600000000000001
2526|2025-12-06|aston-villa|arsenal,2526,2025-12-06,Aston Villa,Arsenal,2,2.2,1.2,14.0,12.0,2.4,3.0,470,235,2.2,0.8,13.8,11.0,2.2,2.2,584,292,0.0,-0.3999999999999999,0.1999999999999993,1.0,0.7999999999999998,-114,50.6,57.0,-6.399999999999999
2526|2025-12-06|everton|nottingham-forest,2526,2025-12-06,Everton,Nottingham Forest,2,1.2,1.0,9.6,10.0,2.0,1.4,584,292,1.8,1.0,15.0,10.0,2.0,1.4,128,64,-0.6000000000000001,0.0,-5.4,0.0,0.0,456,40.6,40.9,-0.29999999999999716
2526|2025-12-06|leeds-united|liverpool,2526,2025-12-06,Leeds United,Liverpool,1,1.4,2.4,11.0,3.0,0.6,1.4,128,64,1.0,1.4,15.2,7.0,1.4,0.6,584,292,0.3999999999999999,-1.0,-4.199999999999999,-4.0,0.7999999999999999,-456,,57.9,
2526|2025-12-06|manchester-city|sunderland,2526,2025-12-06,Manchester City,Sunderland,2,3.0,1.8,15.0,12.0,2.4,3.0,584,292,1.4,1.4,9.6,6.0,1.2,1.4,280,140,1.6,-0.40000000000000013,5.4,6.0,1.6,304,61.5,,
2526|2025-12-06|newcastle-united|burnley,2526,2025-12-06,Newcastle United,Burnley,2,2.0,2.0,11.6,7.0,1.4,2.0,546,273,0.6,2.2,8.8,0.0,0.0,0.6,318,159,1.4,0.20000000000000018,2.799999999999999,7.0,1.4,228,51.1,,
2526|2025-12-06|tottenham-hotspur|brentford,2526,2025-12-06,Tottenham Hotspur,Brentford,2,1.2,2.2,7.6,2.0,0.4,0.4,584,292,1.4,1.6,10.2,6.0,1.2,0.6,166,83,-0.19999999999999996,-0.6000000000000001,-2.5999999999999996,-4.0,-0.19999999999999996,418,54.8,47.8,7.0
2526|2025-12-07|brighton-and-hove-albion|west-ham-united,2526,2025-12-07,Brighton & Hove Albion,West Ham United,1,2.0,1.0,13.6,10.0,2.0,2.0,318,159,1.8,1.6,10.6,8.0,1.6,0.6,546,273,0.19999999999999996,0.6000000000000001,3.0,2.0,1.4,-228,52.6,48.6,4.0
2526|2025-12-07|fulham|crystal-palace,2526,2025-12-07,Fulham,Crystal Palace,0,2.0,1.6,14.0,9.0,1.8,1.8,356,178,1.2,0.4,9.2,10.0,2.0,1.8,470,235,0.8,-1.2000000000000002,4.800000000000001,-1.0,0.0,-114,52.4,42.6,9.799999999999997
2526|2025-12-08|wolverhampton-wanderers|manchester-united,2526,2025-12-08,Wolverhampton Wanderers,Manchester United,0,0.0,2.0,6.0,0.0,0.0,0.2,356,178,1.4,1.4,15.8,6.0,1.2,1.6,584,292,-1.4,-0.6000000000000001,-9.8,-6.0,-1.4000000000000001,-228,48.1,53.6,-5.5
2526|2025-12-13|arsenal|wolverhampton-wanderers,2526,2025-12-13,Arsenal,Wolverhampton Wanderers,2,2.0,1.2,14.4,8.0,1.6,2.6,585,292,0.2,2.2,6.6,0.0,0.0,0.2,357,178,1.8,1.0000000000000002,7.800000000000001,8.0,2.4,228,57.0,48.1,8.899999999999999
2526|2025-12-13|burnley|fulham,2526,2025-12-13,Burnley,Fulham,0,0.8,2.2,10.0,0.0,0.0,0.8,319,159,1.6,2.0,12.6,6.0,1.2,0.6,357,178,-0.8,-0.20000000000000018,-2.5999999999999996,-6.0,0.20000000000000007,-38,,52.4,
2526|2025-12-13|chelsea|everton,2526,2025-12-13,Chelsea,Everton,2,1.4,0.8,14.2,8.0,1.6,1.4,585,292,1.6,0.8,10.2,12.0,2.4,1.4,585,292,-0.20000000000000018,0.0,4.0,-4.0,0.0,0,57.2,40.6,16.6
2526|2025-12-13|liverpool|brighton-and-hove-albion,2526,2025-12-13,Liverpool,Brighton & Hove Albion,2,1.2,2.0,15.2,5.0,1.0,1.4,585,292,1.6,1.2,15.2,8.0,1.6,1.6,319,159,-0.40000000000000013,-0.8,0.0,-3.0,-0.20000000000000018,266,57.9,52.6,5.299999999999997
2526|2025-12-14|brentford|leeds-united,2526,2025-12-14,Brentford,Leeds United,1,1.4,1.6,9.8,6.0,1.2,2.4,167,83,2.0,2.4,12.4,4.0,0.8,0.6,129,64,-0.6000000000000001,0.7999999999999998,-2.5999999999999996,2.0,1.7999999999999998,38,47.8,,
2526|2025-12-14|crystal-palace|manchester-city,2526,2025-12-14,Crystal Palace,Manchester City,0,1.2,0.6,9.6,10.0,2.0,1.6,471,235,3.0,1.6,15.6,12.0,2.4,1.4,585,292,-1.8,1.0,-6.0,-2.0,0.20000000000000018,-114,42.6,61.5,-18.9
2526|2025-12-14|nottingham-forest|tottenham-hotspur,2526,2025-12-14,Nottingham Forest,Tottenham Hotspur,2,1.4,1.2,13.0,9.0,1.8,0.8,129,64,1.6,2.0,10.0,5.0,1.0,1.6,585,292,-0.20000000000000018,0.8,3.0,4.0,-0.8,-456,40.9,54.8,-13.899999999999999
2526|2025-12-14|sunderland|newcastle-united,2526,2025-12-14,Sunderland,Newcastle United,2,1.2,1.8,7.8,5.0,1.0,1.8,281,140,2.2,1.6,12.6,10.0,2.0,0.8,547,273,-1.0000000000000002,-0.19999999999999996,-4.8,-5.0,1.0,-266,,51.1,
2526|2025-12-14|west-ham-united|aston-villa,2526,2025-12-14,West Ham United,Aston Villa,0,1.4,1.6,10.4,6.0,1.2,1.2,547,273,2.6,1.0,15.0,15.0,3.0,2.0,471,235,-1.2000000000000002,-0.6000000000000001,-4.6,-9.0,-0.8,76,48.6,50.6,-2.0
2526|2025-12-15|manchester-united|afc-bournemouth,2526,2025-12-15,Manchester United,AFC Bournemouth,1,1.8,1.2,17.6,8.0,1.6,2.0,585,292,0.8,2.0,15.4,2.0,0.4,0.4,319,159,1.0,0.8,2.200000000000001,6.0,1.6,266,53.6,48.6,5.0
2526|2025-12-20|afc-bournemouth|burnley,2526,2025-12-20,AFC Bournemouth,Burnley,1,1.6,2.0,15.6,3.0,0.6,1.6,320,160,0.8,2.2,10.0,0.0,0.0,0.6,320,160,0.8,0.20000000000000018,5.6,3.0,1.0,0,48.6,,
2526|2025-12-20|brighton-and-hove-albion|sunderland,2526,2025-12-20,Brighton & Hove Albion,Sunderland,1,1.6,1.6,16.6,7.0,1.4,2.0,320,160,1.0,1.4,7.6,7.0,1.4,0.8,282,141,0.6000000000000001,-0.20000000000000018,9.000000000000002,0.0,1.2,38,52.6,,
2526|2025-12-20|everton|arsenal,2526,2025-12-20,Everton,Arsenal,0,1.2,1.2,9.6,9.0,1.8,1.8,586,293,2.0,1.0,14.2,10.0,2.0,1.6,586,293,-0.8,-0.19999999999999996,-4.6,-1.0,0.19999999999999996,0,40.6,57.0,-16.4
2526|2025-12-20|leeds-united|crystal-palace,2526,2025-12-20,Leeds United,Crystal Palace,2,2.0,2.0,14.0,5.0,1.0,1.4,130,65,1.2,1.2,10.8,9.0,1.8,1.8,472,236,0.8,-0.8,3.1999999999999993,-4.0,-0.40000000000000013,-342,,42.6,
2526|2025-12-20|manchester-city|west-ham-united,2526,2025-12-20,Manchester City,West Ham United,2,3.0,1.6,14.2,12.0,2.4,3.0,586,293,1.2,1.8,9.4,3.0,0.6,0.6,548,274,1.8,0.19999999999999996,4.799999999999999,9.0,2.4,38,61.5,48.6,12.899999999999999
2526|2025-12-20|newcastle-united|chelsea,2526,2025-12-20,Newcastle United,Chelsea,1,2.0,1.2,12.8,10.0,2.0,2.6,548,274,1.2,0.8,13.6,8.0,1.6,2.0,586,293,0.8,-0.3999999999999999,-0.7999999999999989,2.0,0.6000000000000001,-38,51.1,57.2,-6.100000000000001
2526|2025-12-20|tottenham-hotspur|liverpool,2526,2025-12-20,Tottenham Hotspur,Liverpool,0,1.2,2.2,9.2,4.0,0.8,0.8,586,293,1.6,1.4,17.4,8.0,1.6,0.8,586,293,-0.40000000000000013,-0.8000000000000003,-8.2,-4.0,0.0,0,54.8,57.9,-3.1000000000000014
2526|2025-12-20|wolverhampton-wanderers|brentford,2526,2025-12-20,Wolverhampton Wanderers,Brentford,0,0.4,2.0,6.6,0.0,0.0,0.2,358,179,1.0,1.6,8.2,4.0,0.8,0.6,168,84,-0.6,-0.3999999999999999,-1.5999999999999996,-4.0,-0.39999999999999997,190,48.1,47.8,0.30000000000000426
2526|2025-12-21|aston-villa|manchester-united,2526,2025-12-21,Aston Villa,Manchester United,2,2.4,1.4,13.2,15.0,3.0,3.0,472,236,2.2,1.6,21.6,8.0,1.6,2.2,586,293,0.19999999999999973,0.20000000000000018,-8.400000000000002,7.0,0.7999999999999998,-114,50.6,53.6,-3.0
2526|2025-12-22|fulham|nottingham-forest,2526,2025-12-22,Fulham,Nottingham Forest,2,2.2,2.0,12.2,9.0,1.8,1.2,358,179,1.4,1.0,13.2,9.0,1.8,1.2,130,65,0.8000000000000003,-1.0,-1.0,0.0,0.0,228,52.4,40.9,11.5
2526|2025-12-26|manchester-united|newcastle-united,2526,2025-12-26,Manchester United,Newcastle United,2,2.4,1.8,19.6,8.0,1.6,1.6,587,293,2.0,1.4,13.2,8.0,1.6,0.6,549,274,0.3999999999999999,-0.40000000000000013,6.400000000000002,0.0,1.0,38,53.6,51.1,2.5
2526|2025-12-27|arsenal|brighton-and-hove-albion,2526,2025-12-27,Arsenal,Brighton & Hove Albion,2,1.4,0.8,13.4,10.0,2.0,3.0,587,293,1.2,1.4,17.0,5.0,1.0,1.0,321,160,0.19999999999999996,0.5999999999999999,-3.5999999999999996,5.0,2.0,266,57.0,52.6,4.399999999999999
2526|2025-12-27|brentford|afc-bournemouth,2526,2025-12-27,Brentford,AFC Bournemouth,2,1.2,1.2,7.6,7.0,1.4,2.0,169,84,1.4,1.8,13.2,3.0,0.6,0.4,321,160,-0.19999999999999996,0.6000000000000001,-5.6,4.0,1.6,-152,47.8,48.6,-0.8000000000000043
2526|2025-12-27|burnley|everton,2526,2025-12-27,Burnley,Everton,1,1.0,2.0,9.2,1.0,0.2,0.6,321,160,1.0,1.4,10.0,6.0,1.2,1.4,587,293,0.0,-0.6000000000000001,-0.8000000000000007,-5.0,-0.7999999999999999,-266,,40.6,
2526|2025-12-27|chelsea|aston-villa,2526,2025-12-27,Chelsea,Aston Villa,0,1.2,1.2,13.2,6.0,1.2,2.0,587,293,2.4,1.4,12.8,15.0,3.0,2.4,473,236,-1.2,0.19999999999999996,0.3999999999999986,-9.0,-0.3999999999999999,114,57.2,50.6,6.600000000000001
2526|2025-12-27|liverpool|wolverhampton-wanderers,2526,2025-12-27,Liverpool,Wolverhampton Wanderers,2,2.0,1.0,14.8,11.0,2.2,1.4,587,293,0.4,2.0,6.8,0.0,0.0,0.0,359,179,1.6,1.0,8.0,11.0,1.4,228,57.9,48.1,9.799999999999997
2526|2025-12-27|nottingham-forest|manchester-city,2526,2025-12-27,Nottingham Forest,Manchester City,0,0.8,1.2,12.6,6.0,1.2,1.4,131,65,3.4,1.2,14.2,15.0,3.0,1.8,587,293,-2.5999999999999996,0.0,-1.5999999999999996,-9.0,-0.40000000000000013,-456,40.9,61.5,-20.6
2526|2025-12-27|west-ham-united|fulham,2526,2025-12-27,West Ham United,Fulham,0,0.8,2.0,9.8,2.0,0.4,1.2,549,274,2.2,2.0,9.6,9.0,1.8,1.2,359,179,-1.4000000000000001,0.0,0.20000000000000107,-7.0,0.0,190,48.6,52.4,-3.799999999999997
2526|2025-12-28|crystal-palace|tottenham-hotspur,2526,2025-12-28,Crystal Palace,Tottenham Hotspur,0,1.0,2.0,10.6,6.0,1.2,1.0,473,236,1.2,1.8,11.6,4.0,0.8,1.4,587,293,-0.19999999999999996,-0.19999999999999996,-1.0,2.0,-0.3999999999999999,-114,42.6,54.8,-12.199999999999996
2526|2025-12-28|sunderland|leeds-united,2526,2025-12-28,Sunderland,Leeds United,1,1.0,1.2,9.6,8.0,1.6,2.2,283,141,2.6,1.8,15.2,8.0,1.6,0.2,131,65,-1.6,0.6000000000000001,-5.6,0.0,2.0,152,,,
2526|2025-12-30|arsenal|aston-villa,2526,2025-12-30,Arsenal,Aston Villa,2,1.6,0.8,16.6,12.0,2.4,3.0,588,294,2.6,1.6,11.8,15.0,3.0,2.4,474,237,-1.0,0.8,4.800000000000001,-3.0,0.6000000000000001,114,57.0,50.6,6.399999999999999
2526|2025-12-30|burnley|newcastle-united,2526,2025-12-30,Burnley,Newcastle United,0,0.8,1.4,11.2,2.0,0.4,0.2,322,161,1.2,1.4,13.8,5.0,1.0,0.6,550,275,-0.3999999999999999,0.0,-2.6000000000000014,-3.0,-0.39999999999999997,-228,,51.1,
2526|2025-12-30|chelsea|afc-bournemouth,2526,2025-12-30,Chelsea,AFC Bournemouth,1,1.2,1.4,13.8,5.0,1.0,1.4,588,294,1.2,2.0,13.6,3.0,0.6,0.2,322,161,0.0,0.6000000000000001,0.20000000000000107,2.0,1.2,266,57.2,48.6,8.600000000000001
2526|2025-12-30|manchester-united|wolverhampton-wanderers,2526,2025-12-30,Manchester United,Wolverhampton Wanderers,1,2.2,1.6,18.8,8.0,1.6,1.6,588,294,0.6,2.2,6.8,0.0,0.0,0.0,360,180,1.6,0.6000000000000001,12.0,8.0,1.6,228,53.6,48.1,5.5
2526|2025-12-30|nottingham-forest|everton,2526,2025-12-30,Nottingham Forest,Everton,0,1.0,1.2,10.2,6.0,1.2,1.4,132,66,0.8,0.6,11.0,7.0,1.4,1.6,588,294,0.19999999999999996,-0.6,-0.8000000000000007,-1.0,-0.20000000000000018,-456,40.9,40.6,0.29999999999999716
2526|2025-12-30|west-ham-united|brighton-and-hove-albion,2526,2025-12-30,West Ham United,Brighton & Hove Albion,1,0.8,1.8,10.6,2.0,0.4,1.2,550,275,1.0,1.8,15.2,2.0,0.4,0.8,322,161,-0.19999999999999996,0.0,-4.6,0.0,0.3999999999999999,228,48.6,52.6,-4.0
2526|2026-01-01|brentford|tottenham-hotspur,2526,2026-01-01,Brentford,Tottenham Hotspur,1,1.4,1.2,7.8,7.0,1.4,2.6,170,85,1.2,1.4,10.4,7.0,1.4,1.4,588,294,0.19999999999999996,0.19999999999999996,-2.6000000000000005,0.0,1.2000000000000002,-418,47.8,54.8,-7.0
2526|2026-01-01|crystal-palace|fulham,2526,2026-01-01,Crystal Palace,Fulham,1,0.8,1.8,10.8,6.0,1.2,0.8,474,237,2.0,1.8,11.2,9.0,1.8,1.8,360,180,-1.2,0.0,-0.3999999999999986,-3.0,-1.0,114,42.6,52.4,-9.799999999999997
2526|2026-01-01|liverpool|leeds-united,2526,2026-01-01,Liverpool,Leeds United,1,2.0,1.2,15.8,11.0,2.2,2.0,588,294,2.4,1.4,16.8,9.0,1.8,0.4,132,66,-0.3999999999999999,0.19999999999999996,-1.0,2.0,1.6,456,57.9,,
2526|2026-01-01|sunderland|manchester-city,2526,2026-01-01,Sunderland,Manchester City,1,0.6,1.0,8.8,6.0,1.2,1.8,284,142,3.2,1.0,13.8,15.0,3.0,1.8,588,294,-2.6,0.0,-5.0,-9.0,0.0,-304,,61.5,
2526|2026-01-03|afc-bournemouth|arsenal,2526,2026-01-03,AFC Bournemouth,Arsenal,0,1.6,2.2,16.0,4.0,0.8,1.2,323,161,2.0,1.0,18.0,12.0,2.4,1.6,589,294,-0.3999999999999999,-1.2000000000000002,-2.0,-8.0,-0.40000000000000013,-266,48.6,57.0,-8.399999999999999
2526|2026-01-03|aston-villa|nottingham-forest,2526,2026-01-03,Aston Villa,Nottingham Forest,2,2.0,1.8,11.2,12.0,2.4,3.0,475,237,0.8,1.6,12.4,3.0,0.6,1.2,133,66,1.2,-0.19999999999999996,-1.200000000000001,9.0,1.8,342,50.6,40.9,9.700000000000003
2526|2026-01-03|brighton-and-hove-albion|burnley,2526,2026-01-03,Brighton & Hove Albion,Burnley,2,0.8,1.4,15.2,3.0,0.6,1.6,323,161,1.0,1.8,12.0,2.0,0.4,0.8,323,161,-0.19999999999999996,0.40000000000000013,3.1999999999999993,1.0,0.8,0,52.6,,
2526|2026-01-03|wolverhampton-wanderers|west-ham-united,2526,2026-01-03,Wolverhampton Wanderers,West Ham United,2,0.8,2.2,8.0,1.0,0.2,0.0,361,180,1.0,2.0,10.4,2.0,0.4,0.6,551,275,-0.19999999999999996,-0.20000000000000018,-2.4000000000000004,-1.0,-0.6,-190,48.1,48.6,-0.5
2526|2026-01-04|everton|brentford,2526,2026-01-04,Everton,Brentford,0,1.0,0.6,10.6,7.0,1.4,1.2,589,294,1.4,0.8,8.0,8.0,1.6,0.6,171,85,-0.3999999999999999,0.20000000000000007,2.5999999999999996,-1.0,0.6,418,40.6,47.8,-7.199999999999996
2526|2026-01-04|fulham|liverpool,2526,2026-01-04,Fulham,Liverpool,1,1.4,1.0,12.2,10.0,2.0,1.8,361,180,1.8,1.0,15.0,11.0,2.2,1.4,589,294,-0.40000000000000013,0.0,-2.8000000000000007,-1.0,0.40000000000000013,-228,52.4,57.9,-5.5
2526|2026-01-04|leeds-united|manchester-united,2526,2026-01-04,Leeds United,Manchester United,1,1.8,1.2,14.2,7.0,1.4,2.0,133,66,2.2,1.6,18.4,8.0,1.6,1.6,589,294,-0.40000000000000013,0.40000000000000013,-4.199999999999999,-1.0,0.3999999999999999,-456,,53.6,
2526|2026-01-04|manchester-city|chelsea,2526,2026-01-04,Manchester City,Chelsea,1,2.2,0.2,14.4,13.0,2.6,3.0,589,294,1.4,1.2,14.4,6.0,1.2,1.6,589,294,0.8000000000000003,1.0,0.0,7.0,1.4,0,61.5,57.2,4.299999999999997
2526|2026-01-04|newcastle-united|crystal-palace,2526,2026-01-04,Newcastle United,Crystal Palace,2,1.4,1.2,14.0,7.0,1.4,2.2,551,275,0.8,2.0,12.4,4.0,0.8,1.8,475,237,0.5999999999999999,0.8,1.5999999999999996,3.0,0.40000000000000013,76,51.1,42.6,8.5
2526|2026-01-04|tottenham-hotspur|sunderland,2526,2026-01-04,Tottenham Hotspur,Sunderland,1,0.8,1.0,10.6,7.0,1.4,0.8,589,294,0.4,0.8,9.0,6.0,1.2,1.0,285,142,0.4,-0.19999999999999996,1.5999999999999996,1.0,-0.19999999999999996,304,54.8,,
2526|2026-01-06|west-ham-united|nottingham-forest,2526,2026-01-06,West Ham United,Nottingham Forest,0,0.8,2.4,8.8,1.0,0.2,0.8,552,276,1.0,1.6,13.0,3.0,0.6,1.2,134,67,-0.19999999999999996,-0.7999999999999998,-4.199999999999999,-2.0,-0.3999999999999999,418,48.6,40.9,7.700000000000003
2526|2026-01-07|afc-bournemouth|tottenham-hotspur,2526,2026-01-07,AFC Bournemouth,Tottenham Hotspur,2,2.0,2.8,16.4,3.0,0.6,0.6,324,162,0.6,1.2,10.2,5.0,1.0,1.0,590,295,1.4,-1.5999999999999999,6.199999999999999,-2.0,-0.4,-266,48.6,54.8,-6.199999999999996
2526|2026-01-07|brentford|sunderland,2526,2026-01-07,Brentford,Sunderland,2,2.2,0.8,9.4,11.0,2.2,2.2,172,86,0.6,0.4,9.4,7.0,1.4,0.6,286,143,1.6,-0.4,0.0,4.0,1.6,-114,47.8,,
2526|2026-01-07|burnley|manchester-united,2526,2026-01-07,Burnley,Manchester United,1,0.8,1.8,11.2,2.0,0.4,0.2,324,162,1.6,1.6,16.0,6.0,1.2,1.6,590,295,-0.8,-0.19999999999999996,-4.800000000000001,-4.0,-1.4000000000000001,-266,,53.6,
2526|2026-01-07|crystal-palace|aston-villa,2526,2026-01-07,Crystal Palace,Aston Villa,1,0.4,2.2,12.4,1.0,0.2,0.4,476,238,2.2,1.8,10.4,12.0,2.4,2.4,476,238,-1.8000000000000003,-0.40000000000000013,2.0,-11.0,-2.0,0,42.6,50.6,-8.0
2526|2026-01-07|everton|wolverhampton-wanderers,2526,2026-01-07,Everton,Wolverhampton Wanderers,1,0.8,1.4,11.2,4.0,0.8,1.2,590,295,1.2,1.4,8.6,4.0,0.8,0.2,362,181,-0.3999999999999999,0.0,2.5999999999999996,0.0,1.0,228,40.6,48.1,-7.5
2526|2026-01-07|fulham|chelsea,2526,2026-01-07,Fulham,Chelsea,2,1.6,1.0,11.4,11.0,2.2,1.4,362,181,1.6,1.4,13.8,6.0,1.2,1.2,590,295,0.0,0.3999999999999999,-2.4000000000000004,5.0,0.19999999999999996,-228,52.4,57.2,-4.800000000000004
2526|2026-01-07|manchester-city|brighton-and-hove-albion,2526,2026-01-07,Manchester City,Brighton & Hove Albion,1,1.8,0.4,13.6,11.0,2.2,2.6,590,295,1.0,1.2,13.8,5.0,1.0,1.0,324,162,0.8,0.7999999999999999,-0.20000000000000107,6.0,1.6,266,61.5,52.6,8.899999999999999
2526|2026-01-07|newcastle-united|leeds-united,2526,2026-01-07,Newcastle United,Leeds United,2,1.4,1.0,13.0,7.0,1.4,2.2,552,276,1.4,0.8,14.0,7.0,1.4,0.6,134,67,0.0,-0.19999999999999996,-1.0,0.0,1.6,418,51.1,,
2526|2026-01-08|arsenal|liverpool,2526,2026-01-08,Arsenal,Liverpool,1,2.4,1.0,17.4,15.0,3.0,3.0,590,295,1.6,0.8,13.8,11.0,2.2,1.6,590,295,0.7999999999999998,-0.19999999999999996,3.599999999999998,4.0,1.4,0,57.0,57.9,-0.8999999999999986
2526|2026-01-17|chelsea|brentford,2526,2026-01-17,Chelsea,Brentford,2,1.4,1.8,13.2,3.0,0.6,1.6,591,295,2.6,0.6,11.6,13.0,2.6,1.2,173,86,-1.2000000000000002,-1.2000000000000002,1.5999999999999996,-10.0,0.40000000000000013,418,57.2,47.8,9.400000000000006
2526|2026-01-17|leeds-united|fulham,2526,2026-01-17,Leeds United,Fulham,2,1.8,1.4,13.2,6.0,1.2,1.6,135,67,1.4,0.8,13.4,11.0,2.2,2.0,363,181,0.40000000000000013,-0.5999999999999999,-0.20000000000000107,-5.0,-0.3999999999999999,-228,,52.4,
2526|2026-01-17|liverpool|burnley,2526,2026-01-17,Liverpool,Burnley,1,1.2,0.8,11.8,9.0,1.8,1.6,591,295,0.8,1.6,9.4,3.0,0.6,0.2,325,162,0.3999999999999999,0.8,2.4000000000000004,6.0,1.4000000000000001,266,57.9,,
2526|2026-01-17|manchester-united|manchester-city,2526,2026-01-17,Manchester United,Manchester City,2,1.2,1.2,17.0,6.0,1.2,1.2,591,295,1.4,0.6,16.6,9.0,1.8,2.0,591,295,-0.19999999999999996,-0.6,0.3999999999999986,-3.0,-0.8,0,53.6,61.5,-7.899999999999999
2526|2026-01-17|nottingham-forest|arsenal,2526,2026-01-17,Nottingham Forest,Arsenal,1,0.8,1.8,12.6,3.0,0.6,1.2,135,67,2.0,0.8,16.0,13.0,2.6,1.6,591,295,-1.2,-1.0,-3.4000000000000004,-10.0,-0.40000000000000013,-456,40.9,57.0,-16.1
2526|2026-01-17|sunderland|crystal-palace,2526,2026-01-17,Sunderland,Crystal Palace,2,0.4,1.0,10.6,4.0,0.8,1.8,287,143,0.4,1.6,11.4,2.0,0.4,1.8,477,238,0.0,0.6000000000000001,-0.8000000000000007,2.0,0.0,-190,,42.6,
2526|2026-01-17|tottenham-hotspur|west-ham-united,2526,2026-01-17,Tottenham Hotspur,West Ham United,0,1.0,1.2,12.2,5.0,1.0,1.0,591,295,0.6,2.2,9.6,1.0,0.2,0.6,553,276,0.4,1.0000000000000002,2.5999999999999996,4.0,0.4,38,54.8,48.6,6.199999999999996
2526|2026-01-18|aston-villa|everton,2526,2026-01-18,Aston Villa,Everton,0,1.6,1.4,12.0,10.0,2.0,3.0,477,238,1.0,1.2,11.6,5.0,1.0,2.0,591,295,0.6000000000000001,-0.19999999999999996,0.40000000000000036,5.0,1.0,-114,50.6,40.6,10.0
2526|2026-01-18|wolverhampton-wanderers|newcastle-united,2526,2026-01-18,Wolverhampton Wanderers,Newcastle United,1,1.2,1.2,10.6,5.0,1.0,0.6,363,181,2.2,1.4,15.4,10.0,2.0,1.2,553,276,-1.0000000000000002,0.19999999999999996,-4.800000000000001,-5.0,-0.6,-190,48.1,51.1,-3.0
2526|2026-01-19|brighton-and-hove-albion|afc-bournemouth,2526,2026-01-19,Brighton & Hove Albion,AFC Bournemouth,1,1.2,1.0,12.2,6.0,1.2,1.6,325,162,1.8,2.4,15.8,5.0,1.0,0.4,325,162,-0.6000000000000001,1.4,-3.6000000000000014,1.0,1.2000000000000002,0,52.6,48.6,4.0
2526|2026-01-24|afc-bournemouth|liverpool,2526,2026-01-24,AFC Bournemouth,Liverpool,2,1.8,2.4,14.8,5.0,1.0,1.0,326,163,1.0,0.8,16.6,7.0,1.4,1.8,592,296,0.8,-1.5999999999999999,-1.8000000000000007,-2.0,-0.8,-266,48.6,57.9,-9.299999999999997
2526|2026-01-24|burnley|tottenham-hotspur,2526,2026-01-24,Burnley,Tottenham Hotspur,1,0.8,1.6,10.0,3.0,0.6,0.4,326,163,1.0,1.2,13.4,5.0,1.0,1.0,592,296,-0.19999999999999996,-0.40000000000000013,-3.4000000000000004,-2.0,-0.6,-266,,54.8,
2526|2026-01-24|fulham|brighton-and-hove-albion,2526,2026-01-24,Fulham,Brighton & Hove Albion,2,1.2,1.0,12.8,8.0,1.6,1.4,364,182,1.4,1.2,12.4,6.0,1.2,1.0,326,163,-0.19999999999999996,0.19999999999999996,0.40000000000000036,2.0,0.3999999999999999,38,52.4,52.6,-0.20000000000000284
2526|2026-01-24|manchester-city|wolverhampton-wanderers,2526,2026-01-24,Manchester City,Wolverhampton Wanderers,2,0.8,1.0,14.6,6.0,1.2,2.2,592,296,1.2,0.8,10.0,6.0,1.2,0.4,364,182,-0.3999999999999999,-0.19999999999999996,4.6,0.0,1.8000000000000003,228,61.5,48.1,13.399999999999999
2526|2026-01-24|west-ham-united|sunderland,2526,2026-01-24,West Ham United,Sunderland,2,1.0,1.8,11.6,4.0,0.8,0.2,554,277,0.8,1.2,10.4,6.0,1.2,0.6,288,144,0.19999999999999996,-0.6000000000000001,1.1999999999999993,-2.0,-0.39999999999999997,266,48.6,,
2526|2026-01-25|arsenal|manchester-united,2526,2026-01-25,Arsenal,Manchester United,0,1.8,0.8,16.4,11.0,2.2,2.6,592,296,1.4,0.8,16.2,9.0,1.8,1.6,592,296,0.40000000000000013,0.0,0.1999999999999993,2.0,1.0,0,57.0,53.6,3.3999999999999986
2526|2026-01-25|brentford|nottingham-forest,2526,2026-01-25,Brentford,Nottingham Forest,0,2.2,1.0,13.2,10.0,2.0,2.2,174,87,0.8,1.6,11.4,4.0,0.8,1.2,136,68,1.4000000000000001,0.6000000000000001,1.799999999999999,6.0,1.0000000000000002,38,47.8,40.9,6.899999999999999
2526|2026-01-25|crystal-palace|chelsea,2526,2026-01-25,Crystal Palace,Chelsea,0,0.4,1.2,10.8,2.0,0.4,0.4,478,239,1.4,1.4,11.8,5.0,1.0,0.6,592,296,-0.9999999999999999,0.19999999999999996,-1.0,-3.0,-0.19999999999999996,-114,42.6,57.2,-14.600000000000001
2526|2026-01-25|newcastle-united|aston-villa,2526,2026-01-25,Newcastle United,Aston Villa,0,1.8,1.0,15.6,10.0,2.0,2.2,554,277,1.2,1.4,13.2,7.0,1.4,2.0,478,239,0.6000000000000001,0.3999999999999999,2.4000000000000004,3.0,0.20000000000000018,76,51.1,50.6,0.5
2526|2026-01-26|everton|leeds-united,2526,2026-01-26,Everton,Leeds United,1,1.2,1.0,12.4,8.0,1.6,0.8,592,296,1.2,1.2,12.0,6.0,1.2,0.6,136,68,0.0,0.19999999999999996,0.40000000000000036,2.0,0.20000000000000007,456,40.6,,
2526|2026-01-31|brighton-and-hove-albion|everton,2526,2026-01-31,Brighton & Hove Albion,Everton,1,1.4,1.2,13.4,6.0,1.2,1.2,327,163,1.4,1.2,11.4,8.0,1.6,2.0,593,296,0.0,0.0,2.0,-2.0,-0.8,-266,52.6,40.6,12.0
2526|2026-01-31|chelsea|west-ham-united,2526,2026-01-31,Chelsea,West Ham United,2,1.8,1.2,11.0,8.0,1.6,1.6,593,296,1.6,1.8,12.0,7.0,1.4,1.0,555,277,0.19999999999999996,0.6000000000000001,-1.0,1.0,0.6000000000000001,38,57.2,48.6,8.600000000000001
2526|2026-01-31|leeds-united|arsenal,2526,2026-01-31,Leeds United,Arsenal,0,1.2,1.2,11.4,6.0,1.2,2.2,137,68,1.8,1.2,14.6,8.0,1.6,1.6,593,296,-0.6000000000000001,0.0,-3.1999999999999993,-2.0,0.6000000000000001,-456,,57.0,
2526|2026-01-31|liverpool|newcastle-united,2526,2026-01-31,Liverpool,Newcastle United,2,1.0,1.2,16.6,4.0,0.8,1.8,593,296,1.8,1.2,15.4,10.0,2.0,1.4,555,277,-0.8,0.0,1.200000000000001,-6.0,0.40000000000000013,38,57.9,51.1,6.799999999999997
2526|2026-01-31|wolverhampton-wanderers|afc-bournemouth,2526,2026-01-31,Wolverhampton Wanderers,AFC Bournemouth,0,1.0,0.8,10.4,6.0,1.2,0.8,365,182,2.2,2.0,13.2,8.0,1.6,0.6,327,163,-1.2000000000000002,1.2,-2.799999999999999,-2.0,0.20000000000000007,38,48.1,48.6,-0.5
2526|2026-02-01|aston-villa|brentford,2526,2026-02-01,Aston Villa,Brentford,0,1.2,1.2,13.8,7.0,1.4,2.4,479,239,1.4,1.2,12.2,7.0,1.4,1.2,175,87,-0.19999999999999996,0.0,1.6000000000000014,0.0,1.2,304,50.6,47.8,2.8000000000000043
2526|2026-02-01|manchester-united|fulham,2526,2026-02-01,Manchester United,Fulham,2,1.8,1.2,16.2,9.0,1.8,1.8,593,296,1.4,1.2,12.2,8.0,1.6,2.0,365,182,0.40000000000000013,0.0,4.0,1.0,-0.19999999999999996,228,53.6,52.4,1.2000000000000028
2526|2026-02-01|nottingham-forest|crystal-palace,2526,2026-02-01,Nottingham Forest,Crystal Palace,1,1.0,1.2,11.4,7.0,1.4,0.8,137,68,0.6,1.6,10.4,2.0,0.4,1.2,479,239,0.4,0.40000000000000013,1.0,5.0,-0.3999999999999999,-342,40.9,42.6,-1.7000000000000028
2526|2026-02-01|tottenham-hotspur|manchester-city,2526,2026-02-01,Tottenham Hotspur,Manchester City,1,1.2,1.6,15.4,3.0,0.6,0.8,593,296,0.8,0.8,13.6,6.0,1.2,2.0,593,296,0.3999999999999999,-0.8,1.8000000000000007,-3.0,-1.2,0,54.8,61.5,-6.700000000000003
2526|2026-02-02|sunderland|burnley,2526,2026-02-02,Sunderland,Burnley,2,0.8,1.6,10.2,5.0,1.0,2.2,289,144,1.2,2.0,8.6,3.0,0.6,0.4,327,163,-0.3999999999999999,0.3999999999999999,1.5999999999999996,2.0,1.8000000000000003,-38,,,
2526|2026-02-06|leeds-united|nottingham-forest,2526,2026-02-06,Leeds United,Nottingham Forest,2,1.2,2.0,11.2,5.0,1.0,1.6,138,69,1.2,1.0,9.0,8.0,1.6,1.2,138,69,0.0,-1.0,2.1999999999999993,-3.0,0.40000000000000013,0,,40.9,
2526|2026-02-07|afc-bournemouth|aston-villa,2526,2026-02-07,AFC Bournemouth,Aston Villa,1,2.2,1.6,11.6,10.0,2.0,1.6,328,164,1.0,0.6,17.0,7.0,1.4,2.0,480,240,1.2000000000000002,-1.0,-5.4,3.0,-0.3999999999999999,-152,48.6,50.6,-2.0
2526|2026-02-07|arsenal|sunderland,2526,2026-02-07,Arsenal,Sunderland,2,1.8,1.0,13.0,8.0,1.6,2.0,594,297,1.4,1.6,11.0,7.0,1.4,0.4,290,145,0.40000000000000013,0.6000000000000001,2.0,1.0,1.6,304,57.0,,
2526|2026-02-07|burnley|west-ham-united,2526,2026-02-07,Burnley,West Ham United,0,1.0,2.0,6.6,3.0,0.6,0.6,328,164,1.6,2.0,12.2,6.0,1.2,0.8,556,278,-0.6000000000000001,0.0,-5.6,-3.0,-0.20000000000000007,-228,,48.6,
2526|2026-02-07|fulham|everton,2526,2026-02-07,Fulham,Everton,0,1.6,1.6,11.6,7.0,1.4,2.0,366,183,1.2,1.4,10.6,6.0,1.2,1.6,594,297,0.40000000000000013,-0.20000000000000018,1.0,1.0,0.3999999999999999,-228,52.4,40.6,11.799999999999997
2526|2026-02-07|manchester-united|tottenham-hotspur,2526,2026-02-07,Manchester United,Tottenham Hotspur,2,2.2,1.4,15.8,11.0,2.2,2.2,594,297,1.6,2.0,16.0,3.0,0.6,1.0,594,297,0.6000000000000001,0.6000000000000001,-0.1999999999999993,8.0,1.2000000000000002,0,53.6,54.8,-1.1999999999999957
2526|2026-02-07|newcastle-united|brentford,2526,2026-02-07,Newcastle United,Brentford,0,1.4,1.8,13.0,7.0,1.4,2.0,556,278,1.6,1.2,12.0,9.0,1.8,1.8,176,88,-0.20000000000000018,-0.6000000000000001,1.0,-2.0,0.19999999999999996,380,51.1,47.8,3.3000000000000043
2526|2026-02-07|wolverhampton-wanderers|chelsea,2526,2026-02-07,Wolverhampton Wanderers,Chelsea,0,0.8,1.0,11.6,5.0,1.0,0.8,366,183,2.0,1.2,10.4,10.0,2.0,1.2,594,297,-1.2,0.19999999999999996,1.1999999999999993,-5.0,-0.3999999999999999,-228,48.1,57.2,-9.100000000000001
2526|2026-02-08|brighton-and-hove-albion|crystal-palace,2526,2026-02-08,Brighton & Hove Albion,Crystal Palace,0,1.2,1.0,12.4,6.0,1.2,1.4,328,164,0.6,1.6,11.0,2.0,0.4,0.8,480,240,0.6,0.6000000000000001,1.4000000000000004,4.0,0.5999999999999999,-152,52.6,42.6,10.0
2526|2026-02-08|liverpool|manchester-city,2526,2026-02-08,Liverpool,Manchester City,0,1.8,1.4,16.2,6.0,1.2,2.2,594,297,1.2,1.2,13.8,6.0,1.2,1.6,594,297,0.6000000000000001,-0.19999999999999996,2.3999999999999986,0.0,0.6000000000000001,0,57.9,61.5,-3.6000000000000014
2526|2026-02-10|chelsea|leeds-united,2526,2026-02-10,Chelsea,Leeds United,1,2.4,1.2,11.8,12.0,2.4,2.0,595,297,1.6,2.0,11.8,7.0,1.4,0.8,139,69,0.7999999999999998,0.8,0.0,5.0,1.2,456,57.2,,
2526|2026-02-10|everton|afc-bournemouth,2526,2026-02-10,Everton,AFC Bournemouth,0,1.2,0.8,11.0,9.0,1.8,1.0,595,297,2.0,1.2,12.6,11.0,2.2,1.2,329,164,-0.8,0.3999999999999999,-1.5999999999999996,-2.0,-0.19999999999999996,266,40.6,48.6,-8.0
2526|2026-02-10|tottenham-hotspur|newcastle-united,2526,2026-02-10,Tottenham Hotspur,Newcastle United,0,1.4,2.2,14.8,2.0,0.4,1.0,595,297,1.4,2.4,13.8,4.0,0.8,0.8,557,278,0.0,0.19999999999999973,1.0,-2.0,0.19999999999999996,38,54.8,51.1,3.6999999999999957
2526|2026-02-10|west-ham-united|manchester-united,2526,2026-02-10,West Ham United,Manchester United,1,2.0,1.4,12.2,9.0,1.8,0.8,557,278,2.4,1.2,17.4,13.0,2.6,1.6,595,297,-0.3999999999999999,-0.19999999999999996,-5.199999999999999,-4.0,-0.8,-38,48.6,53.6,-5.0
2526|2026-02-11|aston-villa|brighton-and-hove-albion,2526,2026-02-11,Aston Villa,Brighton & Hove Albion,2,0.6,0.6,16.2,5.0,1.0,1.8,481,240,0.8,1.2,10.8,3.0,0.6,0.4,329,164,-0.20000000000000007,0.6,5.399999999999999,2.0,1.4,152,50.6,52.6,-2.0
2526|2026-02-11|crystal-palace|burnley,2526,2026-02-11,Crystal Palace,Burnley,0,0.8,1.2,10.2,5.0,1.0,0.4,481,240,1.0,2.0,9.2,3.0,0.6,0.4,329,164,-0.19999999999999996,0.8,1.0,2.0,0.0,152,42.6,,
2526|2026-02-11|manchester-city|fulham,2526,2026-02-11,Manchester City,Fulham,2,1.4,1.2,14.4,8.0,1.6,2.2,595,297,1.4,1.6,12.6,6.0,1.2,1.4,367,183,0.0,0.40000000000000013,1.8000000000000007,2.0,0.8000000000000003,228,61.5,52.4,9.100000000000001
2526|2026-02-11|nottingham-forest|wolverhampton-wanderers,2526,2026-02-11,Nottingham Forest,Wolverhampton Wanderers,1,1.2,1.0,10.2,8.0,1.6,1.0,139,69,0.4,1.6,11.6,2.0,0.4,0.4,367,183,0.7999999999999999,0.6000000000000001,-1.4000000000000004,6.0,0.6,-228,40.9,48.1,-7.200000000000003
2526|2026-02-11|sunderland|liverpool,2526,2026-02-11,Sunderland,Liverpool,0,1.2,2.0,10.0,6.0,1.2,2.2,291,145,1.6,1.4,17.2,5.0,1.0,1.2,595,297,-0.40000000000000013,-0.6000000000000001,-7.199999999999999,1.0,1.0000000000000002,-304,,57.9,
2526|2026-02-12|brentford|arsenal,2526,2026-02-12,Brentford,Arsenal,1,1.4,1.2,12.0,9.0,1.8,1.6,177,88,1.8,0.6,13.8,8.0,1.6,2.0,595,297,-0.40000000000000013,-0.6,-1.8000000000000007,1.0,-0.3999999999999999,-418,47.8,57.0,-9.200000000000003
2526|2026-02-18|wolverhampton-wanderers|arsenal,2526,2026-02-18,Wolverhampton Wanderers,Arsenal,1,0.2,1.4,10.4,2.0,0.4,0.8,368,184,2.0,0.8,13.4,8.0,1.6,2.2,596,298,-1.8,-0.5999999999999999,-3.0,-6.0,-1.4000000000000001,-228,48.1,57.0,-8.899999999999999
2526|2026-02-21|aston-villa|leeds-united,2526,2026-02-21,Aston Villa,Leeds United,1,0.8,0.6,16.2,7.0,1.4,1.8,482,241,1.4,1.6,9.8,8.0,1.6,0.8,140,70,-0.5999999999999999,1.0,6.399999999999999,-1.0,1.0,342,50.6,,
2526|2026-02-21|brentford|brighton-and-hove-albion,2526,2026-02-21,Brentford,Brighton & Hove Albion,0,1.0,1.4,10.8,7.0,1.4,1.6,178,89,0.6,1.2,11.4,2.0,0.4,0.4,330,165,0.4,-0.19999999999999996,-0.5999999999999996,5.0,1.2000000000000002,-152,47.8,52.6,-4.800000000000004
2526|2026-02-21|chelsea|burnley,2526,2026-02-21,Chelsea,Burnley,1,2.6,1.2,12.8,13.0,2.6,1.6,596,298,1.2,2.0,9.4,5.0,1.0,1.0,330,165,1.4000000000000001,0.8,3.4000000000000004,8.0,0.6000000000000001,266,57.2,,
2526|2026-02-21|manchester-city|newcastle-united,2526,2026-02-21,Manchester City,Newcastle United,2,1.8,1.0,12.6,10.0,2.0,2.2,596,298,1.0,2.0,14.4,4.0,0.8,1.4,558,279,0.8,1.0,-1.8000000000000007,6.0,0.8000000000000003,38,61.5,51.1,10.399999999999999
2526|2026-02-21|west-ham-united|afc-bournemouth,2526,2026-02-21,West Ham United,AFC Bournemouth,1,2.0,1.2,10.8,10.0,2.0,1.0,558,279,1.8,1.0,12.6,11.0,2.2,1.6,330,165,0.19999999999999996,-0.19999999999999996,-1.799999999999999,-1.0,-0.6000000000000001,228,48.6,48.6,0.0
2526|2026-02-22|crystal-palace|wolverhampton-wanderers,2526,2026-02-22,Crystal Palace,Wolverhampton Wanderers,2,1.2,1.8,12.2,4.0,0.8,0.4,482,241,0.6,1.8,10.2,2.0,0.4,0.6,369,184,0.6,0.0,2.0,2.0,-0.19999999999999996,113,42.6,48.1,-5.5
2526|2026-02-22|nottingham-forest|liverpool,2526,2026-02-22,Nottingham Forest,Liverpool,0,0.8,0.8,14.6,6.0,1.2,0.6,140,70,1.8,1.4,20.2,7.0,1.4,1.6,596,298,-1.0,0.5999999999999999,-5.6,-1.0,-1.0,-456,40.9,57.9,-17.0
2526|2026-02-22|sunderland|fulham,2526,2026-02-22,Sunderland,Fulham,0,1.2,1.6,10.0,6.0,1.2,1.6,292,146,1.0,2.0,12.2,3.0,0.6,0.8,368,184,0.19999999999999996,0.3999999999999999,-2.1999999999999993,3.0,0.8,-76,,52.4,
2526|2026-02-22|tottenham-hotspur|arsenal,2526,2026-02-22,Tottenham Hotspur,Arsenal,0,1.2,2.0,14.8,2.0,0.4,0.4,596,298,2.4,1.2,12.4,8.0,1.6,1.8,597,299,-1.2,-0.8,2.4000000000000004,-6.0,-1.4,-1,54.8,57.0,-2.200000000000003
2526|2026-02-23|everton|manchester-united,2526,2026-02-23,Everton,Manchester United,0,1.2,1.0,11.6,8.0,1.6,0.4,596,298,2.2,1.0,13.2,13.0,2.6,1.2,596,298,-1.0000000000000002,0.0,-1.5999999999999996,-5.0,-0.7999999999999999,0,40.6,53.6,-13.0
2526|2026-02-27|wolverhampton-wanderers|aston-villa,2526,2026-02-27,Wolverhampton Wanderers,Aston Villa,2,0.6,1.6,10.4,2.0,0.4,1.0,370,185,1.0,0.6,15.8,8.0,1.6,1.6,483,241,-0.4,-1.0,-5.4,-6.0,-0.6000000000000001,-113,48.1,50.6,-2.5
2526|2026-02-28|afc-bournemouth|sunderland,2526,2026-02-28,AFC Bournemouth,Sunderland,1,1.6,0.8,12.4,11.0,2.2,1.6,331,165,1.0,2.0,9.8,3.0,0.6,0.4,293,146,0.6000000000000001,1.2,2.5999999999999996,8.0,1.2000000000000002,38,48.6,,
2526|2026-02-28|burnley|brentford,2526,2026-02-28,Burnley,Brentford,0,1.2,2.0,10.4,5.0,1.0,0.6,331,165,1.0,1.4,10.4,7.0,1.4,2.4,179,89,0.19999999999999996,-0.6000000000000001,0.0,-2.0,-1.7999999999999998,152,,47.8,
2526|2026-02-28|leeds-united|manchester-city,2526,2026-02-28,Leeds United,Manchester City,0,1.4,1.8,9.8,6.0,1.2,2.0,141,70,2.2,0.8,14.2,13.0,2.6,1.6,597,298,-0.8000000000000003,-1.0,-4.399999999999999,-7.0,0.3999999999999999,-456,,61.5,
2526|2026-02-28|liverpool|west-ham-united,2526,2026-02-28,Liverpool,West Ham United,2,1.8,1.2,15.8,9.0,1.8,1.6,597,298,1.6,1.0,11.4,8.0,1.6,1.2,559,279,0.19999999999999996,-0.19999999999999996,4.4,1.0,0.40000000000000013,38,57.9,48.6,9.299999999999997
2526|2026-02-28|newcastle-united|everton,2526,2026-02-28,Newcastle United,Everton,0,1.2,2.4,14.6,3.0,0.6,1.4,559,279,1.0,1.2,12.2,5.0,1.0,2.2,597,298,0.19999999999999996,-1.2,2.4000000000000004,-2.0,-0.8000000000000003,-38,51.1,40.6,10.5
2526|2026-03-01|arsenal|chelsea,2526,2026-03-01,Arsenal,Chelsea,2,2.8,0.8,13.4,11.0,2.2,2.0,598,298,2.4,1.4,14.0,11.0,2.2,1.6,597,298,0.3999999999999999,0.5999999999999999,-0.5999999999999996,0.0,0.3999999999999999,1,57.0,57.2,-0.20000000000000284
2526|2026-03-01|brighton-and-hove-albion|nottingham-forest,2526,2026-03-01,Brighton & Hove Albion,Nottingham Forest,2,0.8,1.0,10.2,4.0,0.8,1.2,331,165,0.8,1.0,17.0,5.0,1.0,1.2,141,70,0.0,0.0,-6.800000000000001,-1.0,0.0,190,52.6,40.9,11.700000000000003
2526|2026-03-01|fulham|tottenham-hotspur,2526,2026-03-01,Fulham,Tottenham Hotspur,2,1.6,2.0,13.0,6.0,1.2,2.0,369,184,1.2,2.4,11.8,2.0,0.4,1.0,597,298,0.40000000000000013,0.3999999999999999,1.1999999999999993,4.0,1.0,-228,52.4,54.8,-2.3999999999999986
2526|2026-03-01|manchester-united|crystal-palace,2526,2026-03-01,Manchester United,Crystal Palace,2,2.0,1.0,13.2,13.0,2.6,2.6,597,298,1.2,1.4,13.8,7.0,1.4,0.8,483,241,0.8,0.3999999999999999,-0.6000000000000014,6.0,1.8,114,53.6,42.6,11.0
2526|2026-03-03|afc-bournemouth|brentford,2526,2026-03-03,AFC Bournemouth,Brentford,1,1.2,0.6,14.2,9.0,1.8,1.6,332,166,1.8,1.6,11.6,10.0,2.0,2.4,180,90,-0.6000000000000001,1.0,2.5999999999999996,-1.0,-0.7999999999999998,152,48.6,47.8,0.8000000000000043
2526|2026-03-03|everton|burnley,2526,2026-03-03,Everton,Burnley,2,1.4,1.4,12.0,7.0,1.4,0.4,598,299,1.4,2.4,11.0,4.0,0.8,1.0,332,166,0.0,1.0,1.0,3.0,-0.6,266,40.6,,
2526|2026-03-03|leeds-united|sunderland,2526,2026-03-03,Leeds United,Sunderland,0,1.2,1.8,9.8,5.0,1.0,1.4,142,71,1.0,1.6,10.0,4.0,0.8,0.4,294,147,0.19999999999999996,-0.19999999999999996,-0.1999999999999993,1.0,0.9999999999999999,-152,,,
2526|2026-03-03|wolverhampton-wanderers|liverpool,2526,2026-03-03,Wolverhampton Wanderers,Liverpool,2,1.0,1.2,8.8,5.0,1.0,1.0,371,186,2.4,1.0,16.6,12.0,2.4,1.6,598,299,-1.4,-0.19999999999999996,-7.800000000000001,-7.0,-0.6000000000000001,-227,48.1,57.9,-9.799999999999997
2526|2026-03-04|aston-villa|chelsea,2526,2026-03-04,Aston Villa,Chelsea,0,0.6,1.0,15.8,5.0,1.0,1.4,484,242,2.0,1.6,13.8,8.0,1.6,1.4,598,299,-1.4,0.6000000000000001,2.0,-3.0,0.0,-114,50.6,57.2,-6.600000000000001
2526|2026-03-04|brighton-and-hove-albion|arsenal,2526,2026-03-04,Brighton & Hove Albion,Arsenal,0,1.0,0.8,10.4,7.0,1.4,1.6,332,166,2.4,1.0,13.0,11.0,2.2,1.8,599,300,-1.4,0.19999999999999996,-2.5999999999999996,-4.0,-0.19999999999999996,-267,52.6,57.0,-4.399999999999999
2526|2026-03-04|fulham|west-ham-united,2526,2026-03-04,Fulham,West Ham United,0,1.6,2.0,14.2,6.0,1.2,2.0,370,185,1.4,1.8,11.0,5.0,1.0,1.2,560,280,0.20000000000000018,-0.19999999999999996,3.1999999999999993,1.0,0.8,-190,52.4,48.6,3.799999999999997
2526|2026-03-04|manchester-city|nottingham-forest,2526,2026-03-04,Manchester City,Nottingham Forest,1,2.0,0.8,14.8,13.0,2.6,2.2,598,299,0.6,1.4,18.2,2.0,0.4,1.2,142,71,1.4,0.5999999999999999,-3.3999999999999986,11.0,1.0000000000000002,456,61.5,40.9,20.6
2526|2026-03-04|newcastle-united|manchester-united,2526,2026-03-04,Newcastle United,Manchester United,2,1.6,2.6,15.0,3.0,0.6,1.2,560,280,1.8,0.8,15.2,13.0,2.6,1.8,598,299,-0.19999999999999996,-1.8,-0.1999999999999993,-10.0,-0.6000000000000001,-38,51.1,53.6,-2.5
2526|2026-03-05|tottenham-hotspur|crystal-palace,2526,2026-03-05,Tottenham Hotspur,Crystal Palace,0,1.0,2.4,10.8,1.0,0.2,0.4,598,299,1.2,1.2,12.8,7.0,1.4,0.8,484,242,-0.19999999999999996,-1.2,-2.0,-6.0,-0.4,114,54.8,42.6,12.199999999999996
2526|2026-03-14|arsenal|everton,2526,2026-03-14,Arsenal,Everton,2,2.0,1.0,11.2,11.0,2.2,2.0,600,299,1.6,1.2,13.4,9.0,1.8,2.6,599,299,0.3999999999999999,0.19999999999999996,-2.200000000000001,2.0,-0.6000000000000001,1,57.0,40.6,16.4
2526|2026-03-14|burnley|afc-bournemouth,2526,2026-03-14,Burnley,AFC Bournemouth,1,1.4,2.2,11.0,4.0,0.8,0.4,333,166,0.8,0.6,15.0,7.0,1.4,1.8,333,166,0.5999999999999999,-1.6,-4.0,-3.0,-1.4,0,,48.6,
2526|2026-03-14|chelsea|newcastle-united,2526,2026-03-14,Chelsea,Newcastle United,0,2.2,1.4,14.0,8.0,1.6,1.8,599,299,1.8,2.0,15.8,6.0,1.2,1.4,561,280,0.40000000000000013,0.6000000000000001,-1.8000000000000007,2.0,0.40000000000000013,38,57.2,51.1,6.100000000000001
2526|2026-03-14|sunderland|brighton-and-hove-albion,2526,2026-03-14,Sunderland,Brighton & Hove Albion,0,0.6,1.6,7.8,4.0,0.8,1.4,295,147,0.8,0.8,10.4,6.0,1.2,1.0,333,166,-0.20000000000000007,-0.8,-2.6000000000000005,-2.0,0.3999999999999999,-38,,52.6,
2526|2026-03-14|west-ham-united|manchester-city,2526,2026-03-14,West Ham United,Manchester City,1,1.2,1.2,10.6,8.0,1.6,1.2,561,280,2.0,0.8,16.0,13.0,2.6,1.6,599,299,-0.8,-0.3999999999999999,-5.4,-5.0,-0.40000000000000013,-38,48.6,61.5,-12.899999999999999
2526|2026-03-15|crystal-palace|leeds-united,2526,2026-03-15,Crystal Palace,Leeds United,1,1.6,1.2,11.8,9.0,1.8,1.0,485,242,1.2,1.2,12.8,5.0,1.0,0.8,143,71,0.40000000000000013,0.0,-1.0,4.0,0.19999999999999996,342,42.6,,
2526|2026-03-15|liverpool|tottenham-hotspur,2526,2026-03-15,Liverpool,Tottenham Hotspur,1,1.8,1.2,17.0,9.0,1.8,1.6,599,299,0.8,2.6,10.8,0.0,0.0,0.4,599,299,1.0,1.4000000000000001,6.199999999999999,9.0,1.2000000000000002,0,57.9,54.8,3.1000000000000014
2526|2026-03-15|manchester-united|aston-villa,2526,2026-03-15,Manchester United,Aston Villa,2,1.4,0.8,15.4,10.0,2.0,2.6,599,299,0.8,1.6,12.2,5.0,1.0,1.0,485,242,0.5999999999999999,0.8,3.200000000000001,5.0,1.6,114,53.6,50.6,3.0
2526|2026-03-15|nottingham-forest|fulham,2526,2026-03-15,Nottingham Forest,Fulham,1,0.8,1.6,18.2,2.0,0.4,0.6,143,71,1.2,1.6,14.0,6.0,1.2,0.8,371,185,-0.3999999999999999,0.0,4.199999999999999,-4.0,-0.20000000000000007,-228,40.9,52.4,-11.5
2526|2026-03-16|brentford|wolverhampton-wanderers,2526,2026-03-16,Brentford,Wolverhampton Wanderers,1,1.6,1.6,11.4,8.0,1.6,1.0,181,90,1.2,0.8,7.4,8.0,1.6,0.6,372,185,0.40000000000000013,-0.8,4.0,0.0,0.4,-191,47.8,48.1,-0.30000000000000426
2526|2026-03-20|afc-bournemouth|manchester-united,2526,2026-03-20,AFC Bournemouth,Manchester United,1,0.6,0.4,15.4,7.0,1.4,1.8,334,167,1.6,1.0,14.0,10.0,2.0,1.6,600,300,-1.0,0.6,1.4000000000000004,-3.0,0.19999999999999996,-266,48.6,53.6,-5.0
2526|2026-03-21|brighton-and-hove-albion|liverpool,2526,2026-03-21,Brighton & Hove Albion,Liverpool,2,1.0,0.6,11.4,9.0,1.8,1.0,334,167,1.8,1.0,17.4,10.0,2.0,1.4,600,300,-0.8,0.4,-5.999999999999998,-1.0,-0.3999999999999999,-266,52.6,57.9,-5.299999999999997
2526|2026-03-21|everton|chelsea,2526,2026-03-21,Everton,Chelsea,2,1.2,1.4,12.0,6.0,1.2,1.0,600,300,1.6,1.4,15.4,5.0,1.0,1.8,600,300,-0.40000000000000013,0.0,-3.4000000000000004,1.0,-0.8,0,40.6,57.2,-16.6
2526|2026-03-21|fulham|burnley,2526,2026-03-21,Fulham,Burnley,2,1.0,1.2,12.4,7.0,1.4,1.8,372,186,1.4,1.8,10.4,5.0,1.0,1.0,334,167,-0.3999999999999999,0.6000000000000001,2.0,2.0,0.8,38,52.4,,
2526|2026-03-21|leeds-united|brentford,2526,2026-03-21,Leeds United,Brentford,1,0.6,1.0,12.0,3.0,0.6,1.2,144,72,1.4,1.6,11.2,6.0,1.2,2.0,182,91,-0.7999999999999999,0.6000000000000001,0.8000000000000007,-3.0,-0.8,-38,,47.8,
2526|2026-03-22|aston-villa|west-ham-united,2526,2026-03-22,Aston Villa,West Ham United,2,0.8,2.0,12.6,4.0,0.8,0.8,486,243,1.0,1.4,9.6,6.0,1.2,1.8,562,281,-0.19999999999999996,-0.6000000000000001,3.0,-2.0,-1.0,-76,50.6,48.6,2.0
2526|2026-03-22|newcastle-united|sunderland,2526,2026-03-22,Newcastle United,Sunderland,0,1.6,1.4,14.0,9.0,1.8,1.2,562,281,0.6,1.2,9.6,4.0,0.8,0.8,296,148,1.0,-0.19999999999999996,4.4,5.0,0.3999999999999999,266,51.1,,
2526|2026-03-22|tottenham-hotspur|nottingham-forest,2526,2026-03-22,Tottenham Hotspur,Nottingham Forest,0,1.0,2.4,12.0,1.0,0.2,0.2,600,300,0.6,1.0,17.2,3.0,0.6,1.4,144,72,0.4,-1.4,-5.199999999999999,-2.0,-1.2,456,54.8,40.9,13.899999999999999
2526|2026-04-10|west-ham-united|wolverhampton-wanderers,2526,2026-04-10,West Ham United,Wolverhampton Wanderers,2,0.8,1.6,10.0,5.0,1.0,1.2,563,281,1.6,1.2,8.6,8.0,1.6,0.6,373,186,-0.8,-0.40000000000000013,1.4000000000000004,-3.0,0.6,190,48.6,48.1,0.5
2526|2026-04-11|arsenal|afc-bournemouth,2526,2026-04-11,Arsenal,AFC Bournemouth,0,2.2,0.8,14.8,13.0,2.6,2.0,601,300,0.6,0.6,16.4,5.0,1.0,1.8,335,167,1.6,-0.20000000000000007,-1.5999999999999979,8.0,0.19999999999999996,266,57.0,48.6,8.399999999999999
2526|2026-04-11|brentford|everton,2526,2026-04-11,Brentford,Everton,1,1.2,1.4,10.0,6.0,1.2,1.0,183,91,1.6,1.0,10.8,9.0,1.8,2.0,601,300,-0.40000000000000013,-0.3999999999999999,-0.8000000000000007,-3.0,-1.0,-418,47.8,40.6,7.199999999999996
2526|2026-04-11|burnley|brighton-and-hove-albion,2526,2026-04-11,Burnley,Brighton & Hove Albion,0,1.0,2.0,10.6,2.0,0.4,0.6,335,167,1.4,0.6,12.8,12.0,2.4,1.4,335,167,-0.3999999999999999,-1.4,-2.200000000000001,-10.0,-0.7999999999999999,0,,52.6,
2526|2026-04-11|liverpool|fulham,2526,2026-04-11,Liverpool,Fulham,2,1.8,1.4,15.2,7.0,1.4,1.6,601,300,1.6,0.8,14.0,10.0,2.0,0.8,373,186,0.19999999999999996,-0.5999999999999999,1.1999999999999993,-3.0,0.8,228,57.9,52.4,5.5
2526|2026-04-12|chelsea|manchester-city,2526,2026-04-12,Chelsea,Manchester City,0,1.2,1.6,14.0,4.0,0.8,1.6,601,300,1.8,0.8,17.4,11.0,2.2,1.6,600,300,-0.6000000000000001,-0.8,-3.3999999999999986,-7.0,0.0,1,57.2,61.5,-4.299999999999997
2526|2026-04-12|crystal-palace|newcastle-united,2526,2026-04-12,Crystal Palace,Newcastle United,2,1.4,1.2,12.8,7.0,1.4,1.0,486,243,1.4,1.6,13.0,6.0,1.2,1.4,563,281,0.0,0.40000000000000013,-0.1999999999999993,1.0,-0.3999999999999999,-77,42.6,51.1,-8.5
2526|2026-04-12|nottingham-forest|aston-villa,2526,2026-04-12,Nottingham Forest,Aston Villa,1,1.2,1.0,11.8,5.0,1.0,0.8,145,72,1.0,2.0,14.2,4.0,0.8,1.0,487,243,0.19999999999999996,1.0,-2.3999999999999986,1.0,-0.19999999999999996,-342,40.9,50.6,-9.700000000000003
2526|2026-04-12|sunderland|tottenham-hotspur,2526,2026-04-12,Sunderland,Tottenham Hotspur,2,1.0,1.2,10.8,7.0,1.4,1.2,297,148,0.8,2.6,11.6,1.0,0.2,0.4,601,300,0.19999999999999996,1.4000000000000001,-0.7999999999999989,6.0,0.7999999999999999,-304,,54.8,
2526|2026-04-13|manchester-united|leeds-united,2526,2026-04-13,Manchester United,Leeds United,0,1.8,1.2,15.0,10.0,2.0,3.0,601,300,0.2,0.6,14.0,3.0,0.6,0.8,145,72,1.6,-0.6,1.0,7.0,2.2,456,53.6,,
2526|2026-04-18|brentford|fulham,2526,2026-04-18,Brentford,Fulham,1,1.6,1.4,10.8,7.0,1.4,0.6,184,92,1.0,1.0,15.4,7.0,1.4,0.8,374,187,0.6000000000000001,-0.3999999999999999,-4.6,0.0,-0.20000000000000007,-190,47.8,52.4,-4.600000000000001
2526|2026-04-18|chelsea|manchester-united,2526,2026-04-18,Chelsea,Manchester United,0,1.0,2.0,14.0,3.0,0.6,1.0,602,301,1.8,1.6,16.8,7.0,1.4,1.6,602,301,-0.8,-0.3999999999999999,-2.8000000000000007,-4.0,-0.6000000000000001,0,57.2,53.6,3.6000000000000014
2526|2026-04-18|leeds-united|wolverhampton-wanderers,2526,2026-04-18,Leeds United,Wolverhampton Wanderers,2,0.4,0.6,14.2,5.0,1.0,0.8,146,73,1.2,1.6,10.4,7.0,1.4,0.4,374,187,-0.7999999999999999,1.0,3.799999999999999,-2.0,0.4,-228,,48.1,
2526|2026-04-18|newcastle-united|afc-bournemouth,2526,2026-04-18,Newcastle United,AFC Bournemouth,0,1.4,1.6,11.8,6.0,1.2,0.6,564,282,1.0,0.8,16.0,7.0,1.4,2.2,336,168,0.3999999999999999,-0.8,-4.199999999999999,-1.0,-1.6,228,51.1,48.6,2.5
2526|2026-04-18|tottenham-hotspur|brighton-and-hove-albion,2526,2026-04-18,Tottenham Hotspur,Brighton & Hove Albion,1,0.6,2.0,12.6,1.0,0.2,0.2,602,301,1.4,0.6,13.2,12.0,2.4,1.8,336,168,-0.7999999999999999,-1.4,-0.5999999999999996,-11.0,-1.6,266,54.8,52.6,2.1999999999999957
2526|2026-04-19|aston-villa|sunderland,2526,2026-04-19,Aston Villa,Sunderland,2,1.0,2.0,13.4,4.0,0.8,1.4,488,244,1.0,0.6,11.0,10.0,2.0,1.4,298,149,0.0,-1.4,2.4000000000000004,-6.0,0.0,190,50.6,,
2526|2026-04-19|everton|liverpool,2526,2026-04-19,Everton,Liverpool,0,2.0,1.2,11.2,10.0,2.0,1.4,602,301,2.0,1.4,16.8,7.0,1.4,1.2,602,301,0.0,0.19999999999999996,-5.600000000000001,3.0,0.19999999999999996,0,40.6,57.9,-17.299999999999997
2526|2026-04-19|manchester-city|arsenal,2526,2026-04-19,Manchester City,Arsenal,2,1.8,0.8,18.4,11.0,2.2,2.2,601,300,2.0,0.8,15.8,12.0,2.4,2.2,602,301,-0.19999999999999996,0.0,2.599999999999998,-1.0,0.0,-1,61.5,57.0,4.5
2526|2026-04-19|nottingham-forest|burnley,2526,2026-04-19,Nottingham Forest,Burnley,2,1.4,1.0,11.2,6.0,1.2,0.8,146,73,0.8,2.2,10.2,1.0,0.2,0.8,336,168,0.5999999999999999,1.2000000000000002,1.0,5.0,0.0,-190,40.9,,
2526|2026-04-20|crystal-palace|west-ham-united,2526,2026-04-20,Crystal Palace,West Ham United,1,1.4,0.8,10.8,10.0,2.0,1.4,487,244,1.6,1.6,9.6,7.0,1.4,1.2,564,282,-0.20000000000000018,0.8,1.200000000000001,3.0,0.19999999999999996,-77,42.6,48.6,-6.0
2526|2026-04-21|brighton-and-hove-albion|chelsea,2526,2026-04-21,Brighton & Hove Albion,Chelsea,2,1.4,0.8,12.4,10.0,2.0,1.4,337,168,0.8,1.8,16.4,3.0,0.6,1.8,603,301,0.5999999999999999,1.0,-3.9999999999999982,7.0,-0.40000000000000013,-266,52.6,57.2,-4.600000000000001
2526|2026-04-22|afc-bournemouth|leeds-united,2526,2026-04-22,AFC Bournemouth,Leeds United,1,1.2,0.8,14.2,9.0,1.8,1.4,337,168,1.0,0.4,14.8,8.0,1.6,1.4,147,73,0.19999999999999996,-0.4,-0.6000000000000014,1.0,0.0,190,48.6,,
2526|2026-04-22|burnley|manchester-city,2526,2026-04-22,Burnley,Manchester City,0,0.4,2.2,8.6,1.0,0.2,0.4,337,168,1.8,0.8,18.4,11.0,2.2,2.2,602,301,-1.4,-1.4000000000000001,-9.799999999999999,-10.0,-1.8000000000000003,-265,,61.5,
2526|2026-04-24|sunderland|nottingham-forest,2526,2026-04-24,Sunderland,Nottingham Forest,0,1.4,1.2,11.4,9.0,1.8,1.2,299,149,2.0,0.8,10.6,9.0,1.8,1.4,147,73,-0.6000000000000001,-0.3999999999999999,0.8000000000000007,0.0,-0.19999999999999996,152,,40.9,
2526|2026-04-25|arsenal|newcastle-united,2526,2026-04-25,Arsenal,Newcastle United,2,1.4,1.0,13.6,9.0,1.8,1.8,603,301,1.2,1.4,10.8,6.0,1.2,1.2,565,282,0.19999999999999996,0.3999999999999999,2.799999999999999,3.0,0.6000000000000001,38,57.0,51.1,5.899999999999999
2526|2026-04-25|fulham|aston-villa,2526,2026-04-25,Fulham,Aston Villa,2,0.6,0.8,14.0,5.0,1.0,1.8,375,187,1.8,2.2,13.6,7.0,1.4,1.0,489,244,-1.2000000000000002,1.4000000000000001,0.40000000000000036,-2.0,0.8,-114,52.4,50.6,1.7999999999999972
2526|2026-04-25|liverpool|crystal-palace,2526,2026-04-25,Liverpool,Crystal Palace,2,1.4,1.2,16.0,7.0,1.4,2.0,603,301,1.2,0.8,9.8,8.0,1.6,1.4,488,243,0.19999999999999996,-0.3999999999999999,6.199999999999999,-1.0,0.6000000000000001,115,57.9,42.6,15.299999999999997
2526|2026-04-25|west-ham-united|everton,2526,2026-04-25,West Ham United,Everton,2,1.2,0.6,9.2,8.0,1.6,1.8,565,282,1.6,1.2,11.4,7.0,1.4,1.6,603,301,-0.40000000000000013,0.6,-2.200000000000001,1.0,0.19999999999999996,-38,48.6,40.6,8.0
2526|2026-04-25|wolverhampton-wanderers|tottenham-hotspur,2526,2026-04-25,Wolverhampton Wanderers,Tottenham Hotspur,0,1.2,2.0,9.4,7.0,1.4,1.4,375,187,0.8,2.0,12.6,2.0,0.4,0.4,603,301,0.3999999999999999,0.0,-3.1999999999999993,5.0,0.9999999999999999,-228,48.1,54.8,-6.699999999999996
2526|2026-04-27|manchester-united|brentford,2526,2026-04-27,Manchester United,Brentford,2,1.6,1.4,13.6,7.0,1.4,2.4,603,301,0.8,0.8,10.2,5.0,1.0,2.2,185,92,0.8,-0.5999999999999999,3.4000000000000004,2.0,0.19999999999999973,418,53.6,47.8,5.800000000000004
2526|2026-05-01|leeds-united|burnley,2526,2026-05-01,Leeds United,Burnley,2,1.4,0.6,13.2,9.0,1.8,1.4,148,74,0.4,2.0,9.4,1.0,0.2,0.8,338,169,0.9999999999999999,1.4,3.799999999999999,8.0,0.5999999999999999,-190,,,
2526|2026-05-02|arsenal|fulham,2526,2026-05-02,Arsenal,Fulham,2,1.2,0.8,13.4,9.0,1.8,2.4,604,302,0.8,0.6,14.0,8.0,1.6,1.0,376,188,0.3999999999999999,-0.20000000000000007,-0.5999999999999996,1.0,1.4,228,57.0,52.4,4.600000000000001
2526|2026-05-02|brentford|west-ham-united,2526,2026-05-02,Brentford,West Ham United,2,1.0,1.2,11.6,4.0,0.8,0.8,186,93,1.4,0.8,9.4,8.0,1.6,1.4,566,283,-0.3999999999999999,-0.3999999999999999,2.1999999999999993,-4.0,-0.5999999999999999,-380,47.8,48.6,-0.8000000000000043
2526|2026-05-02|newcastle-united|brighton-and-hove-albion,2526,2026-05-02,Newcastle United,Brighton & Hove Albion,2,0.8,1.4,11.0,3.0,0.6,0.6,566,283,2.0,0.6,13.2,13.0,2.6,2.0,338,169,-1.2,-0.7999999999999999,-2.1999999999999993,-10.0,-1.4,228,51.1,52.6,-1.5
2526|2026-05-02|wolverhampton-wanderers|sunderland,2526,2026-05-02,Wolverhampton Wanderers,Sunderland,1,0.8,2.2,9.8,4.0,0.8,1.4,376,188,1.2,2.2,13.6,6.0,1.2,1.4,300,150,-0.3999999999999999,0.0,-3.799999999999999,-2.0,0.0,76,48.1,,
2526|2026-05-03|afc-bournemouth|crystal-palace,2526,2026-05-03,AFC Bournemouth,Crystal Palace,2,1.6,1.2,15.0,9.0,1.8,1.0,338,169,1.2,1.0,11.0,8.0,1.6,1.4,489,244,0.40000000000000013,-0.19999999999999996,4.0,1.0,-0.3999999999999999,-151,48.6,42.6,6.0
2526|2026-05-03|aston-villa|tottenham-hotspur,2526,2026-05-03,Aston Villa,Tottenham Hotspur,0,1.6,1.6,13.8,7.0,1.4,2.0,490,245,0.8,1.4,12.4,5.0,1.0,0.8,604,302,0.8,-0.20000000000000018,1.4000000000000004,2.0,1.2,-114,50.6,54.8,-4.199999999999996
2526|2026-05-03|manchester-united|liverpool,2526,2026-05-03,Manchester United,Liverpool,2,1.8,1.2,13.0,10.0,2.0,2.4,604,302,1.8,1.0,14.0,10.0,2.0,1.8,604,302,0.0,-0.19999999999999996,-1.0,0.0,0.5999999999999999,0,53.6,57.9,-4.299999999999997
2526|2026-05-04|chelsea|nottingham-forest,2526,2026-05-04,Chelsea,Nottingham Forest,0,0.0,2.2,14.6,0.0,0.0,0.4,604,302,2.6,0.4,10.8,11.0,2.2,1.4,148,74,-2.6,-1.8000000000000003,3.799999999999999,-11.0,-0.9999999999999999,456,57.2,40.9,16.300000000000004
2526|2026-05-04|everton|manchester-city,2526,2026-05-04,Everton,Manchester City,1,1.4,1.6,10.8,4.0,0.8,1.2,604,302,1.8,0.8,21.2,11.0,2.2,2.6,603,302,-0.40000000000000013,-0.8,-10.399999999999999,-7.0,-1.4000000000000001,1,40.6,61.5,-20.9
2526|2026-05-09|brighton-and-hove-albion|wolverhampton-wanderers,2526,2026-05-09,Brighton & Hove Albion,Wolverhampton Wanderers,2,2.0,1.2,13.4,10.0,2.0,1.8,339,169,0.6,2.2,13.0,2.0,0.4,0.4,377,188,1.4,1.0000000000000002,0.40000000000000036,8.0,1.4,-38,52.6,48.1,4.5
2526|2026-05-09|fulham|afc-bournemouth,2526,2026-05-09,Fulham,AFC Bournemouth,0,0.8,1.2,15.0,7.0,1.4,1.8,377,188,2.2,1.2,13.8,11.0,2.2,2.2,339,169,-1.4000000000000001,0.0,1.1999999999999993,-4.0,-0.40000000000000013,38,52.4,48.6,3.799999999999997
2526|2026-05-09|liverpool|chelsea,2526,2026-05-09,Liverpool,Chelsea,1,2.0,1.4,13.2,9.0,1.8,2.0,605,302,0.2,2.6,14.4,0.0,0.0,1.2,605,302,1.8,1.2000000000000002,-1.200000000000001,9.0,0.8,0,57.9,57.2,0.6999999999999957
2526|2026-05-09|manchester-city|brentford,2526,2026-05-09,Manchester City,Brentford,2,2.0,1.0,21.2,11.0,2.2,2.6,604,301,1.2,0.8,12.4,6.0,1.2,1.6,187,93,0.8,-0.19999999999999996,8.799999999999999,5.0,1.0,417,61.5,47.8,13.700000000000003
2526|2026-05-09|sunderland|manchester-united,2526,2026-05-09,Sunderland,Manchester United,1,1.4,2.2,12.8,7.0,1.4,0.6,301,150,1.8,1.4,13.4,10.0,2.0,1.6,605,302,-0.40000000000000013,-0.8000000000000003,-0.5999999999999996,-3.0,-1.0,-304,,53.6,
2526|2026-05-10|burnley|aston-villa,2526,2026-05-10,Burnley,Aston Villa,1,0.6,2.6,8.2,0.0,0.0,0.2,339,169,1.6,1.4,13.0,7.0,1.4,0.4,491,245,-1.0,-1.2000000000000002,-4.800000000000001,-7.0,-0.2,-152,,50.6,
2526|2026-05-10|crystal-palace|everton,2526,2026-05-10,Crystal Palace,Everton,1,0.6,1.4,10.6,5.0,1.0,1.6,490,245,2.0,1.8,11.8,5.0,1.0,1.4,605,302,-1.4,0.40000000000000013,-1.200000000000001,0.0,0.20000000000000018,-115,42.6,40.6,2.0
2526|2026-05-10|nottingham-forest|newcastle-united,2526,2026-05-10,Nottingham Forest,Newcastle United,1,3.2,0.6,9.8,13.0,2.6,1.2,149,74,1.2,1.6,12.2,3.0,0.6,1.2,567,283,2.0,1.0,-2.3999999999999986,10.0,0.0,-418,40.9,51.1,-10.200000000000003
2526|2026-05-10|west-ham-united|arsenal,2526,2026-05-10,West Ham United,Arsenal,0,1.2,1.2,11.8,7.0,1.4,1.8,567,283,1.6,0.8,15.6,9.0,1.8,1.6,605,302,-0.40000000000000013,-0.3999999999999999,-3.799999999999999,-2.0,0.19999999999999996,-38,48.6,57.0,-8.399999999999999
2526|2026-05-11|tottenham-hotspur|leeds-united,2526,2026-05-11,Tottenham Hotspur,Leeds United,1,1.0,1.4,11.8,7.0,1.4,0.2,605,302,2.0,0.8,14.8,11.0,2.2,1.4,149,74,-1.0,-0.5999999999999999,-3.0,-4.0,-1.2,456,54.8,,
2526|2026-05-13|manchester-city|crystal-palace,2526,2026-05-13,Manchester City,Crystal Palace,2,2.4,0.8,21.4,13.0,2.6,2.6,605,302,1.0,1.8,12.4,5.0,1.0,1.2,491,245,1.4,1.0,8.999999999999998,8.0,1.4000000000000001,114,61.5,42.6,18.9
2526|2026-05-15|aston-villa|liverpool,2526,2026-05-15,Aston Villa,Liverpool,2,1.6,1.8,12.0,5.0,1.0,1.4,492,246,2.0,1.2,12.4,10.0,2.0,1.2,606,303,-0.3999999999999999,-0.6000000000000001,-0.40000000000000036,-5.0,0.19999999999999996,-114,50.6,57.9,-7.299999999999997
2526|2026-05-17|brentford|crystal-palace,2526,2026-05-17,Brentford,Crystal Palace,1,1.2,1.4,12.0,5.0,1.0,1.2,188,94,0.6,2.2,11.4,2.0,0.4,0.6,492,246,0.6,0.8000000000000003,0.5999999999999996,3.0,0.6,-304,47.8,42.6,5.199999999999996
2526|2026-05-17|everton|sunderland,2526,2026-05-17,Everton,Sunderland,0,1.8,2.2,12.4,3.0,0.6,1.4,606,303,1.0,2.0,12.4,5.0,1.0,1.6,302,151,0.8,-0.20000000000000018,0.0,-2.0,-0.20000000000000018,304,40.6,,
2526|2026-05-17|leeds-united|brighton-and-hove-albion,2526,2026-05-17,Leeds United,Brighton & Hove Albion,2,2.2,1.0,14.2,11.0,2.2,1.4,150,75,2.2,1.0,13.0,10.0,2.0,2.0,340,170,0.0,0.0,1.1999999999999993,1.0,-0.6000000000000001,-190,,52.6,
2526|2026-05-17|manchester-united|nottingham-forest,2526,2026-05-17,Manchester United,Nottingham Forest,2,1.4,1.0,12.8,10.0,2.0,2.4,606,303,2.8,0.8,11.6,11.0,2.2,2.0,150,75,-1.4,-0.19999999999999996,1.200000000000001,-1.0,0.3999999999999999,456,53.6,40.9,12.700000000000003
2526|2026-05-17|newcastle-united|west-ham-united,2526,2026-05-17,Newcastle United,West Ham United,2,1.2,1.4,12.2,4.0,0.8,1.2,568,284,1.2,1.0,11.8,7.0,1.4,0.8,568,284,0.0,-0.3999999999999999,0.3999999999999986,-3.0,0.3999999999999999,0,51.1,48.6,2.5
2526|2026-05-17|wolverhampton-wanderers|fulham,2526,2026-05-17,Wolverhampton Wanderers,Fulham,1,0.2,2.4,11.4,1.0,0.2,1.6,378,189,0.2,1.2,13.4,4.0,0.8,1.0,378,189,0.0,-1.2,-2.0,-3.0,0.6000000000000001,0,48.1,52.4,-4.299999999999997
2526|2026-05-18|arsenal|burnley,2526,2026-05-18,Arsenal,Burnley,2,1.4,0.8,13.6,9.0,1.8,2.4,606,303,0.8,2.4,9.4,1.0,0.2,0.2,340,170,0.5999999999999999,1.5999999999999999,4.199999999999999,8.0,2.1999999999999997,266,57.0,,
2526|2026-05-19|afc-bournemouth|manchester-city,2526,2026-05-19,AFC Bournemouth,Manchester City,1,2.0,0.8,12.6,13.0,2.6,1.4,340,170,2.4,0.8,20.8,13.0,2.6,2.2,606,303,-0.3999999999999999,0.0,-8.200000000000001,0.0,-0.8000000000000003,-266,48.6,61.5,-12.899999999999999
2526|2026-05-19|chelsea|tottenham-hotspur,2526,2026-05-19,Chelsea,Tottenham Hotspur,2,0.4,2.2,13.2,1.0,0.2,0.2,606,303,1.2,1.0,12.2,8.0,1.6,1.4,606,303,-0.7999999999999999,-1.2000000000000002,1.0,-7.0,-1.2,0,57.2,54.8,2.4000000000000057
2526|2026-05-24|brighton-and-hove-albion|manchester-united,2526,2026-05-24,Brighton & Hove Albion,Manchester United,0,1.8,1.2,14.2,7.0,1.4,2.4,341,170,1.8,1.0,14.6,13.0,2.6,1.6,607,303,0.0,-0.19999999999999996,-0.40000000000000036,-6.0,0.7999999999999998,-266,52.6,53.6,-1.0
2526|2026-05-24|burnley|wolverhampton-wanderers,2526,2026-05-24,Burnley,Wolverhampton Wanderers,1,0.8,2.2,8.4,1.0,0.2,0.4,341,170,0.4,1.8,10.8,2.0,0.4,0.2,379,189,0.4,-0.40000000000000013,-2.4000000000000004,-1.0,0.2,-38,,48.1,
2526|2026-05-24|crystal-palace|arsenal,2526,2026-05-24,Crystal Palace,Arsenal,0,1.0,2.6,12.8,2.0,0.4,1.8,493,246,1.4,0.4,13.2,12.0,2.4,2.0,607,303,-0.3999999999999999,-2.2,-0.3999999999999986,-10.0,-0.19999999999999996,-114,42.6,57.0,-14.399999999999999
2526|2026-05-24|fulham|newcastle-united,2526,2026-05-24,Fulham,Newcastle United,2,0.4,1.0,12.2,5.0,1.0,1.8,379,189,1.6,1.2,13.8,7.0,1.4,0.8,569,284,-1.2000000000000002,0.19999999999999996,-1.6000000000000014,-2.0,1.0,-190,52.4,51.1,1.2999999999999972
2526|2026-05-24|liverpool|brentford,2526,2026-05-24,Liverpool,Brentford,1,2.0,2.0,12.0,7.0,1.4,2.2,607,303,1.2,1.4,11.4,5.0,1.0,1.0,189,94,0.8,-0.6000000000000001,0.5999999999999996,2.0,1.2000000000000002,418,57.9,47.8,10.100000000000001
2526|2026-05-24|manchester-city|aston-villa,2526,2026-05-24,Manchester City,Aston Villa,0,2.2,0.8,20.6,11.0,2.2,2.6,607,303,2.2,2.0,12.4,7.0,1.4,0.4,493,246,0.0,1.2,8.200000000000001,4.0,2.2,114,61.5,50.6,10.899999999999999
2526|2026-05-24|nottingham-forest|afc-bournemouth,2526,2026-05-24,Nottingham Forest,AFC Bournemouth,1,3.0,1.2,10.8,10.0,2.0,1.2,151,75,1.8,0.8,13.0,11.0,2.2,2.2,341,170,1.2,-0.3999999999999999,-2.1999999999999993,-1.0,-1.0000000000000002,-190,40.9,48.6,-7.700000000000003
2526|2026-05-24|sunderland|chelsea,2526,2026-05-24,Sunderland,Chelsea,2,1.4,2.2,11.2,5.0,1.0,0.8,303,151,0.8,1.8,12.6,4.0,0.8,0.8,607,303,0.5999999999999999,-0.40000000000000013,-1.4000000000000004,1.0,0.0,-304,,57.2,
2526|2026-05-24|tottenham-hotspur|everton,2526,2026-05-24,Tottenham Hotspur,Everton,2,1.4,1.2,11.8,8.0,1.6,0.4,607,303,1.6,2.4,11.6,2.0,0.4,1.0,607,303,-0.20000000000000018,1.2,0.20000000000000107,6.0,-0.6,0,54.8,40.6,14.199999999999996
2526|2026-05-24|west-ham-united|leeds-united,2526,2026-05-24,West Ham United,Leeds United,2,0.6,1.6,11.2,4.0,0.8,1.6,569,284,2.0,0.8,12.6,11.0,2.2,1.4,151,75,-1.4,-0.8,-1.4000000000000004,-7.0,0.20000000000000018,418,48.6,,
