match_id,season,date,split
1011|2010-08-14|aston-villa|west-ham-united,1011,2010-08-14,train
1011|2010-08-14|blackburn-rovers|everton,1011,2010-08-14,train
1011|2010-08-14|bolton-wanderers|fulham,1011,2010-08-14,train
1011|2010-08-14|chelsea|west-bromwich-albion,1011,2010-08-14,train
1011|2010-08-14|sunderland|birmingham-city,1011,2010-08-14,train
1011|2010-08-14|tottenham-hotspur|manchester-city,1011,2010-08-14,train
1011|2010-08-14|wigan-athletic|blackpool,1011,2010-08-14,train
1011|2010-08-14|wolverhampton-wanderers|stoke-city,1011,2010-08-14,train
1011|2010-08-15|liverpool|arsenal,1011,2010-08-15,train
1011|2010-08-16|manchester-united|newcastle-united,1011,2010-08-16,train
1011|2010-08-21|arsenal|blackpool,1011,2010-08-21,train
1011|2010-08-21|birmingham-city|blackburn-rovers,1011,2010-08-21,train
1011|2010-08-21|everton|wolverhampton-wanderers,1011,2010-08-21,train
1011|2010-08-21|stoke-city|tottenham-hotspur,1011,2010-08-21,train
1011|2010-08-21|west-bromwich-albion|sunderland,1011,2010-08-21,train
1011|2010-08-21|west-ham-united|bolton-wanderers,1011,2010-08-21,train
1011|2010-08-21|wigan-athletic|chelsea,1011,2010-08-21,train
1011|2010-08-22|fulham|manchester-united,1011,2010-08-22,train
1011|2010-08-22|newcastle-united|aston-villa,1011,2010-08-22,train
1011|2010-08-23|manchester-city|liverpool,1011,2010-08-23,train
1011|2010-08-28|blackburn-rovers|arsenal,1011,2010-08-28,train
1011|2010-08-28|blackpool|fulham,1011,2010-08-28,train
1011|2010-08-28|chelsea|stoke-city,1011,2010-08-28,train
1011|2010-08-28|manchester-united|west-ham-united,1011,2010-08-28,train
1011|2010-08-28|tottenham-hotspur|wigan-athletic,1011,2010-08-28,train
1011|2010-08-28|wolverhampton-wanderers|newcastle-united,1011,2010-08-28,train
1011|2010-08-29|aston-villa|everton,1011,2010-08-29,train
1011|2010-08-29|bolton-wanderers|birmingham-city,1011,2010-08-29,train
1011|2010-08-29|liverpool|west-bromwich-albion,1011,2010-08-29,train
1011|2010-08-29|sunderland|manchester-city,1011,2010-08-29,train
1011|2010-09-11|arsenal|bolton-wanderers,1011,2010-09-11,train
1011|2010-09-11|everton|manchester-united,1011,2010-09-11,train
1011|2010-09-11|fulham|wolverhampton-wanderers,1011,2010-09-11,train
1011|2010-09-11|manchester-city|blackburn-rovers,1011,2010-09-11,train
1011|2010-09-11|newcastle-united|blackpool,1011,2010-09-11,train
1011|2010-09-11|west-bromwich-albion|tottenham-hotspur,1011,2010-09-11,train
1011|2010-09-11|west-ham-united|chelsea,1011,2010-09-11,train
1011|2010-09-11|wigan-athletic|sunderland,1011,2010-09-11,train
1011|2010-09-12|birmingham-city|liverpool,1011,2010-09-12,train
1011|2010-09-13|stoke-city|aston-villa,1011,2010-09-13,train
1011|2010-09-18|aston-villa|bolton-wanderers,1011,2010-09-18,train
1011|2010-09-18|blackburn-rovers|fulham,1011,2010-09-18,train
1011|2010-09-18|everton|newcastle-united,1011,2010-09-18,train
1011|2010-09-18|stoke-city|west-ham-united,1011,2010-09-18,train
1011|2010-09-18|sunderland|arsenal,1011,2010-09-18,train
1011|2010-09-18|tottenham-hotspur|wolverhampton-wanderers,1011,2010-09-18,train
1011|2010-09-18|west-bromwich-albion|birmingham-city,1011,2010-09-18,train
1011|2010-09-19|chelsea|blackpool,1011,2010-09-19,train
1011|2010-09-19|manchester-united|liverpool,1011,2010-09-19,train
1011|2010-09-19|wigan-athletic|manchester-city,1011,2010-09-19,train
1011|2010-09-25|arsenal|west-bromwich-albion,1011,2010-09-25,train
1011|2010-09-25|birmingham-city|wigan-athletic,1011,2010-09-25,train
1011|2010-09-25|blackpool|blackburn-rovers,1011,2010-09-25,train
1011|2010-09-25|fulham|everton,1011,2010-09-25,train
1011|2010-09-25|liverpool|sunderland,1011,2010-09-25,train
1011|2010-09-25|manchester-city|chelsea,1011,2010-09-25,train
1011|2010-09-25|west-ham-united|tottenham-hotspur,1011,2010-09-25,train
1011|2010-09-26|bolton-wanderers|manchester-united,1011,2010-09-26,train
1011|2010-09-26|newcastle-united|stoke-city,1011,2010-09-26,train
1011|2010-09-26|wolverhampton-wanderers|aston-villa,1011,2010-09-26,train
1011|2010-10-02|birmingham-city|everton,1011,2010-10-02,train
1011|2010-10-02|stoke-city|blackburn-rovers,1011,2010-10-02,train
1011|2010-10-02|sunderland|manchester-united,1011,2010-10-02,train
1011|2010-10-02|tottenham-hotspur|aston-villa,1011,2010-10-02,train
1011|2010-10-02|west-bromwich-albion|bolton-wanderers,1011,2010-10-02,train
1011|2010-10-02|west-ham-united|fulham,1011,2010-10-02,train
1011|2010-10-02|wigan-athletic|wolverhampton-wanderers,1011,2010-10-02,train
1011|2010-10-03|chelsea|arsenal,1011,2010-10-03,train
1011|2010-10-03|liverpool|blackpool,1011,2010-10-03,train
1011|2010-10-03|manchester-city|newcastle-united,1011,2010-10-03,train
1011|2010-10-16|arsenal|birmingham-city,1011,2010-10-16,train
1011|2010-10-16|aston-villa|chelsea,1011,2010-10-16,train
1011|2010-10-16|bolton-wanderers|stoke-city,1011,2010-10-16,train
1011|2010-10-16|fulham|tottenham-hotspur,1011,2010-10-16,train
1011|2010-10-16|manchester-united|west-bromwich-albion,1011,2010-10-16,train
1011|2010-10-16|newcastle-united|wigan-athletic,1011,2010-10-16,train
1011|2010-10-16|wolverhampton-wanderers|west-ham-united,1011,2010-10-16,train
1011|2010-10-17|blackpool|manchester-city,1011,2010-10-17,train
1011|2010-10-17|everton|liverpool,1011,2010-10-17,train
1011|2010-10-18|blackburn-rovers|sunderland,1011,2010-10-18,train
1011|2010-10-23|birmingham-city|blackpool,1011,2010-10-23,train
1011|2010-10-23|chelsea|wolverhampton-wanderers,1011,2010-10-23,train
1011|2010-10-23|sunderland|aston-villa,1011,2010-10-23,train
1011|2010-10-23|tottenham-hotspur|everton,1011,2010-10-23,train
1011|2010-10-23|west-bromwich-albion|fulham,1011,2010-10-23,train
1011|2010-10-23|west-ham-united|newcastle-united,1011,2010-10-23,train
1011|2010-10-23|wigan-athletic|bolton-wanderers,1011,2010-10-23,train
1011|2010-10-24|liverpool|blackburn-rovers,1011,2010-10-24,train
1011|2010-10-24|manchester-city|arsenal,1011,2010-10-24,train
1011|2010-10-24|stoke-city|manchester-united,1011,2010-10-24,train
1011|2010-10-30|arsenal|west-ham-united,1011,2010-10-30,train
1011|2010-10-30|blackburn-rovers|chelsea,1011,2010-10-30,train
1011|2010-10-30|everton|stoke-city,1011,2010-10-30,train
1011|2010-10-30|fulham|wigan-athletic,1011,2010-10-30,train
1011|2010-10-30|manchester-united|tottenham-hotspur,1011,2010-10-30,train
1011|2010-10-30|wolverhampton-wanderers|manchester-city,1011,2010-10-30,train
1011|2010-10-31|aston-villa|birmingham-city,1011,2010-10-31,train
1011|2010-10-31|bolton-wanderers|liverpool,1011,2010-10-31,train
1011|2010-10-31|newcastle-united|sunderland,1011,2010-10-31,train
1011|2010-11-01|blackpool|west-bromwich-albion,1011,2010-11-01,train
1011|2010-11-06|birmingham-city|west-ham-united,1011,2010-11-06,train
1011|2010-11-06|blackburn-rovers|wigan-athletic,1011,2010-11-06,train
1011|2010-11-06|blackpool|everton,1011,2010-11-06,train
1011|2010-11-06|bolton-wanderers|tottenham-hotspur,1011,2010-11-06,train
1011|2010-11-06|fulham|aston-villa,1011,2010-11-06,train
1011|2010-11-06|manchester-united|wolverhampton-wanderers,1011,2010-11-06,train
1011|2010-11-06|sunderland|stoke-city,1011,2010-11-06,train
1011|2010-11-07|arsenal|newcastle-united,1011,2010-11-07,train
1011|2010-11-07|liverpool|chelsea,1011,2010-11-07,train
1011|2010-11-07|west-bromwich-albion|manchester-city,1011,2010-11-07,train
1011|2010-11-09|stoke-city|birmingham-city,1011,2010-11-09,train
1011|2010-11-09|tottenham-hotspur|sunderland,1011,2010-11-09,train
1011|2010-11-10|aston-villa|blackpool,1011,2010-11-10,train
1011|2010-11-10|chelsea|fulham,1011,2010-11-10,train
1011|2010-11-10|everton|bolton-wanderers,1011,2010-11-10,train
1011|2010-11-10|manchester-city|manchester-united,1011,2010-11-10,train
1011|2010-11-10|newcastle-united|blackburn-rovers,1011,2010-11-10,train
1011|2010-11-10|west-ham-united|west-bromwich-albion,1011,2010-11-10,train
1011|2010-11-10|wigan-athletic|liverpool,1011,2010-11-10,train
1011|2010-11-10|wolverhampton-wanderers|arsenal,1011,2010-11-10,train
1011|2010-11-13|aston-villa|manchester-united,1011,2010-11-13,train
1011|2010-11-13|manchester-city|birmingham-city,1011,2010-11-13,train
1011|2010-11-13|newcastle-united|fulham,1011,2010-11-13,train
1011|2010-11-13|stoke-city|liverpool,1011,2010-11-13,train
1011|2010-11-13|tottenham-hotspur|blackburn-rovers,1011,2010-11-13,train
1011|2010-11-13|west-ham-united|blackpool,1011,2010-11-13,train
1011|2010-11-13|wigan-athletic|west-bromwich-albion,1011,2010-11-13,train
1011|2010-11-13|wolverhampton-wanderers|bolton-wanderers,1011,2010-11-13,train
1011|2010-11-14|chelsea|sunderland,1011,2010-11-14,train
1011|2010-11-14|everton|arsenal,1011,2010-11-14,train
1011|2010-11-20|arsenal|tottenham-hotspur,1011,2010-11-20,train
1011|2010-11-20|birmingham-city|chelsea,1011,2010-11-20,train
1011|2010-11-20|blackpool|wolverhampton-wanderers,1011,2010-11-20,train
1011|2010-11-20|bolton-wanderers|newcastle-united,1011,2010-11-20,train
1011|2010-11-20|liverpool|west-ham-united,1011,2010-11-20,train
1011|2010-11-20|manchester-united|wigan-athletic,1011,2010-11-20,train
1011|2010-11-20|west-bromwich-albion|stoke-city,1011,2010-11-20,train
1011|2010-11-21|blackburn-rovers|aston-villa,1011,2010-11-21,train
1011|2010-11-21|fulham|manchester-city,1011,2010-11-21,train
1011|2010-11-22|sunderland|everton,1011,2010-11-22,train
1011|2010-11-27|aston-villa|arsenal,1011,2010-11-27,train
1011|2010-11-27|bolton-wanderers|blackpool,1011,2010-11-27,train
1011|2010-11-27|everton|west-bromwich-albion,1011,2010-11-27,train
1011|2010-11-27|fulham|birmingham-city,1011,2010-11-27,train
1011|2010-11-27|manchester-united|blackburn-rovers,1011,2010-11-27,train
1011|2010-11-27|stoke-city|manchester-city,1011,2010-11-27,train
1011|2010-11-27|west-ham-united|wigan-athletic,1011,2010-11-27,train
1011|2010-11-27|wolverhampton-wanderers|sunderland,1011,2010-11-27,train
1011|2010-11-28|newcastle-united|chelsea,1011,2010-11-28,train
1011|2010-11-28|tottenham-hotspur|liverpool,1011,2010-11-28,train
1011|2010-12-04|arsenal|fulham,1011,2010-12-04,train
1011|2010-12-04|birmingham-city|tottenham-hotspur,1011,2010-12-04,train
1011|2010-12-04|blackburn-rovers|wolverhampton-wanderers,1011,2010-12-04,train
1011|2010-12-04|chelsea|everton,1011,2010-12-04,train
1011|2010-12-04|manchester-city|bolton-wanderers,1011,2010-12-04,train
1011|2010-12-04|wigan-athletic|stoke-city,1011,2010-12-04,train
1011|2010-12-05|sunderland|west-ham-united,1011,2010-12-05,train
1011|2010-12-05|west-bromwich-albion|newcastle-united,1011,2010-12-05,train
1011|2010-12-06|liverpool|aston-villa,1011,2010-12-06,train
1011|2010-12-11|aston-villa|west-bromwich-albion,1011,2010-12-11,train
1011|2010-12-11|everton|wigan-athletic,1011,2010-12-11,train
1011|2010-12-11|fulham|sunderland,1011,2010-12-11,train
1011|2010-12-11|newcastle-united|liverpool,1011,2010-12-11,train
1011|2010-12-11|stoke-city|blackpool,1011,2010-12-11,train
1011|2010-12-11|west-ham-united|manchester-city,1011,2010-12-11,train
1011|2010-12-12|bolton-wanderers|blackburn-rovers,1011,2010-12-12,train
1011|2010-12-12|tottenham-hotspur|chelsea,1011,2010-12-12,train
1011|2010-12-12|wolverhampton-wanderers|birmingham-city,1011,2010-12-12,train
1011|2010-12-13|manchester-united|arsenal,1011,2010-12-13,train
1011|2010-12-18|blackburn-rovers|west-ham-united,1011,2010-12-18,train
1011|2010-12-18|sunderland|bolton-wanderers,1011,2010-12-18,train
1011|2010-12-20|manchester-city|everton,1011,2010-12-20,train
1011|2010-12-26|aston-villa|tottenham-hotspur,1011,2010-12-26,train
1011|2010-12-26|blackburn-rovers|stoke-city,1011,2010-12-26,train
1011|2010-12-26|bolton-wanderers|west-bromwich-albion,1011,2010-12-26,train
1011|2010-12-26|fulham|west-ham-united,1011,2010-12-26,train
1011|2010-12-26|manchester-united|sunderland,1011,2010-12-26,train
1011|2010-12-26|newcastle-united|manchester-city,1011,2010-12-26,train
1011|2010-12-26|wolverhampton-wanderers|wigan-athletic,1011,2010-12-26,train
1011|2010-12-27|arsenal|chelsea,1011,2010-12-27,train
1011|2010-12-28|birmingham-city|manchester-united,1011,2010-12-28,train
1011|2010-12-28|manchester-city|aston-villa,1011,2010-12-28,train
1011|2010-12-28|stoke-city|fulham,1011,2010-12-28,train
1011|2010-12-28|sunderland|blackpool,1011,2010-12-28,train
1011|2010-12-28|tottenham-hotspur|newcastle-united,1011,2010-12-28,train
1011|2010-12-28|west-bromwich-albion|blackburn-rovers,1011,2010-12-28,train
1011|2010-12-28|west-ham-united|everton,1011,2010-12-28,train
1011|2010-12-29|chelsea|bolton-wanderers,1011,2010-12-29,train
1011|2010-12-29|liverpool|wolverhampton-wanderers,1011,2010-12-29,train
1011|2010-12-29|wigan-athletic|arsenal,1011,2010-12-29,train
1011|2011-01-01|birmingham-city|arsenal,1011,2011-01-01,train
1011|2011-01-01|liverpool|bolton-wanderers,1011,2011-01-01,train
1011|2011-01-01|manchester-city|blackpool,1011,2011-01-01,train
1011|2011-01-01|stoke-city|everton,1011,2011-01-01,train
1011|2011-01-01|sunderland|blackburn-rovers,1011,2011-01-01,train
1011|2011-01-01|tottenham-hotspur|fulham,1011,2011-01-01,train
1011|2011-01-01|west-bromwich-albion|manchester-united,1011,2011-01-01,train
1011|2011-01-01|west-ham-united|wolverhampton-wanderers,1011,2011-01-01,train
1011|2011-01-02|chelsea|aston-villa,1011,2011-01-02,train
1011|2011-01-02|wigan-athletic|newcastle-united,1011,2011-01-02,train
1011|2011-01-04|blackpool|birmingham-city,1011,2011-01-04,train
1011|2011-01-04|fulham|west-bromwich-albion,1011,2011-01-04,train
1011|2011-01-04|manchester-united|stoke-city,1011,2011-01-04,train
1011|2011-01-05|arsenal|manchester-city,1011,2011-01-05,train
1011|2011-01-05|aston-villa|sunderland,1011,2011-01-05,train
1011|2011-01-05|blackburn-rovers|liverpool,1011,2011-01-05,train
1011|2011-01-05|bolton-wanderers|wigan-athletic,1011,2011-01-05,train
1011|2011-01-05|everton|tottenham-hotspur,1011,2011-01-05,train
1011|2011-01-05|newcastle-united|west-ham-united,1011,2011-01-05,train
1011|2011-01-05|wolverhampton-wanderers|chelsea,1011,2011-01-05,train
1011|2011-01-12|blackpool|liverpool,1011,2011-01-12,train
1011|2011-01-15|chelsea|blackburn-rovers,1011,2011-01-15,train
1011|2011-01-15|manchester-city|wolverhampton-wanderers,1011,2011-01-15,train
1011|2011-01-15|stoke-city|bolton-wanderers,1011,2011-01-15,train
1011|2011-01-15|west-bromwich-albion|blackpool,1011,2011-01-15,train
1011|2011-01-15|west-ham-united|arsenal,1011,2011-01-15,train
1011|2011-01-15|wigan-athletic|fulham,1011,2011-01-15,train
1011|2011-01-16|birmingham-city|aston-villa,1011,2011-01-16,train
1011|2011-01-16|liverpool|everton,1011,2011-01-16,train
1011|2011-01-16|sunderland|newcastle-united,1011,2011-01-16,train
1011|2011-01-16|tottenham-hotspur|manchester-united,1011,2011-01-16,train
1011|2011-01-22|arsenal|wigan-athletic,1011,2011-01-22,train
1011|2011-01-22|aston-villa|manchester-city,1011,2011-01-22,train
1011|2011-01-22|blackpool|sunderland,1011,2011-01-22,train
1011|2011-01-22|everton|west-ham-united,1011,2011-01-22,train
1011|2011-01-22|fulham|stoke-city,1011,2011-01-22,train
1011|2011-01-22|manchester-united|birmingham-city,1011,2011-01-22,train
1011|2011-01-22|newcastle-united|tottenham-hotspur,1011,2011-01-22,train
1011|2011-01-22|wolverhampton-wanderers|liverpool,1011,2011-01-22,train
1011|2011-01-23|blackburn-rovers|west-bromwich-albion,1011,2011-01-23,train
1011|2011-01-24|bolton-wanderers|chelsea,1011,2011-01-24,train
1011|2011-01-25|blackpool|manchester-united,1011,2011-01-25,train
1011|2011-01-25|wigan-athletic|aston-villa,1011,2011-01-25,train
1011|2011-01-26|liverpool|fulham,1011,2011-01-26,train
1011|2011-02-01|arsenal|everton,1011,2011-02-01,train
1011|2011-02-01|manchester-united|aston-villa,1011,2011-02-01,train
1011|2011-02-01|sunderland|chelsea,1011,2011-02-01,train
1011|2011-02-01|west-bromwich-albion|wigan-athletic,1011,2011-02-01,train
1011|2011-02-02|birmingham-city|manchester-city,1011,2011-02-02,train
1011|2011-02-02|blackburn-rovers|tottenham-hotspur,1011,2011-02-02,train
1011|2011-02-02|blackpool|west-ham-united,1011,2011-02-02,train
1011|2011-02-02|bolton-wanderers|wolverhampton-wanderers,1011,2011-02-02,train
1011|2011-02-02|fulham|newcastle-united,1011,2011-02-02,train
1011|2011-02-02|liverpool|stoke-city,1011,2011-02-02,train
1011|2011-02-05|aston-villa|fulham,1011,2011-02-05,train
1011|2011-02-05|everton|blackpool,1011,2011-02-05,train
1011|2011-02-05|manchester-city|west-bromwich-albion,1011,2011-02-05,train
1011|2011-02-05|newcastle-united|arsenal,1011,2011-02-05,train
1011|2011-02-05|stoke-city|sunderland,1011,2011-02-05,train
1011|2011-02-05|tottenham-hotspur|bolton-wanderers,1011,2011-02-05,train
1011|2011-02-05|wigan-athletic|blackburn-rovers,1011,2011-02-05,train
1011|2011-02-05|wolverhampton-wanderers|manchester-united,1011,2011-02-05,train
1011|2011-02-06|chelsea|liverpool,1011,2011-02-06,train
1011|2011-02-06|west-ham-united|birmingham-city,1011,2011-02-06,train
1011|2011-02-12|arsenal|wolverhampton-wanderers,1011,2011-02-12,train
1011|2011-02-12|birmingham-city|stoke-city,1011,2011-02-12,train
1011|2011-02-12|blackburn-rovers|newcastle-united,1011,2011-02-12,train
1011|2011-02-12|blackpool|aston-villa,1011,2011-02-12,train
1011|2011-02-12|liverpool|wigan-athletic,1011,2011-02-12,train
1011|2011-02-12|manchester-united|manchester-city,1011,2011-02-12,train
1011|2011-02-12|sunderland|tottenham-hotspur,1011,2011-02-12,train
1011|2011-02-12|west-bromwich-albion|west-ham-united,1011,2011-02-12,train
1011|2011-02-13|bolton-wanderers|everton,1011,2011-02-13,train
1011|2011-02-14|fulham|chelsea,1011,2011-02-14,train
1011|2011-02-15|birmingham-city|newcastle-united,1011,2011-02-15,train
1011|2011-02-20|west-bromwich-albion|wolverhampton-wanderers,1011,2011-02-20,train
1011|2011-02-22|blackpool|tottenham-hotspur,1011,2011-02-22,train
1011|2011-02-23|arsenal|stoke-city,1011,2011-02-23,train
1011|2011-02-26|aston-villa|blackburn-rovers,1011,2011-02-26,train
1011|2011-02-26|everton|sunderland,1011,2011-02-26,train
1011|2011-02-26|newcastle-united|bolton-wanderers,1011,2011-02-26,train
1011|2011-02-26|wigan-athletic|manchester-united,1011,2011-02-26,train
1011|2011-02-26|wolverhampton-wanderers|blackpool,1011,2011-02-26,train
1011|2011-02-27|manchester-city|fulham,1011,2011-02-27,train
1011|2011-02-27|west-ham-united|liverpool,1011,2011-02-27,train
1011|2011-02-28|stoke-city|west-bromwich-albion,1011,2011-02-28,train
1011|2011-03-01|chelsea|manchester-united,1011,2011-03-01,train
1011|2011-03-05|arsenal|sunderland,1011,2011-03-05,train
1011|2011-03-05|birmingham-city|west-bromwich-albion,1011,2011-03-05,train
1011|2011-03-05|bolton-wanderers|aston-villa,1011,2011-03-05,train
1011|2011-03-05|fulham|blackburn-rovers,1011,2011-03-05,train
1011|2011-03-05|manchester-city|wigan-athletic,1011,2011-03-05,train
1011|2011-03-05|newcastle-united|everton,1011,2011-03-05,train
1011|2011-03-05|west-ham-united|stoke-city,1011,2011-03-05,train
1011|2011-03-06|liverpool|manchester-united,1011,2011-03-06,train
1011|2011-03-06|wolverhampton-wanderers|tottenham-hotspur,1011,2011-03-06,train
1011|2011-03-07|blackpool|chelsea,1011,2011-03-07,train
1011|2011-03-09|everton|birmingham-city,1011,2011-03-09,train
1011|2011-03-19|aston-villa|wolverhampton-wanderers,1011,2011-03-19,train
1011|2011-03-19|blackburn-rovers|blackpool,1011,2011-03-19,train
1011|2011-03-19|everton|fulham,1011,2011-03-19,train
1011|2011-03-19|manchester-united|bolton-wanderers,1011,2011-03-19,train
1011|2011-03-19|stoke-city|newcastle-united,1011,2011-03-19,train
1011|2011-03-19|tottenham-hotspur|west-ham-united,1011,2011-03-19,train
1011|2011-03-19|west-bromwich-albion|arsenal,1011,2011-03-19,train
1011|2011-03-19|wigan-athletic|birmingham-city,1011,2011-03-19,train
1011|2011-03-20|chelsea|manchester-city,1011,2011-03-20,train
1011|2011-03-20|sunderland|liverpool,1011,2011-03-20,train
1011|2011-04-02|arsenal|blackburn-rovers,1011,2011-04-02,train
1011|2011-04-02|birmingham-city|bolton-wanderers,1011,2011-04-02,train
1011|2011-04-02|everton|aston-villa,1011,2011-04-02,train
1011|2011-04-02|newcastle-united|wolverhampton-wanderers,1011,2011-04-02,train
1011|2011-04-02|stoke-city|chelsea,1011,2011-04-02,train
1011|2011-04-02|west-bromwich-albion|liverpool,1011,2011-04-02,train
1011|2011-04-02|west-ham-united|manchester-united,1011,2011-04-02,train
1011|2011-04-02|wigan-athletic|tottenham-hotspur,1011,2011-04-02,train
1011|2011-04-03|fulham|blackpool,1011,2011-04-03,train
1011|2011-04-03|manchester-city|sunderland,1011,2011-04-03,train
1011|2011-04-09|blackburn-rovers|birmingham-city,1011,2011-04-09,train
1011|2011-04-09|bolton-wanderers|west-ham-united,1011,2011-04-09,train
1011|2011-04-09|chelsea|wigan-athletic,1011,2011-04-09,train
1011|2011-04-09|manchester-united|fulham,1011,2011-04-09,train
1011|2011-04-09|sunderland|west-bromwich-albion,1011,2011-04-09,train
1011|2011-04-09|tottenham-hotspur|stoke-city,1011,2011-04-09,train
1011|2011-04-09|wolverhampton-wanderers|everton,1011,2011-04-09,train
1011|2011-04-10|aston-villa|newcastle-united,1011,2011-04-10,train
1011|2011-04-10|blackpool|arsenal,1011,2011-04-10,train
1011|2011-04-11|liverpool|manchester-city,1011,2011-04-11,train
1011|2011-04-16|birmingham-city|sunderland,1011,2011-04-16,train
1011|2011-04-16|blackpool|wigan-athletic,1011,2011-04-16,train
1011|2011-04-16|everton|blackburn-rovers,1011,2011-04-16,train
1011|2011-04-16|west-bromwich-albion|chelsea,1011,2011-04-16,train
1011|2011-04-16|west-ham-united|aston-villa,1011,2011-04-16,train
1011|2011-04-17|arsenal|liverpool,1011,2011-04-17,train
1011|2011-04-19|newcastle-united|manchester-united,1011,2011-04-19,train
1011|2011-04-20|chelsea|birmingham-city,1011,2011-04-20,train
1011|2011-04-20|tottenham-hotspur|arsenal,1011,2011-04-20,train
1011|2011-04-23|aston-villa|stoke-city,1011,2011-04-23,train
1011|2011-04-23|blackpool|newcastle-united,1011,2011-04-23,train
1011|2011-04-23|chelsea|west-ham-united,1011,2011-04-23,train
1011|2011-04-23|liverpool|birmingham-city,1011,2011-04-23,train
1011|2011-04-23|manchester-united|everton,1011,2011-04-23,train
1011|2011-04-23|sunderland|wigan-athletic,1011,2011-04-23,train
1011|2011-04-23|tottenham-hotspur|west-bromwich-albion,1011,2011-04-23,train
1011|2011-04-23|wolverhampton-wanderers|fulham,1011,2011-04-23,train
1011|2011-04-24|bolton-wanderers|arsenal,1011,2011-04-24,train
1011|2011-04-25|blackburn-rovers|manchester-city,1011,2011-04-25,train
1011|2011-04-26|stoke-city|wolverhampton-wanderers,1011,2011-04-26,train
1011|2011-04-27|fulham|bolton-wanderers,1011,2011-04-27,train
1011|2011-04-30|blackburn-rovers|bolton-wanderers,1011,2011-04-30,train
1011|2011-04-30|blackpool|stoke-city,1011,2011-04-30,train
1011|2011-04-30|chelsea|tottenham-hotspur,1011,2011-04-30,train
1011|2011-04-30|sunderland|fulham,1011,2011-04-30,train
1011|2011-04-30|west-bromwich-albion|aston-villa,1011,2011-04-30,train
1011|2011-04-30|wigan-athletic|everton,1011,2011-04-30,train
1011|2011-05-01|arsenal|manchester-united,1011,2011-05-01,train
1011|2011-05-01|birmingham-city|wolverhampton-wanderers,1011,2011-05-01,train
1011|2011-05-01|liverpool|newcastle-united,1011,2011-05-01,train
1011|2011-05-01|manchester-city|west-ham-united,1011,2011-05-01,train
1011|2011-05-07|aston-villa|wigan-athletic,1011,2011-05-07,train
1011|2011-05-07|bolton-wanderers|sunderland,1011,2011-05-07,train
1011|2011-05-07|everton|manchester-city,1011,2011-05-07,train
1011|2011-05-07|newcastle-united|birmingham-city,1011,2011-05-07,train
1011|2011-05-07|tottenham-hotspur|blackpool,1011,2011-05-07,train
1011|2011-05-07|west-ham-united|blackburn-rovers,1011,2011-05-07,train
1011|2011-05-08|manchester-united|chelsea,1011,2011-05-08,train
1011|2011-05-08|stoke-city|arsenal,1011,2011-05-08,train
1011|2011-05-08|wolverhampton-wanderers|west-bromwich-albion,1011,2011-05-08,train
1011|2011-05-09|fulham|liverpool,1011,2011-05-09,train
1011|2011-05-10|manchester-city|tottenham-hotspur,1011,2011-05-10,train
1011|2011-05-14|blackburn-rovers|manchester-united,1011,2011-05-14,train
1011|2011-05-14|blackpool|bolton-wanderers,1011,2011-05-14,train
1011|2011-05-14|sunderland|wolverhampton-wanderers,1011,2011-05-14,train
1011|2011-05-14|west-bromwich-albion|everton,1011,2011-05-14,train
1011|2011-05-15|arsenal|aston-villa,1011,2011-05-15,train
1011|2011-05-15|birmingham-city|fulham,1011,2011-05-15,train
1011|2011-05-15|chelsea|newcastle-united,1011,2011-05-15,train
1011|2011-05-15|liverpool|tottenham-hotspur,1011,2011-05-15,train
1011|2011-05-15|wigan-athletic|west-ham-united,1011,2011-05-15,train
1011|2011-05-17|manchester-city|stoke-city,1011,2011-05-17,train
1011|2011-05-22|aston-villa|liverpool,1011,2011-05-22,train
1011|2011-05-22|bolton-wanderers|manchester-city,1011,2011-05-22,train
1011|2011-05-22|everton|chelsea,1011,2011-05-22,train
1011|2011-05-22|fulham|arsenal,1011,2011-05-22,train
1011|2011-05-22|manchester-united|blackpool,1011,2011-05-22,train
1011|2011-05-22|newcastle-united|west-bromwich-albion,1011,2011-05-22,train
1011|2011-05-22|stoke-city|wigan-athletic,1011,2011-05-22,train
1011|2011-05-22|tottenham-hotspur|birmingham-city,1011,2011-05-22,train
1011|2011-05-22|west-ham-united|sunderland,1011,2011-05-22,train
1011|2011-05-22|wolverhampton-wanderers|blackburn-rovers,1011,2011-05-22,train
1112|2011-08-13|blackburn-rovers|wolverhampton-wanderers,1112,2011-08-13,train
1112|2011-08-13|fulham|aston-villa,1112,2011-08-13,train
1112|2011-08-13|liverpool|sunderland,1112,2011-08-13,train
1112|2011-08-13|newcastle-united|arsenal,1112,2011-08-13,train
1112|2011-08-13|queens-park-rangers|bolton-wanderers,1112,2011-08-13,train
1112|2011-08-13|wigan-athletic|norwich-city,1112,2011-08-13,train
1112|2011-08-14|stoke-city|chelsea,1112,2011-08-14,train
1112|2011-08-14|west-bromwich-albion|manchester-united,1112,2011-08-14,train
1112|2011-08-15|manchester-city|swansea-city,1112,2011-08-15,train
1112|2011-08-20|arsenal|liverpool,1112,2011-08-20,train
1112|2011-08-20|aston-villa|blackburn-rovers,1112,2011-08-20,train
1112|2011-08-20|chelsea|west-bromwich-albion,1112,2011-08-20,train
1112|2011-08-20|everton|queens-park-rangers,1112,2011-08-20,train
1112|2011-08-20|sunderland|newcastle-united,1112,2011-08-20,train
1112|2011-08-20|swansea-city|wigan-athletic,1112,2011-08-20,train
1112|2011-08-21|bolton-wanderers|manchester-city,1112,2011-08-21,train
1112|2011-08-21|norwich-city|stoke-city,1112,2011-08-21,train
1112|2011-08-21|wolverhampton-wanderers|fulham,1112,2011-08-21,train
1112|2011-08-22|manchester-united|tottenham-hotspur,1112,2011-08-22,train
1112|2011-08-27|aston-villa|wolverhampton-wanderers,1112,2011-08-27,train
1112|2011-08-27|blackburn-rovers|everton,1112,2011-08-27,train
1112|2011-08-27|chelsea|norwich-city,1112,2011-08-27,train
1112|2011-08-27|liverpool|bolton-wanderers,1112,2011-08-27,train
1112|2011-08-27|swansea-city|sunderland,1112,2011-08-27,train
1112|2011-08-27|wigan-athletic|queens-park-rangers,1112,2011-08-27,train
1112|2011-08-28|manchester-united|arsenal,1112,2011-08-28,train
1112|2011-08-28|newcastle-united|fulham,1112,2011-08-28,train
1112|2011-08-28|tottenham-hotspur|manchester-city,1112,2011-08-28,train
1112|2011-08-28|west-bromwich-albion|stoke-city,1112,2011-08-28,train
1112|2011-09-10|arsenal|swansea-city,1112,2011-09-10,train
1112|2011-09-10|bolton-wanderers|manchester-united,1112,2011-09-10,train
1112|2011-09-10|everton|aston-villa,1112,2011-09-10,train
1112|2011-09-10|manchester-city|wigan-athletic,1112,2011-09-10,train
1112|2011-09-10|stoke-city|liverpool,1112,2011-09-10,train
1112|2011-09-10|sunderland|chelsea,1112,2011-09-10,train
1112|2011-09-10|wolverhampton-wanderers|tottenham-hotspur,1112,2011-09-10,train
1112|2011-09-11|fulham|blackburn-rovers,1112,2011-09-11,train
1112|2011-09-11|norwich-city|west-bromwich-albion,1112,2011-09-11,train
1112|2011-09-12|queens-park-rangers|newcastle-united,1112,2011-09-12,train
1112|2011-09-17|aston-villa|newcastle-united,1112,2011-09-17,train
1112|2011-09-17|blackburn-rovers|arsenal,1112,2011-09-17,train
1112|2011-09-17|bolton-wanderers|norwich-city,1112,2011-09-17,train
1112|2011-09-17|everton|wigan-athletic,1112,2011-09-17,train
1112|2011-09-17|swansea-city|west-bromwich-albion,1112,2011-09-17,train
1112|2011-09-17|wolverhampton-wanderers|queens-park-rangers,1112,2011-09-17,train
1112|2011-09-18|fulham|manchester-city,1112,2011-09-18,train
1112|2011-09-18|manchester-united|chelsea,1112,2011-09-18,train
1112|2011-09-18|sunderland|stoke-city,1112,2011-09-18,train
1112|2011-09-18|tottenham-hotspur|liverpool,1112,2011-09-18,train
1112|2011-09-24|arsenal|bolton-wanderers,1112,2011-09-24,train
1112|2011-09-24|chelsea|swansea-city,1112,2011-09-24,train
1112|2011-09-24|liverpool|wolverhampton-wanderers,1112,2011-09-24,train
1112|2011-09-24|manchester-city|everton,1112,2011-09-24,train
1112|2011-09-24|newcastle-united|blackburn-rovers,1112,2011-09-24,train
1112|2011-09-24|stoke-city|manchester-united,1112,2011-09-24,train
1112|2011-09-24|west-bromwich-albion|fulham,1112,2011-09-24,train
1112|2011-09-24|wigan-athletic|tottenham-hotspur,1112,2011-09-24,train
1112|2011-09-25|queens-park-rangers|aston-villa,1112,2011-09-25,train
1112|2011-09-26|norwich-city|sunderland,1112,2011-09-26,train
1112|2011-10-01|aston-villa|wigan-athletic,1112,2011-10-01,train
1112|2011-10-01|blackburn-rovers|manchester-city,1112,2011-10-01,train
1112|2011-10-01|everton|liverpool,1112,2011-10-01,train
1112|2011-10-01|manchester-united|norwich-city,1112,2011-10-01,train
1112|2011-10-01|sunderland|west-bromwich-albion,1112,2011-10-01,train
1112|2011-10-01|wolverhampton-wanderers|newcastle-united,1112,2011-10-01,train
1112|2011-10-02|bolton-wanderers|chelsea,1112,2011-10-02,train
1112|2011-10-02|fulham|queens-park-rangers,1112,2011-10-02,train
1112|2011-10-02|swansea-city|stoke-city,1112,2011-10-02,train
1112|2011-10-02|tottenham-hotspur|arsenal,1112,2011-10-02,train
1112|2011-10-15|chelsea|everton,1112,2011-10-15,train
1112|2011-10-15|liverpool|manchester-united,1112,2011-10-15,train
1112|2011-10-15|manchester-city|aston-villa,1112,2011-10-15,train
1112|2011-10-15|norwich-city|swansea-city,1112,2011-10-15,train
1112|2011-10-15|queens-park-rangers|blackburn-rovers,1112,2011-10-15,train
1112|2011-10-15|stoke-city|fulham,1112,2011-10-15,train
1112|2011-10-15|wigan-athletic|bolton-wanderers,1112,2011-10-15,train
1112|2011-10-16|arsenal|sunderland,1112,2011-10-16,train
1112|2011-10-16|newcastle-united|tottenham-hotspur,1112,2011-10-16,train
1112|2011-10-16|west-bromwich-albion|wolverhampton-wanderers,1112,2011-10-16,train
1112|2011-10-22|aston-villa|west-bromwich-albion,1112,2011-10-22,train
1112|2011-10-22|bolton-wanderers|sunderland,1112,2011-10-22,train
1112|2011-10-22|liverpool|norwich-city,1112,2011-10-22,train
1112|2011-10-22|newcastle-united|wigan-athletic,1112,2011-10-22,train
1112|2011-10-22|wolverhampton-wanderers|swansea-city,1112,2011-10-22,train
1112|2011-10-23|arsenal|stoke-city,1112,2011-10-23,train
1112|2011-10-23|blackburn-rovers|tottenham-hotspur,1112,2011-10-23,train
1112|2011-10-23|fulham|everton,1112,2011-10-23,train
1112|2011-10-23|manchester-united|manchester-city,1112,2011-10-23,train
1112|2011-10-23|queens-park-rangers|chelsea,1112,2011-10-23,train
1112|2011-10-29|chelsea|arsenal,1112,2011-10-29,train
1112|2011-10-29|everton|manchester-united,1112,2011-10-29,train
1112|2011-10-29|manchester-city|wolverhampton-wanderers,1112,2011-10-29,train
1112|2011-10-29|norwich-city|blackburn-rovers,1112,2011-10-29,train
1112|2011-10-29|sunderland|aston-villa,1112,2011-10-29,train
1112|2011-10-29|swansea-city|bolton-wanderers,1112,2011-10-29,train
1112|2011-10-29|west-bromwich-albion|liverpool,1112,2011-10-29,train
1112|2011-10-29|wigan-athletic|fulham,1112,2011-10-29,train
1112|2011-10-30|tottenham-hotspur|queens-park-rangers,1112,2011-10-30,train
1112|2011-10-31|stoke-city|newcastle-united,1112,2011-10-31,train
1112|2011-11-05|arsenal|west-bromwich-albion,1112,2011-11-05,train
1112|2011-11-05|aston-villa|norwich-city,1112,2011-11-05,train
1112|2011-11-05|blackburn-rovers|chelsea,1112,2011-11-05,train
1112|2011-11-05|liverpool|swansea-city,1112,2011-11-05,train
1112|2011-11-05|manchester-united|sunderland,1112,2011-11-05,train
1112|2011-11-05|newcastle-united|everton,1112,2011-11-05,train
1112|2011-11-05|queens-park-rangers|manchester-city,1112,2011-11-05,train
1112|2011-11-06|bolton-wanderers|stoke-city,1112,2011-11-06,train
1112|2011-11-06|fulham|tottenham-hotspur,1112,2011-11-06,train
1112|2011-11-06|wolverhampton-wanderers|wigan-athletic,1112,2011-11-06,train
1112|2011-11-19|everton|wolverhampton-wanderers,1112,2011-11-19,train
1112|2011-11-19|manchester-city|newcastle-united,1112,2011-11-19,train
1112|2011-11-19|norwich-city|arsenal,1112,2011-11-19,train
1112|2011-11-19|stoke-city|queens-park-rangers,1112,2011-11-19,train
1112|2011-11-19|sunderland|fulham,1112,2011-11-19,train
1112|2011-11-19|swansea-city|manchester-united,1112,2011-11-19,train
1112|2011-11-19|west-bromwich-albion|bolton-wanderers,1112,2011-11-19,train
1112|2011-11-19|wigan-athletic|blackburn-rovers,1112,2011-11-19,train
1112|2011-11-20|chelsea|liverpool,1112,2011-11-20,train
1112|2011-11-21|tottenham-hotspur|aston-villa,1112,2011-11-21,train
1112|2011-11-26|arsenal|fulham,1112,2011-11-26,train
1112|2011-11-26|bolton-wanderers|everton,1112,2011-11-26,train
1112|2011-11-26|chelsea|wolverhampton-wanderers,1112,2011-11-26,train
1112|2011-11-26|manchester-united|newcastle-united,1112,2011-11-26,train
1112|2011-11-26|norwich-city|queens-park-rangers,1112,2011-11-26,train
1112|2011-11-26|stoke-city|blackburn-rovers,1112,2011-11-26,train
1112|2011-11-26|sunderland|wigan-athletic,1112,2011-11-26,train
1112|2011-11-26|west-bromwich-albion|tottenham-hotspur,1112,2011-11-26,train
1112|2011-11-27|liverpool|manchester-city,1112,2011-11-27,train
1112|2011-11-27|swansea-city|aston-villa,1112,2011-11-27,train
1112|2011-12-03|aston-villa|manchester-united,1112,2011-12-03,train
1112|2011-12-03|blackburn-rovers|swansea-city,1112,2011-12-03,train
1112|2011-12-03|manchester-city|norwich-city,1112,2011-12-03,train
1112|2011-12-03|newcastle-united|chelsea,1112,2011-12-03,train
1112|2011-12-03|queens-park-rangers|west-bromwich-albion,1112,2011-12-03,train
1112|2011-12-03|tottenham-hotspur|bolton-wanderers,1112,2011-12-03,train
1112|2011-12-03|wigan-athletic|arsenal,1112,2011-12-03,train
1112|2011-12-04|everton|stoke-city,1112,2011-12-04,train
1112|2011-12-04|wolverhampton-wanderers|sunderland,1112,2011-12-04,train
1112|2011-12-05|fulham|liverpool,1112,2011-12-05,train
1112|2011-12-10|arsenal|everton,1112,2011-12-10,train
1112|2011-12-10|bolton-wanderers|aston-villa,1112,2011-12-10,train
1112|2011-12-10|liverpool|queens-park-rangers,1112,2011-12-10,train
1112|2011-12-10|manchester-united|wolverhampton-wanderers,1112,2011-12-10,train
1112|2011-12-10|norwich-city|newcastle-united,1112,2011-12-10,train
1112|2011-12-10|swansea-city|fulham,1112,2011-12-10,train
1112|2011-12-10|west-bromwich-albion|wigan-athletic,1112,2011-12-10,train
1112|2011-12-11|stoke-city|tottenham-hotspur,1112,2011-12-11,train
1112|2011-12-11|sunderland|blackburn-rovers,1112,2011-12-11,train
1112|2011-12-12|chelsea|manchester-city,1112,2011-12-12,train
1112|2011-12-17|blackburn-rovers|west-bromwich-albion,1112,2011-12-17,train
1112|2011-12-17|everton|norwich-city,1112,2011-12-17,train
1112|2011-12-17|fulham|bolton-wanderers,1112,2011-12-17,train
1112|2011-12-17|newcastle-united|swansea-city,1112,2011-12-17,train
1112|2011-12-17|wigan-athletic|chelsea,1112,2011-12-17,train
1112|2011-12-17|wolverhampton-wanderers|stoke-city,1112,2011-12-17,train
1112|2011-12-18|aston-villa|liverpool,1112,2011-12-18,train
1112|2011-12-18|manchester-city|arsenal,1112,2011-12-18,train
1112|2011-12-18|queens-park-rangers|manchester-united,1112,2011-12-18,train
1112|2011-12-18|tottenham-hotspur|sunderland,1112,2011-12-18,train
1112|2011-12-20|blackburn-rovers|bolton-wanderers,1112,2011-12-20,train
1112|2011-12-20|wolverhampton-wanderers|norwich-city,1112,2011-12-20,train
1112|2011-12-21|aston-villa|arsenal,1112,2011-12-21,train
1112|2011-12-21|everton|swansea-city,1112,2011-12-21,train
1112|2011-12-21|fulham|manchester-united,1112,2011-12-21,train
1112|2011-12-21|manchester-city|stoke-city,1112,2011-12-21,train
1112|2011-12-21|newcastle-united|west-bromwich-albion,1112,2011-12-21,train
1112|2011-12-21|queens-park-rangers|sunderland,1112,2011-12-21,train
1112|2011-12-21|wigan-athletic|liverpool,1112,2011-12-21,train
1112|2011-12-22|tottenham-hotspur|chelsea,1112,2011-12-22,train
1112|2011-12-26|bolton-wanderers|newcastle-united,1112,2011-12-26,train
1112|2011-12-26|chelsea|fulham,1112,2011-12-26,train
1112|2011-12-26|liverpool|blackburn-rovers,1112,2011-12-26,train
1112|2011-12-26|manchester-united|wigan-athletic,1112,2011-12-26,train
1112|2011-12-26|stoke-city|aston-villa,1112,2011-12-26,train
1112|2011-12-26|sunderland|everton,1112,2011-12-26,train
1112|2011-12-26|west-bromwich-albion|manchester-city,1112,2011-12-26,train
1112|2011-12-27|arsenal|wolverhampton-wanderers,1112,2011-12-27,train
1112|2011-12-27|norwich-city|tottenham-hotspur,1112,2011-12-27,train
1112|2011-12-27|swansea-city|queens-park-rangers,1112,2011-12-27,train
1112|2011-12-30|liverpool|newcastle-united,1112,2011-12-30,train
1112|2011-12-31|arsenal|queens-park-rangers,1112,2011-12-31,train
1112|2011-12-31|bolton-wanderers|wolverhampton-wanderers,1112,2011-12-31,train
1112|2011-12-31|chelsea|aston-villa,1112,2011-12-31,train
1112|2011-12-31|manchester-united|blackburn-rovers,1112,2011-12-31,train
1112|2011-12-31|norwich-city|fulham,1112,2011-12-31,train
1112|2011-12-31|stoke-city|wigan-athletic,1112,2011-12-31,train
1112|2011-12-31|swansea-city|tottenham-hotspur,1112,2011-12-31,train
1112|2012-01-01|sunderland|manchester-city,1112,2012-01-01,train
1112|2012-01-01|west-bromwich-albion|everton,1112,2012-01-01,train
1112|2012-01-02|aston-villa|swansea-city,1112,2012-01-02,train
1112|2012-01-02|blackburn-rovers|stoke-city,1112,2012-01-02,train
1112|2012-01-02|fulham|arsenal,1112,2012-01-02,train
1112|2012-01-02|queens-park-rangers|norwich-city,1112,2012-01-02,train
1112|2012-01-02|wolverhampton-wanderers|chelsea,1112,2012-01-02,train
1112|2012-01-03|manchester-city|liverpool,1112,2012-01-03,train
1112|2012-01-03|tottenham-hotspur|west-bromwich-albion,1112,2012-01-03,train
1112|2012-01-03|wigan-athletic|sunderland,1112,2012-01-03,train
1112|2012-01-04|everton|bolton-wanderers,1112,2012-01-04,train
1112|2012-01-04|newcastle-united|manchester-united,1112,2012-01-04,train
1112|2012-01-11|tottenham-hotspur|everton,1112,2012-01-11,train
1112|2012-01-14|aston-villa|everton,1112,2012-01-14,train
1112|2012-01-14|blackburn-rovers|fulham,1112,2012-01-14,train
1112|2012-01-14|chelsea|sunderland,1112,2012-01-14,train
1112|2012-01-14|liverpool|stoke-city,1112,2012-01-14,train
1112|2012-01-14|manchester-united|bolton-wanderers,1112,2012-01-14,train
1112|2012-01-14|tottenham-hotspur|wolverhampton-wanderers,1112,2012-01-14,train
1112|2012-01-14|west-bromwich-albion|norwich-city,1112,2012-01-14,train
1112|2012-01-15|newcastle-united|queens-park-rangers,1112,2012-01-15,train
1112|2012-01-15|swansea-city|arsenal,1112,2012-01-15,train
1112|2012-01-16|wigan-athletic|manchester-city,1112,2012-01-16,train
1112|2012-01-21|bolton-wanderers|liverpool,1112,2012-01-21,train
1112|2012-01-21|everton|blackburn-rovers,1112,2012-01-21,train
1112|2012-01-21|fulham|newcastle-united,1112,2012-01-21,train
1112|2012-01-21|norwich-city|chelsea,1112,2012-01-21,train
1112|2012-01-21|queens-park-rangers|wigan-athletic,1112,2012-01-21,train
1112|2012-01-21|stoke-city|west-bromwich-albion,1112,2012-01-21,train
1112|2012-01-21|sunderland|swansea-city,1112,2012-01-21,train
1112|2012-01-21|wolverhampton-wanderers|aston-villa,1112,2012-01-21,train
1112|2012-01-22|arsenal|manchester-united,1112,2012-01-22,train
1112|2012-01-22|manchester-city|tottenham-hotspur,1112,2012-01-22,train
1112|2012-01-31|everton|manchester-city,1112,2012-01-31,train
1112|2012-01-31|manchester-united|stoke-city,1112,2012-01-31,train
1112|2012-01-31|swansea-city|chelsea,1112,2012-01-31,train
1112|2012-01-31|tottenham-hotspur|wigan-athletic,1112,2012-01-31,train
1112|2012-01-31|wolverhampton-wanderers|liverpool,1112,2012-01-31,train
1112|2012-02-01|aston-villa|queens-park-rangers,1112,2012-02-01,train
1112|2012-02-01|blackburn-rovers|newcastle-united,1112,2012-02-01,train
1112|2012-02-01|bolton-wanderers|arsenal,1112,2012-02-01,train
1112|2012-02-01|fulham|west-bromwich-albion,1112,2012-02-01,train
1112|2012-02-01|sunderland|norwich-city,1112,2012-02-01,train
1112|2012-02-04|arsenal|blackburn-rovers,1112,2012-02-04,train
1112|2012-02-04|manchester-city|fulham,1112,2012-02-04,train
1112|2012-02-04|norwich-city|bolton-wanderers,1112,2012-02-04,train
1112|2012-02-04|queens-park-rangers|wolverhampton-wanderers,1112,2012-02-04,train
1112|2012-02-04|stoke-city|sunderland,1112,2012-02-04,train
1112|2012-02-04|west-bromwich-albion|swansea-city,1112,2012-02-04,train
1112|2012-02-04|wigan-athletic|everton,1112,2012-02-04,train
1112|2012-02-05|chelsea|manchester-united,1112,2012-02-05,train
1112|2012-02-05|newcastle-united|aston-villa,1112,2012-02-05,train
1112|2012-02-06|liverpool|tottenham-hotspur,1112,2012-02-06,train
1112|2012-02-11|blackburn-rovers|queens-park-rangers,1112,2012-02-11,train
1112|2012-02-11|bolton-wanderers|wigan-athletic,1112,2012-02-11,train
1112|2012-02-11|everton|chelsea,1112,2012-02-11,train
1112|2012-02-11|fulham|stoke-city,1112,2012-02-11,train
1112|2012-02-11|manchester-united|liverpool,1112,2012-02-11,train
1112|2012-02-11|sunderland|arsenal,1112,2012-02-11,train
1112|2012-02-11|swansea-city|norwich-city,1112,2012-02-11,train
1112|2012-02-11|tottenham-hotspur|newcastle-united,1112,2012-02-11,train
1112|2012-02-12|aston-villa|manchester-city,1112,2012-02-12,train
1112|2012-02-12|wolverhampton-wanderers|west-bromwich-albion,1112,2012-02-12,train
1112|2012-02-25|chelsea|bolton-wanderers,1112,2012-02-25,train
1112|2012-02-25|manchester-city|blackburn-rovers,1112,2012-02-25,train
1112|2012-02-25|newcastle-united|wolverhampton-wanderers,1112,2012-02-25,train
1112|2012-02-25|queens-park-rangers|fulham,1112,2012-02-25,train
1112|2012-02-25|west-bromwich-albion|sunderland,1112,2012-02-25,train
1112|2012-02-25|wigan-athletic|aston-villa,1112,2012-02-25,train
1112|2012-02-26|arsenal|tottenham-hotspur,1112,2012-02-26,train
1112|2012-02-26|norwich-city|manchester-united,1112,2012-02-26,train
1112|2012-02-26|stoke-city|swansea-city,1112,2012-02-26,train
1112|2012-03-03|blackburn-rovers|aston-villa,1112,2012-03-03,train
1112|2012-03-03|liverpool|arsenal,1112,2012-03-03,train
1112|2012-03-03|manchester-city|bolton-wanderers,1112,2012-03-03,train
1112|2012-03-03|queens-park-rangers|everton,1112,2012-03-03,train
1112|2012-03-03|stoke-city|norwich-city,1112,2012-03-03,train
1112|2012-03-03|west-bromwich-albion|chelsea,1112,2012-03-03,train
1112|2012-03-03|wigan-athletic|swansea-city,1112,2012-03-03,train
1112|2012-03-04|fulham|wolverhampton-wanderers,1112,2012-03-04,train
1112|2012-03-04|newcastle-united|sunderland,1112,2012-03-04,train
1112|2012-03-04|tottenham-hotspur|manchester-united,1112,2012-03-04,train
1112|2012-03-10|aston-villa|fulham,1112,2012-03-10,train
1112|2012-03-10|bolton-wanderers|queens-park-rangers,1112,2012-03-10,train
1112|2012-03-10|chelsea|stoke-city,1112,2012-03-10,train
1112|2012-03-10|everton|tottenham-hotspur,1112,2012-03-10,train
1112|2012-03-10|sunderland|liverpool,1112,2012-03-10,train
1112|2012-03-10|wolverhampton-wanderers|blackburn-rovers,1112,2012-03-10,train
1112|2012-03-11|manchester-united|west-bromwich-albion,1112,2012-03-11,train
1112|2012-03-11|norwich-city|wigan-athletic,1112,2012-03-11,train
1112|2012-03-11|swansea-city|manchester-city,1112,2012-03-11,train
1112|2012-03-12|arsenal|newcastle-united,1112,2012-03-12,train
1112|2012-03-13|liverpool|everton,1112,2012-03-13,train
1112|2012-03-17|fulham|swansea-city,1112,2012-03-17,train
1112|2012-03-17|wigan-athletic|west-bromwich-albion,1112,2012-03-17,train
1112|2012-03-18|newcastle-united|norwich-city,1112,2012-03-18,train
1112|2012-03-18|wolverhampton-wanderers|manchester-united,1112,2012-03-18,train
1112|2012-03-20|blackburn-rovers|sunderland,1112,2012-03-20,train
1112|2012-03-21|everton|arsenal,1112,2012-03-21,train
1112|2012-03-21|manchester-city|chelsea,1112,2012-03-21,train
1112|2012-03-21|queens-park-rangers|liverpool,1112,2012-03-21,train
1112|2012-03-21|tottenham-hotspur|stoke-city,1112,2012-03-21,train
1112|2012-03-24|arsenal|aston-villa,1112,2012-03-24,train
1112|2012-03-24|bolton-wanderers|blackburn-rovers,1112,2012-03-24,train
1112|2012-03-24|chelsea|tottenham-hotspur,1112,2012-03-24,train
1112|2012-03-24|liverpool|wigan-athletic,1112,2012-03-24,train
1112|2012-03-24|norwich-city|wolverhampton-wanderers,1112,2012-03-24,train
1112|2012-03-24|stoke-city|manchester-city,1112,2012-03-24,train
1112|2012-03-24|sunderland|queens-park-rangers,1112,2012-03-24,train
1112|2012-03-24|swansea-city|everton,1112,2012-03-24,train
1112|2012-03-25|west-bromwich-albion|newcastle-united,1112,2012-03-25,train
1112|2012-03-26|manchester-united|fulham,1112,2012-03-26,train
1112|2012-03-31|aston-villa|chelsea,1112,2012-03-31,train
1112|2012-03-31|everton|west-bromwich-albion,1112,2012-03-31,train
1112|2012-03-31|fulham|norwich-city,1112,2012-03-31,train
1112|2012-03-31|manchester-city|sunderland,1112,2012-03-31,train
1112|2012-03-31|queens-park-rangers|arsenal,1112,2012-03-31,train
1112|2012-03-31|wigan-athletic|stoke-city,1112,2012-03-31,train
1112|2012-03-31|wolverhampton-wanderers|bolton-wanderers,1112,2012-03-31,train
1112|2012-04-01|newcastle-united|liverpool,1112,2012-04-01,train
1112|2012-04-01|tottenham-hotspur|swansea-city,1112,2012-04-01,train
1112|2012-04-02|blackburn-rovers|manchester-united,1112,2012-04-02,train
1112|2012-04-06|swansea-city|newcastle-united,1112,2012-04-06,train
1112|2012-04-07|bolton-wanderers|fulham,1112,2012-04-07,train
1112|2012-04-07|chelsea|wigan-athletic,1112,2012-04-07,train
1112|2012-04-07|liverpool|aston-villa,1112,2012-04-07,train
1112|2012-04-07|norwich-city|everton,1112,2012-04-07,train
1112|2012-04-07|stoke-city|wolverhampton-wanderers,1112,2012-04-07,train
1112|2012-04-07|sunderland|tottenham-hotspur,1112,2012-04-07,train
1112|2012-04-07|west-bromwich-albion|blackburn-rovers,1112,2012-04-07,train
1112|2012-04-08|arsenal|manchester-city,1112,2012-04-08,train
1112|2012-04-08|manchester-united|queens-park-rangers,1112,2012-04-08,train
1112|2012-04-09|aston-villa|stoke-city,1112,2012-04-09,train
1112|2012-04-09|everton|sunderland,1112,2012-04-09,train
1112|2012-04-09|fulham|chelsea,1112,2012-04-09,train
1112|2012-04-09|newcastle-united|bolton-wanderers,1112,2012-04-09,train
1112|2012-04-09|tottenham-hotspur|norwich-city,1112,2012-04-09,train
1112|2012-04-10|blackburn-rovers|liverpool,1112,2012-04-10,train
1112|2012-04-11|manchester-city|west-bromwich-albion,1112,2012-04-11,train
1112|2012-04-11|queens-park-rangers|swansea-city,1112,2012-04-11,train
1112|2012-04-11|wigan-athletic|manchester-united,1112,2012-04-11,train
1112|2012-04-11|wolverhampton-wanderers|arsenal,1112,2012-04-11,train
1112|2012-04-14|norwich-city|manchester-city,1112,2012-04-14,train
1112|2012-04-14|sunderland|wolverhampton-wanderers,1112,2012-04-14,train
1112|2012-04-14|swansea-city|blackburn-rovers,1112,2012-04-14,train
1112|2012-04-14|west-bromwich-albion|queens-park-rangers,1112,2012-04-14,train
1112|2012-04-15|manchester-united|aston-villa,1112,2012-04-15,train
1112|2012-04-16|arsenal|wigan-athletic,1112,2012-04-16,train
1112|2012-04-21|arsenal|chelsea,1112,2012-04-21,train
1112|2012-04-21|aston-villa|sunderland,1112,2012-04-21,train
1112|2012-04-21|blackburn-rovers|norwich-city,1112,2012-04-21,train
1112|2012-04-21|bolton-wanderers|swansea-city,1112,2012-04-21,train
1112|2012-04-21|fulham|wigan-athletic,1112,2012-04-21,train
1112|2012-04-21|newcastle-united|stoke-city,1112,2012-04-21,train
1112|2012-04-21|queens-park-rangers|tottenham-hotspur,1112,2012-04-21,train
1112|2012-04-22|liverpool|west-bromwich-albion,1112,2012-04-22,train
1112|2012-04-22|manchester-united|everton,1112,2012-04-22,train
1112|2012-04-22|wolverhampton-wanderers|manchester-city,1112,2012-04-22,train
1112|2012-04-24|aston-villa|bolton-wanderers,1112,2012-04-24,train
1112|2012-04-28|everton|fulham,1112,2012-04-28,train
1112|2012-04-28|norwich-city|liverpool,1112,2012-04-28,train
1112|2012-04-28|stoke-city|arsenal,1112,2012-04-28,train
1112|2012-04-28|sunderland|bolton-wanderers,1112,2012-04-28,train
1112|2012-04-28|swansea-city|wolverhampton-wanderers,1112,2012-04-28,train
1112|2012-04-28|west-bromwich-albion|aston-villa,1112,2012-04-28,train
1112|2012-04-28|wigan-athletic|newcastle-united,1112,2012-04-28,train
1112|2012-04-29|chelsea|queens-park-rangers,1112,2012-04-29,train
1112|2012-04-29|tottenham-hotspur|blackburn-rovers,1112,2012-04-29,train
1112|2012-04-30|manchester-city|manchester-united,1112,2012-04-30,train
1112|2012-05-01|liverpool|fulham,1112,2012-05-01,train
1112|2012-05-01|stoke-city|everton,1112,2012-05-01,train
1112|2012-05-02|bolton-wanderers|tottenham-hotspur,1112,2012-05-02,train
1112|2012-05-02|chelsea|newcastle-united,1112,2012-05-02,train
1112|2012-05-05|arsenal|norwich-city,1112,2012-05-05,train
1112|2012-05-06|aston-villa|tottenham-hotspur,1112,2012-05-06,train
1112|2012-05-06|bolton-wanderers|west-bromwich-albion,1112,2012-05-06,train
1112|2012-05-06|fulham|sunderland,1112,2012-05-06,train
1112|2012-05-06|manchester-united|swansea-city,1112,2012-05-06,train
1112|2012-05-06|newcastle-united|manchester-city,1112,2012-05-06,train
1112|2012-05-06|queens-park-rangers|stoke-city,1112,2012-05-06,train
1112|2012-05-06|wolverhampton-wanderers|everton,1112,2012-05-06,train
1112|2012-05-07|blackburn-rovers|wigan-athletic,1112,2012-05-07,train
1112|2012-05-08|liverpool|chelsea,1112,2012-05-08,train
1112|2012-05-13|chelsea|blackburn-rovers,1112,2012-05-13,train
1112|2012-05-13|everton|newcastle-united,1112,2012-05-13,train
1112|2012-05-13|manchester-city|queens-park-rangers,1112,2012-05-13,train
1112|2012-05-13|norwich-city|aston-villa,1112,2012-05-13,train
1112|2012-05-13|stoke-city|bolton-wanderers,1112,2012-05-13,train
1112|2012-05-13|sunderland|manchester-united,1112,2012-05-13,train
1112|2012-05-13|swansea-city|liverpool,1112,2012-05-13,train
1112|2012-05-13|tottenham-hotspur|fulham,1112,2012-05-13,train
1112|2012-05-13|west-bromwich-albion|arsenal,1112,2012-05-13,train
1112|2012-05-13|wigan-athletic|wolverhampton-wanderers,1112,2012-05-13,train
1213|2012-08-18|arsenal|sunderland,1213,2012-08-18,train
1213|2012-08-18|fulham|norwich-city,1213,2012-08-18,train
1213|2012-08-18|newcastle-united|tottenham-hotspur,1213,2012-08-18,train
1213|2012-08-18|queens-park-rangers|swansea-city,1213,2012-08-18,train
1213|2012-08-18|reading|stoke-city,1213,2012-08-18,train
1213|2012-08-18|west-bromwich-albion|liverpool,1213,2012-08-18,train
1213|2012-08-18|west-ham-united|aston-villa,1213,2012-08-18,train
1213|2012-08-19|manchester-city|southampton,1213,2012-08-19,train
1213|2012-08-19|wigan-athletic|chelsea,1213,2012-08-19,train
1213|2012-08-20|everton|manchester-united,1213,2012-08-20,train
1213|2012-08-22|chelsea|reading,1213,2012-08-22,train
1213|2012-08-25|aston-villa|everton,1213,2012-08-25,train
1213|2012-08-25|chelsea|newcastle-united,1213,2012-08-25,train
1213|2012-08-25|manchester-united|fulham,1213,2012-08-25,train
1213|2012-08-25|norwich-city|queens-park-rangers,1213,2012-08-25,train
1213|2012-08-25|southampton|wigan-athletic,1213,2012-08-25,train
1213|2012-08-25|swansea-city|west-ham-united,1213,2012-08-25,train
1213|2012-08-25|tottenham-hotspur|west-bromwich-albion,1213,2012-08-25,train
1213|2012-08-26|liverpool|manchester-city,1213,2012-08-26,train
1213|2012-08-26|stoke-city|arsenal,1213,2012-08-26,train
1213|2012-09-01|manchester-city|queens-park-rangers,1213,2012-09-01,train
1213|2012-09-01|swansea-city|sunderland,1213,2012-09-01,train
1213|2012-09-01|tottenham-hotspur|norwich-city,1213,2012-09-01,train
1213|2012-09-01|west-bromwich-albion|everton,1213,2012-09-01,train
1213|2012-09-01|west-ham-united|fulham,1213,2012-09-01,train
1213|2012-09-01|wigan-athletic|stoke-city,1213,2012-09-01,train
1213|2012-09-02|liverpool|arsenal,1213,2012-09-02,train
1213|2012-09-02|newcastle-united|aston-villa,1213,2012-09-02,train
1213|2012-09-02|southampton|manchester-united,1213,2012-09-02,train
1213|2012-09-15|arsenal|southampton,1213,2012-09-15,train
1213|2012-09-15|aston-villa|swansea-city,1213,2012-09-15,train
1213|2012-09-15|fulham|west-bromwich-albion,1213,2012-09-15,train
1213|2012-09-15|manchester-united|wigan-athletic,1213,2012-09-15,train
1213|2012-09-15|norwich-city|west-ham-united,1213,2012-09-15,train
1213|2012-09-15|queens-park-rangers|chelsea,1213,2012-09-15,train
1213|2012-09-15|stoke-city|manchester-city,1213,2012-09-15,train
1213|2012-09-15|sunderland|liverpool,1213,2012-09-15,train
1213|2012-09-16|reading|tottenham-hotspur,1213,2012-09-16,train
1213|2012-09-17|everton|newcastle-united,1213,2012-09-17,train
1213|2012-09-22|chelsea|stoke-city,1213,2012-09-22,train
1213|2012-09-22|southampton|aston-villa,1213,2012-09-22,train
1213|2012-09-22|swansea-city|everton,1213,2012-09-22,train
1213|2012-09-22|west-bromwich-albion|reading,1213,2012-09-22,train
1213|2012-09-22|west-ham-united|sunderland,1213,2012-09-22,train
1213|2012-09-22|wigan-athletic|fulham,1213,2012-09-22,train
1213|2012-09-23|liverpool|manchester-united,1213,2012-09-23,train
1213|2012-09-23|manchester-city|arsenal,1213,2012-09-23,train
1213|2012-09-23|newcastle-united|norwich-city,1213,2012-09-23,train
1213|2012-09-23|tottenham-hotspur|queens-park-rangers,1213,2012-09-23,train
1213|2012-09-29|arsenal|chelsea,1213,2012-09-29,train
1213|2012-09-29|everton|southampton,1213,2012-09-29,train
1213|2012-09-29|fulham|manchester-city,1213,2012-09-29,train
1213|2012-09-29|manchester-united|tottenham-hotspur,1213,2012-09-29,train
1213|2012-09-29|norwich-city|liverpool,1213,2012-09-29,train
1213|2012-09-29|reading|newcastle-united,1213,2012-09-29,train
1213|2012-09-29|stoke-city|swansea-city,1213,2012-09-29,train
1213|2012-09-29|sunderland|wigan-athletic,1213,2012-09-29,train
1213|2012-09-30|aston-villa|west-bromwich-albion,1213,2012-09-30,train
1213|2012-10-01|queens-park-rangers|west-ham-united,1213,2012-10-01,train
1213|2012-10-06|chelsea|norwich-city,1213,2012-10-06,train
1213|2012-10-06|manchester-city|sunderland,1213,2012-10-06,train
1213|2012-10-06|swansea-city|reading,1213,2012-10-06,train
1213|2012-10-06|west-bromwich-albion|queens-park-rangers,1213,2012-10-06,train
1213|2012-10-06|west-ham-united|arsenal,1213,2012-10-06,train
1213|2012-10-06|wigan-athletic|everton,1213,2012-10-06,train
1213|2012-10-07|liverpool|stoke-city,1213,2012-10-07,train
1213|2012-10-07|newcastle-united|manchester-united,1213,2012-10-07,train
1213|2012-10-07|southampton|fulham,1213,2012-10-07,train
1213|2012-10-07|tottenham-hotspur|aston-villa,1213,2012-10-07,train
1213|2012-10-20|fulham|aston-villa,1213,2012-10-20,train
1213|2012-10-20|liverpool|reading,1213,2012-10-20,train
1213|2012-10-20|manchester-united|stoke-city,1213,2012-10-20,train
1213|2012-10-20|norwich-city|arsenal,1213,2012-10-20,train
1213|2012-10-20|swansea-city|wigan-athletic,1213,2012-10-20,train
1213|2012-10-20|tottenham-hotspur|chelsea,1213,2012-10-20,train
1213|2012-10-20|west-bromwich-albion|manchester-city,1213,2012-10-20,train
1213|2012-10-20|west-ham-united|southampton,1213,2012-10-20,train
1213|2012-10-21|queens-park-rangers|everton,1213,2012-10-21,train
1213|2012-10-21|sunderland|newcastle-united,1213,2012-10-21,train
1213|2012-10-27|arsenal|queens-park-rangers,1213,2012-10-27,train
1213|2012-10-27|aston-villa|norwich-city,1213,2012-10-27,train
1213|2012-10-27|manchester-city|swansea-city,1213,2012-10-27,train
1213|2012-10-27|reading|fulham,1213,2012-10-27,train
1213|2012-10-27|stoke-city|sunderland,1213,2012-10-27,train
1213|2012-10-27|wigan-athletic|west-ham-united,1213,2012-10-27,train
1213|2012-10-28|chelsea|manchester-united,1213,2012-10-28,train
1213|2012-10-28|everton|liverpool,1213,2012-10-28,train
1213|2012-10-28|newcastle-united|west-bromwich-albion,1213,2012-10-28,train
1213|2012-10-28|southampton|tottenham-hotspur,1213,2012-10-28,train
1213|2012-11-03|fulham|everton,1213,2012-11-03,train
1213|2012-11-03|manchester-united|arsenal,1213,2012-11-03,train
1213|2012-11-03|norwich-city|stoke-city,1213,2012-11-03,train
1213|2012-11-03|sunderland|aston-villa,1213,2012-11-03,train
1213|2012-11-03|swansea-city|chelsea,1213,2012-11-03,train
1213|2012-11-03|tottenham-hotspur|wigan-athletic,1213,2012-11-03,train
1213|2012-11-03|west-ham-united|manchester-city,1213,2012-11-03,train
1213|2012-11-04|liverpool|newcastle-united,1213,2012-11-04,train
1213|2012-11-04|queens-park-rangers|reading,1213,2012-11-04,train
1213|2012-11-05|west-bromwich-albion|southampton,1213,2012-11-05,train
1213|2012-11-10|arsenal|fulham,1213,2012-11-10,train
1213|2012-11-10|aston-villa|manchester-united,1213,2012-11-10,train
1213|2012-11-10|everton|sunderland,1213,2012-11-10,train
1213|2012-11-10|reading|norwich-city,1213,2012-11-10,train
1213|2012-11-10|southampton|swansea-city,1213,2012-11-10,train
1213|2012-11-10|stoke-city|queens-park-rangers,1213,2012-11-10,train
1213|2012-11-10|wigan-athletic|west-bromwich-albion,1213,2012-11-10,train
1213|2012-11-11|chelsea|liverpool,1213,2012-11-11,train
1213|2012-11-11|manchester-city|tottenham-hotspur,1213,2012-11-11,train
1213|2012-11-11|newcastle-united|west-ham-united,1213,2012-11-11,train
1213|2012-11-17|arsenal|tottenham-hotspur,1213,2012-11-17,train
1213|2012-11-17|liverpool|wigan-athletic,1213,2012-11-17,train
1213|2012-11-17|manchester-city|aston-villa,1213,2012-11-17,train
1213|2012-11-17|newcastle-united|swansea-city,1213,2012-11-17,train
1213|2012-11-17|norwich-city|manchester-united,1213,2012-11-17,train
1213|2012-11-17|queens-park-rangers|southampton,1213,2012-11-17,train
1213|2012-11-17|reading|everton,1213,2012-11-17,train
1213|2012-11-17|west-bromwich-albion|chelsea,1213,2012-11-17,train
1213|2012-11-18|fulham|sunderland,1213,2012-11-18,train
1213|2012-11-19|west-ham-united|stoke-city,1213,2012-11-19,train
1213|2012-11-24|aston-villa|arsenal,1213,2012-11-24,train
1213|2012-11-24|everton|norwich-city,1213,2012-11-24,train
1213|2012-11-24|manchester-united|queens-park-rangers,1213,2012-11-24,train
1213|2012-11-24|stoke-city|fulham,1213,2012-11-24,train
1213|2012-11-24|sunderland|west-bromwich-albion,1213,2012-11-24,train
1213|2012-11-24|wigan-athletic|reading,1213,2012-11-24,train
1213|2012-11-25|chelsea|manchester-city,1213,2012-11-25,train
1213|2012-11-25|southampton|newcastle-united,1213,2012-11-25,train
1213|2012-11-25|swansea-city|liverpool,1213,2012-11-25,train
1213|2012-11-25|tottenham-hotspur|west-ham-united,1213,2012-11-25,train
1213|2012-11-27|aston-villa|reading,1213,2012-11-27,train
1213|2012-11-27|sunderland|queens-park-rangers,1213,2012-11-27,train
1213|2012-11-28|chelsea|fulham,1213,2012-11-28,train
1213|2012-11-28|everton|arsenal,1213,2012-11-28,train
1213|2012-11-28|manchester-united|west-ham-united,1213,2012-11-28,train
1213|2012-11-28|southampton|norwich-city,1213,2012-11-28,train
1213|2012-11-28|stoke-city|newcastle-united,1213,2012-11-28,train
1213|2012-11-28|swansea-city|west-bromwich-albion,1213,2012-11-28,train
1213|2012-11-28|tottenham-hotspur|liverpool,1213,2012-11-28,train
1213|2012-11-28|wigan-athletic|manchester-city,1213,2012-11-28,train
1213|2012-12-01|arsenal|swansea-city,1213,2012-12-01,train
1213|2012-12-01|fulham|tottenham-hotspur,1213,2012-12-01,train
1213|2012-12-01|liverpool|southampton,1213,2012-12-01,train
1213|2012-12-01|manchester-city|everton,1213,2012-12-01,train
1213|2012-12-01|queens-park-rangers|aston-villa,1213,2012-12-01,train
1213|2012-12-01|reading|manchester-united,1213,2012-12-01,train
1213|2012-12-01|west-bromwich-albion|stoke-city,1213,2012-12-01,train
1213|2012-12-01|west-ham-united|chelsea,1213,2012-12-01,train
1213|2012-12-02|norwich-city|sunderland,1213,2012-12-02,train
1213|2012-12-03|newcastle-united|wigan-athletic,1213,2012-12-03,train
1213|2012-12-08|arsenal|west-bromwich-albion,1213,2012-12-08,train
1213|2012-12-08|aston-villa|stoke-city,1213,2012-12-08,train
1213|2012-12-08|southampton|reading,1213,2012-12-08,train
1213|2012-12-08|sunderland|chelsea,1213,2012-12-08,train
1213|2012-12-08|swansea-city|norwich-city,1213,2012-12-08,train
1213|2012-12-08|wigan-athletic|queens-park-rangers,1213,2012-12-08,train
1213|2012-12-09|everton|tottenham-hotspur,1213,2012-12-09,train
1213|2012-12-09|manchester-city|manchester-united,1213,2012-12-09,train
1213|2012-12-09|west-ham-united|liverpool,1213,2012-12-09,train
1213|2012-12-10|fulham|newcastle-united,1213,2012-12-10,train
1213|2012-12-11|sunderland|reading,1213,2012-12-11,train
1213|2012-12-15|liverpool|aston-villa,1213,2012-12-15,train
1213|2012-12-15|manchester-united|sunderland,1213,2012-12-15,train
1213|2012-12-15|newcastle-united|manchester-city,1213,2012-12-15,train
1213|2012-12-15|norwich-city|wigan-athletic,1213,2012-12-15,train
1213|2012-12-15|queens-park-rangers|fulham,1213,2012-12-15,train
1213|2012-12-15|stoke-city|everton,1213,2012-12-15,train
1213|2012-12-16|tottenham-hotspur|swansea-city,1213,2012-12-16,train
1213|2012-12-16|west-bromwich-albion|west-ham-united,1213,2012-12-16,train
1213|2012-12-17|reading|arsenal,1213,2012-12-17,train
1213|2012-12-22|liverpool|fulham,1213,2012-12-22,train
1213|2012-12-22|manchester-city|reading,1213,2012-12-22,train
1213|2012-12-22|newcastle-united|queens-park-rangers,1213,2012-12-22,train
1213|2012-12-22|southampton|sunderland,1213,2012-12-22,train
1213|2012-12-22|tottenham-hotspur|stoke-city,1213,2012-12-22,train
1213|2012-12-22|west-bromwich-albion|norwich-city,1213,2012-12-22,train
1213|2012-12-22|west-ham-united|everton,1213,2012-12-22,train
1213|2012-12-22|wigan-athletic|arsenal,1213,2012-12-22,train
1213|2012-12-23|chelsea|aston-villa,1213,2012-12-23,train
1213|2012-12-23|swansea-city|manchester-united,1213,2012-12-23,train
1213|2012-12-26|aston-villa|tottenham-hotspur,1213,2012-12-26,train
1213|2012-12-26|everton|wigan-athletic,1213,2012-12-26,train
1213|2012-12-26|fulham|southampton,1213,2012-12-26,train
1213|2012-12-26|manchester-united|newcastle-united,1213,2012-12-26,train
1213|2012-12-26|norwich-city|chelsea,1213,2012-12-26,train
1213|2012-12-26|queens-park-rangers|west-bromwich-albion,1213,2012-12-26,train
1213|2012-12-26|reading|swansea-city,1213,2012-12-26,train
1213|2012-12-26|stoke-city|liverpool,1213,2012-12-26,train
1213|2012-12-26|sunderland|manchester-city,1213,2012-12-26,train
1213|2012-12-29|arsenal|newcastle-united,1213,2012-12-29,train
1213|2012-12-29|aston-villa|wigan-athletic,1213,2012-12-29,train
1213|2012-12-29|fulham|swansea-city,1213,2012-12-29,train
1213|2012-12-29|manchester-united|west-bromwich-albion,1213,2012-12-29,train
1213|2012-12-29|norwich-city|manchester-city,1213,2012-12-29,train
1213|2012-12-29|reading|west-ham-united,1213,2012-12-29,train
1213|2012-12-29|stoke-city|southampton,1213,2012-12-29,train
1213|2012-12-29|sunderland|tottenham-hotspur,1213,2012-12-29,train
1213|2012-12-30|everton|chelsea,1213,2012-12-30,train
1213|2012-12-30|queens-park-rangers|liverpool,1213,2012-12-30,train
1213|2013-01-01|manchester-city|stoke-city,1213,2013-01-01,train
1213|2013-01-01|southampton|arsenal,1213,2013-01-01,train
1213|2013-01-01|swansea-city|aston-villa,1213,2013-01-01,train
1213|2013-01-01|tottenham-hotspur|reading,1213,2013-01-01,train
1213|2013-01-01|west-bromwich-albion|fulham,1213,2013-01-01,train
1213|2013-01-01|west-ham-united|norwich-city,1213,2013-01-01,train
1213|2013-01-01|wigan-athletic|manchester-united,1213,2013-01-01,train
1213|2013-01-02|chelsea|queens-park-rangers,1213,2013-01-02,train
1213|2013-01-02|liverpool|sunderland,1213,2013-01-02,train
1213|2013-01-02|newcastle-united|everton,1213,2013-01-02,train
1213|2013-01-12|aston-villa|southampton,1213,2013-01-12,train
1213|2013-01-12|everton|swansea-city,1213,2013-01-12,train
1213|2013-01-12|fulham|wigan-athletic,1213,2013-01-12,train
1213|2013-01-12|norwich-city|newcastle-united,1213,2013-01-12,train
1213|2013-01-12|queens-park-rangers|tottenham-hotspur,1213,2013-01-12,train
1213|2013-01-12|reading|west-bromwich-albion,1213,2013-01-12,train
1213|2013-01-12|stoke-city|chelsea,1213,2013-01-12,train
1213|2013-01-12|sunderland|west-ham-united,1213,2013-01-12,train
1213|2013-01-13|arsenal|manchester-city,1213,2013-01-13,train
1213|2013-01-13|manchester-united|liverpool,1213,2013-01-13,train
1213|2013-01-16|chelsea|southampton,1213,2013-01-16,train
1213|2013-01-19|liverpool|norwich-city,1213,2013-01-19,train
1213|2013-01-19|manchester-city|fulham,1213,2013-01-19,train
1213|2013-01-19|newcastle-united|reading,1213,2013-01-19,train
1213|2013-01-19|swansea-city|stoke-city,1213,2013-01-19,train
1213|2013-01-19|west-bromwich-albion|aston-villa,1213,2013-01-19,train
1213|2013-01-19|west-ham-united|queens-park-rangers,1213,2013-01-19,train
1213|2013-01-19|wigan-athletic|sunderland,1213,2013-01-19,train
1213|2013-01-20|chelsea|arsenal,1213,2013-01-20,train
1213|2013-01-20|tottenham-hotspur|manchester-united,1213,2013-01-20,train
1213|2013-01-21|southampton|everton,1213,2013-01-21,train
1213|2013-01-23|arsenal|west-ham-united,1213,2013-01-23,train
1213|2013-01-29|aston-villa|newcastle-united,1213,2013-01-29,train
1213|2013-01-29|queens-park-rangers|manchester-city,1213,2013-01-29,train
1213|2013-01-29|stoke-city|wigan-athletic,1213,2013-01-29,train
1213|2013-01-29|sunderland|swansea-city,1213,2013-01-29,train
1213|2013-01-30|arsenal|liverpool,1213,2013-01-30,train
1213|2013-01-30|everton|west-bromwich-albion,1213,2013-01-30,train
1213|2013-01-30|fulham|west-ham-united,1213,2013-01-30,train
1213|2013-01-30|manchester-united|southampton,1213,2013-01-30,train
1213|2013-01-30|norwich-city|tottenham-hotspur,1213,2013-01-30,train
1213|2013-01-30|reading|chelsea,1213,2013-01-30,train
1213|2013-02-02|arsenal|stoke-city,1213,2013-02-02,train
1213|2013-02-02|everton|aston-villa,1213,2013-02-02,train
1213|2013-02-02|fulham|manchester-united,1213,2013-02-02,train
1213|2013-02-02|newcastle-united|chelsea,1213,2013-02-02,train
1213|2013-02-02|queens-park-rangers|norwich-city,1213,2013-02-02,train
1213|2013-02-02|reading|sunderland,1213,2013-02-02,train
1213|2013-02-02|west-ham-united|swansea-city,1213,2013-02-02,train
1213|2013-02-02|wigan-athletic|southampton,1213,2013-02-02,train
1213|2013-02-03|manchester-city|liverpool,1213,2013-02-03,train
1213|2013-02-03|west-bromwich-albion|tottenham-hotspur,1213,2013-02-03,train
1213|2013-02-09|chelsea|wigan-athletic,1213,2013-02-09,train
1213|2013-02-09|norwich-city|fulham,1213,2013-02-09,train
1213|2013-02-09|southampton|manchester-city,1213,2013-02-09,train
1213|2013-02-09|stoke-city|reading,1213,2013-02-09,train
1213|2013-02-09|sunderland|arsenal,1213,2013-02-09,train
1213|2013-02-09|swansea-city|queens-park-rangers,1213,2013-02-09,train
1213|2013-02-09|tottenham-hotspur|newcastle-united,1213,2013-02-09,train
1213|2013-02-10|aston-villa|west-ham-united,1213,2013-02-10,train
1213|2013-02-10|manchester-united|everton,1213,2013-02-10,train
1213|2013-02-11|liverpool|west-bromwich-albion,1213,2013-02-11,train
1213|2013-02-17|liverpool|swansea-city,1213,2013-02-17,train
1213|2013-02-23|arsenal|aston-villa,1213,2013-02-23,train
1213|2013-02-23|fulham|stoke-city,1213,2013-02-23,train
1213|2013-02-23|norwich-city|everton,1213,2013-02-23,train
1213|2013-02-23|queens-park-rangers|manchester-united,1213,2013-02-23,train
1213|2013-02-23|reading|wigan-athletic,1213,2013-02-23,train
1213|2013-02-23|west-bromwich-albion|sunderland,1213,2013-02-23,train
1213|2013-02-24|manchester-city|chelsea,1213,2013-02-24,train
1213|2013-02-24|newcastle-united|southampton,1213,2013-02-24,train
1213|2013-02-25|west-ham-united|tottenham-hotspur,1213,2013-02-25,train
1213|2013-03-02|chelsea|west-bromwich-albion,1213,2013-03-02,train
1213|2013-03-02|everton|reading,1213,2013-03-02,train
1213|2013-03-02|manchester-united|norwich-city,1213,2013-03-02,train
1213|2013-03-02|southampton|queens-park-rangers,1213,2013-03-02,train
1213|2013-03-02|stoke-city|west-ham-united,1213,2013-03-02,train
1213|2013-03-02|sunderland|fulham,1213,2013-03-02,train
1213|2013-03-02|swansea-city|newcastle-united,1213,2013-03-02,train
1213|2013-03-02|wigan-athletic|liverpool,1213,2013-03-02,train
1213|2013-03-03|tottenham-hotspur|arsenal,1213,2013-03-03,train
1213|2013-03-04|aston-villa|manchester-city,1213,2013-03-04,train
1213|2013-03-09|norwich-city|southampton,1213,2013-03-09,train
1213|2013-03-09|queens-park-rangers|sunderland,1213,2013-03-09,train
1213|2013-03-09|reading|aston-villa,1213,2013-03-09,train
1213|2013-03-09|west-bromwich-albion|swansea-city,1213,2013-03-09,train
1213|2013-03-10|liverpool|tottenham-hotspur,1213,2013-03-10,train
1213|2013-03-10|newcastle-united|stoke-city,1213,2013-03-10,train
1213|2013-03-16|aston-villa|queens-park-rangers,1213,2013-03-16,train
1213|2013-03-16|everton|manchester-city,1213,2013-03-16,train
1213|2013-03-16|manchester-united|reading,1213,2013-03-16,train
1213|2013-03-16|southampton|liverpool,1213,2013-03-16,train
1213|2013-03-16|stoke-city|west-bromwich-albion,1213,2013-03-16,train
1213|2013-03-16|swansea-city|arsenal,1213,2013-03-16,train
1213|2013-03-17|chelsea|west-ham-united,1213,2013-03-17,train
1213|2013-03-17|sunderland|norwich-city,1213,2013-03-17,train
1213|2013-03-17|tottenham-hotspur|fulham,1213,2013-03-17,train
1213|2013-03-17|wigan-athletic|newcastle-united,1213,2013-03-17,train
1213|2013-03-30|arsenal|reading,1213,2013-03-30,train
1213|2013-03-30|everton|stoke-city,1213,2013-03-30,train
1213|2013-03-30|manchester-city|newcastle-united,1213,2013-03-30,train
1213|2013-03-30|southampton|chelsea,1213,2013-03-30,train
1213|2013-03-30|sunderland|manchester-united,1213,2013-03-30,train
1213|2013-03-30|swansea-city|tottenham-hotspur,1213,2013-03-30,train
1213|2013-03-30|west-ham-united|west-bromwich-albion,1213,2013-03-30,train
1213|2013-03-30|wigan-athletic|norwich-city,1213,2013-03-30,train
1213|2013-03-31|aston-villa|liverpool,1213,2013-03-31,train
1213|2013-04-01|fulham|queens-park-rangers,1213,2013-04-01,train
1213|2013-04-06|norwich-city|swansea-city,1213,2013-04-06,train
1213|2013-04-06|reading|southampton,1213,2013-04-06,train
1213|2013-04-06|stoke-city|aston-villa,1213,2013-04-06,train
1213|2013-04-06|west-bromwich-albion|arsenal,1213,2013-04-06,train
1213|2013-04-07|chelsea|sunderland,1213,2013-04-07,train
1213|2013-04-07|liverpool|west-ham-united,1213,2013-04-07,train
1213|2013-04-07|newcastle-united|fulham,1213,2013-04-07,train
1213|2013-04-07|queens-park-rangers|wigan-athletic,1213,2013-04-07,train
1213|2013-04-07|tottenham-hotspur|everton,1213,2013-04-07,train
1213|2013-04-08|manchester-united|manchester-city,1213,2013-04-08,train
1213|2013-04-13|arsenal|norwich-city,1213,2013-04-13,train
1213|2013-04-13|aston-villa|fulham,1213,2013-04-13,train
1213|2013-04-13|everton|queens-park-rangers,1213,2013-04-13,train
1213|2013-04-13|reading|liverpool,1213,2013-04-13,train
1213|2013-04-13|southampton|west-ham-united,1213,2013-04-13,train
1213|2013-04-14|newcastle-united|sunderland,1213,2013-04-14,train
1213|2013-04-14|stoke-city|manchester-united,1213,2013-04-14,train
1213|2013-04-16|arsenal|everton,1213,2013-04-16,train
1213|2013-04-17|fulham|chelsea,1213,2013-04-17,train
1213|2013-04-17|manchester-city|wigan-athletic,1213,2013-04-17,train
1213|2013-04-17|west-ham-united|manchester-united,1213,2013-04-17,train
1213|2013-04-20|fulham|arsenal,1213,2013-04-20,train
1213|2013-04-20|norwich-city|reading,1213,2013-04-20,train
1213|2013-04-20|queens-park-rangers|stoke-city,1213,2013-04-20,train
1213|2013-04-20|sunderland|everton,1213,2013-04-20,train
1213|2013-04-20|swansea-city|southampton,1213,2013-04-20,train
1213|2013-04-20|west-bromwich-albion|newcastle-united,1213,2013-04-20,train
1213|2013-04-20|west-ham-united|wigan-athletic,1213,2013-04-20,train
1213|2013-04-21|liverpool|chelsea,1213,2013-04-21,train
1213|2013-04-21|tottenham-hotspur|manchester-city,1213,2013-04-21,train
1213|2013-04-22|manchester-united|aston-villa,1213,2013-04-22,train
1213|2013-04-27|everton|fulham,1213,2013-04-27,train
1213|2013-04-27|manchester-city|west-ham-united,1213,2013-04-27,train
1213|2013-04-27|newcastle-united|liverpool,1213,2013-04-27,train
1213|2013-04-27|southampton|west-bromwich-albion,1213,2013-04-27,train
1213|2013-04-27|stoke-city|norwich-city,1213,2013-04-27,train
1213|2013-04-27|wigan-athletic|tottenham-hotspur,1213,2013-04-27,train
1213|2013-04-28|arsenal|manchester-united,1213,2013-04-28,train
1213|2013-04-28|chelsea|swansea-city,1213,2013-04-28,train
1213|2013-04-28|reading|queens-park-rangers,1213,2013-04-28,train
1213|2013-04-29|aston-villa|sunderland,1213,2013-04-29,train
1213|2013-05-04|fulham|reading,1213,2013-05-04,train
1213|2013-05-04|norwich-city|aston-villa,1213,2013-05-04,train
1213|2013-05-04|queens-park-rangers|arsenal,1213,2013-05-04,train
1213|2013-05-04|swansea-city|manchester-city,1213,2013-05-04,train
1213|2013-05-04|tottenham-hotspur|southampton,1213,2013-05-04,train
1213|2013-05-04|west-bromwich-albion|wigan-athletic,1213,2013-05-04,train
1213|2013-05-04|west-ham-united|newcastle-united,1213,2013-05-04,train
1213|2013-05-05|liverpool|everton,1213,2013-05-05,train
1213|2013-05-05|manchester-united|chelsea,1213,2013-05-05,train
1213|2013-05-06|sunderland|stoke-city,1213,2013-05-06,train
1213|2013-05-07|manchester-city|west-bromwich-albion,1213,2013-05-07,train
1213|2013-05-07|wigan-athletic|swansea-city,1213,2013-05-07,train
1213|2013-05-08|chelsea|tottenham-hotspur,1213,2013-05-08,train
1213|2013-05-11|aston-villa|chelsea,1213,2013-05-11,train
1213|2013-05-12|everton|west-ham-united,1213,2013-05-12,train
1213|2013-05-12|fulham|liverpool,1213,2013-05-12,train
1213|2013-05-12|manchester-united|swansea-city,1213,2013-05-12,train
1213|2013-05-12|norwich-city|west-bromwich-albion,1213,2013-05-12,train
1213|2013-05-12|queens-park-rangers|newcastle-united,1213,2013-05-12,train
1213|2013-05-12|stoke-city|tottenham-hotspur,1213,2013-05-12,train
1213|2013-05-12|sunderland|southampton,1213,2013-05-12,train
1213|2013-05-14|arsenal|wigan-athletic,1213,2013-05-14,train
1213|2013-05-14|reading|manchester-city,1213,2013-05-14,train
1213|2013-05-19|chelsea|everton,1213,2013-05-19,train
1213|2013-05-19|liverpool|queens-park-rangers,1213,2013-05-19,train
1213|2013-05-19|manchester-city|norwich-city,1213,2013-05-19,train
1213|2013-05-19|newcastle-united|arsenal,1213,2013-05-19,train
1213|2013-05-19|southampton|stoke-city,1213,2013-05-19,train
1213|2013-05-19|swansea-city|fulham,1213,2013-05-19,train
1213|2013-05-19|tottenham-hotspur|sunderland,1213,2013-05-19,train
1213|2013-05-19|west-bromwich-albion|manchester-united,1213,2013-05-19,train
1213|2013-05-19|west-ham-united|reading,1213,2013-05-19,train
1213|2013-05-19|wigan-athletic|aston-villa,1213,2013-05-19,train
1314|2013-08-17|arsenal|aston-villa,1314,2013-08-17,train
1314|2013-08-17|liverpool|stoke-city,1314,2013-08-17,train
1314|2013-08-17|norwich-city|everton,1314,2013-08-17,train
1314|2013-08-17|sunderland|fulham,1314,2013-08-17,train
1314|2013-08-17|swansea-city|manchester-united,1314,2013-08-17,train
1314|2013-08-17|west-bromwich-albion|southampton,1314,2013-08-17,train
1314|2013-08-17|west-ham-united|cardiff-city,1314,2013-08-17,train
1314|2013-08-18|chelsea|hull-city,1314,2013-08-18,train
1314|2013-08-18|crystal-palace|tottenham-hotspur,1314,2013-08-18,train
1314|2013-08-19|manchester-city|newcastle-united,1314,2013-08-19,train
1314|2013-08-21|chelsea|aston-villa,1314,2013-08-21,train
1314|2013-08-24|aston-villa|liverpool,1314,2013-08-24,train
1314|2013-08-24|everton|west-bromwich-albion,1314,2013-08-24,train
1314|2013-08-24|fulham|arsenal,1314,2013-08-24,train
1314|2013-08-24|hull-city|norwich-city,1314,2013-08-24,train
1314|2013-08-24|newcastle-united|west-ham-united,1314,2013-08-24,train
1314|2013-08-24|southampton|sunderland,1314,2013-08-24,train
1314|2013-08-24|stoke-city|crystal-palace,1314,2013-08-24,train
1314|2013-08-25|cardiff-city|manchester-city,1314,2013-08-25,train
1314|2013-08-25|tottenham-hotspur|swansea-city,1314,2013-08-25,train
1314|2013-08-26|manchester-united|chelsea,1314,2013-08-26,train
1314|2013-08-31|cardiff-city|everton,1314,2013-08-31,train
1314|2013-08-31|crystal-palace|sunderland,1314,2013-08-31,train
1314|2013-08-31|manchester-city|hull-city,1314,2013-08-31,train
1314|2013-08-31|newcastle-united|fulham,1314,2013-08-31,train
1314|2013-08-31|norwich-city|southampton,1314,2013-08-31,train
1314|2013-08-31|west-ham-united|stoke-city,1314,2013-08-31,train
1314|2013-09-01|arsenal|tottenham-hotspur,1314,2013-09-01,train
1314|2013-09-01|liverpool|manchester-united,1314,2013-09-01,train
1314|2013-09-01|west-bromwich-albion|swansea-city,1314,2013-09-01,train
1314|2013-09-14|aston-villa|newcastle-united,1314,2013-09-14,train
1314|2013-09-14|everton|chelsea,1314,2013-09-14,train
1314|2013-09-14|fulham|west-bromwich-albion,1314,2013-09-14,train
1314|2013-09-14|hull-city|cardiff-city,1314,2013-09-14,train
1314|2013-09-14|manchester-united|crystal-palace,1314,2013-09-14,train
1314|2013-09-14|stoke-city|manchester-city,1314,2013-09-14,train
1314|2013-09-14|sunderland|arsenal,1314,2013-09-14,train
1314|2013-09-14|tottenham-hotspur|norwich-city,1314,2013-09-14,train
1314|2013-09-15|southampton|west-ham-united,1314,2013-09-15,train
1314|2013-09-16|swansea-city|liverpool,1314,2013-09-16,train
1314|2013-09-21|chelsea|fulham,1314,2013-09-21,train
1314|2013-09-21|liverpool|southampton,1314,2013-09-21,train
1314|2013-09-21|newcastle-united|hull-city,1314,2013-09-21,train
1314|2013-09-21|norwich-city|aston-villa,1314,2013-09-21,train
1314|2013-09-21|west-bromwich-albion|sunderland,1314,2013-09-21,train
1314|2013-09-21|west-ham-united|everton,1314,2013-09-21,train
1314|2013-09-22|arsenal|stoke-city,1314,2013-09-22,train
1314|2013-09-22|cardiff-city|tottenham-hotspur,1314,2013-09-22,train
1314|2013-09-22|crystal-palace|swansea-city,1314,2013-09-22,train
1314|2013-09-22|manchester-city|manchester-united,1314,2013-09-22,train
1314|2013-09-28|aston-villa|manchester-city,1314,2013-09-28,train
1314|2013-09-28|fulham|cardiff-city,1314,2013-09-28,train
1314|2013-09-28|hull-city|west-ham-united,1314,2013-09-28,train
1314|2013-09-28|manchester-united|west-bromwich-albion,1314,2013-09-28,train
1314|2013-09-28|southampton|crystal-palace,1314,2013-09-28,train
1314|2013-09-28|swansea-city|arsenal,1314,2013-09-28,train
1314|2013-09-28|tottenham-hotspur|chelsea,1314,2013-09-28,train
1314|2013-09-29|stoke-city|norwich-city,1314,2013-09-29,train
1314|2013-09-29|sunderland|liverpool,1314,2013-09-29,train
1314|2013-09-30|everton|newcastle-united,1314,2013-09-30,train
1314|2013-10-05|cardiff-city|newcastle-united,1314,2013-10-05,train
1314|2013-10-05|fulham|stoke-city,1314,2013-10-05,train
1314|2013-10-05|hull-city|aston-villa,1314,2013-10-05,train
1314|2013-10-05|liverpool|crystal-palace,1314,2013-10-05,train
1314|2013-10-05|manchester-city|everton,1314,2013-10-05,train
1314|2013-10-05|sunderland|manchester-united,1314,2013-10-05,train
1314|2013-10-06|norwich-city|chelsea,1314,2013-10-06,train
1314|2013-10-06|southampton|swansea-city,1314,2013-10-06,train
1314|2013-10-06|tottenham-hotspur|west-ham-united,1314,2013-10-06,train
1314|2013-10-06|west-bromwich-albion|arsenal,1314,2013-10-06,train
1314|2013-10-19|arsenal|norwich-city,1314,2013-10-19,train
1314|2013-10-19|chelsea|cardiff-city,1314,2013-10-19,train
1314|2013-10-19|everton|hull-city,1314,2013-10-19,train
1314|2013-10-19|manchester-united|southampton,1314,2013-10-19,train
1314|2013-10-19|newcastle-united|liverpool,1314,2013-10-19,train
1314|2013-10-19|stoke-city|west-bromwich-albion,1314,2013-10-19,train
1314|2013-10-19|swansea-city|sunderland,1314,2013-10-19,train
1314|2013-10-19|west-ham-united|manchester-city,1314,2013-10-19,train
1314|2013-10-20|aston-villa|tottenham-hotspur,1314,2013-10-20,train
1314|2013-10-21|crystal-palace|fulham,1314,2013-10-21,train
1314|2013-10-26|aston-villa|everton,1314,2013-10-26,train
1314|2013-10-26|crystal-palace|arsenal,1314,2013-10-26,train
1314|2013-10-26|liverpool|west-bromwich-albion,1314,2013-10-26,train
1314|2013-10-26|manchester-united|stoke-city,1314,2013-10-26,train
1314|2013-10-26|norwich-city|cardiff-city,1314,2013-10-26,train
1314|2013-10-26|southampton|fulham,1314,2013-10-26,train
1314|2013-10-27|chelsea|manchester-city,1314,2013-10-27,train
1314|2013-10-27|sunderland|newcastle-united,1314,2013-10-27,train
1314|2013-10-27|swansea-city|west-ham-united,1314,2013-10-27,train
1314|2013-10-27|tottenham-hotspur|hull-city,1314,2013-10-27,train
1314|2013-11-02|arsenal|liverpool,1314,2013-11-02,train
1314|2013-11-02|fulham|manchester-united,1314,2013-11-02,train
1314|2013-11-02|hull-city|sunderland,1314,2013-11-02,train
1314|2013-11-02|manchester-city|norwich-city,1314,2013-11-02,train
1314|2013-11-02|newcastle-united|chelsea,1314,2013-11-02,train
1314|2013-11-02|stoke-city|southampton,1314,2013-11-02,train
1314|2013-11-02|west-bromwich-albion|crystal-palace,1314,2013-11-02,train
1314|2013-11-02|west-ham-united|aston-villa,1314,2013-11-02,train
1314|2013-11-03|cardiff-city|swansea-city,1314,2013-11-03,train
1314|2013-11-03|everton|tottenham-hotspur,1314,2013-11-03,train
1314|2013-11-09|aston-villa|cardiff-city,1314,2013-11-09,train
1314|2013-11-09|chelsea|west-bromwich-albion,1314,2013-11-09,train
1314|2013-11-09|crystal-palace|everton,1314,2013-11-09,train
1314|2013-11-09|liverpool|fulham,1314,2013-11-09,train
1314|2013-11-09|norwich-city|west-ham-united,1314,2013-11-09,train
1314|2013-11-09|southampton|hull-city,1314,2013-11-09,train
1314|2013-11-10|manchester-united|arsenal,1314,2013-11-10,train
1314|2013-11-10|sunderland|manchester-city,1314,2013-11-10,train
1314|2013-11-10|swansea-city|stoke-city,1314,2013-11-10,train
1314|2013-11-10|tottenham-hotspur|newcastle-united,1314,2013-11-10,train
1314|2013-11-23|arsenal|southampton,1314,2013-11-23,train
1314|2013-11-23|everton|liverpool,1314,2013-11-23,train
1314|2013-11-23|fulham|swansea-city,1314,2013-11-23,train
1314|2013-11-23|hull-city|crystal-palace,1314,2013-11-23,train
1314|2013-11-23|newcastle-united|norwich-city,1314,2013-11-23,train
1314|2013-11-23|stoke-city|sunderland,1314,2013-11-23,train
1314|2013-11-23|west-ham-united|chelsea,1314,2013-11-23,train
1314|2013-11-24|cardiff-city|manchester-united,1314,2013-11-24,train
1314|2013-11-24|manchester-city|tottenham-hotspur,1314,2013-11-24,train
1314|2013-11-25|west-bromwich-albion|aston-villa,1314,2013-11-25,train
1314|2013-11-30|aston-villa|sunderland,1314,2013-11-30,train
1314|2013-11-30|cardiff-city|arsenal,1314,2013-11-30,train
1314|2013-11-30|everton|stoke-city,1314,2013-11-30,train
1314|2013-11-30|newcastle-united|west-bromwich-albion,1314,2013-11-30,train
1314|2013-11-30|norwich-city|crystal-palace,1314,2013-11-30,train
1314|2013-11-30|west-ham-united|fulham,1314,2013-11-30,train
1314|2013-12-01|chelsea|southampton,1314,2013-12-01,train
1314|2013-12-01|hull-city|liverpool,1314,2013-12-01,train
1314|2013-12-01|manchester-city|swansea-city,1314,2013-12-01,train
1314|2013-12-01|tottenham-hotspur|manchester-united,1314,2013-12-01,train
1314|2013-12-03|crystal-palace|west-ham-united,1314,2013-12-03,train
1314|2013-12-04|arsenal|hull-city,1314,2013-12-04,train
1314|2013-12-04|fulham|tottenham-hotspur,1314,2013-12-04,train
1314|2013-12-04|liverpool|norwich-city,1314,2013-12-04,train
1314|2013-12-04|manchester-united|everton,1314,2013-12-04,train
1314|2013-12-04|southampton|aston-villa,1314,2013-12-04,train
1314|2013-12-04|stoke-city|cardiff-city,1314,2013-12-04,train
1314|2013-12-04|sunderland|chelsea,1314,2013-12-04,train
1314|2013-12-04|swansea-city|newcastle-united,1314,2013-12-04,train
1314|2013-12-04|west-bromwich-albion|manchester-city,1314,2013-12-04,train
1314|2013-12-07|crystal-palace|cardiff-city,1314,2013-12-07,train
1314|2013-12-07|liverpool|west-ham-united,1314,2013-12-07,train
1314|2013-12-07|manchester-united|newcastle-united,1314,2013-12-07,train
1314|2013-12-07|southampton|manchester-city,1314,2013-12-07,train
1314|2013-12-07|stoke-city|chelsea,1314,2013-12-07,train
1314|2013-12-07|sunderland|tottenham-hotspur,1314,2013-12-07,train
1314|2013-12-07|west-bromwich-albion|norwich-city,1314,2013-12-07,train
1314|2013-12-08|arsenal|everton,1314,2013-12-08,train
1314|2013-12-08|fulham|aston-villa,1314,2013-12-08,train
1314|2013-12-09|swansea-city|hull-city,1314,2013-12-09,train
1314|2013-12-14|cardiff-city|west-bromwich-albion,1314,2013-12-14,train
1314|2013-12-14|chelsea|crystal-palace,1314,2013-12-14,train
1314|2013-12-14|everton|fulham,1314,2013-12-14,train
1314|2013-12-14|hull-city|stoke-city,1314,2013-12-14,train
1314|2013-12-14|manchester-city|arsenal,1314,2013-12-14,train
1314|2013-12-14|newcastle-united|southampton,1314,2013-12-14,train
1314|2013-12-14|west-ham-united|sunderland,1314,2013-12-14,train
1314|2013-12-15|aston-villa|manchester-united,1314,2013-12-15,train
1314|2013-12-15|norwich-city|swansea-city,1314,2013-12-15,train
1314|2013-12-15|tottenham-hotspur|liverpool,1314,2013-12-15,train
1314|2013-12-21|crystal-palace|newcastle-united,1314,2013-12-21,train
1314|2013-12-21|fulham|manchester-city,1314,2013-12-21,train
1314|2013-12-21|liverpool|cardiff-city,1314,2013-12-21,train
1314|2013-12-21|manchester-united|west-ham-united,1314,2013-12-21,train
1314|2013-12-21|stoke-city|aston-villa,1314,2013-12-21,train
1314|2013-12-21|sunderland|norwich-city,1314,2013-12-21,train
1314|2013-12-21|west-bromwich-albion|hull-city,1314,2013-12-21,train
1314|2013-12-22|southampton|tottenham-hotspur,1314,2013-12-22,train
1314|2013-12-22|swansea-city|everton,1314,2013-12-22,train
1314|2013-12-23|arsenal|chelsea,1314,2013-12-23,train
1314|2013-12-26|aston-villa|crystal-palace,1314,2013-12-26,train
1314|2013-12-26|cardiff-city|southampton,1314,2013-12-26,train
1314|2013-12-26|chelsea|swansea-city,1314,2013-12-26,train
1314|2013-12-26|everton|sunderland,1314,2013-12-26,train
1314|2013-12-26|hull-city|manchester-united,1314,2013-12-26,train
1314|2013-12-26|manchester-city|liverpool,1314,2013-12-26,train
1314|2013-12-26|newcastle-united|stoke-city,1314,2013-12-26,train
1314|2013-12-26|norwich-city|fulham,1314,2013-12-26,train
1314|2013-12-26|tottenham-hotspur|west-bromwich-albion,1314,2013-12-26,train
1314|2013-12-26|west-ham-united|arsenal,1314,2013-12-26,train
1314|2013-12-28|aston-villa|swansea-city,1314,2013-12-28,train
1314|2013-12-28|cardiff-city|sunderland,1314,2013-12-28,train
1314|2013-12-28|hull-city|fulham,1314,2013-12-28,train
1314|2013-12-28|manchester-city|crystal-palace,1314,2013-12-28,train
1314|2013-12-28|norwich-city|manchester-united,1314,2013-12-28,train
1314|2013-12-28|west-ham-united|west-bromwich-albion,1314,2013-12-28,train
1314|2013-12-29|chelsea|liverpool,1314,2013-12-29,train
1314|2013-12-29|everton|southampton,1314,2013-12-29,train
1314|2013-12-29|newcastle-united|arsenal,1314,2013-12-29,train
1314|2013-12-29|tottenham-hotspur|stoke-city,1314,2013-12-29,train
1314|2014-01-01|arsenal|cardiff-city,1314,2014-01-01,train
1314|2014-01-01|crystal-palace|norwich-city,1314,2014-01-01,train
1314|2014-01-01|fulham|west-ham-united,1314,2014-01-01,train
1314|2014-01-01|liverpool|hull-city,1314,2014-01-01,train
1314|2014-01-01|manchester-united|tottenham-hotspur,1314,2014-01-01,train
1314|2014-01-01|southampton|chelsea,1314,2014-01-01,train
1314|2014-01-01|stoke-city|everton,1314,2014-01-01,train
1314|2014-01-01|sunderland|aston-villa,1314,2014-01-01,train
1314|2014-01-01|swansea-city|manchester-city,1314,2014-01-01,train
1314|2014-01-01|west-bromwich-albion|newcastle-united,1314,2014-01-01,train
1314|2014-01-11|cardiff-city|west-ham-united,1314,2014-01-11,train
1314|2014-01-11|everton|norwich-city,1314,2014-01-11,train
1314|2014-01-11|fulham|sunderland,1314,2014-01-11,train
1314|2014-01-11|hull-city|chelsea,1314,2014-01-11,train
1314|2014-01-11|manchester-united|swansea-city,1314,2014-01-11,train
1314|2014-01-11|southampton|west-bromwich-albion,1314,2014-01-11,train
1314|2014-01-11|tottenham-hotspur|crystal-palace,1314,2014-01-11,train
1314|2014-01-12|newcastle-united|manchester-city,1314,2014-01-12,train
1314|2014-01-12|stoke-city|liverpool,1314,2014-01-12,train
1314|2014-01-13|aston-villa|arsenal,1314,2014-01-13,train
1314|2014-01-18|arsenal|fulham,1314,2014-01-18,train
1314|2014-01-18|crystal-palace|stoke-city,1314,2014-01-18,train
1314|2014-01-18|liverpool|aston-villa,1314,2014-01-18,train
1314|2014-01-18|manchester-city|cardiff-city,1314,2014-01-18,train
1314|2014-01-18|norwich-city|hull-city,1314,2014-01-18,train
1314|2014-01-18|sunderland|southampton,1314,2014-01-18,train
1314|2014-01-18|west-ham-united|newcastle-united,1314,2014-01-18,train
1314|2014-01-19|chelsea|manchester-united,1314,2014-01-19,train
1314|2014-01-19|swansea-city|tottenham-hotspur,1314,2014-01-19,train
1314|2014-01-20|west-bromwich-albion|everton,1314,2014-01-20,train
1314|2014-01-28|crystal-palace|hull-city,1314,2014-01-28,train
1314|2014-01-28|liverpool|everton,1314,2014-01-28,train
1314|2014-01-28|manchester-united|cardiff-city,1314,2014-01-28,train
1314|2014-01-28|norwich-city|newcastle-united,1314,2014-01-28,train
1314|2014-01-28|southampton|arsenal,1314,2014-01-28,train
1314|2014-01-28|swansea-city|fulham,1314,2014-01-28,train
1314|2014-01-29|aston-villa|west-bromwich-albion,1314,2014-01-29,train
1314|2014-01-29|chelsea|west-ham-united,1314,2014-01-29,train
1314|2014-01-29|sunderland|stoke-city,1314,2014-01-29,train
1314|2014-01-29|tottenham-hotspur|manchester-city,1314,2014-01-29,train
1314|2014-02-01|cardiff-city|norwich-city,1314,2014-02-01,train
1314|2014-02-01|everton|aston-villa,1314,2014-02-01,train
1314|2014-02-01|fulham|southampton,1314,2014-02-01,train
1314|2014-02-01|hull-city|tottenham-hotspur,1314,2014-02-01,train
1314|2014-02-01|newcastle-united|sunderland,1314,2014-02-01,train
1314|2014-02-01|stoke-city|manchester-united,1314,2014-02-01,train
1314|2014-02-01|west-ham-united|swansea-city,1314,2014-02-01,train
1314|2014-02-02|arsenal|crystal-palace,1314,2014-02-02,train
1314|2014-02-02|west-bromwich-albion|liverpool,1314,2014-02-02,train
1314|2014-02-03|manchester-city|chelsea,1314,2014-02-03,train
1314|2014-02-08|aston-villa|west-ham-united,1314,2014-02-08,train
1314|2014-02-08|chelsea|newcastle-united,1314,2014-02-08,train
1314|2014-02-08|crystal-palace|west-bromwich-albion,1314,2014-02-08,train
1314|2014-02-08|liverpool|arsenal,1314,2014-02-08,train
1314|2014-02-08|norwich-city|manchester-city,1314,2014-02-08,train
1314|2014-02-08|southampton|stoke-city,1314,2014-02-08,train
1314|2014-02-08|sunderland|hull-city,1314,2014-02-08,train
1314|2014-02-08|swansea-city|cardiff-city,1314,2014-02-08,train
1314|2014-02-09|manchester-united|fulham,1314,2014-02-09,train
1314|2014-02-09|tottenham-hotspur|everton,1314,2014-02-09,train
1314|2014-02-11|cardiff-city|aston-villa,1314,2014-02-11,train
1314|2014-02-11|hull-city|southampton,1314,2014-02-11,train
1314|2014-02-11|west-bromwich-albion|chelsea,1314,2014-02-11,train
1314|2014-02-11|west-ham-united|norwich-city,1314,2014-02-11,train
1314|2014-02-12|arsenal|manchester-united,1314,2014-02-12,train
1314|2014-02-12|fulham|liverpool,1314,2014-02-12,train
1314|2014-02-12|newcastle-united|tottenham-hotspur,1314,2014-02-12,train
1314|2014-02-12|stoke-city|swansea-city,1314,2014-02-12,train
1314|2014-02-22|arsenal|sunderland,1314,2014-02-22,train
1314|2014-02-22|cardiff-city|hull-city,1314,2014-02-22,train
1314|2014-02-22|chelsea|everton,1314,2014-02-22,train
1314|2014-02-22|crystal-palace|manchester-united,1314,2014-02-22,train
1314|2014-02-22|manchester-city|stoke-city,1314,2014-02-22,train
1314|2014-02-22|west-bromwich-albion|fulham,1314,2014-02-22,train
1314|2014-02-22|west-ham-united|southampton,1314,2014-02-22,train
1314|2014-02-23|liverpool|swansea-city,1314,2014-02-23,train
1314|2014-02-23|newcastle-united|aston-villa,1314,2014-02-23,train
1314|2014-02-23|norwich-city|tottenham-hotspur,1314,2014-02-23,train
1314|2014-03-01|everton|west-ham-united,1314,2014-03-01,train
1314|2014-03-01|fulham|chelsea,1314,2014-03-01,train
1314|2014-03-01|hull-city|newcastle-united,1314,2014-03-01,train
1314|2014-03-01|southampton|liverpool,1314,2014-03-01,train
1314|2014-03-01|stoke-city|arsenal,1314,2014-03-01,train
1314|2014-03-02|aston-villa|norwich-city,1314,2014-03-02,train
1314|2014-03-02|swansea-city|crystal-palace,1314,2014-03-02,train
1314|2014-03-02|tottenham-hotspur|cardiff-city,1314,2014-03-02,train
1314|2014-03-08|cardiff-city|fulham,1314,2014-03-08,train
1314|2014-03-08|chelsea|tottenham-hotspur,1314,2014-03-08,train
1314|2014-03-08|crystal-palace|southampton,1314,2014-03-08,train
1314|2014-03-08|norwich-city|stoke-city,1314,2014-03-08,train
1314|2014-03-08|west-bromwich-albion|manchester-united,1314,2014-03-08,train
1314|2014-03-15|aston-villa|chelsea,1314,2014-03-15,train
1314|2014-03-15|everton|cardiff-city,1314,2014-03-15,train
1314|2014-03-15|fulham|newcastle-united,1314,2014-03-15,train
1314|2014-03-15|hull-city|manchester-city,1314,2014-03-15,train
1314|2014-03-15|southampton|norwich-city,1314,2014-03-15,train
1314|2014-03-15|stoke-city|west-ham-united,1314,2014-03-15,train
1314|2014-03-15|sunderland|crystal-palace,1314,2014-03-15,train
1314|2014-03-15|swansea-city|west-bromwich-albion,1314,2014-03-15,train
1314|2014-03-16|manchester-united|liverpool,1314,2014-03-16,train
1314|2014-03-16|tottenham-hotspur|arsenal,1314,2014-03-16,train
1314|2014-03-22|cardiff-city|liverpool,1314,2014-03-22,train
1314|2014-03-22|chelsea|arsenal,1314,2014-03-22,train
1314|2014-03-22|everton|swansea-city,1314,2014-03-22,train
1314|2014-03-22|hull-city|west-bromwich-albion,1314,2014-03-22,train
1314|2014-03-22|manchester-city|fulham,1314,2014-03-22,train
1314|2014-03-22|newcastle-united|crystal-palace,1314,2014-03-22,train
1314|2014-03-22|norwich-city|sunderland,1314,2014-03-22,train
1314|2014-03-22|west-ham-united|manchester-united,1314,2014-03-22,train
1314|2014-03-23|aston-villa|stoke-city,1314,2014-03-23,train
1314|2014-03-23|tottenham-hotspur|southampton,1314,2014-03-23,train
1314|2014-03-25|arsenal|swansea-city,1314,2014-03-25,train
1314|2014-03-25|manchester-united|manchester-city,1314,2014-03-25,train
1314|2014-03-25|newcastle-united|everton,1314,2014-03-25,train
1314|2014-03-26|liverpool|sunderland,1314,2014-03-26,train
1314|2014-03-26|west-ham-united|hull-city,1314,2014-03-26,train
1314|2014-03-29|arsenal|manchester-city,1314,2014-03-29,train
1314|2014-03-29|crystal-palace|chelsea,1314,2014-03-29,train
1314|2014-03-29|manchester-united|aston-villa,1314,2014-03-29,train
1314|2014-03-29|southampton|newcastle-united,1314,2014-03-29,train
1314|2014-03-29|stoke-city|hull-city,1314,2014-03-29,train
1314|2014-03-29|swansea-city|norwich-city,1314,2014-03-29,train
1314|2014-03-29|west-bromwich-albion|cardiff-city,1314,2014-03-29,train
1314|2014-03-30|fulham|everton,1314,2014-03-30,train
1314|2014-03-30|liverpool|tottenham-hotspur,1314,2014-03-30,train
1314|2014-03-31|sunderland|west-ham-united,1314,2014-03-31,train
1314|2014-04-05|aston-villa|fulham,1314,2014-04-05,train
1314|2014-04-05|cardiff-city|crystal-palace,1314,2014-04-05,train
1314|2014-04-05|chelsea|stoke-city,1314,2014-04-05,train
1314|2014-04-05|hull-city|swansea-city,1314,2014-04-05,train
1314|2014-04-05|manchester-city|southampton,1314,2014-04-05,train
1314|2014-04-05|newcastle-united|manchester-united,1314,2014-04-05,train
1314|2014-04-05|norwich-city|west-bromwich-albion,1314,2014-04-05,train
1314|2014-04-06|everton|arsenal,1314,2014-04-06,train
1314|2014-04-06|west-ham-united|liverpool,1314,2014-04-06,train
1314|2014-04-07|tottenham-hotspur|sunderland,1314,2014-04-07,train
1314|2014-04-12|crystal-palace|aston-villa,1314,2014-04-12,train
1314|2014-04-12|fulham|norwich-city,1314,2014-04-12,train
1314|2014-04-12|southampton|cardiff-city,1314,2014-04-12,train
1314|2014-04-12|stoke-city|newcastle-united,1314,2014-04-12,train
1314|2014-04-12|sunderland|everton,1314,2014-04-12,train
1314|2014-04-12|west-bromwich-albion|tottenham-hotspur,1314,2014-04-12,train
1314|2014-04-13|liverpool|manchester-city,1314,2014-04-13,train
1314|2014-04-13|swansea-city|chelsea,1314,2014-04-13,train
1314|2014-04-15|arsenal|west-ham-united,1314,2014-04-15,train
1314|2014-04-16|everton|crystal-palace,1314,2014-04-16,train
1314|2014-04-16|manchester-city|sunderland,1314,2014-04-16,train
1314|2014-04-19|aston-villa|southampton,1314,2014-04-19,train
1314|2014-04-19|cardiff-city|stoke-city,1314,2014-04-19,train
1314|2014-04-19|chelsea|sunderland,1314,2014-04-19,train
1314|2014-04-19|newcastle-united|swansea-city,1314,2014-04-19,train
1314|2014-04-19|tottenham-hotspur|fulham,1314,2014-04-19,train
1314|2014-04-19|west-ham-united|crystal-palace,1314,2014-04-19,train
1314|2014-04-20|everton|manchester-united,1314,2014-04-20,train
1314|2014-04-20|hull-city|arsenal,1314,2014-04-20,train
1314|2014-04-20|norwich-city|liverpool,1314,2014-04-20,train
1314|2014-04-21|manchester-city|west-bromwich-albion,1314,2014-04-21,train
1314|2014-04-26|fulham|hull-city,1314,2014-04-26,train
1314|2014-04-26|manchester-united|norwich-city,1314,2014-04-26,train
1314|2014-04-26|southampton|everton,1314,2014-04-26,train
1314|2014-04-26|stoke-city|tottenham-hotspur,1314,2014-04-26,train
1314|2014-04-26|swansea-city|aston-villa,1314,2014-04-26,train
1314|2014-04-26|west-bromwich-albion|west-ham-united,1314,2014-04-26,train
1314|2014-04-27|crystal-palace|manchester-city,1314,2014-04-27,train
1314|2014-04-27|liverpool|chelsea,1314,2014-04-27,train
1314|2014-04-27|sunderland|cardiff-city,1314,2014-04-27,train
1314|2014-04-28|arsenal|newcastle-united,1314,2014-04-28,train
1314|2014-05-03|aston-villa|hull-city,1314,2014-05-03,train
1314|2014-05-03|everton|manchester-city,1314,2014-05-03,train
1314|2014-05-03|manchester-united|sunderland,1314,2014-05-03,train
1314|2014-05-03|newcastle-united|cardiff-city,1314,2014-05-03,train
1314|2014-05-03|stoke-city|fulham,1314,2014-05-03,train
1314|2014-05-03|swansea-city|southampton,1314,2014-05-03,train
1314|2014-05-03|west-ham-united|tottenham-hotspur,1314,2014-05-03,train
1314|2014-05-04|arsenal|west-bromwich-albion,1314,2014-05-04,train
1314|2014-05-04|chelsea|norwich-city,1314,2014-05-04,train
1314|2014-05-05|crystal-palace|liverpool,1314,2014-05-05,train
1314|2014-05-06|manchester-united|hull-city,1314,2014-05-06,train
1314|2014-05-07|manchester-city|aston-villa,1314,2014-05-07,train
1314|2014-05-07|sunderland|west-bromwich-albion,1314,2014-05-07,train
1314|2014-05-11|cardiff-city|chelsea,1314,2014-05-11,train
1314|2014-05-11|fulham|crystal-palace,1314,2014-05-11,train
1314|2014-05-11|hull-city|everton,1314,2014-05-11,train
1314|2014-05-11|liverpool|newcastle-united,1314,2014-05-11,train
1314|2014-05-11|manchester-city|west-ham-united,1314,2014-05-11,train
1314|2014-05-11|norwich-city|arsenal,1314,2014-05-11,train
1314|2014-05-11|southampton|manchester-united,1314,2014-05-11,train
1314|2014-05-11|sunderland|swansea-city,1314,2014-05-11,train
1314|2014-05-11|tottenham-hotspur|aston-villa,1314,2014-05-11,train
1314|2014-05-11|west-bromwich-albion|stoke-city,1314,2014-05-11,train
1415|2014-08-16|arsenal|crystal-palace,1415,2014-08-16,train
1415|2014-08-16|leicester-city|everton,1415,2014-08-16,train
1415|2014-08-16|manchester-united|swansea-city,1415,2014-08-16,train
1415|2014-08-16|queens-park-rangers|hull-city,1415,2014-08-16,train
1415|2014-08-16|stoke-city|aston-villa,1415,2014-08-16,train
1415|2014-08-16|west-bromwich-albion|sunderland,1415,2014-08-16,train
1415|2014-08-16|west-ham-united|tottenham-hotspur,1415,2014-08-16,train
1415|2014-08-17|liverpool|southampton,1415,2014-08-17,train
1415|2014-08-17|newcastle-united|manchester-city,1415,2014-08-17,train
1415|2014-08-18|burnley|chelsea,1415,2014-08-18,train
1415|2014-08-23|aston-villa|newcastle-united,1415,2014-08-23,train
1415|2014-08-23|chelsea|leicester-city,1415,2014-08-23,train
1415|2014-08-23|crystal-palace|west-ham-united,1415,2014-08-23,train
1415|2014-08-23|everton|arsenal,1415,2014-08-23,train
1415|2014-08-23|southampton|west-bromwich-albion,1415,2014-08-23,train
1415|2014-08-23|swansea-city|burnley,1415,2014-08-23,train
1415|2014-08-24|hull-city|stoke-city,1415,2014-08-24,train
1415|2014-08-24|sunderland|manchester-united,1415,2014-08-24,train
1415|2014-08-24|tottenham-hotspur|queens-park-rangers,1415,2014-08-24,train
1415|2014-08-25|manchester-city|liverpool,1415,2014-08-25,train
1415|2014-08-30|burnley|manchester-united,1415,2014-08-30,train
1415|2014-08-30|everton|chelsea,1415,2014-08-30,train
1415|2014-08-30|manchester-city|stoke-city,1415,2014-08-30,train
1415|2014-08-30|newcastle-united|crystal-palace,1415,2014-08-30,train
1415|2014-08-30|queens-park-rangers|sunderland,1415,2014-08-30,train
1415|2014-08-30|swansea-city|west-bromwich-albion,1415,2014-08-30,train
1415|2014-08-30|west-ham-united|southampton,1415,2014-08-30,train
1415|2014-08-31|aston-villa|hull-city,1415,2014-08-31,train
1415|2014-08-31|leicester-city|arsenal,1415,2014-08-31,train
1415|2014-08-31|tottenham-hotspur|liverpool,1415,2014-08-31,train
1415|2014-09-13|arsenal|manchester-city,1415,2014-09-13,train
1415|2014-09-13|chelsea|swansea-city,1415,2014-09-13,train
1415|2014-09-13|crystal-palace|burnley,1415,2014-09-13,train
1415|2014-09-13|liverpool|aston-villa,1415,2014-09-13,train
1415|2014-09-13|southampton|newcastle-united,1415,2014-09-13,train
1415|2014-09-13|stoke-city|leicester-city,1415,2014-09-13,train
1415|2014-09-13|sunderland|tottenham-hotspur,1415,2014-09-13,train
1415|2014-09-13|west-bromwich-albion|everton,1415,2014-09-13,train
1415|2014-09-14|manchester-united|queens-park-rangers,1415,2014-09-14,train
1415|2014-09-15|hull-city|west-ham-united,1415,2014-09-15,train
1415|2014-09-20|aston-villa|arsenal,1415,2014-09-20,train
1415|2014-09-20|burnley|sunderland,1415,2014-09-20,train
1415|2014-09-20|newcastle-united|hull-city,1415,2014-09-20,train
1415|2014-09-20|queens-park-rangers|stoke-city,1415,2014-09-20,train
1415|2014-09-20|swansea-city|southampton,1415,2014-09-20,train
1415|2014-09-20|west-ham-united|liverpool,1415,2014-09-20,train
1415|2014-09-21|everton|crystal-palace,1415,2014-09-21,train
1415|2014-09-21|leicester-city|manchester-united,1415,2014-09-21,train
1415|2014-09-21|manchester-city|chelsea,1415,2014-09-21,train
1415|2014-09-21|tottenham-hotspur|west-bromwich-albion,1415,2014-09-21,train
1415|2014-09-27|arsenal|tottenham-hotspur,1415,2014-09-27,train
1415|2014-09-27|chelsea|aston-villa,1415,2014-09-27,train
1415|2014-09-27|crystal-palace|leicester-city,1415,2014-09-27,train
1415|2014-09-27|hull-city|manchester-city,1415,2014-09-27,train
1415|2014-09-27|liverpool|everton,1415,2014-09-27,train
1415|2014-09-27|manchester-united|west-ham-united,1415,2014-09-27,train
1415|2014-09-27|southampton|queens-park-rangers,1415,2014-09-27,train
1415|2014-09-27|sunderland|swansea-city,1415,2014-09-27,train
1415|2014-09-28|west-bromwich-albion|burnley,1415,2014-09-28,train
1415|2014-09-29|stoke-city|newcastle-united,1415,2014-09-29,train
1415|2014-10-04|aston-villa|manchester-city,1415,2014-10-04,train
1415|2014-10-04|hull-city|crystal-palace,1415,2014-10-04,train
1415|2014-10-04|leicester-city|burnley,1415,2014-10-04,train
1415|2014-10-04|liverpool|west-bromwich-albion,1415,2014-10-04,train
1415|2014-10-04|sunderland|stoke-city,1415,2014-10-04,train
1415|2014-10-04|swansea-city|newcastle-united,1415,2014-10-04,train
1415|2014-10-05|chelsea|arsenal,1415,2014-10-05,train
1415|2014-10-05|manchester-united|everton,1415,2014-10-05,train
1415|2014-10-05|tottenham-hotspur|southampton,1415,2014-10-05,train
1415|2014-10-05|west-ham-united|queens-park-rangers,1415,2014-10-05,train
1415|2014-10-18|arsenal|hull-city,1415,2014-10-18,train
1415|2014-10-18|burnley|west-ham-united,1415,2014-10-18,train
1415|2014-10-18|crystal-palace|chelsea,1415,2014-10-18,train
1415|2014-10-18|everton|aston-villa,1415,2014-10-18,train
1415|2014-10-18|manchester-city|tottenham-hotspur,1415,2014-10-18,train
1415|2014-10-18|newcastle-united|leicester-city,1415,2014-10-18,train
1415|2014-10-18|southampton|sunderland,1415,2014-10-18,train
1415|2014-10-19|queens-park-rangers|liverpool,1415,2014-10-19,train
1415|2014-10-19|stoke-city|swansea-city,1415,2014-10-19,train
1415|2014-10-20|west-bromwich-albion|manchester-united,1415,2014-10-20,train
1415|2014-10-25|liverpool|hull-city,1415,2014-10-25,train
1415|2014-10-25|southampton|stoke-city,1415,2014-10-25,train
1415|2014-10-25|sunderland|arsenal,1415,2014-10-25,train
1415|2014-10-25|swansea-city|leicester-city,1415,2014-10-25,train
1415|2014-10-25|west-bromwich-albion|crystal-palace,1415,2014-10-25,train
1415|2014-10-25|west-ham-united|manchester-city,1415,2014-10-25,train
1415|2014-10-26|burnley|everton,1415,2014-10-26,train
1415|2014-10-26|manchester-united|chelsea,1415,2014-10-26,train
1415|2014-10-26|tottenham-hotspur|newcastle-united,1415,2014-10-26,train
1415|2014-10-27|queens-park-rangers|aston-villa,1415,2014-10-27,train
1415|2014-11-01|arsenal|burnley,1415,2014-11-01,train
1415|2014-11-01|chelsea|queens-park-rangers,1415,2014-11-01,train
1415|2014-11-01|everton|swansea-city,1415,2014-11-01,train
1415|2014-11-01|hull-city|southampton,1415,2014-11-01,train
1415|2014-11-01|leicester-city|west-bromwich-albion,1415,2014-11-01,train
1415|2014-11-01|newcastle-united|liverpool,1415,2014-11-01,train
1415|2014-11-01|stoke-city|west-ham-united,1415,2014-11-01,train
1415|2014-11-02|aston-villa|tottenham-hotspur,1415,2014-11-02,train
1415|2014-11-02|manchester-city|manchester-united,1415,2014-11-02,train
1415|2014-11-03|crystal-palace|sunderland,1415,2014-11-03,train
1415|2014-11-08|burnley|hull-city,1415,2014-11-08,train
1415|2014-11-08|liverpool|chelsea,1415,2014-11-08,train
1415|2014-11-08|manchester-united|crystal-palace,1415,2014-11-08,train
1415|2014-11-08|queens-park-rangers|manchester-city,1415,2014-11-08,train
1415|2014-11-08|southampton|leicester-city,1415,2014-11-08,train
1415|2014-11-08|west-ham-united|aston-villa,1415,2014-11-08,train
1415|2014-11-09|sunderland|everton,1415,2014-11-09,train
1415|2014-11-09|swansea-city|arsenal,1415,2014-11-09,train
1415|2014-11-09|tottenham-hotspur|stoke-city,1415,2014-11-09,train
1415|2014-11-09|west-bromwich-albion|newcastle-united,1415,2014-11-09,train
1415|2014-11-22|arsenal|manchester-united,1415,2014-11-22,train
1415|2014-11-22|chelsea|west-bromwich-albion,1415,2014-11-22,train
1415|2014-11-22|everton|west-ham-united,1415,2014-11-22,train
1415|2014-11-22|leicester-city|sunderland,1415,2014-11-22,train
1415|2014-11-22|manchester-city|swansea-city,1415,2014-11-22,train
1415|2014-11-22|newcastle-united|queens-park-rangers,1415,2014-11-22,train
1415|2014-11-22|stoke-city|burnley,1415,2014-11-22,train
1415|2014-11-23|crystal-palace|liverpool,1415,2014-11-23,train
1415|2014-11-23|hull-city|tottenham-hotspur,1415,2014-11-23,train
1415|2014-11-24|aston-villa|southampton,1415,2014-11-24,train
1415|2014-11-29|burnley|aston-villa,1415,2014-11-29,train
1415|2014-11-29|liverpool|stoke-city,1415,2014-11-29,train
1415|2014-11-29|manchester-united|hull-city,1415,2014-11-29,train
1415|2014-11-29|queens-park-rangers|leicester-city,1415,2014-11-29,train
1415|2014-11-29|sunderland|chelsea,1415,2014-11-29,train
1415|2014-11-29|swansea-city|crystal-palace,1415,2014-11-29,train
1415|2014-11-29|west-bromwich-albion|arsenal,1415,2014-11-29,train
1415|2014-11-29|west-ham-united|newcastle-united,1415,2014-11-29,train
1415|2014-11-30|southampton|manchester-city,1415,2014-11-30,train
1415|2014-11-30|tottenham-hotspur|everton,1415,2014-11-30,train
1415|2014-12-02|burnley|newcastle-united,1415,2014-12-02,train
1415|2014-12-02|crystal-palace|aston-villa,1415,2014-12-02,train
1415|2014-12-02|leicester-city|liverpool,1415,2014-12-02,train
1415|2014-12-02|manchester-united|stoke-city,1415,2014-12-02,train
1415|2014-12-02|swansea-city|queens-park-rangers,1415,2014-12-02,train
1415|2014-12-02|west-bromwich-albion|west-ham-united,1415,2014-12-02,train
1415|2014-12-03|arsenal|southampton,1415,2014-12-03,train
1415|2014-12-03|chelsea|tottenham-hotspur,1415,2014-12-03,train
1415|2014-12-03|everton|hull-city,1415,2014-12-03,train
1415|2014-12-03|sunderland|manchester-city,1415,2014-12-03,train
1415|2014-12-06|hull-city|west-bromwich-albion,1415,2014-12-06,train
1415|2014-12-06|liverpool|sunderland,1415,2014-12-06,train
1415|2014-12-06|manchester-city|everton,1415,2014-12-06,train
1415|2014-12-06|newcastle-united|chelsea,1415,2014-12-06,train
1415|2014-12-06|queens-park-rangers|burnley,1415,2014-12-06,train
1415|2014-12-06|stoke-city|arsenal,1415,2014-12-06,train
1415|2014-12-06|tottenham-hotspur|crystal-palace,1415,2014-12-06,train
1415|2014-12-07|aston-villa|leicester-city,1415,2014-12-07,train
1415|2014-12-07|west-ham-united|swansea-city,1415,2014-12-07,train
1415|2014-12-08|southampton|manchester-united,1415,2014-12-08,train
1415|2014-12-13|arsenal|newcastle-united,1415,2014-12-13,train
1415|2014-12-13|burnley|southampton,1415,2014-12-13,train
1415|2014-12-13|chelsea|hull-city,1415,2014-12-13,train
1415|2014-12-13|crystal-palace|stoke-city,1415,2014-12-13,train
1415|2014-12-13|leicester-city|manchester-city,1415,2014-12-13,train
1415|2014-12-13|sunderland|west-ham-united,1415,2014-12-13,train
1415|2014-12-13|west-bromwich-albion|aston-villa,1415,2014-12-13,train
1415|2014-12-14|manchester-united|liverpool,1415,2014-12-14,train
1415|2014-12-14|swansea-city|tottenham-hotspur,1415,2014-12-14,train
1415|2014-12-15|everton|queens-park-rangers,1415,2014-12-15,train
1415|2014-12-20|aston-villa|manchester-united,1415,2014-12-20,train
1415|2014-12-20|hull-city|swansea-city,1415,2014-12-20,train
1415|2014-12-20|manchester-city|crystal-palace,1415,2014-12-20,train
1415|2014-12-20|queens-park-rangers|west-bromwich-albion,1415,2014-12-20,train
1415|2014-12-20|southampton|everton,1415,2014-12-20,train
1415|2014-12-20|tottenham-hotspur|burnley,1415,2014-12-20,train
1415|2014-12-20|west-ham-united|leicester-city,1415,2014-12-20,train
1415|2014-12-21|liverpool|arsenal,1415,2014-12-21,train
1415|2014-12-21|newcastle-united|sunderland,1415,2014-12-21,train
1415|2014-12-22|stoke-city|chelsea,1415,2014-12-22,train
1415|2014-12-26|arsenal|queens-park-rangers,1415,2014-12-26,train
1415|2014-12-26|burnley|liverpool,1415,2014-12-26,train
1415|2014-12-26|chelsea|west-ham-united,1415,2014-12-26,train
1415|2014-12-26|crystal-palace|southampton,1415,2014-12-26,train
1415|2014-12-26|everton|stoke-city,1415,2014-12-26,train
1415|2014-12-26|leicester-city|tottenham-hotspur,1415,2014-12-26,train
1415|2014-12-26|manchester-united|newcastle-united,1415,2014-12-26,train
1415|2014-12-26|sunderland|hull-city,1415,2014-12-26,train
1415|2014-12-26|swansea-city|aston-villa,1415,2014-12-26,train
1415|2014-12-26|west-bromwich-albion|manchester-city,1415,2014-12-26,train
1415|2014-12-28|aston-villa|sunderland,1415,2014-12-28,train
1415|2014-12-28|hull-city|leicester-city,1415,2014-12-28,train
1415|2014-12-28|manchester-city|burnley,1415,2014-12-28,train
1415|2014-12-28|newcastle-united|everton,1415,2014-12-28,train
1415|2014-12-28|queens-park-rangers|crystal-palace,1415,2014-12-28,train
1415|2014-12-28|southampton|chelsea,1415,2014-12-28,train
1415|2014-12-28|stoke-city|west-bromwich-albion,1415,2014-12-28,train
1415|2014-12-28|tottenham-hotspur|manchester-united,1415,2014-12-28,train
1415|2014-12-28|west-ham-united|arsenal,1415,2014-12-28,train
1415|2014-12-29|liverpool|swansea-city,1415,2014-12-29,train
1415|2015-01-01|aston-villa|crystal-palace,1415,2015-01-01,train
1415|2015-01-01|hull-city|everton,1415,2015-01-01,train
1415|2015-01-01|liverpool|leicester-city,1415,2015-01-01,train
1415|2015-01-01|manchester-city|sunderland,1415,2015-01-01,train
1415|2015-01-01|newcastle-united|burnley,1415,2015-01-01,train
1415|2015-01-01|queens-park-rangers|swansea-city,1415,2015-01-01,train
1415|2015-01-01|southampton|arsenal,1415,2015-01-01,train
1415|2015-01-01|stoke-city|manchester-united,1415,2015-01-01,train
1415|2015-01-01|tottenham-hotspur|chelsea,1415,2015-01-01,train
1415|2015-01-01|west-ham-united|west-bromwich-albion,1415,2015-01-01,train
1415|2015-01-10|burnley|queens-park-rangers,1415,2015-01-10,train
1415|2015-01-10|chelsea|newcastle-united,1415,2015-01-10,train
1415|2015-01-10|crystal-palace|tottenham-hotspur,1415,2015-01-10,train
1415|2015-01-10|everton|manchester-city,1415,2015-01-10,train
1415|2015-01-10|leicester-city|aston-villa,1415,2015-01-10,train
1415|2015-01-10|sunderland|liverpool,1415,2015-01-10,train
1415|2015-01-10|swansea-city|west-ham-united,1415,2015-01-10,train
1415|2015-01-10|west-bromwich-albion|hull-city,1415,2015-01-10,train
1415|2015-01-11|arsenal|stoke-city,1415,2015-01-11,train
1415|2015-01-11|manchester-united|southampton,1415,2015-01-11,train
1415|2015-01-17|aston-villa|liverpool,1415,2015-01-17,train
1415|2015-01-17|burnley|crystal-palace,1415,2015-01-17,train
1415|2015-01-17|leicester-city|stoke-city,1415,2015-01-17,train
1415|2015-01-17|newcastle-united|southampton,1415,2015-01-17,train
1415|2015-01-17|queens-park-rangers|manchester-united,1415,2015-01-17,train
1415|2015-01-17|swansea-city|chelsea,1415,2015-01-17,train
1415|2015-01-17|tottenham-hotspur|sunderland,1415,2015-01-17,train
1415|2015-01-18|manchester-city|arsenal,1415,2015-01-18,train
1415|2015-01-18|west-ham-united|hull-city,1415,2015-01-18,train
1415|2015-01-19|everton|west-bromwich-albion,1415,2015-01-19,train
1415|2015-01-31|chelsea|manchester-city,1415,2015-01-31,train
1415|2015-01-31|crystal-palace|everton,1415,2015-01-31,train
1415|2015-01-31|hull-city|newcastle-united,1415,2015-01-31,train
1415|2015-01-31|liverpool|west-ham-united,1415,2015-01-31,train
1415|2015-01-31|manchester-united|leicester-city,1415,2015-01-31,train
1415|2015-01-31|stoke-city|queens-park-rangers,1415,2015-01-31,train
1415|2015-01-31|sunderland|burnley,1415,2015-01-31,train
1415|2015-01-31|west-bromwich-albion|tottenham-hotspur,1415,2015-01-31,train
1415|2015-02-01|arsenal|aston-villa,1415,2015-02-01,train
1415|2015-02-01|southampton|swansea-city,1415,2015-02-01,train
1415|2015-02-07|aston-villa|chelsea,1415,2015-02-07,train
1415|2015-02-07|everton|liverpool,1415,2015-02-07,train
1415|2015-02-07|leicester-city|crystal-palace,1415,2015-02-07,train
1415|2015-02-07|manchester-city|hull-city,1415,2015-02-07,train
1415|2015-02-07|queens-park-rangers|southampton,1415,2015-02-07,train
1415|2015-02-07|swansea-city|sunderland,1415,2015-02-07,train
1415|2015-02-07|tottenham-hotspur|arsenal,1415,2015-02-07,train
1415|2015-02-08|burnley|west-bromwich-albion,1415,2015-02-08,train
1415|2015-02-08|newcastle-united|stoke-city,1415,2015-02-08,train
1415|2015-02-08|west-ham-united|manchester-united,1415,2015-02-08,train
1415|2015-02-10|arsenal|leicester-city,1415,2015-02-10,train
1415|2015-02-10|hull-city|aston-villa,1415,2015-02-10,train
1415|2015-02-10|liverpool|tottenham-hotspur,1415,2015-02-10,train
1415|2015-02-10|sunderland|queens-park-rangers,1415,2015-02-10,train
1415|2015-02-11|chelsea|everton,1415,2015-02-11,train
1415|2015-02-11|crystal-palace|newcastle-united,1415,2015-02-11,train
1415|2015-02-11|manchester-united|burnley,1415,2015-02-11,train
1415|2015-02-11|southampton|west-ham-united,1415,2015-02-11,train
1415|2015-02-11|stoke-city|manchester-city,1415,2015-02-11,train
1415|2015-02-11|west-bromwich-albion|swansea-city,1415,2015-02-11,train
1415|2015-02-21|aston-villa|stoke-city,1415,2015-02-21,train
1415|2015-02-21|chelsea|burnley,1415,2015-02-21,train
1415|2015-02-21|crystal-palace|arsenal,1415,2015-02-21,train
1415|2015-02-21|hull-city|queens-park-rangers,1415,2015-02-21,train
1415|2015-02-21|manchester-city|newcastle-united,1415,2015-02-21,train
1415|2015-02-21|sunderland|west-bromwich-albion,1415,2015-02-21,train
1415|2015-02-21|swansea-city|manchester-united,1415,2015-02-21,train
1415|2015-02-22|everton|leicester-city,1415,2015-02-22,train
1415|2015-02-22|southampton|liverpool,1415,2015-02-22,train
1415|2015-02-22|tottenham-hotspur|west-ham-united,1415,2015-02-22,train
1415|2015-02-28|burnley|swansea-city,1415,2015-02-28,train
1415|2015-02-28|manchester-united|sunderland,1415,2015-02-28,train
1415|2015-02-28|newcastle-united|aston-villa,1415,2015-02-28,train
1415|2015-02-28|stoke-city|hull-city,1415,2015-02-28,train
1415|2015-02-28|west-bromwich-albion|southampton,1415,2015-02-28,train
1415|2015-02-28|west-ham-united|crystal-palace,1415,2015-02-28,train
1415|2015-03-01|arsenal|everton,1415,2015-03-01,train
1415|2015-03-01|liverpool|manchester-city,1415,2015-03-01,train
1415|2015-03-03|aston-villa|west-bromwich-albion,1415,2015-03-03,train
1415|2015-03-03|hull-city|sunderland,1415,2015-03-03,train
1415|2015-03-03|southampton|crystal-palace,1415,2015-03-03,train
1415|2015-03-04|liverpool|burnley,1415,2015-03-04,train
1415|2015-03-04|manchester-city|leicester-city,1415,2015-03-04,train
1415|2015-03-04|newcastle-united|manchester-united,1415,2015-03-04,train
1415|2015-03-04|queens-park-rangers|arsenal,1415,2015-03-04,train
1415|2015-03-04|stoke-city|everton,1415,2015-03-04,train
1415|2015-03-04|tottenham-hotspur|swansea-city,1415,2015-03-04,train
1415|2015-03-04|west-ham-united|chelsea,1415,2015-03-04,train
1415|2015-03-07|queens-park-rangers|tottenham-hotspur,1415,2015-03-07,train
1415|2015-03-14|arsenal|west-ham-united,1415,2015-03-14,train
1415|2015-03-14|burnley|manchester-city,1415,2015-03-14,train
1415|2015-03-14|crystal-palace|queens-park-rangers,1415,2015-03-14,train
1415|2015-03-14|leicester-city|hull-city,1415,2015-03-14,train
1415|2015-03-14|sunderland|aston-villa,1415,2015-03-14,train
1415|2015-03-14|west-bromwich-albion|stoke-city,1415,2015-03-14,train
1415|2015-03-15|chelsea|southampton,1415,2015-03-15,train
1415|2015-03-15|everton|newcastle-united,1415,2015-03-15,train
1415|2015-03-15|manchester-united|tottenham-hotspur,1415,2015-03-15,train
1415|2015-03-16|swansea-city|liverpool,1415,2015-03-16,train
1415|2015-03-21|aston-villa|swansea-city,1415,2015-03-21,train
1415|2015-03-21|manchester-city|west-bromwich-albion,1415,2015-03-21,train
1415|2015-03-21|newcastle-united|arsenal,1415,2015-03-21,train
1415|2015-03-21|southampton|burnley,1415,2015-03-21,train
1415|2015-03-21|stoke-city|crystal-palace,1415,2015-03-21,train
1415|2015-03-21|tottenham-hotspur|leicester-city,1415,2015-03-21,train
1415|2015-03-21|west-ham-united|sunderland,1415,2015-03-21,train
1415|2015-03-22|hull-city|chelsea,1415,2015-03-22,train
1415|2015-03-22|liverpool|manchester-united,1415,2015-03-22,train
1415|2015-03-22|queens-park-rangers|everton,1415,2015-03-22,train
1415|2015-04-04|arsenal|liverpool,1415,2015-04-04,train
1415|2015-04-04|chelsea|stoke-city,1415,2015-04-04,train
1415|2015-04-04|everton|southampton,1415,2015-04-04,train
1415|2015-04-04|leicester-city|west-ham-united,1415,2015-04-04,train
1415|2015-04-04|manchester-united|aston-villa,1415,2015-04-04,train
1415|2015-04-04|swansea-city|hull-city,1415,2015-04-04,train
1415|2015-04-04|west-bromwich-albion|queens-park-rangers,1415,2015-04-04,train
1415|2015-04-05|burnley|tottenham-hotspur,1415,2015-04-05,train
1415|2015-04-05|sunderland|newcastle-united,1415,2015-04-05,train
1415|2015-04-06|crystal-palace|manchester-city,1415,2015-04-06,train
1415|2015-04-07|aston-villa|queens-park-rangers,1415,2015-04-07,train
1415|2015-04-11|burnley|arsenal,1415,2015-04-11,train
1415|2015-04-11|southampton|hull-city,1415,2015-04-11,train
1415|2015-04-11|sunderland|crystal-palace,1415,2015-04-11,train
1415|2015-04-11|swansea-city|everton,1415,2015-04-11,train
1415|2015-04-11|tottenham-hotspur|aston-villa,1415,2015-04-11,train
1415|2015-04-11|west-bromwich-albion|leicester-city,1415,2015-04-11,train
1415|2015-04-11|west-ham-united|stoke-city,1415,2015-04-11,train
1415|2015-04-12|manchester-united|manchester-city,1415,2015-04-12,train
1415|2015-04-12|queens-park-rangers|chelsea,1415,2015-04-12,train
1415|2015-04-13|liverpool|newcastle-united,1415,2015-04-13,train
1415|2015-04-18|chelsea|manchester-united,1415,2015-04-18,train
1415|2015-04-18|crystal-palace|west-bromwich-albion,1415,2015-04-18,train
1415|2015-04-18|everton|burnley,1415,2015-04-18,train
1415|2015-04-18|leicester-city|swansea-city,1415,2015-04-18,train
1415|2015-04-18|stoke-city|southampton,1415,2015-04-18,train
1415|2015-04-19|manchester-city|west-ham-united,1415,2015-04-19,train
1415|2015-04-19|newcastle-united|tottenham-hotspur,1415,2015-04-19,train
1415|2015-04-25|burnley|leicester-city,1415,2015-04-25,train
1415|2015-04-25|crystal-palace|hull-city,1415,2015-04-25,train
1415|2015-04-25|manchester-city|aston-villa,1415,2015-04-25,train
1415|2015-04-25|newcastle-united|swansea-city,1415,2015-04-25,train
1415|2015-04-25|queens-park-rangers|west-ham-united,1415,2015-04-25,train
1415|2015-04-25|southampton|tottenham-hotspur,1415,2015-04-25,train
1415|2015-04-25|stoke-city|sunderland,1415,2015-04-25,train
1415|2015-04-25|west-bromwich-albion|liverpool,1415,2015-04-25,train
1415|2015-04-26|arsenal|chelsea,1415,2015-04-26,train
1415|2015-04-26|everton|manchester-united,1415,2015-04-26,train
1415|2015-04-28|hull-city|liverpool,1415,2015-04-28,train
1415|2015-04-29|leicester-city|chelsea,1415,2015-04-29,train
1415|2015-05-02|aston-villa|everton,1415,2015-05-02,train
1415|2015-05-02|leicester-city|newcastle-united,1415,2015-05-02,train
1415|2015-05-02|liverpool|queens-park-rangers,1415,2015-05-02,train
1415|2015-05-02|manchester-united|west-bromwich-albion,1415,2015-05-02,train
1415|2015-05-02|sunderland|southampton,1415,2015-05-02,train
1415|2015-05-02|swansea-city|stoke-city,1415,2015-05-02,train
1415|2015-05-02|west-ham-united|burnley,1415,2015-05-02,train
1415|2015-05-03|chelsea|crystal-palace,1415,2015-05-03,train
1415|2015-05-03|tottenham-hotspur|manchester-city,1415,2015-05-03,train
1415|2015-05-04|hull-city|arsenal,1415,2015-05-04,train
1415|2015-05-09|aston-villa|west-ham-united,1415,2015-05-09,train
1415|2015-05-09|crystal-palace|manchester-united,1415,2015-05-09,train
1415|2015-05-09|everton|sunderland,1415,2015-05-09,train
1415|2015-05-09|hull-city|burnley,1415,2015-05-09,train
1415|2015-05-09|leicester-city|southampton,1415,2015-05-09,train
1415|2015-05-09|newcastle-united|west-bromwich-albion,1415,2015-05-09,train
1415|2015-05-09|stoke-city|tottenham-hotspur,1415,2015-05-09,train
1415|2015-05-10|chelsea|liverpool,1415,2015-05-10,train
1415|2015-05-10|manchester-city|queens-park-rangers,1415,2015-05-10,train
1415|2015-05-11|arsenal|swansea-city,1415,2015-05-11,train
1415|2015-05-16|burnley|stoke-city,1415,2015-05-16,train
1415|2015-05-16|liverpool|crystal-palace,1415,2015-05-16,train
1415|2015-05-16|queens-park-rangers|newcastle-united,1415,2015-05-16,train
1415|2015-05-16|southampton|aston-villa,1415,2015-05-16,train
1415|2015-05-16|sunderland|leicester-city,1415,2015-05-16,train
1415|2015-05-16|tottenham-hotspur|hull-city,1415,2015-05-16,train
1415|2015-05-16|west-ham-united|everton,1415,2015-05-16,train
1415|2015-05-17|manchester-united|arsenal,1415,2015-05-17,train
1415|2015-05-17|swansea-city|manchester-city,1415,2015-05-17,train
1415|2015-05-18|west-bromwich-albion|chelsea,1415,2015-05-18,train
1415|2015-05-20|arsenal|sunderland,1415,2015-05-20,train
1415|2015-05-24|arsenal|west-bromwich-albion,1415,2015-05-24,train
1415|2015-05-24|aston-villa|burnley,1415,2015-05-24,train
1415|2015-05-24|chelsea|sunderland,1415,2015-05-24,train
1415|2015-05-24|crystal-palace|swansea-city,1415,2015-05-24,train
1415|2015-05-24|everton|tottenham-hotspur,1415,2015-05-24,train
1415|2015-05-24|hull-city|manchester-united,1415,2015-05-24,train
1415|2015-05-24|leicester-city|queens-park-rangers,1415,2015-05-24,train
1415|2015-05-24|manchester-city|southampton,1415,2015-05-24,train
1415|2015-05-24|newcastle-united|west-ham-united,1415,2015-05-24,train
1415|2015-05-24|stoke-city|liverpool,1415,2015-05-24,train
1516|2015-08-08|afc-bournemouth|aston-villa,1516,2015-08-08,train
1516|2015-08-08|chelsea|swansea-city,1516,2015-08-08,train
1516|2015-08-08|everton|watford,1516,2015-08-08,train
1516|2015-08-08|leicester-city|sunderland,1516,2015-08-08,train
1516|2015-08-08|manchester-united|tottenham-hotspur,1516,2015-08-08,train
1516|2015-08-08|norwich-city|crystal-palace,1516,2015-08-08,train
1516|2015-08-09|arsenal|west-ham-united,1516,2015-08-09,train
1516|2015-08-09|newcastle-united|southampton,1516,2015-08-09,train
1516|2015-08-09|stoke-city|liverpool,1516,2015-08-09,train
1516|2015-08-10|west-bromwich-albion|manchester-city,1516,2015-08-10,train
1516|2015-08-14|aston-villa|manchester-united,1516,2015-08-14,train
1516|2015-08-15|southampton|everton,1516,2015-08-15,train
1516|2015-08-15|sunderland|norwich-city,1516,2015-08-15,train
1516|2015-08-15|swansea-city|newcastle-united,1516,2015-08-15,train
1516|2015-08-15|tottenham-hotspur|stoke-city,1516,2015-08-15,train
1516|2015-08-15|watford|west-bromwich-albion,1516,2015-08-15,train
1516|2015-08-15|west-ham-united|leicester-city,1516,2015-08-15,train
1516|2015-08-16|crystal-palace|arsenal,1516,2015-08-16,train
1516|2015-08-16|manchester-city|chelsea,1516,2015-08-16,train
1516|2015-08-17|liverpool|afc-bournemouth,1516,2015-08-17,train
1516|2015-08-22|crystal-palace|aston-villa,1516,2015-08-22,train
1516|2015-08-22|leicester-city|tottenham-hotspur,1516,2015-08-22,train
1516|2015-08-22|manchester-united|newcastle-united,1516,2015-08-22,train
1516|2015-08-22|norwich-city|stoke-city,1516,2015-08-22,train
1516|2015-08-22|sunderland|swansea-city,1516,2015-08-22,train
1516|2015-08-22|west-ham-united|afc-bournemouth,1516,2015-08-22,train
1516|2015-08-23|everton|manchester-city,1516,2015-08-23,train
1516|2015-08-23|watford|southampton,1516,2015-08-23,train
1516|2015-08-23|west-bromwich-albion|chelsea,1516,2015-08-23,train
1516|2015-08-24|arsenal|liverpool,1516,2015-08-24,train
1516|2015-08-29|afc-bournemouth|leicester-city,1516,2015-08-29,train
1516|2015-08-29|aston-villa|sunderland,1516,2015-08-29,train
1516|2015-08-29|chelsea|crystal-palace,1516,2015-08-29,train
1516|2015-08-29|liverpool|west-ham-united,1516,2015-08-29,train
1516|2015-08-29|manchester-city|watford,1516,2015-08-29,train
1516|2015-08-29|newcastle-united|arsenal,1516,2015-08-29,train
1516|2015-08-29|stoke-city|west-bromwich-albion,1516,2015-08-29,train
1516|2015-08-29|tottenham-hotspur|everton,1516,2015-08-29,train
1516|2015-08-30|southampton|norwich-city,1516,2015-08-30,train
1516|2015-08-30|swansea-city|manchester-united,1516,2015-08-30,train
1516|2015-09-12|arsenal|stoke-city,1516,2015-09-12,train
1516|2015-09-12|crystal-palace|manchester-city,1516,2015-09-12,train
1516|2015-09-12|everton|chelsea,1516,2015-09-12,train
1516|2015-09-12|manchester-united|liverpool,1516,2015-09-12,train
1516|2015-09-12|norwich-city|afc-bournemouth,1516,2015-09-12,train
1516|2015-09-12|watford|swansea-city,1516,2015-09-12,train
1516|2015-09-12|west-bromwich-albion|southampton,1516,2015-09-12,train
1516|2015-09-13|leicester-city|aston-villa,1516,2015-09-13,train
1516|2015-09-13|sunderland|tottenham-hotspur,1516,2015-09-13,train
1516|2015-09-14|west-ham-united|newcastle-united,1516,2015-09-14,train
1516|2015-09-19|afc-bournemouth|sunderland,1516,2015-09-19,train
1516|2015-09-19|aston-villa|west-bromwich-albion,1516,2015-09-19,train
1516|2015-09-19|chelsea|arsenal,1516,2015-09-19,train
1516|2015-09-19|manchester-city|west-ham-united,1516,2015-09-19,train
1516|2015-09-19|newcastle-united|watford,1516,2015-09-19,train
1516|2015-09-19|stoke-city|leicester-city,1516,2015-09-19,train
1516|2015-09-19|swansea-city|everton,1516,2015-09-19,train
1516|2015-09-20|liverpool|norwich-city,1516,2015-09-20,train
1516|2015-09-20|southampton|manchester-united,1516,2015-09-20,train
1516|2015-09-20|tottenham-hotspur|crystal-palace,1516,2015-09-20,train
1516|2015-09-26|leicester-city|arsenal,1516,2015-09-26,train
1516|2015-09-26|liverpool|aston-villa,1516,2015-09-26,train
1516|2015-09-26|manchester-united|sunderland,1516,2015-09-26,train
1516|2015-09-26|newcastle-united|chelsea,1516,2015-09-26,train
1516|2015-09-26|southampton|swansea-city,1516,2015-09-26,train
1516|2015-09-26|stoke-city|afc-bournemouth,1516,2015-09-26,train
1516|2015-09-26|tottenham-hotspur|manchester-city,1516,2015-09-26,train
1516|2015-09-26|west-ham-united|norwich-city,1516,2015-09-26,train
1516|2015-09-27|watford|crystal-palace,1516,2015-09-27,train
1516|2015-09-28|west-bromwich-albion|everton,1516,2015-09-28,train
1516|2015-10-03|afc-bournemouth|watford,1516,2015-10-03,train
1516|2015-10-03|aston-villa|stoke-city,1516,2015-10-03,train
1516|2015-10-03|chelsea|southampton,1516,2015-10-03,train
1516|2015-10-03|crystal-palace|west-bromwich-albion,1516,2015-10-03,train
1516|2015-10-03|manchester-city|newcastle-united,1516,2015-10-03,train
1516|2015-10-03|norwich-city|leicester-city,1516,2015-10-03,train
1516|2015-10-03|sunderland|west-ham-united,1516,2015-10-03,train
1516|2015-10-04|arsenal|manchester-united,1516,2015-10-04,train
1516|2015-10-04|everton|liverpool,1516,2015-10-04,train
1516|2015-10-04|swansea-city|tottenham-hotspur,1516,2015-10-04,train
1516|2015-10-17|chelsea|aston-villa,1516,2015-10-17,train
1516|2015-10-17|crystal-palace|west-ham-united,1516,2015-10-17,train
1516|2015-10-17|everton|manchester-united,1516,2015-10-17,train
1516|2015-10-17|manchester-city|afc-bournemouth,1516,2015-10-17,train
1516|2015-10-17|southampton|leicester-city,1516,2015-10-17,train
1516|2015-10-17|tottenham-hotspur|liverpool,1516,2015-10-17,train
1516|2015-10-17|watford|arsenal,1516,2015-10-17,train
1516|2015-10-17|west-bromwich-albion|sunderland,1516,2015-10-17,train
1516|2015-10-18|newcastle-united|norwich-city,1516,2015-10-18,train
1516|2015-10-19|swansea-city|stoke-city,1516,2015-10-19,train
1516|2015-10-24|arsenal|everton,1516,2015-10-24,train
1516|2015-10-24|aston-villa|swansea-city,1516,2015-10-24,train
1516|2015-10-24|leicester-city|crystal-palace,1516,2015-10-24,train
1516|2015-10-24|norwich-city|west-bromwich-albion,1516,2015-10-24,train
1516|2015-10-24|stoke-city|watford,1516,2015-10-24,train
1516|2015-10-24|west-ham-united|chelsea,1516,2015-10-24,train
1516|2015-10-25|afc-bournemouth|tottenham-hotspur,1516,2015-10-25,train
1516|2015-10-25|liverpool|southampton,1516,2015-10-25,train
1516|2015-10-25|manchester-united|manchester-city,1516,2015-10-25,train
1516|2015-10-25|sunderland|newcastle-united,1516,2015-10-25,train
1516|2015-10-31|chelsea|liverpool,1516,2015-10-31,train
1516|2015-10-31|crystal-palace|manchester-united,1516,2015-10-31,train
1516|2015-10-31|manchester-city|norwich-city,1516,2015-10-31,train
1516|2015-10-31|newcastle-united|stoke-city,1516,2015-10-31,train
1516|2015-10-31|swansea-city|arsenal,1516,2015-10-31,train
1516|2015-10-31|watford|west-ham-united,1516,2015-10-31,train
1516|2015-10-31|west-bromwich-albion|leicester-city,1516,2015-10-31,train
1516|2015-11-01|everton|sunderland,1516,2015-11-01,train
1516|2015-11-01|southampton|afc-bournemouth,1516,2015-11-01,train
1516|2015-11-02|tottenham-hotspur|aston-villa,1516,2015-11-02,train
1516|2015-11-07|afc-bournemouth|newcastle-united,1516,2015-11-07,train
1516|2015-11-07|leicester-city|watford,1516,2015-11-07,train
1516|2015-11-07|manchester-united|west-bromwich-albion,1516,2015-11-07,train
1516|2015-11-07|norwich-city|swansea-city,1516,2015-11-07,train
1516|2015-11-07|stoke-city|chelsea,1516,2015-11-07,train
1516|2015-11-07|sunderland|southampton,1516,2015-11-07,train
1516|2015-11-07|west-ham-united|everton,1516,2015-11-07,train
1516|2015-11-08|arsenal|tottenham-hotspur,1516,2015-11-08,train
1516|2015-11-08|aston-villa|manchester-city,1516,2015-11-08,train
1516|2015-11-08|liverpool|crystal-palace,1516,2015-11-08,train
1516|2015-11-21|chelsea|norwich-city,1516,2015-11-21,train
1516|2015-11-21|everton|aston-villa,1516,2015-11-21,train
1516|2015-11-21|manchester-city|liverpool,1516,2015-11-21,train
1516|2015-11-21|newcastle-united|leicester-city,1516,2015-11-21,train
1516|2015-11-21|southampton|stoke-city,1516,2015-11-21,train
1516|2015-11-21|swansea-city|afc-bournemouth,1516,2015-11-21,train
1516|2015-11-21|watford|manchester-united,1516,2015-11-21,train
1516|2015-11-21|west-bromwich-albion|arsenal,1516,2015-11-21,train
1516|2015-11-22|tottenham-hotspur|west-ham-united,1516,2015-11-22,train
1516|2015-11-23|crystal-palace|sunderland,1516,2015-11-23,train
1516|2015-11-28|afc-bournemouth|everton,1516,2015-11-28,train
1516|2015-11-28|aston-villa|watford,1516,2015-11-28,train
1516|2015-11-28|crystal-palace|newcastle-united,1516,2015-11-28,train
1516|2015-11-28|leicester-city|manchester-united,1516,2015-11-28,train
1516|2015-11-28|manchester-city|southampton,1516,2015-11-28,train
1516|2015-11-28|sunderland|stoke-city,1516,2015-11-28,train
1516|2015-11-29|liverpool|swansea-city,1516,2015-11-29,train
1516|2015-11-29|norwich-city|arsenal,1516,2015-11-29,train
1516|2015-11-29|tottenham-hotspur|chelsea,1516,2015-11-29,train
1516|2015-11-29|west-ham-united|west-bromwich-albion,1516,2015-11-29,train
1516|2015-12-05|arsenal|sunderland,1516,2015-12-05,train
1516|2015-12-05|chelsea|afc-bournemouth,1516,2015-12-05,train
1516|2015-12-05|manchester-united|west-ham-united,1516,2015-12-05,train
1516|2015-12-05|southampton|aston-villa,1516,2015-12-05,train
1516|2015-12-05|stoke-city|manchester-city,1516,2015-12-05,train
1516|2015-12-05|swansea-city|leicester-city,1516,2015-12-05,train
1516|2015-12-05|watford|norwich-city,1516,2015-12-05,train
1516|2015-12-05|west-bromwich-albion|tottenham-hotspur,1516,2015-12-05,train
1516|2015-12-06|newcastle-united|liverpool,1516,2015-12-06,train
1516|2015-12-07|everton|crystal-palace,1516,2015-12-07,train
1516|2015-12-12|afc-bournemouth|manchester-united,1516,2015-12-12,train
1516|2015-12-12|crystal-palace|southampton,1516,2015-12-12,train
1516|2015-12-12|manchester-city|swansea-city,1516,2015-12-12,train
1516|2015-12-12|norwich-city|everton,1516,2015-12-12,train
1516|2015-12-12|sunderland|watford,1516,2015-12-12,train
1516|2015-12-12|west-ham-united|stoke-city,1516,2015-12-12,train
1516|2015-12-13|aston-villa|arsenal,1516,2015-12-13,train
1516|2015-12-13|liverpool|west-bromwich-albion,1516,2015-12-13,train
1516|2015-12-13|tottenham-hotspur|newcastle-united,1516,2015-12-13,train
1516|2015-12-14|leicester-city|chelsea,1516,2015-12-14,train
1516|2015-12-19|chelsea|sunderland,1516,2015-12-19,train
1516|2015-12-19|everton|leicester-city,1516,2015-12-19,train
1516|2015-12-19|manchester-united|norwich-city,1516,2015-12-19,train
1516|2015-12-19|newcastle-united|aston-villa,1516,2015-12-19,train
1516|2015-12-19|southampton|tottenham-hotspur,1516,2015-12-19,train
1516|2015-12-19|stoke-city|crystal-palace,1516,2015-12-19,train
1516|2015-12-19|west-bromwich-albion|afc-bournemouth,1516,2015-12-19,train
1516|2015-12-20|swansea-city|west-ham-united,1516,2015-12-20,train
1516|2015-12-20|watford|liverpool,1516,2015-12-20,train
1516|2015-12-21|arsenal|manchester-city,1516,2015-12-21,train
1516|2015-12-26|afc-bournemouth|crystal-palace,1516,2015-12-26,train
1516|2015-12-26|aston-villa|west-ham-united,1516,2015-12-26,train
1516|2015-12-26|chelsea|watford,1516,2015-12-26,train
1516|2015-12-26|liverpool|leicester-city,1516,2015-12-26,train
1516|2015-12-26|manchester-city|sunderland,1516,2015-12-26,train
1516|2015-12-26|newcastle-united|everton,1516,2015-12-26,train
1516|2015-12-26|southampton|arsenal,1516,2015-12-26,train
1516|2015-12-26|stoke-city|manchester-united,1516,2015-12-26,train
1516|2015-12-26|swansea-city|west-bromwich-albion,1516,2015-12-26,train
1516|2015-12-26|tottenham-hotspur|norwich-city,1516,2015-12-26,train
1516|2015-12-28|arsenal|afc-bournemouth,1516,2015-12-28,train
1516|2015-12-28|crystal-palace|swansea-city,1516,2015-12-28,train
1516|2015-12-28|everton|stoke-city,1516,2015-12-28,train
1516|2015-12-28|manchester-united|chelsea,1516,2015-12-28,train
1516|2015-12-28|norwich-city|aston-villa,1516,2015-12-28,train
1516|2015-12-28|watford|tottenham-hotspur,1516,2015-12-28,train
1516|2015-12-28|west-bromwich-albion|newcastle-united,1516,2015-12-28,train
1516|2015-12-28|west-ham-united|southampton,1516,2015-12-28,train
1516|2015-12-29|leicester-city|manchester-city,1516,2015-12-29,train
1516|2015-12-30|sunderland|liverpool,1516,2015-12-30,train
1516|2016-01-02|arsenal|newcastle-united,1516,2016-01-02,train
1516|2016-01-02|leicester-city|afc-bournemouth,1516,2016-01-02,train
1516|2016-01-02|manchester-united|swansea-city,1516,2016-01-02,train
1516|2016-01-02|norwich-city|southampton,1516,2016-01-02,train
1516|2016-01-02|sunderland|aston-villa,1516,2016-01-02,train
1516|2016-01-02|watford|manchester-city,1516,2016-01-02,train
1516|2016-01-02|west-bromwich-albion|stoke-city,1516,2016-01-02,train
1516|2016-01-02|west-ham-united|liverpool,1516,2016-01-02,train
1516|2016-01-03|crystal-palace|chelsea,1516,2016-01-03,train
1516|2016-01-03|everton|tottenham-hotspur,1516,2016-01-03,train
1516|2016-01-12|afc-bournemouth|west-ham-united,1516,2016-01-12,train
1516|2016-01-12|aston-villa|crystal-palace,1516,2016-01-12,train
1516|2016-01-12|newcastle-united|manchester-united,1516,2016-01-12,train
1516|2016-01-13|chelsea|west-bromwich-albion,1516,2016-01-13,train
1516|2016-01-13|liverpool|arsenal,1516,2016-01-13,train
1516|2016-01-13|manchester-city|everton,1516,2016-01-13,train
1516|2016-01-13|southampton|watford,1516,2016-01-13,train
1516|2016-01-13|stoke-city|norwich-city,1516,2016-01-13,train
1516|2016-01-13|swansea-city|sunderland,1516,2016-01-13,train
1516|2016-01-13|tottenham-hotspur|leicester-city,1516,2016-01-13,train
1516|2016-01-16|afc-bournemouth|norwich-city,1516,2016-01-16,train
1516|2016-01-16|aston-villa|leicester-city,1516,2016-01-16,train
1516|2016-01-16|chelsea|everton,1516,2016-01-16,train
1516|2016-01-16|manchester-city|crystal-palace,1516,2016-01-16,train
1516|2016-01-16|newcastle-united|west-ham-united,1516,2016-01-16,train
1516|2016-01-16|southampton|west-bromwich-albion,1516,2016-01-16,train
1516|2016-01-16|tottenham-hotspur|sunderland,1516,2016-01-16,train
1516|2016-01-17|liverpool|manchester-united,1516,2016-01-17,train
1516|2016-01-17|stoke-city|arsenal,1516,2016-01-17,train
1516|2016-01-18|swansea-city|watford,1516,2016-01-18,train
1516|2016-01-23|crystal-palace|tottenham-hotspur,1516,2016-01-23,train
1516|2016-01-23|leicester-city|stoke-city,1516,2016-01-23,train
1516|2016-01-23|manchester-united|southampton,1516,2016-01-23,train
1516|2016-01-23|norwich-city|liverpool,1516,2016-01-23,train
1516|2016-01-23|sunderland|afc-bournemouth,1516,2016-01-23,train
1516|2016-01-23|watford|newcastle-united,1516,2016-01-23,train
1516|2016-01-23|west-bromwich-albion|aston-villa,1516,2016-01-23,train
1516|2016-01-23|west-ham-united|manchester-city,1516,2016-01-23,train
1516|2016-01-24|arsenal|chelsea,1516,2016-01-24,train
1516|2016-01-24|everton|swansea-city,1516,2016-01-24,train
1516|2016-02-02|arsenal|southampton,1516,2016-02-02,train
1516|2016-02-02|crystal-palace|afc-bournemouth,1516,2016-02-02,train
1516|2016-02-02|leicester-city|liverpool,1516,2016-02-02,train
1516|2016-02-02|manchester-united|stoke-city,1516,2016-02-02,train
1516|2016-02-02|norwich-city|tottenham-hotspur,1516,2016-02-02,train
1516|2016-02-02|sunderland|manchester-city,1516,2016-02-02,train
1516|2016-02-02|west-bromwich-albion|swansea-city,1516,2016-02-02,train
1516|2016-02-02|west-ham-united|aston-villa,1516,2016-02-02,train
1516|2016-02-03|everton|newcastle-united,1516,2016-02-03,train
1516|2016-02-03|watford|chelsea,1516,2016-02-03,train
1516|2016-02-06|aston-villa|norwich-city,1516,2016-02-06,train
1516|2016-02-06|liverpool|sunderland,1516,2016-02-06,train
1516|2016-02-06|manchester-city|leicester-city,1516,2016-02-06,train
1516|2016-02-06|newcastle-united|west-bromwich-albion,1516,2016-02-06,train
1516|2016-02-06|southampton|west-ham-united,1516,2016-02-06,train
1516|2016-02-06|stoke-city|everton,1516,2016-02-06,train
1516|2016-02-06|swansea-city|crystal-palace,1516,2016-02-06,train
1516|2016-02-06|tottenham-hotspur|watford,1516,2016-02-06,train
1516|2016-02-07|afc-bournemouth|arsenal,1516,2016-02-07,train
1516|2016-02-07|chelsea|manchester-united,1516,2016-02-07,train
1516|2016-02-13|afc-bournemouth|stoke-city,1516,2016-02-13,train
1516|2016-02-13|chelsea|newcastle-united,1516,2016-02-13,train
1516|2016-02-13|crystal-palace|watford,1516,2016-02-13,train
1516|2016-02-13|everton|west-bromwich-albion,1516,2016-02-13,train
1516|2016-02-13|norwich-city|west-ham-united,1516,2016-02-13,train
1516|2016-02-13|sunderland|manchester-united,1516,2016-02-13,train
1516|2016-02-13|swansea-city|southampton,1516,2016-02-13,train
1516|2016-02-14|arsenal|leicester-city,1516,2016-02-14,train
1516|2016-02-14|aston-villa|liverpool,1516,2016-02-14,train
1516|2016-02-14|manchester-city|tottenham-hotspur,1516,2016-02-14,train
1516|2016-02-27|leicester-city|norwich-city,1516,2016-02-27,train
1516|2016-02-27|southampton|chelsea,1516,2016-02-27,train
1516|2016-02-27|stoke-city|aston-villa,1516,2016-02-27,train
1516|2016-02-27|watford|afc-bournemouth,1516,2016-02-27,train
1516|2016-02-27|west-bromwich-albion|crystal-palace,1516,2016-02-27,train
1516|2016-02-27|west-ham-united|sunderland,1516,2016-02-27,train
1516|2016-02-28|manchester-united|arsenal,1516,2016-02-28,train
1516|2016-02-28|tottenham-hotspur|swansea-city,1516,2016-02-28,train
1516|2016-03-01|afc-bournemouth|southampton,1516,2016-03-01,train
1516|2016-03-01|aston-villa|everton,1516,2016-03-01,train
1516|2016-03-01|leicester-city|west-bromwich-albion,1516,2016-03-01,train
1516|2016-03-01|norwich-city|chelsea,1516,2016-03-01,train
1516|2016-03-01|sunderland|crystal-palace,1516,2016-03-01,train
1516|2016-03-02|arsenal|swansea-city,1516,2016-03-02,train
1516|2016-03-02|liverpool|manchester-city,1516,2016-03-02,train
1516|2016-03-02|manchester-united|watford,1516,2016-03-02,train
1516|2016-03-02|stoke-city|newcastle-united,1516,2016-03-02,train
1516|2016-03-02|west-ham-united|tottenham-hotspur,1516,2016-03-02,train
1516|2016-03-05|chelsea|stoke-city,1516,2016-03-05,train
1516|2016-03-05|everton|west-ham-united,1516,2016-03-05,train
1516|2016-03-05|manchester-city|aston-villa,1516,2016-03-05,train
1516|2016-03-05|newcastle-united|afc-bournemouth,1516,2016-03-05,train
1516|2016-03-05|southampton|sunderland,1516,2016-03-05,train
1516|2016-03-05|swansea-city|norwich-city,1516,2016-03-05,train
1516|2016-03-05|tottenham-hotspur|arsenal,1516,2016-03-05,train
1516|2016-03-05|watford|leicester-city,1516,2016-03-05,train
1516|2016-03-06|crystal-palace|liverpool,1516,2016-03-06,train
1516|2016-03-06|west-bromwich-albion|manchester-united,1516,2016-03-06,train
1516|2016-03-12|afc-bournemouth|swansea-city,1516,2016-03-12,train
1516|2016-03-12|norwich-city|manchester-city,1516,2016-03-12,train
1516|2016-03-12|stoke-city|southampton,1516,2016-03-12,train
1516|2016-03-13|aston-villa|tottenham-hotspur,1516,2016-03-13,train
1516|2016-03-14|leicester-city|newcastle-united,1516,2016-03-14,train
1516|2016-03-19|chelsea|west-ham-united,1516,2016-03-19,train
1516|2016-03-19|crystal-palace|leicester-city,1516,2016-03-19,train
1516|2016-03-19|everton|arsenal,1516,2016-03-19,train
1516|2016-03-19|swansea-city|aston-villa,1516,2016-03-19,train
1516|2016-03-19|watford|stoke-city,1516,2016-03-19,train
1516|2016-03-19|west-bromwich-albion|norwich-city,1516,2016-03-19,train
1516|2016-03-20|manchester-city|manchester-united,1516,2016-03-20,train
1516|2016-03-20|newcastle-united|sunderland,1516,2016-03-20,train
1516|2016-03-20|southampton|liverpool,1516,2016-03-20,train
1516|2016-03-20|tottenham-hotspur|afc-bournemouth,1516,2016-03-20,train
1516|2016-04-02|afc-bournemouth|manchester-city,1516,2016-04-02,train
1516|2016-04-02|arsenal|watford,1516,2016-04-02,train
1516|2016-04-02|aston-villa|chelsea,1516,2016-04-02,train
1516|2016-04-02|liverpool|tottenham-hotspur,1516,2016-04-02,train
1516|2016-04-02|norwich-city|newcastle-united,1516,2016-04-02,train
1516|2016-04-02|stoke-city|swansea-city,1516,2016-04-02,train
1516|2016-04-02|sunderland|west-bromwich-albion,1516,2016-04-02,train
1516|2016-04-02|west-ham-united|crystal-palace,1516,2016-04-02,train
1516|2016-04-03|leicester-city|southampton,1516,2016-04-03,train
1516|2016-04-03|manchester-united|everton,1516,2016-04-03,train
1516|2016-04-09|aston-villa|afc-bournemouth,1516,2016-04-09,train
1516|2016-04-09|crystal-palace|norwich-city,1516,2016-04-09,train
1516|2016-04-09|manchester-city|west-bromwich-albion,1516,2016-04-09,train
1516|2016-04-09|southampton|newcastle-united,1516,2016-04-09,train
1516|2016-04-09|swansea-city|chelsea,1516,2016-04-09,train
1516|2016-04-09|watford|everton,1516,2016-04-09,train
1516|2016-04-09|west-ham-united|arsenal,1516,2016-04-09,train
1516|2016-04-10|liverpool|stoke-city,1516,2016-04-10,train
1516|2016-04-10|sunderland|leicester-city,1516,2016-04-10,train
1516|2016-04-10|tottenham-hotspur|manchester-united,1516,2016-04-10,train
1516|2016-04-13|crystal-palace|everton,1516,2016-04-13,train
1516|2016-04-16|chelsea|manchester-city,1516,2016-04-16,train
1516|2016-04-16|everton|southampton,1516,2016-04-16,train
1516|2016-04-16|manchester-united|aston-villa,1516,2016-04-16,train
1516|2016-04-16|newcastle-united|swansea-city,1516,2016-04-16,train
1516|2016-04-16|norwich-city|sunderland,1516,2016-04-16,train
1516|2016-04-16|west-bromwich-albion|watford,1516,2016-04-16,train
1516|2016-04-17|afc-bournemouth|liverpool,1516,2016-04-17,train
1516|2016-04-17|arsenal|crystal-palace,1516,2016-04-17,train
1516|2016-04-17|leicester-city|west-ham-united,1516,2016-04-17,train
1516|2016-04-18|stoke-city|tottenham-hotspur,1516,2016-04-18,train
1516|2016-04-19|newcastle-united|manchester-city,1516,2016-04-19,train
1516|2016-04-20|liverpool|everton,1516,2016-04-20,train
1516|2016-04-20|manchester-united|crystal-palace,1516,2016-04-20,train
1516|2016-04-20|west-ham-united|watford,1516,2016-04-20,train
1516|2016-04-21|arsenal|west-bromwich-albion,1516,2016-04-21,train
1516|2016-04-23|afc-bournemouth|chelsea,1516,2016-04-23,train
1516|2016-04-23|aston-villa|southampton,1516,2016-04-23,train
1516|2016-04-23|liverpool|newcastle-united,1516,2016-04-23,train
1516|2016-04-23|manchester-city|stoke-city,1516,2016-04-23,train
1516|2016-04-24|leicester-city|swansea-city,1516,2016-04-24,train
1516|2016-04-24|sunderland|arsenal,1516,2016-04-24,train
1516|2016-04-25|tottenham-hotspur|west-bromwich-albion,1516,2016-04-25,train
1516|2016-04-30|arsenal|norwich-city,1516,2016-04-30,train
1516|2016-04-30|everton|afc-bournemouth,1516,2016-04-30,train
1516|2016-04-30|newcastle-united|crystal-palace,1516,2016-04-30,train
1516|2016-04-30|stoke-city|sunderland,1516,2016-04-30,train
1516|2016-04-30|watford|aston-villa,1516,2016-04-30,train
1516|2016-04-30|west-bromwich-albion|west-ham-united,1516,2016-04-30,train
1516|2016-05-01|manchester-united|leicester-city,1516,2016-05-01,train
1516|2016-05-01|southampton|manchester-city,1516,2016-05-01,train
1516|2016-05-01|swansea-city|liverpool,1516,2016-05-01,train
1516|2016-05-02|chelsea|tottenham-hotspur,1516,2016-05-02,train
1516|2016-05-07|afc-bournemouth|west-bromwich-albion,1516,2016-05-07,train
1516|2016-05-07|aston-villa|newcastle-united,1516,2016-05-07,train
1516|2016-05-07|crystal-palace|stoke-city,1516,2016-05-07,train
1516|2016-05-07|leicester-city|everton,1516,2016-05-07,train
1516|2016-05-07|norwich-city|manchester-united,1516,2016-05-07,train
1516|2016-05-07|sunderland|chelsea,1516,2016-05-07,train
1516|2016-05-07|west-ham-united|swansea-city,1516,2016-05-07,train
1516|2016-05-08|liverpool|watford,1516,2016-05-08,train
1516|2016-05-08|manchester-city|arsenal,1516,2016-05-08,train
1516|2016-05-08|tottenham-hotspur|southampton,1516,2016-05-08,train
1516|2016-05-10|west-ham-united|manchester-united,1516,2016-05-10,train
1516|2016-05-11|liverpool|chelsea,1516,2016-05-11,train
1516|2016-05-11|norwich-city|watford,1516,2016-05-11,train
1516|2016-05-11|sunderland|everton,1516,2016-05-11,train
1516|2016-05-15|arsenal|aston-villa,1516,2016-05-15,train
1516|2016-05-15|chelsea|leicester-city,1516,2016-05-15,train
1516|2016-05-15|everton|norwich-city,1516,2016-05-15,train
1516|2016-05-15|newcastle-united|tottenham-hotspur,1516,2016-05-15,train
1516|2016-05-15|southampton|crystal-palace,1516,2016-05-15,train
1516|2016-05-15|stoke-city|west-ham-united,1516,2016-05-15,train
1516|2016-05-15|swansea-city|manchester-city,1516,2016-05-15,train
1516|2016-05-15|watford|sunderland,1516,2016-05-15,train
1516|2016-05-15|west-bromwich-albion|liverpool,1516,2016-05-15,train
1516|2016-05-17|manchester-united|afc-bournemouth,1516,2016-05-17,train
1617|2016-08-13|burnley|swansea-city,1617,2016-08-13,train
1617|2016-08-13|crystal-palace|west-bromwich-albion,1617,2016-08-13,train
1617|2016-08-13|everton|tottenham-hotspur,1617,2016-08-13,train
1617|2016-08-13|hull-city|leicester-city,1617,2016-08-13,train
1617|2016-08-13|manchester-city|sunderland,1617,2016-08-13,train
1617|2016-08-13|middlesbrough|stoke-city,1617,2016-08-13,train
1617|2016-08-13|southampton|watford,1617,2016-08-13,train
1617|2016-08-14|afc-bournemouth|manchester-united,1617,2016-08-14,train
1617|2016-08-14|arsenal|liverpool,1617,2016-08-14,train
1617|2016-08-15|chelsea|west-ham-united,1617,2016-08-15,train
1617|2016-08-19|manchester-united|southampton,1617,2016-08-19,train
1617|2016-08-20|burnley|liverpool,1617,2016-08-20,train
1617|2016-08-20|leicester-city|arsenal,1617,2016-08-20,train
1617|2016-08-20|stoke-city|manchester-city,1617,2016-08-20,train
1617|2016-08-20|swansea-city|hull-city,1617,2016-08-20,train
1617|2016-08-20|tottenham-hotspur|crystal-palace,1617,2016-08-20,train
1617|2016-08-20|watford|chelsea,1617,2016-08-20,train
1617|2016-08-20|west-bromwich-albion|everton,1617,2016-08-20,train
1617|2016-08-21|sunderland|middlesbrough,1617,2016-08-21,train
1617|2016-08-21|west-ham-united|afc-bournemouth,1617,2016-08-21,train
1617|2016-08-27|chelsea|burnley,1617,2016-08-27,train
1617|2016-08-27|crystal-palace|afc-bournemouth,1617,2016-08-27,train
1617|2016-08-27|everton|stoke-city,1617,2016-08-27,train
1617|2016-08-27|hull-city|manchester-united,1617,2016-08-27,train
1617|2016-08-27|leicester-city|swansea-city,1617,2016-08-27,train
1617|2016-08-27|southampton|sunderland,1617,2016-08-27,train
1617|2016-08-27|tottenham-hotspur|liverpool,1617,2016-08-27,train
1617|2016-08-27|watford|arsenal,1617,2016-08-27,train
1617|2016-08-28|manchester-city|west-ham-united,1617,2016-08-28,train
1617|2016-08-28|west-bromwich-albion|middlesbrough,1617,2016-08-28,train
1617|2016-09-10|afc-bournemouth|west-bromwich-albion,1617,2016-09-10,train
1617|2016-09-10|arsenal|southampton,1617,2016-09-10,train
1617|2016-09-10|burnley|hull-city,1617,2016-09-10,train
1617|2016-09-10|liverpool|leicester-city,1617,2016-09-10,train
1617|2016-09-10|manchester-united|manchester-city,1617,2016-09-10,train
1617|2016-09-10|middlesbrough|crystal-palace,1617,2016-09-10,train
1617|2016-09-10|stoke-city|tottenham-hotspur,1617,2016-09-10,train
1617|2016-09-10|west-ham-united|watford,1617,2016-09-10,train
1617|2016-09-11|swansea-city|chelsea,1617,2016-09-11,train
1617|2016-09-12|sunderland|everton,1617,2016-09-12,train
1617|2016-09-16|chelsea|liverpool,1617,2016-09-16,train
1617|2016-09-17|everton|middlesbrough,1617,2016-09-17,train
1617|2016-09-17|hull-city|arsenal,1617,2016-09-17,train
1617|2016-09-17|leicester-city|burnley,1617,2016-09-17,train
1617|2016-09-17|manchester-city|afc-bournemouth,1617,2016-09-17,train
1617|2016-09-17|west-bromwich-albion|west-ham-united,1617,2016-09-17,train
1617|2016-09-18|crystal-palace|stoke-city,1617,2016-09-18,train
1617|2016-09-18|southampton|swansea-city,1617,2016-09-18,train
1617|2016-09-18|tottenham-hotspur|sunderland,1617,2016-09-18,train
1617|2016-09-18|watford|manchester-united,1617,2016-09-18,train
1617|2016-09-24|afc-bournemouth|everton,1617,2016-09-24,train
1617|2016-09-24|arsenal|chelsea,1617,2016-09-24,train
1617|2016-09-24|liverpool|hull-city,1617,2016-09-24,train
1617|2016-09-24|manchester-united|leicester-city,1617,2016-09-24,train
1617|2016-09-24|middlesbrough|tottenham-hotspur,1617,2016-09-24,train
1617|2016-09-24|stoke-city|west-bromwich-albion,1617,2016-09-24,train
1617|2016-09-24|sunderland|crystal-palace,1617,2016-09-24,train
1617|2016-09-24|swansea-city|manchester-city,1617,2016-09-24,train
1617|2016-09-25|west-ham-united|southampton,1617,2016-09-25,train
1617|2016-09-26|burnley|watford,1617,2016-09-26,train
1617|2016-09-30|everton|crystal-palace,1617,2016-09-30,train
1617|2016-10-01|hull-city|chelsea,1617,2016-10-01,train
1617|2016-10-01|sunderland|west-bromwich-albion,1617,2016-10-01,train
1617|2016-10-01|swansea-city|liverpool,1617,2016-10-01,train
1617|2016-10-01|watford|afc-bournemouth,1617,2016-10-01,train
1617|2016-10-01|west-ham-united|middlesbrough,1617,2016-10-01,train
1617|2016-10-02|burnley|arsenal,1617,2016-10-02,train
1617|2016-10-02|leicester-city|southampton,1617,2016-10-02,train
1617|2016-10-02|manchester-united|stoke-city,1617,2016-10-02,train
1617|2016-10-02|tottenham-hotspur|manchester-city,1617,2016-10-02,train
1617|2016-10-15|afc-bournemouth|hull-city,1617,2016-10-15,train
1617|2016-10-15|arsenal|swansea-city,1617,2016-10-15,train
1617|2016-10-15|chelsea|leicester-city,1617,2016-10-15,train
1617|2016-10-15|crystal-palace|west-ham-united,1617,2016-10-15,train
1617|2016-10-15|manchester-city|everton,1617,2016-10-15,train
1617|2016-10-15|stoke-city|sunderland,1617,2016-10-15,train
1617|2016-10-15|west-bromwich-albion|tottenham-hotspur,1617,2016-10-15,train
1617|2016-10-16|middlesbrough|watford,1617,2016-10-16,train
1617|2016-10-16|southampton|burnley,1617,2016-10-16,train
1617|2016-10-17|liverpool|manchester-united,1617,2016-10-17,train
1617|2016-10-22|afc-bournemouth|tottenham-hotspur,1617,2016-10-22,train
1617|2016-10-22|arsenal|middlesbrough,1617,2016-10-22,train
1617|2016-10-22|burnley|everton,1617,2016-10-22,train
1617|2016-10-22|hull-city|stoke-city,1617,2016-10-22,train
1617|2016-10-22|leicester-city|crystal-palace,1617,2016-10-22,train
1617|2016-10-22|liverpool|west-bromwich-albion,1617,2016-10-22,train
1617|2016-10-22|swansea-city|watford,1617,2016-10-22,train
1617|2016-10-22|west-ham-united|sunderland,1617,2016-10-22,train
1617|2016-10-23|chelsea|manchester-united,1617,2016-10-23,train
1617|2016-10-23|manchester-city|southampton,1617,2016-10-23,train
1617|2016-10-29|crystal-palace|liverpool,1617,2016-10-29,train
1617|2016-10-29|manchester-united|burnley,1617,2016-10-29,train
1617|2016-10-29|middlesbrough|afc-bournemouth,1617,2016-10-29,train
1617|2016-10-29|sunderland|arsenal,1617,2016-10-29,train
1617|2016-10-29|tottenham-hotspur|leicester-city,1617,2016-10-29,train
1617|2016-10-29|watford|hull-city,1617,2016-10-29,train
1617|2016-10-29|west-bromwich-albion|manchester-city,1617,2016-10-29,train
1617|2016-10-30|everton|west-ham-united,1617,2016-10-30,train
1617|2016-10-30|southampton|chelsea,1617,2016-10-30,train
1617|2016-10-31|stoke-city|swansea-city,1617,2016-10-31,train
1617|2016-11-05|afc-bournemouth|sunderland,1617,2016-11-05,train
1617|2016-11-05|burnley|crystal-palace,1617,2016-11-05,train
1617|2016-11-05|chelsea|everton,1617,2016-11-05,train
1617|2016-11-05|manchester-city|middlesbrough,1617,2016-11-05,train
1617|2016-11-05|west-ham-united|stoke-city,1617,2016-11-05,train
1617|2016-11-06|arsenal|tottenham-hotspur,1617,2016-11-06,train
1617|2016-11-06|hull-city|southampton,1617,2016-11-06,train
1617|2016-11-06|leicester-city|west-bromwich-albion,1617,2016-11-06,train
1617|2016-11-06|liverpool|watford,1617,2016-11-06,train
1617|2016-11-06|swansea-city|manchester-united,1617,2016-11-06,train
1617|2016-11-19|crystal-palace|manchester-city,1617,2016-11-19,train
1617|2016-11-19|everton|swansea-city,1617,2016-11-19,train
1617|2016-11-19|manchester-united|arsenal,1617,2016-11-19,train
1617|2016-11-19|southampton|liverpool,1617,2016-11-19,train
1617|2016-11-19|stoke-city|afc-bournemouth,1617,2016-11-19,train
1617|2016-11-19|sunderland|hull-city,1617,2016-11-19,train
1617|2016-11-19|tottenham-hotspur|west-ham-united,1617,2016-11-19,train
1617|2016-11-19|watford|leicester-city,1617,2016-11-19,train
1617|2016-11-20|middlesbrough|chelsea,1617,2016-11-20,train
1617|2016-11-21|west-bromwich-albion|burnley,1617,2016-11-21,train
1617|2016-11-26|burnley|manchester-city,1617,2016-11-26,train
1617|2016-11-26|chelsea|tottenham-hotspur,1617,2016-11-26,train
1617|2016-11-26|hull-city|west-bromwich-albion,1617,2016-11-26,train
1617|2016-11-26|leicester-city|middlesbrough,1617,2016-11-26,train
1617|2016-11-26|liverpool|sunderland,1617,2016-11-26,train
1617|2016-11-26|swansea-city|crystal-palace,1617,2016-11-26,train
1617|2016-11-27|arsenal|afc-bournemouth,1617,2016-11-27,train
1617|2016-11-27|manchester-united|west-ham-united,1617,2016-11-27,train
1617|2016-11-27|southampton|everton,1617,2016-11-27,train
1617|2016-11-27|watford|stoke-city,1617,2016-11-27,train
1617|2016-12-03|crystal-palace|southampton,1617,2016-12-03,train
1617|2016-12-03|manchester-city|chelsea,1617,2016-12-03,train
1617|2016-12-03|stoke-city|burnley,1617,2016-12-03,train
1617|2016-12-03|sunderland|leicester-city,1617,2016-12-03,train
1617|2016-12-03|tottenham-hotspur|swansea-city,1617,2016-12-03,train
1617|2016-12-03|west-bromwich-albion|watford,1617,2016-12-03,train
1617|2016-12-03|west-ham-united|arsenal,1617,2016-12-03,train
1617|2016-12-04|afc-bournemouth|liverpool,1617,2016-12-04,train
1617|2016-12-04|everton|manchester-united,1617,2016-12-04,train
1617|2016-12-05|middlesbrough|hull-city,1617,2016-12-05,train
1617|2016-12-10|arsenal|stoke-city,1617,2016-12-10,train
1617|2016-12-10|burnley|afc-bournemouth,1617,2016-12-10,train
1617|2016-12-10|hull-city|crystal-palace,1617,2016-12-10,train
1617|2016-12-10|leicester-city|manchester-city,1617,2016-12-10,train
1617|2016-12-10|swansea-city|sunderland,1617,2016-12-10,train
1617|2016-12-10|watford|everton,1617,2016-12-10,train
1617|2016-12-11|chelsea|west-bromwich-albion,1617,2016-12-11,train
1617|2016-12-11|liverpool|west-ham-united,1617,2016-12-11,train
1617|2016-12-11|manchester-united|tottenham-hotspur,1617,2016-12-11,train
1617|2016-12-11|southampton|middlesbrough,1617,2016-12-11,train
1617|2016-12-13|afc-bournemouth|leicester-city,1617,2016-12-13,train
1617|2016-12-13|everton|arsenal,1617,2016-12-13,train
1617|2016-12-14|crystal-palace|manchester-united,1617,2016-12-14,train
1617|2016-12-14|manchester-city|watford,1617,2016-12-14,train
1617|2016-12-14|middlesbrough|liverpool,1617,2016-12-14,train
1617|2016-12-14|stoke-city|southampton,1617,2016-12-14,train
1617|2016-12-14|sunderland|chelsea,1617,2016-12-14,train
1617|2016-12-14|tottenham-hotspur|hull-city,1617,2016-12-14,train
1617|2016-12-14|west-bromwich-albion|swansea-city,1617,2016-12-14,train
1617|2016-12-14|west-ham-united|burnley,1617,2016-12-14,train
1617|2016-12-17|crystal-palace|chelsea,1617,2016-12-17,train
1617|2016-12-17|middlesbrough|swansea-city,1617,2016-12-17,train
1617|2016-12-17|stoke-city|leicester-city,1617,2016-12-17,train
1617|2016-12-17|sunderland|watford,1617,2016-12-17,train
1617|2016-12-17|west-bromwich-albion|manchester-united,1617,2016-12-17,train
1617|2016-12-17|west-ham-united|hull-city,1617,2016-12-17,train
1617|2016-12-18|afc-bournemouth|southampton,1617,2016-12-18,train
1617|2016-12-18|manchester-city|arsenal,1617,2016-12-18,train
1617|2016-12-18|tottenham-hotspur|burnley,1617,2016-12-18,train
1617|2016-12-19|everton|liverpool,1617,2016-12-19,train
1617|2016-12-26|arsenal|west-bromwich-albion,1617,2016-12-26,train
1617|2016-12-26|burnley|middlesbrough,1617,2016-12-26,train
1617|2016-12-26|chelsea|afc-bournemouth,1617,2016-12-26,train
1617|2016-12-26|hull-city|manchester-city,1617,2016-12-26,train
1617|2016-12-26|leicester-city|everton,1617,2016-12-26,train
1617|2016-12-26|manchester-united|sunderland,1617,2016-12-26,train
1617|2016-12-26|swansea-city|west-ham-united,1617,2016-12-26,train
1617|2016-12-26|watford|crystal-palace,1617,2016-12-26,train
1617|2016-12-27|liverpool|stoke-city,1617,2016-12-27,train
1617|2016-12-28|southampton|tottenham-hotspur,1617,2016-12-28,train
1617|2016-12-30|hull-city|everton,1617,2016-12-30,train
1617|2016-12-31|burnley|sunderland,1617,2016-12-31,train
1617|2016-12-31|chelsea|stoke-city,1617,2016-12-31,train
1617|2016-12-31|leicester-city|west-ham-united,1617,2016-12-31,train
1617|2016-12-31|liverpool|manchester-city,1617,2016-12-31,train
1617|2016-12-31|manchester-united|middlesbrough,1617,2016-12-31,train
1617|2016-12-31|southampton|west-bromwich-albion,1617,2016-12-31,train
1617|2016-12-31|swansea-city|afc-bournemouth,1617,2016-12-31,train
1617|2017-01-01|arsenal|crystal-palace,1617,2017-01-01,train
1617|2017-01-01|watford|tottenham-hotspur,1617,2017-01-01,train
1617|2017-01-02|everton|southampton,1617,2017-01-02,train
1617|2017-01-02|manchester-city|burnley,1617,2017-01-02,train
1617|2017-01-02|middlesbrough|leicester-city,1617,2017-01-02,train
1617|2017-01-02|sunderland|liverpool,1617,2017-01-02,train
1617|2017-01-02|west-bromwich-albion|hull-city,1617,2017-01-02,train
1617|2017-01-02|west-ham-united|manchester-united,1617,2017-01-02,train
1617|2017-01-03|afc-bournemouth|arsenal,1617,2017-01-03,train
1617|2017-01-03|crystal-palace|swansea-city,1617,2017-01-03,train
1617|2017-01-03|stoke-city|watford,1617,2017-01-03,train
1617|2017-01-04|tottenham-hotspur|chelsea,1617,2017-01-04,train
1617|2017-01-14|burnley|southampton,1617,2017-01-14,train
1617|2017-01-14|hull-city|afc-bournemouth,1617,2017-01-14,train
1617|2017-01-14|leicester-city|chelsea,1617,2017-01-14,train
1617|2017-01-14|sunderland|stoke-city,1617,2017-01-14,train
1617|2017-01-14|swansea-city|arsenal,1617,2017-01-14,train
1617|2017-01-14|tottenham-hotspur|west-bromwich-albion,1617,2017-01-14,train
1617|2017-01-14|watford|middlesbrough,1617,2017-01-14,train
1617|2017-01-14|west-ham-united|crystal-palace,1617,2017-01-14,train
1617|2017-01-15|everton|manchester-city,1617,2017-01-15,train
1617|2017-01-15|manchester-united|liverpool,1617,2017-01-15,train
1617|2017-01-21|afc-bournemouth|watford,1617,2017-01-21,train
1617|2017-01-21|crystal-palace|everton,1617,2017-01-21,train
1617|2017-01-21|liverpool|swansea-city,1617,2017-01-21,train
1617|2017-01-21|manchester-city|tottenham-hotspur,1617,2017-01-21,train
1617|2017-01-21|middlesbrough|west-ham-united,1617,2017-01-21,train
1617|2017-01-21|stoke-city|manchester-united,1617,2017-01-21,train
1617|2017-01-21|west-bromwich-albion|sunderland,1617,2017-01-21,train
1617|2017-01-22|arsenal|burnley,1617,2017-01-22,train
1617|2017-01-22|chelsea|hull-city,1617,2017-01-22,train
1617|2017-01-22|southampton|leicester-city,1617,2017-01-22,train
1617|2017-01-31|afc-bournemouth|crystal-palace,1617,2017-01-31,train
1617|2017-01-31|arsenal|watford,1617,2017-01-31,train
1617|2017-01-31|burnley|leicester-city,1617,2017-01-31,train
1617|2017-01-31|liverpool|chelsea,1617,2017-01-31,train
1617|2017-01-31|middlesbrough|west-bromwich-albion,1617,2017-01-31,train
1617|2017-01-31|sunderland|tottenham-hotspur,1617,2017-01-31,train
1617|2017-01-31|swansea-city|southampton,1617,2017-01-31,train
1617|2017-02-01|manchester-united|hull-city,1617,2017-02-01,train
1617|2017-02-01|stoke-city|everton,1617,2017-02-01,train
1617|2017-02-01|west-ham-united|manchester-city,1617,2017-02-01,train
1617|2017-02-04|chelsea|arsenal,1617,2017-02-04,train
1617|2017-02-04|crystal-palace|sunderland,1617,2017-02-04,train
1617|2017-02-04|everton|afc-bournemouth,1617,2017-02-04,train
1617|2017-02-04|hull-city|liverpool,1617,2017-02-04,train
1617|2017-02-04|southampton|west-ham-united,1617,2017-02-04,train
1617|2017-02-04|tottenham-hotspur|middlesbrough,1617,2017-02-04,train
1617|2017-02-04|watford|burnley,1617,2017-02-04,train
1617|2017-02-04|west-bromwich-albion|stoke-city,1617,2017-02-04,train
1617|2017-02-05|leicester-city|manchester-united,1617,2017-02-05,train
1617|2017-02-05|manchester-city|swansea-city,1617,2017-02-05,train
1617|2017-02-11|arsenal|hull-city,1617,2017-02-11,train
1617|2017-02-11|liverpool|tottenham-hotspur,1617,2017-02-11,train
1617|2017-02-11|manchester-united|watford,1617,2017-02-11,train
1617|2017-02-11|middlesbrough|everton,1617,2017-02-11,train
1617|2017-02-11|stoke-city|crystal-palace,1617,2017-02-11,train
1617|2017-02-11|sunderland|southampton,1617,2017-02-11,train
1617|2017-02-11|west-ham-united|west-bromwich-albion,1617,2017-02-11,train
1617|2017-02-12|burnley|chelsea,1617,2017-02-12,train
1617|2017-02-12|swansea-city|leicester-city,1617,2017-02-12,train
1617|2017-02-13|afc-bournemouth|manchester-city,1617,2017-02-13,train
1617|2017-02-25|chelsea|swansea-city,1617,2017-02-25,train
1617|2017-02-25|crystal-palace|middlesbrough,1617,2017-02-25,train
1617|2017-02-25|everton|sunderland,1617,2017-02-25,train
1617|2017-02-25|hull-city|burnley,1617,2017-02-25,train
1617|2017-02-25|watford|west-ham-united,1617,2017-02-25,train
1617|2017-02-25|west-bromwich-albion|afc-bournemouth,1617,2017-02-25,train
1617|2017-02-26|tottenham-hotspur|stoke-city,1617,2017-02-26,train
1617|2017-02-27|leicester-city|liverpool,1617,2017-02-27,train
1617|2017-03-04|leicester-city|hull-city,1617,2017-03-04,train
1617|2017-03-04|liverpool|arsenal,1617,2017-03-04,train
1617|2017-03-04|manchester-united|afc-bournemouth,1617,2017-03-04,train
1617|2017-03-04|stoke-city|middlesbrough,1617,2017-03-04,train
1617|2017-03-04|swansea-city|burnley,1617,2017-03-04,train
1617|2017-03-04|watford|southampton,1617,2017-03-04,train
1617|2017-03-04|west-bromwich-albion|crystal-palace,1617,2017-03-04,train
1617|2017-03-05|sunderland|manchester-city,1617,2017-03-05,train
1617|2017-03-05|tottenham-hotspur|everton,1617,2017-03-05,train
1617|2017-03-06|west-ham-united|chelsea,1617,2017-03-06,train
1617|2017-03-08|manchester-city|stoke-city,1617,2017-03-08,train
1617|2017-03-11|afc-bournemouth|west-ham-united,1617,2017-03-11,train
1617|2017-03-11|everton|west-bromwich-albion,1617,2017-03-11,train
1617|2017-03-11|hull-city|swansea-city,1617,2017-03-11,train
1617|2017-03-12|liverpool|burnley,1617,2017-03-12,train
1617|2017-03-18|afc-bournemouth|swansea-city,1617,2017-03-18,train
1617|2017-03-18|crystal-palace|watford,1617,2017-03-18,train
1617|2017-03-18|everton|hull-city,1617,2017-03-18,train
1617|2017-03-18|stoke-city|chelsea,1617,2017-03-18,train
1617|2017-03-18|sunderland|burnley,1617,2017-03-18,train
1617|2017-03-18|west-bromwich-albion|arsenal,1617,2017-03-18,train
1617|2017-03-18|west-ham-united|leicester-city,1617,2017-03-18,train
1617|2017-03-19|manchester-city|liverpool,1617,2017-03-19,train
1617|2017-03-19|middlesbrough|manchester-united,1617,2017-03-19,train
1617|2017-03-19|tottenham-hotspur|southampton,1617,2017-03-19,train
1617|2017-04-01|burnley|tottenham-hotspur,1617,2017-04-01,train
1617|2017-04-01|chelsea|crystal-palace,1617,2017-04-01,train
1617|2017-04-01|hull-city|west-ham-united,1617,2017-04-01,train
1617|2017-04-01|leicester-city|stoke-city,1617,2017-04-01,train
1617|2017-04-01|liverpool|everton,1617,2017-04-01,train
1617|2017-04-01|manchester-united|west-bromwich-albion,1617,2017-04-01,train
1617|2017-04-01|southampton|afc-bournemouth,1617,2017-04-01,train
1617|2017-04-01|watford|sunderland,1617,2017-04-01,train
1617|2017-04-02|arsenal|manchester-city,1617,2017-04-02,train
1617|2017-04-02|swansea-city|middlesbrough,1617,2017-04-02,train
1617|2017-04-04|burnley|stoke-city,1617,2017-04-04,train
1617|2017-04-04|leicester-city|sunderland,1617,2017-04-04,train
1617|2017-04-04|manchester-united|everton,1617,2017-04-04,train
1617|2017-04-04|watford|west-bromwich-albion,1617,2017-04-04,train
1617|2017-04-05|arsenal|west-ham-united,1617,2017-04-05,train
1617|2017-04-05|chelsea|manchester-city,1617,2017-04-05,train
1617|2017-04-05|hull-city|middlesbrough,1617,2017-04-05,train
1617|2017-04-05|liverpool|afc-bournemouth,1617,2017-04-05,train
1617|2017-04-05|southampton|crystal-palace,1617,2017-04-05,train
1617|2017-04-05|swansea-city|tottenham-hotspur,1617,2017-04-05,train
1617|2017-04-08|afc-bournemouth|chelsea,1617,2017-04-08,train
1617|2017-04-08|manchester-city|hull-city,1617,2017-04-08,train
1617|2017-04-08|middlesbrough|burnley,1617,2017-04-08,train
1617|2017-04-08|stoke-city|liverpool,1617,2017-04-08,train
1617|2017-04-08|tottenham-hotspur|watford,1617,2017-04-08,train
1617|2017-04-08|west-bromwich-albion|southampton,1617,2017-04-08,train
1617|2017-04-08|west-ham-united|swansea-city,1617,2017-04-08,train
1617|2017-04-09|everton|leicester-city,1617,2017-04-09,train
1617|2017-04-09|sunderland|manchester-united,1617,2017-04-09,train
1617|2017-04-10|crystal-palace|arsenal,1617,2017-04-10,train
1617|2017-04-15|crystal-palace|leicester-city,1617,2017-04-15,train
1617|2017-04-15|everton|burnley,1617,2017-04-15,train
1617|2017-04-15|southampton|manchester-city,1617,2017-04-15,train
1617|2017-04-15|stoke-city|hull-city,1617,2017-04-15,train
1617|2017-04-15|sunderland|west-ham-united,1617,2017-04-15,train
1617|2017-04-15|tottenham-hotspur|afc-bournemouth,1617,2017-04-15,train
1617|2017-04-15|watford|swansea-city,1617,2017-04-15,train
1617|2017-04-16|manchester-united|chelsea,1617,2017-04-16,train
1617|2017-04-16|west-bromwich-albion|liverpool,1617,2017-04-16,train
1617|2017-04-17|middlesbrough|arsenal,1617,2017-04-17,train
1617|2017-04-22|afc-bournemouth|middlesbrough,1617,2017-04-22,train
1617|2017-04-22|hull-city|watford,1617,2017-04-22,train
1617|2017-04-22|swansea-city|stoke-city,1617,2017-04-22,train
1617|2017-04-22|west-ham-united|everton,1617,2017-04-22,train
1617|2017-04-23|burnley|manchester-united,1617,2017-04-23,train
1617|2017-04-23|liverpool|crystal-palace,1617,2017-04-23,train
1617|2017-04-25|chelsea|southampton,1617,2017-04-25,train
1617|2017-04-26|arsenal|leicester-city,1617,2017-04-26,train
1617|2017-04-26|crystal-palace|tottenham-hotspur,1617,2017-04-26,train
1617|2017-04-26|middlesbrough|sunderland,1617,2017-04-26,train
1617|2017-04-27|manchester-city|manchester-united,1617,2017-04-27,train
1617|2017-04-29|crystal-palace|burnley,1617,2017-04-29,train
1617|2017-04-29|southampton|hull-city,1617,2017-04-29,train
1617|2017-04-29|stoke-city|west-ham-united,1617,2017-04-29,train
1617|2017-04-29|sunderland|afc-bournemouth,1617,2017-04-29,train
1617|2017-04-29|west-bromwich-albion|leicester-city,1617,2017-04-29,train
1617|2017-04-30|everton|chelsea,1617,2017-04-30,train
1617|2017-04-30|manchester-united|swansea-city,1617,2017-04-30,train
1617|2017-04-30|middlesbrough|manchester-city,1617,2017-04-30,train
1617|2017-04-30|tottenham-hotspur|arsenal,1617,2017-04-30,train
1617|2017-05-01|watford|liverpool,1617,2017-05-01,train
1617|2017-05-05|west-ham-united|tottenham-hotspur,1617,2017-05-05,train
1617|2017-05-06|afc-bournemouth|stoke-city,1617,2017-05-06,train
1617|2017-05-06|burnley|west-bromwich-albion,1617,2017-05-06,train
1617|2017-05-06|hull-city|sunderland,1617,2017-05-06,train
1617|2017-05-06|leicester-city|watford,1617,2017-05-06,train
1617|2017-05-06|manchester-city|crystal-palace,1617,2017-05-06,train
1617|2017-05-06|swansea-city|everton,1617,2017-05-06,train
1617|2017-05-07|arsenal|manchester-united,1617,2017-05-07,train
1617|2017-05-07|liverpool|southampton,1617,2017-05-07,train
1617|2017-05-08|chelsea|middlesbrough,1617,2017-05-08,train
1617|2017-05-10|southampton|arsenal,1617,2017-05-10,train
1617|2017-05-12|everton|watford,1617,2017-05-12,train
1617|2017-05-12|west-bromwich-albion|chelsea,1617,2017-05-12,train
1617|2017-05-13|afc-bournemouth|burnley,1617,2017-05-13,train
1617|2017-05-13|manchester-city|leicester-city,1617,2017-05-13,train
1617|2017-05-13|middlesbrough|southampton,1617,2017-05-13,train
1617|2017-05-13|stoke-city|arsenal,1617,2017-05-13,train
1617|2017-05-13|sunderland|swansea-city,1617,2017-05-13,train
1617|2017-05-14|crystal-palace|hull-city,1617,2017-05-14,train
1617|2017-05-14|tottenham-hotspur|manchester-united,1617,2017-05-14,train
1617|2017-05-14|west-ham-united|liverpool,1617,2017-05-14,train
1617|2017-05-15|chelsea|watford,1617,2017-05-15,train
1617|2017-05-16|arsenal|sunderland,1617,2017-05-16,train
1617|2017-05-16|manchester-city|west-bromwich-albion,1617,2017-05-16,train
1617|2017-05-17|southampton|manchester-united,1617,2017-05-17,train
1617|2017-05-18|leicester-city|tottenham-hotspur,1617,2017-05-18,train
1617|2017-05-21|arsenal|everton,1617,2017-05-21,train
1617|2017-05-21|burnley|west-ham-united,1617,2017-05-21,train
1617|2017-05-21|chelsea|sunderland,1617,2017-05-21,train
1617|2017-05-21|hull-city|tottenham-hotspur,1617,2017-05-21,train
1617|2017-05-21|leicester-city|afc-bournemouth,1617,2017-05-21,train
1617|2017-05-21|liverpool|middlesbrough,1617,2017-05-21,train
1617|2017-05-21|manchester-united|crystal-palace,1617,2017-05-21,train
1617|2017-05-21|southampton|stoke-city,1617,2017-05-21,train
1617|2017-05-21|swansea-city|west-bromwich-albion,1617,2017-05-21,train
1617|2017-05-21|watford|manchester-city,1617,2017-05-21,train
1718|2017-08-11|arsenal|leicester-city,1718,2017-08-11,train
1718|2017-08-12|brighton-and-hove-albion|manchester-city,1718,2017-08-12,train
1718|2017-08-12|chelsea|burnley,1718,2017-08-12,train
1718|2017-08-12|crystal-palace|huddersfield-town,1718,2017-08-12,train
1718|2017-08-12|everton|stoke-city,1718,2017-08-12,train
1718|2017-08-12|southampton|swansea-city,1718,2017-08-12,train
1718|2017-08-12|watford|liverpool,1718,2017-08-12,train
1718|2017-08-12|west-bromwich-albion|afc-bournemouth,1718,2017-08-12,train
1718|2017-08-13|manchester-united|west-ham-united,1718,2017-08-13,train
1718|2017-08-13|newcastle-united|tottenham-hotspur,1718,2017-08-13,train
1718|2017-08-19|afc-bournemouth|watford,1718,2017-08-19,train
1718|2017-08-19|burnley|west-bromwich-albion,1718,2017-08-19,train
1718|2017-08-19|leicester-city|brighton-and-hove-albion,1718,2017-08-19,train
1718|2017-08-19|liverpool|crystal-palace,1718,2017-08-19,train
1718|2017-08-19|southampton|west-ham-united,1718,2017-08-19,train
1718|2017-08-19|stoke-city|arsenal,1718,2017-08-19,train
1718|2017-08-19|swansea-city|manchester-united,1718,2017-08-19,train
1718|2017-08-20|huddersfield-town|newcastle-united,1718,2017-08-20,train
1718|2017-08-20|tottenham-hotspur|chelsea,1718,2017-08-20,train
1718|2017-08-21|manchester-city|everton,1718,2017-08-21,train
1718|2017-08-26|afc-bournemouth|manchester-city,1718,2017-08-26,train
1718|2017-08-26|crystal-palace|swansea-city,1718,2017-08-26,train
1718|2017-08-26|huddersfield-town|southampton,1718,2017-08-26,train
1718|2017-08-26|manchester-united|leicester-city,1718,2017-08-26,train
1718|2017-08-26|newcastle-united|west-ham-united,1718,2017-08-26,train
1718|2017-08-26|watford|brighton-and-hove-albion,1718,2017-08-26,train
1718|2017-08-27|chelsea|everton,1718,2017-08-27,train
1718|2017-08-27|liverpool|arsenal,1718,2017-08-27,train
1718|2017-08-27|tottenham-hotspur|burnley,1718,2017-08-27,train
1718|2017-08-27|west-bromwich-albion|stoke-city,1718,2017-08-27,train
1718|2017-09-09|arsenal|afc-bournemouth,1718,2017-09-09,train
1718|2017-09-09|brighton-and-hove-albion|west-bromwich-albion,1718,2017-09-09,train
1718|2017-09-09|everton|tottenham-hotspur,1718,2017-09-09,train
1718|2017-09-09|leicester-city|chelsea,1718,2017-09-09,train
1718|2017-09-09|manchester-city|liverpool,1718,2017-09-09,train
1718|2017-09-09|southampton|watford,1718,2017-09-09,train
1718|2017-09-09|stoke-city|manchester-united,1718,2017-09-09,train
1718|2017-09-10|burnley|crystal-palace,1718,2017-09-10,train
1718|2017-09-10|swansea-city|newcastle-united,1718,2017-09-10,train
1718|2017-09-11|west-ham-united|huddersfield-town,1718,2017-09-11,train
1718|2017-09-15|afc-bournemouth|brighton-and-hove-albion,1718,2017-09-15,train
1718|2017-09-16|crystal-palace|southampton,1718,2017-09-16,train
1718|2017-09-16|huddersfield-town|leicester-city,1718,2017-09-16,train
1718|2017-09-16|liverpool|burnley,1718,2017-09-16,train
1718|2017-09-16|newcastle-united|stoke-city,1718,2017-09-16,train
1718|2017-09-16|tottenham-hotspur|swansea-city,1718,2017-09-16,train
1718|2017-09-16|watford|manchester-city,1718,2017-09-16,train
1718|2017-09-16|west-bromwich-albion|west-ham-united,1718,2017-09-16,train
1718|2017-09-17|chelsea|arsenal,1718,2017-09-17,train
1718|2017-09-17|manchester-united|everton,1718,2017-09-17,train
1718|2017-09-23|burnley|huddersfield-town,1718,2017-09-23,train
1718|2017-09-23|everton|afc-bournemouth,1718,2017-09-23,train
1718|2017-09-23|leicester-city|liverpool,1718,2017-09-23,train
1718|2017-09-23|manchester-city|crystal-palace,1718,2017-09-23,train
1718|2017-09-23|southampton|manchester-united,1718,2017-09-23,train
1718|2017-09-23|stoke-city|chelsea,1718,2017-09-23,train
1718|2017-09-23|swansea-city|watford,1718,2017-09-23,train
1718|2017-09-23|west-ham-united|tottenham-hotspur,1718,2017-09-23,train
1718|2017-09-24|brighton-and-hove-albion|newcastle-united,1718,2017-09-24,train
1718|2017-09-25|arsenal|west-bromwich-albion,1718,2017-09-25,train
1718|2017-09-30|afc-bournemouth|leicester-city,1718,2017-09-30,train
1718|2017-09-30|chelsea|manchester-city,1718,2017-09-30,train
1718|2017-09-30|huddersfield-town|tottenham-hotspur,1718,2017-09-30,train
1718|2017-09-30|manchester-united|crystal-palace,1718,2017-09-30,train
1718|2017-09-30|stoke-city|southampton,1718,2017-09-30,train
1718|2017-09-30|west-bromwich-albion|watford,1718,2017-09-30,train
1718|2017-09-30|west-ham-united|swansea-city,1718,2017-09-30,train
1718|2017-10-01|arsenal|brighton-and-hove-albion,1718,2017-10-01,train
1718|2017-10-01|everton|burnley,1718,2017-10-01,train
1718|2017-10-01|newcastle-united|liverpool,1718,2017-10-01,train
1718|2017-10-14|burnley|west-ham-united,1718,2017-10-14,train
1718|2017-10-14|crystal-palace|chelsea,1718,2017-10-14,train
1718|2017-10-14|liverpool|manchester-united,1718,2017-10-14,train
1718|2017-10-14|manchester-city|stoke-city,1718,2017-10-14,train
1718|2017-10-14|swansea-city|huddersfield-town,1718,2017-10-14,train
1718|2017-10-14|tottenham-hotspur|afc-bournemouth,1718,2017-10-14,train
1718|2017-10-14|watford|arsenal,1718,2017-10-14,train
1718|2017-10-15|brighton-and-hove-albion|everton,1718,2017-10-15,train
1718|2017-10-15|southampton|newcastle-united,1718,2017-10-15,train
1718|2017-10-16|leicester-city|west-bromwich-albion,1718,2017-10-16,train
1718|2017-10-20|west-ham-united|brighton-and-hove-albion,1718,2017-10-20,train
1718|2017-10-21|chelsea|watford,1718,2017-10-21,train
1718|2017-10-21|huddersfield-town|manchester-united,1718,2017-10-21,train
1718|2017-10-21|manchester-city|burnley,1718,2017-10-21,train
1718|2017-10-21|newcastle-united|crystal-palace,1718,2017-10-21,train
1718|2017-10-21|southampton|west-bromwich-albion,1718,2017-10-21,train
1718|2017-10-21|stoke-city|afc-bournemouth,1718,2017-10-21,train
1718|2017-10-21|swansea-city|leicester-city,1718,2017-10-21,train
1718|2017-10-22|everton|arsenal,1718,2017-10-22,train
1718|2017-10-22|tottenham-hotspur|liverpool,1718,2017-10-22,train
1718|2017-10-28|afc-bournemouth|chelsea,1718,2017-10-28,train
1718|2017-10-28|arsenal|swansea-city,1718,2017-10-28,train
1718|2017-10-28|crystal-palace|west-ham-united,1718,2017-10-28,train
1718|2017-10-28|liverpool|huddersfield-town,1718,2017-10-28,train
1718|2017-10-28|manchester-united|tottenham-hotspur,1718,2017-10-28,train
1718|2017-10-28|watford|stoke-city,1718,2017-10-28,train
1718|2017-10-28|west-bromwich-albion|manchester-city,1718,2017-10-28,train
1718|2017-10-29|brighton-and-hove-albion|southampton,1718,2017-10-29,train
1718|2017-10-29|leicester-city|everton,1718,2017-10-29,train
1718|2017-10-30|burnley|newcastle-united,1718,2017-10-30,train
1718|2017-11-04|huddersfield-town|west-bromwich-albion,1718,2017-11-04,train
1718|2017-11-04|newcastle-united|afc-bournemouth,1718,2017-11-04,train
1718|2017-11-04|southampton|burnley,1718,2017-11-04,train
1718|2017-11-04|stoke-city|leicester-city,1718,2017-11-04,train
1718|2017-11-04|swansea-city|brighton-and-hove-albion,1718,2017-11-04,train
1718|2017-11-04|west-ham-united|liverpool,1718,2017-11-04,train
1718|2017-11-05|chelsea|manchester-united,1718,2017-11-05,train
1718|2017-11-05|everton|watford,1718,2017-11-05,train
1718|2017-11-05|manchester-city|arsenal,1718,2017-11-05,train
1718|2017-11-05|tottenham-hotspur|crystal-palace,1718,2017-11-05,train
1718|2017-11-18|afc-bournemouth|huddersfield-town,1718,2017-11-18,train
1718|2017-11-18|arsenal|tottenham-hotspur,1718,2017-11-18,train
1718|2017-11-18|burnley|swansea-city,1718,2017-11-18,train
1718|2017-11-18|crystal-palace|everton,1718,2017-11-18,train
1718|2017-11-18|leicester-city|manchester-city,1718,2017-11-18,train
1718|2017-11-18|liverpool|southampton,1718,2017-11-18,train
1718|2017-11-18|manchester-united|newcastle-united,1718,2017-11-18,train
1718|2017-11-18|west-bromwich-albion|chelsea,1718,2017-11-18,train
1718|2017-11-19|watford|west-ham-united,1718,2017-11-19,train
1718|2017-11-20|brighton-and-hove-albion|stoke-city,1718,2017-11-20,train
1718|2017-11-24|west-ham-united|leicester-city,1718,2017-11-24,train
1718|2017-11-25|crystal-palace|stoke-city,1718,2017-11-25,train
1718|2017-11-25|liverpool|chelsea,1718,2017-11-25,train
1718|2017-11-25|manchester-united|brighton-and-hove-albion,1718,2017-11-25,train
1718|2017-11-25|newcastle-united|watford,1718,2017-11-25,train
1718|2017-11-25|swansea-city|afc-bournemouth,1718,2017-11-25,train
1718|2017-11-25|tottenham-hotspur|west-bromwich-albion,1718,2017-11-25,train
1718|2017-11-26|burnley|arsenal,1718,2017-11-26,train
1718|2017-11-26|huddersfield-town|manchester-city,1718,2017-11-26,train
1718|2017-11-26|southampton|everton,1718,2017-11-26,train
1718|2017-11-28|brighton-and-hove-albion|crystal-palace,1718,2017-11-28,train
1718|2017-11-28|leicester-city|tottenham-hotspur,1718,2017-11-28,train
1718|2017-11-28|watford|manchester-united,1718,2017-11-28,train
1718|2017-11-28|west-bromwich-albion|newcastle-united,1718,2017-11-28,train
1718|2017-11-29|afc-bournemouth|burnley,1718,2017-11-29,train
1718|2017-11-29|arsenal|huddersfield-town,1718,2017-11-29,train
1718|2017-11-29|chelsea|swansea-city,1718,2017-11-29,train
1718|2017-11-29|everton|west-ham-united,1718,2017-11-29,train
1718|2017-11-29|manchester-city|southampton,1718,2017-11-29,train
1718|2017-11-29|stoke-city|liverpool,1718,2017-11-29,train
1718|2017-12-02|arsenal|manchester-united,1718,2017-12-02,train
1718|2017-12-02|brighton-and-hove-albion|liverpool,1718,2017-12-02,train
1718|2017-12-02|chelsea|newcastle-united,1718,2017-12-02,train
1718|2017-12-02|everton|huddersfield-town,1718,2017-12-02,train
1718|2017-12-02|leicester-city|burnley,1718,2017-12-02,train
1718|2017-12-02|stoke-city|swansea-city,1718,2017-12-02,train
1718|2017-12-02|watford|tottenham-hotspur,1718,2017-12-02,train
1718|2017-12-02|west-bromwich-albion|crystal-palace,1718,2017-12-02,train
1718|2017-12-03|afc-bournemouth|southampton,1718,2017-12-03,train
1718|2017-12-03|manchester-city|west-ham-united,1718,2017-12-03,train
1718|2017-12-09|burnley|watford,1718,2017-12-09,train
1718|2017-12-09|crystal-palace|afc-bournemouth,1718,2017-12-09,train
1718|2017-12-09|huddersfield-town|brighton-and-hove-albion,1718,2017-12-09,train
1718|2017-12-09|newcastle-united|leicester-city,1718,2017-12-09,train
1718|2017-12-09|swansea-city|west-bromwich-albion,1718,2017-12-09,train
1718|2017-12-09|tottenham-hotspur|stoke-city,1718,2017-12-09,train
1718|2017-12-09|west-ham-united|chelsea,1718,2017-12-09,train
1718|2017-12-10|liverpool|everton,1718,2017-12-10,train
1718|2017-12-10|manchester-united|manchester-city,1718,2017-12-10,train
1718|2017-12-10|southampton|arsenal,1718,2017-12-10,train
1718|2017-12-12|burnley|stoke-city,1718,2017-12-12,train
1718|2017-12-12|crystal-palace|watford,1718,2017-12-12,train
1718|2017-12-12|huddersfield-town|chelsea,1718,2017-12-12,train
1718|2017-12-13|liverpool|west-bromwich-albion,1718,2017-12-13,train
1718|2017-12-13|manchester-united|afc-bournemouth,1718,2017-12-13,train
1718|2017-12-13|newcastle-united|everton,1718,2017-12-13,train
1718|2017-12-13|southampton|leicester-city,1718,2017-12-13,train
1718|2017-12-13|swansea-city|manchester-city,1718,2017-12-13,train
1718|2017-12-13|tottenham-hotspur|brighton-and-hove-albion,1718,2017-12-13,train
1718|2017-12-13|west-ham-united|arsenal,1718,2017-12-13,train
1718|2017-12-16|arsenal|newcastle-united,1718,2017-12-16,train
1718|2017-12-16|brighton-and-hove-albion|burnley,1718,2017-12-16,train
1718|2017-12-16|chelsea|southampton,1718,2017-12-16,train
1718|2017-12-16|leicester-city|crystal-palace,1718,2017-12-16,train
1718|2017-12-16|manchester-city|tottenham-hotspur,1718,2017-12-16,train
1718|2017-12-16|stoke-city|west-ham-united,1718,2017-12-16,train
1718|2017-12-16|watford|huddersfield-town,1718,2017-12-16,train
1718|2017-12-17|afc-bournemouth|liverpool,1718,2017-12-17,train
1718|2017-12-17|west-bromwich-albion|manchester-united,1718,2017-12-17,train
1718|2017-12-18|everton|swansea-city,1718,2017-12-18,train
1718|2017-12-22|arsenal|liverpool,1718,2017-12-22,train
1718|2017-12-23|brighton-and-hove-albion|watford,1718,2017-12-23,train
1718|2017-12-23|burnley|tottenham-hotspur,1718,2017-12-23,train
1718|2017-12-23|everton|chelsea,1718,2017-12-23,train
1718|2017-12-23|leicester-city|manchester-united,1718,2017-12-23,train
1718|2017-12-23|manchester-city|afc-bournemouth,1718,2017-12-23,train
1718|2017-12-23|southampton|huddersfield-town,1718,2017-12-23,train
1718|2017-12-23|stoke-city|west-bromwich-albion,1718,2017-12-23,train
1718|2017-12-23|swansea-city|crystal-palace,1718,2017-12-23,train
1718|2017-12-23|west-ham-united|newcastle-united,1718,2017-12-23,train
1718|2017-12-26|afc-bournemouth|west-ham-united,1718,2017-12-26,train
1718|2017-12-26|chelsea|brighton-and-hove-albion,1718,2017-12-26,train
1718|2017-12-26|huddersfield-town|stoke-city,1718,2017-12-26,train
1718|2017-12-26|liverpool|swansea-city,1718,2017-12-26,train
1718|2017-12-26|manchester-united|burnley,1718,2017-12-26,train
1718|2017-12-26|tottenham-hotspur|southampton,1718,2017-12-26,train
1718|2017-12-26|watford|leicester-city,1718,2017-12-26,train
1718|2017-12-26|west-bromwich-albion|everton,1718,2017-12-26,train
1718|2017-12-27|newcastle-united|manchester-city,1718,2017-12-27,train
1718|2017-12-28|crystal-palace|arsenal,1718,2017-12-28,train
1718|2017-12-30|afc-bournemouth|everton,1718,2017-12-30,train
1718|2017-12-30|chelsea|stoke-city,1718,2017-12-30,train
1718|2017-12-30|huddersfield-town|burnley,1718,2017-12-30,train
1718|2017-12-30|liverpool|leicester-city,1718,2017-12-30,train
1718|2017-12-30|manchester-united|southampton,1718,2017-12-30,train
1718|2017-12-30|newcastle-united|brighton-and-hove-albion,1718,2017-12-30,train
1718|2017-12-30|watford|swansea-city,1718,2017-12-30,train
1718|2017-12-31|crystal-palace|manchester-city,1718,2017-12-31,train
1718|2017-12-31|west-bromwich-albion|arsenal,1718,2017-12-31,train
1718|2018-01-01|brighton-and-hove-albion|afc-bournemouth,1718,2018-01-01,train
1718|2018-01-01|burnley|liverpool,1718,2018-01-01,train
1718|2018-01-01|everton|manchester-united,1718,2018-01-01,train
1718|2018-01-01|leicester-city|huddersfield-town,1718,2018-01-01,train
1718|2018-01-01|stoke-city|newcastle-united,1718,2018-01-01,train
1718|2018-01-02|manchester-city|watford,1718,2018-01-02,train
1718|2018-01-02|southampton|crystal-palace,1718,2018-01-02,train
1718|2018-01-02|swansea-city|tottenham-hotspur,1718,2018-01-02,train
1718|2018-01-02|west-ham-united|west-bromwich-albion,1718,2018-01-02,train
1718|2018-01-03|arsenal|chelsea,1718,2018-01-03,train
1718|2018-01-04|tottenham-hotspur|west-ham-united,1718,2018-01-04,train
1718|2018-01-13|chelsea|leicester-city,1718,2018-01-13,train
1718|2018-01-13|crystal-palace|burnley,1718,2018-01-13,train
1718|2018-01-13|huddersfield-town|west-ham-united,1718,2018-01-13,train
1718|2018-01-13|newcastle-united|swansea-city,1718,2018-01-13,train
1718|2018-01-13|tottenham-hotspur|everton,1718,2018-01-13,train
1718|2018-01-13|watford|southampton,1718,2018-01-13,train
1718|2018-01-13|west-bromwich-albion|brighton-and-hove-albion,1718,2018-01-13,train
1718|2018-01-14|afc-bournemouth|arsenal,1718,2018-01-14,train
1718|2018-01-14|liverpool|manchester-city,1718,2018-01-14,train
1718|2018-01-15|manchester-united|stoke-city,1718,2018-01-15,train
1718|2018-01-20|arsenal|crystal-palace,1718,2018-01-20,train
1718|2018-01-20|brighton-and-hove-albion|chelsea,1718,2018-01-20,train
1718|2018-01-20|burnley|manchester-united,1718,2018-01-20,train
1718|2018-01-20|everton|west-bromwich-albion,1718,2018-01-20,train
1718|2018-01-20|leicester-city|watford,1718,2018-01-20,train
1718|2018-01-20|manchester-city|newcastle-united,1718,2018-01-20,train
1718|2018-01-20|stoke-city|huddersfield-town,1718,2018-01-20,train
1718|2018-01-20|west-ham-united|afc-bournemouth,1718,2018-01-20,train
1718|2018-01-21|southampton|tottenham-hotspur,1718,2018-01-21,train
1718|2018-01-22|swansea-city|liverpool,1718,2018-01-22,train
1718|2018-01-30|huddersfield-town|liverpool,1718,2018-01-30,train
1718|2018-01-30|swansea-city|arsenal,1718,2018-01-30,train
1718|2018-01-30|west-ham-united|crystal-palace,1718,2018-01-30,train
1718|2018-01-31|chelsea|afc-bournemouth,1718,2018-01-31,train
1718|2018-01-31|everton|leicester-city,1718,2018-01-31,train
1718|2018-01-31|manchester-city|west-bromwich-albion,1718,2018-01-31,train
1718|2018-01-31|newcastle-united|burnley,1718,2018-01-31,train
1718|2018-01-31|southampton|brighton-and-hove-albion,1718,2018-01-31,train
1718|2018-01-31|stoke-city|watford,1718,2018-01-31,train
1718|2018-01-31|tottenham-hotspur|manchester-united,1718,2018-01-31,train
1718|2018-02-03|afc-bournemouth|stoke-city,1718,2018-02-03,train
1718|2018-02-03|arsenal|everton,1718,2018-02-03,train
1718|2018-02-03|brighton-and-hove-albion|west-ham-united,1718,2018-02-03,train
1718|2018-02-03|burnley|manchester-city,1718,2018-02-03,train
1718|2018-02-03|leicester-city|swansea-city,1718,2018-02-03,train
1718|2018-02-03|manchester-united|huddersfield-town,1718,2018-02-03,train
1718|2018-02-03|west-bromwich-albion|southampton,1718,2018-02-03,train
1718|2018-02-04|crystal-palace|newcastle-united,1718,2018-02-04,train
1718|2018-02-04|liverpool|tottenham-hotspur,1718,2018-02-04,train
1718|2018-02-05|watford|chelsea,1718,2018-02-05,train
1718|2018-02-10|everton|crystal-palace,1718,2018-02-10,train
1718|2018-02-10|manchester-city|leicester-city,1718,2018-02-10,train
1718|2018-02-10|stoke-city|brighton-and-hove-albion,1718,2018-02-10,train
1718|2018-02-10|swansea-city|burnley,1718,2018-02-10,train
1718|2018-02-10|tottenham-hotspur|arsenal,1718,2018-02-10,train
1718|2018-02-10|west-ham-united|watford,1718,2018-02-10,train
1718|2018-02-11|huddersfield-town|afc-bournemouth,1718,2018-02-11,train
1718|2018-02-11|newcastle-united|manchester-united,1718,2018-02-11,train
1718|2018-02-11|southampton|liverpool,1718,2018-02-11,train
1718|2018-02-12|chelsea|west-bromwich-albion,1718,2018-02-12,train
1718|2018-02-24|afc-bournemouth|newcastle-united,1718,2018-02-24,train
1718|2018-02-24|brighton-and-hove-albion|swansea-city,1718,2018-02-24,train
1718|2018-02-24|burnley|southampton,1718,2018-02-24,train
1718|2018-02-24|leicester-city|stoke-city,1718,2018-02-24,train
1718|2018-02-24|liverpool|west-ham-united,1718,2018-02-24,train
1718|2018-02-24|watford|everton,1718,2018-02-24,train
1718|2018-02-24|west-bromwich-albion|huddersfield-town,1718,2018-02-24,train
1718|2018-02-25|crystal-palace|tottenham-hotspur,1718,2018-02-25,train
1718|2018-02-25|manchester-united|chelsea,1718,2018-02-25,train
1718|2018-03-01|arsenal|manchester-city,1718,2018-03-01,train
1718|2018-03-03|burnley|everton,1718,2018-03-03,train
1718|2018-03-03|leicester-city|afc-bournemouth,1718,2018-03-03,train
1718|2018-03-03|liverpool|newcastle-united,1718,2018-03-03,train
1718|2018-03-03|southampton|stoke-city,1718,2018-03-03,train
1718|2018-03-03|swansea-city|west-ham-united,1718,2018-03-03,train
1718|2018-03-03|tottenham-hotspur|huddersfield-town,1718,2018-03-03,train
1718|2018-03-03|watford|west-bromwich-albion,1718,2018-03-03,train
1718|2018-03-04|brighton-and-hove-albion|arsenal,1718,2018-03-04,train
1718|2018-03-04|manchester-city|chelsea,1718,2018-03-04,train
1718|2018-03-05|crystal-palace|manchester-united,1718,2018-03-05,train
1718|2018-03-10|chelsea|crystal-palace,1718,2018-03-10,train
1718|2018-03-10|everton|brighton-and-hove-albion,1718,2018-03-10,train
1718|2018-03-10|huddersfield-town|swansea-city,1718,2018-03-10,train
1718|2018-03-10|manchester-united|liverpool,1718,2018-03-10,train
1718|2018-03-10|newcastle-united|southampton,1718,2018-03-10,train
1718|2018-03-10|west-bromwich-albion|leicester-city,1718,2018-03-10,train
1718|2018-03-10|west-ham-united|burnley,1718,2018-03-10,train
1718|2018-03-11|afc-bournemouth|tottenham-hotspur,1718,2018-03-11,train
1718|2018-03-11|arsenal|watford,1718,2018-03-11,train
1718|2018-03-12|stoke-city|manchester-city,1718,2018-03-12,train
1718|2018-03-17|afc-bournemouth|west-bromwich-albion,1718,2018-03-17,train
1718|2018-03-17|huddersfield-town|crystal-palace,1718,2018-03-17,train
1718|2018-03-17|liverpool|watford,1718,2018-03-17,train
1718|2018-03-17|stoke-city|everton,1718,2018-03-17,train
1718|2018-03-31|brighton-and-hove-albion|leicester-city,1718,2018-03-31,train
1718|2018-03-31|crystal-palace|liverpool,1718,2018-03-31,train
1718|2018-03-31|everton|manchester-city,1718,2018-03-31,train
1718|2018-03-31|manchester-united|swansea-city,1718,2018-03-31,train
1718|2018-03-31|newcastle-united|huddersfield-town,1718,2018-03-31,train
1718|2018-03-31|watford|afc-bournemouth,1718,2018-03-31,train
1718|2018-03-31|west-bromwich-albion|burnley,1718,2018-03-31,train
1718|2018-03-31|west-ham-united|southampton,1718,2018-03-31,train
1718|2018-04-01|arsenal|stoke-city,1718,2018-04-01,train
1718|2018-04-01|chelsea|tottenham-hotspur,1718,2018-04-01,train
1718|2018-04-07|afc-bournemouth|crystal-palace,1718,2018-04-07,train
1718|2018-04-07|brighton-and-hove-albion|huddersfield-town,1718,2018-04-07,train
1718|2018-04-07|everton|liverpool,1718,2018-04-07,train
1718|2018-04-07|leicester-city|newcastle-united,1718,2018-04-07,train
1718|2018-04-07|manchester-city|manchester-united,1718,2018-04-07,train
1718|2018-04-07|stoke-city|tottenham-hotspur,1718,2018-04-07,train
1718|2018-04-07|watford|burnley,1718,2018-04-07,train
1718|2018-04-07|west-bromwich-albion|swansea-city,1718,2018-04-07,train
1718|2018-04-08|arsenal|southampton,1718,2018-04-08,train
1718|2018-04-08|chelsea|west-ham-united,1718,2018-04-08,train
1718|2018-04-14|burnley|leicester-city,1718,2018-04-14,train
1718|2018-04-14|crystal-palace|brighton-and-hove-albion,1718,2018-04-14,train
1718|2018-04-14|huddersfield-town|watford,1718,2018-04-14,train
1718|2018-04-14|liverpool|afc-bournemouth,1718,2018-04-14,train
1718|2018-04-14|southampton|chelsea,1718,2018-04-14,train
1718|2018-04-14|swansea-city|everton,1718,2018-04-14,train
1718|2018-04-14|tottenham-hotspur|manchester-city,1718,2018-04-14,train
1718|2018-04-15|manchester-united|west-bromwich-albion,1718,2018-04-15,train
1718|2018-04-15|newcastle-united|arsenal,1718,2018-04-15,train
1718|2018-04-16|west-ham-united|stoke-city,1718,2018-04-16,train
1718|2018-04-17|brighton-and-hove-albion|tottenham-hotspur,1718,2018-04-17,train
1718|2018-04-18|afc-bournemouth|manchester-united,1718,2018-04-18,train
1718|2018-04-19|burnley|chelsea,1718,2018-04-19,train
1718|2018-04-19|leicester-city|southampton,1718,2018-04-19,train
1718|2018-04-21|watford|crystal-palace,1718,2018-04-21,train
1718|2018-04-21|west-bromwich-albion|liverpool,1718,2018-04-21,train
1718|2018-04-22|arsenal|west-ham-united,1718,2018-04-22,train
1718|2018-04-22|manchester-city|swansea-city,1718,2018-04-22,train
1718|2018-04-22|stoke-city|burnley,1718,2018-04-22,train
1718|2018-04-23|everton|newcastle-united,1718,2018-04-23,train
1718|2018-04-28|burnley|brighton-and-hove-albion,1718,2018-04-28,train
1718|2018-04-28|crystal-palace|leicester-city,1718,2018-04-28,train
1718|2018-04-28|huddersfield-town|everton,1718,2018-04-28,train
1718|2018-04-28|liverpool|stoke-city,1718,2018-04-28,train
1718|2018-04-28|newcastle-united|west-bromwich-albion,1718,2018-04-28,train
1718|2018-04-28|southampton|afc-bournemouth,1718,2018-04-28,train
1718|2018-04-28|swansea-city|chelsea,1718,2018-04-28,train
1718|2018-04-29|manchester-united|arsenal,1718,2018-04-29,train
1718|2018-04-29|west-ham-united|manchester-city,1718,2018-04-29,train
1718|2018-04-30|tottenham-hotspur|watford,1718,2018-04-30,train
1718|2018-05-04|brighton-and-hove-albion|manchester-united,1718,2018-05-04,train
1718|2018-05-05|afc-bournemouth|swansea-city,1718,2018-05-05,train
1718|2018-05-05|everton|southampton,1718,2018-05-05,train
1718|2018-05-05|leicester-city|west-ham-united,1718,2018-05-05,train
1718|2018-05-05|stoke-city|crystal-palace,1718,2018-05-05,train
1718|2018-05-05|watford|newcastle-united,1718,2018-05-05,train
1718|2018-05-05|west-bromwich-albion|tottenham-hotspur,1718,2018-05-05,train
1718|2018-05-06|arsenal|burnley,1718,2018-05-06,train
1718|2018-05-06|chelsea|liverpool,1718,2018-05-06,train
1718|2018-05-06|manchester-city|huddersfield-town,1718,2018-05-06,train
1718|2018-05-08|swansea-city|southampton,1718,2018-05-08,train
1718|2018-05-09|chelsea|huddersfield-town,1718,2018-05-09,train
1718|2018-05-09|leicester-city|arsenal,1718,2018-05-09,train
1718|2018-05-09|manchester-city|brighton-and-hove-albion,1718,2018-05-09,train
1718|2018-05-09|tottenham-hotspur|newcastle-united,1718,2018-05-09,train
1718|2018-05-10|west-ham-united|manchester-united,1718,2018-05-10,train
1718|2018-05-13|burnley|afc-bournemouth,1718,2018-05-13,train
1718|2018-05-13|crystal-palace|west-bromwich-albion,1718,2018-05-13,train
1718|2018-05-13|huddersfield-town|arsenal,1718,2018-05-13,train
1718|2018-05-13|liverpool|brighton-and-hove-albion,1718,2018-05-13,train
1718|2018-05-13|manchester-united|watford,1718,2018-05-13,train
1718|2018-05-13|newcastle-united|chelsea,1718,2018-05-13,train
1718|2018-05-13|southampton|manchester-city,1718,2018-05-13,train
1718|2018-05-13|swansea-city|stoke-city,1718,2018-05-13,train
1718|2018-05-13|tottenham-hotspur|leicester-city,1718,2018-05-13,train
1718|2018-05-13|west-ham-united|everton,1718,2018-05-13,train
1819|2018-08-10|manchester-united|leicester-city,1819,2018-08-10,train
1819|2018-08-11|afc-bournemouth|cardiff-city,1819,2018-08-11,train
1819|2018-08-11|fulham|crystal-palace,1819,2018-08-11,train
1819|2018-08-11|huddersfield-town|chelsea,1819,2018-08-11,train
1819|2018-08-11|newcastle-united|tottenham-hotspur,1819,2018-08-11,train
1819|2018-08-11|watford|brighton-and-hove-albion,1819,2018-08-11,train
1819|2018-08-11|wolverhampton-wanderers|everton,1819,2018-08-11,train
1819|2018-08-12|arsenal|manchester-city,1819,2018-08-12,train
1819|2018-08-12|liverpool|west-ham-united,1819,2018-08-12,train
1819|2018-08-12|southampton|burnley,1819,2018-08-12,train
1819|2018-08-18|cardiff-city|newcastle-united,1819,2018-08-18,train
1819|2018-08-18|chelsea|arsenal,1819,2018-08-18,train
1819|2018-08-18|everton|southampton,1819,2018-08-18,train
1819|2018-08-18|leicester-city|wolverhampton-wanderers,1819,2018-08-18,train
1819|2018-08-18|tottenham-hotspur|fulham,1819,2018-08-18,train
1819|2018-08-18|west-ham-united|afc-bournemouth,1819,2018-08-18,train
1819|2018-08-19|brighton-and-hove-albion|manchester-united,1819,2018-08-19,train
1819|2018-08-19|burnley|watford,1819,2018-08-19,train
1819|2018-08-19|manchester-city|huddersfield-town,1819,2018-08-19,train
1819|2018-08-20|crystal-palace|liverpool,1819,2018-08-20,train
1819|2018-08-25|afc-bournemouth|everton,1819,2018-08-25,train
1819|2018-08-25|arsenal|west-ham-united,1819,2018-08-25,train
1819|2018-08-25|huddersfield-town|cardiff-city,1819,2018-08-25,train
1819|2018-08-25|liverpool|brighton-and-hove-albion,1819,2018-08-25,train
1819|2018-08-25|southampton|leicester-city,1819,2018-08-25,train
1819|2018-08-25|wolverhampton-wanderers|manchester-city,1819,2018-08-25,train
1819|2018-08-26|fulham|burnley,1819,2018-08-26,train
1819|2018-08-26|newcastle-united|chelsea,1819,2018-08-26,train
1819|2018-08-26|watford|crystal-palace,1819,2018-08-26,train
1819|2018-08-27|manchester-united|tottenham-hotspur,1819,2018-08-27,train
1819|2018-09-01|brighton-and-hove-albion|fulham,1819,2018-09-01,train
1819|2018-09-01|chelsea|afc-bournemouth,1819,2018-09-01,train
1819|2018-09-01|crystal-palace|southampton,1819,2018-09-01,train
1819|2018-09-01|everton|huddersfield-town,1819,2018-09-01,train
1819|2018-09-01|leicester-city|liverpool,1819,2018-09-01,train
1819|2018-09-01|manchester-city|newcastle-united,1819,2018-09-01,train
1819|2018-09-01|west-ham-united|wolverhampton-wanderers,1819,2018-09-01,train
1819|2018-09-02|burnley|manchester-united,1819,2018-09-02,train
1819|2018-09-02|cardiff-city|arsenal,1819,2018-09-02,train
1819|2018-09-02|watford|tottenham-hotspur,1819,2018-09-02,train
1819|2018-09-15|afc-bournemouth|leicester-city,1819,2018-09-15,train
1819|2018-09-15|chelsea|cardiff-city,1819,2018-09-15,train
1819|2018-09-15|huddersfield-town|crystal-palace,1819,2018-09-15,train
1819|2018-09-15|manchester-city|fulham,1819,2018-09-15,train
1819|2018-09-15|newcastle-united|arsenal,1819,2018-09-15,train
1819|2018-09-15|tottenham-hotspur|liverpool,1819,2018-09-15,train
1819|2018-09-15|watford|manchester-united,1819,2018-09-15,train
1819|2018-09-16|everton|west-ham-united,1819,2018-09-16,train
1819|2018-09-16|wolverhampton-wanderers|burnley,1819,2018-09-16,train
1819|2018-09-17|southampton|brighton-and-hove-albion,1819,2018-09-17,train
1819|2018-09-22|brighton-and-hove-albion|tottenham-hotspur,1819,2018-09-22,train
1819|2018-09-22|burnley|afc-bournemouth,1819,2018-09-22,train
1819|2018-09-22|cardiff-city|manchester-city,1819,2018-09-22,train
1819|2018-09-22|crystal-palace|newcastle-united,1819,2018-09-22,train
1819|2018-09-22|fulham|watford,1819,2018-09-22,train
1819|2018-09-22|leicester-city|huddersfield-town,1819,2018-09-22,train
1819|2018-09-22|liverpool|southampton,1819,2018-09-22,train
1819|2018-09-22|manchester-united|wolverhampton-wanderers,1819,2018-09-22,train
1819|2018-09-23|arsenal|everton,1819,2018-09-23,train
1819|2018-09-23|west-ham-united|chelsea,1819,2018-09-23,train
1819|2018-09-29|arsenal|watford,1819,2018-09-29,train
1819|2018-09-29|chelsea|liverpool,1819,2018-09-29,train
1819|2018-09-29|everton|fulham,1819,2018-09-29,train
1819|2018-09-29|huddersfield-town|tottenham-hotspur,1819,2018-09-29,train
1819|2018-09-29|manchester-city|brighton-and-hove-albion,1819,2018-09-29,train
1819|2018-09-29|newcastle-united|leicester-city,1819,2018-09-29,train
1819|2018-09-29|west-ham-united|manchester-united,1819,2018-09-29,train
1819|2018-09-29|wolverhampton-wanderers|southampton,1819,2018-09-29,train
1819|2018-09-30|cardiff-city|burnley,1819,2018-09-30,train
1819|2018-10-01|afc-bournemouth|crystal-palace,1819,2018-10-01,train
1819|2018-10-05|brighton-and-hove-albion|west-ham-united,1819,2018-10-05,train
1819|2018-10-06|burnley|huddersfield-town,1819,2018-10-06,train
1819|2018-10-06|crystal-palace|wolverhampton-wanderers,1819,2018-10-06,train
1819|2018-10-06|leicester-city|everton,1819,2018-10-06,train
1819|2018-10-06|manchester-united|newcastle-united,1819,2018-10-06,train
1819|2018-10-06|tottenham-hotspur|cardiff-city,1819,2018-10-06,train
1819|2018-10-06|watford|afc-bournemouth,1819,2018-10-06,train
1819|2018-10-07|fulham|arsenal,1819,2018-10-07,train
1819|2018-10-07|liverpool|manchester-city,1819,2018-10-07,train
1819|2018-10-07|southampton|chelsea,1819,2018-10-07,train
1819|2018-10-20|afc-bournemouth|southampton,1819,2018-10-20,train
1819|2018-10-20|cardiff-city|fulham,1819,2018-10-20,train
1819|2018-10-20|chelsea|manchester-united,1819,2018-10-20,train
1819|2018-10-20|huddersfield-town|liverpool,1819,2018-10-20,train
1819|2018-10-20|manchester-city|burnley,1819,2018-10-20,train
1819|2018-10-20|newcastle-united|brighton-and-hove-albion,1819,2018-10-20,train
1819|2018-10-20|west-ham-united|tottenham-hotspur,1819,2018-10-20,train
1819|2018-10-20|wolverhampton-wanderers|watford,1819,2018-10-20,train
1819|2018-10-21|everton|crystal-palace,1819,2018-10-21,train
1819|2018-10-22|arsenal|leicester-city,1819,2018-10-22,train
1819|2018-10-27|brighton-and-hove-albion|wolverhampton-wanderers,1819,2018-10-27,train
1819|2018-10-27|fulham|afc-bournemouth,1819,2018-10-27,train
1819|2018-10-27|leicester-city|west-ham-united,1819,2018-10-27,train
1819|2018-10-27|liverpool|cardiff-city,1819,2018-10-27,train
1819|2018-10-27|southampton|newcastle-united,1819,2018-10-27,train
1819|2018-10-27|watford|huddersfield-town,1819,2018-10-27,train
1819|2018-10-28|burnley|chelsea,1819,2018-10-28,train
1819|2018-10-28|crystal-palace|arsenal,1819,2018-10-28,train
1819|2018-10-28|manchester-united|everton,1819,2018-10-28,train
1819|2018-10-29|tottenham-hotspur|manchester-city,1819,2018-10-29,train
1819|2018-11-03|afc-bournemouth|manchester-united,1819,2018-11-03,train
1819|2018-11-03|arsenal|liverpool,1819,2018-11-03,train
1819|2018-11-03|cardiff-city|leicester-city,1819,2018-11-03,train
1819|2018-11-03|everton|brighton-and-hove-albion,1819,2018-11-03,train
1819|2018-11-03|newcastle-united|watford,1819,2018-11-03,train
1819|2018-11-03|west-ham-united|burnley,1819,2018-11-03,train
1819|2018-11-03|wolverhampton-wanderers|tottenham-hotspur,1819,2018-11-03,train
1819|2018-11-04|chelsea|crystal-palace,1819,2018-11-04,train
1819|2018-11-04|manchester-city|southampton,1819,2018-11-04,train
1819|2018-11-05|huddersfield-town|fulham,1819,2018-11-05,train
1819|2018-11-10|cardiff-city|brighton-and-hove-albion,1819,2018-11-10,train
1819|2018-11-10|crystal-palace|tottenham-hotspur,1819,2018-11-10,train
1819|2018-11-10|huddersfield-town|west-ham-united,1819,2018-11-10,train
1819|2018-11-10|leicester-city|burnley,1819,2018-11-10,train
1819|2018-11-10|newcastle-united|afc-bournemouth,1819,2018-11-10,train
1819|2018-11-10|southampton|watford,1819,2018-11-10,train
1819|2018-11-11|arsenal|wolverhampton-wanderers,1819,2018-11-11,train
1819|2018-11-11|chelsea|everton,1819,2018-11-11,train
1819|2018-11-11|liverpool|fulham,1819,2018-11-11,train
1819|2018-11-11|manchester-city|manchester-united,1819,2018-11-11,train
1819|2018-11-24|brighton-and-hove-albion|leicester-city,1819,2018-11-24,train
1819|2018-11-24|everton|cardiff-city,1819,2018-11-24,train
1819|2018-11-24|fulham|southampton,1819,2018-11-24,train
1819|2018-11-24|manchester-united|crystal-palace,1819,2018-11-24,train
1819|2018-11-24|tottenham-hotspur|chelsea,1819,2018-11-24,train
1819|2018-11-24|watford|liverpool,1819,2018-11-24,train
1819|2018-11-24|west-ham-united|manchester-city,1819,2018-11-24,train
1819|2018-11-25|afc-bournemouth|arsenal,1819,2018-11-25,train
1819|2018-11-25|wolverhampton-wanderers|huddersfield-town,1819,2018-11-25,train
1819|2018-11-26|burnley|newcastle-united,1819,2018-11-26,train
1819|2018-11-30|cardiff-city|wolverhampton-wanderers,1819,2018-11-30,train
1819|2018-12-01|crystal-palace|burnley,1819,2018-12-01,train
1819|2018-12-01|huddersfield-town|brighton-and-hove-albion,1819,2018-12-01,train
1819|2018-12-01|leicester-city|watford,1819,2018-12-01,train
1819|2018-12-01|manchester-city|afc-bournemouth,1819,2018-12-01,train
1819|2018-12-01|newcastle-united|west-ham-united,1819,2018-12-01,train
1819|2018-12-01|southampton|manchester-united,1819,2018-12-01,train
1819|2018-12-02|arsenal|tottenham-hotspur,1819,2018-12-02,train
1819|2018-12-02|chelsea|fulham,1819,2018-12-02,train
1819|2018-12-02|liverpool|everton,1819,2018-12-02,train
1819|2018-12-04|afc-bournemouth|huddersfield-town,1819,2018-12-04,train
1819|2018-12-04|brighton-and-hove-albion|crystal-palace,1819,2018-12-04,train
1819|2018-12-04|watford|manchester-city,1819,2018-12-04,train
1819|2018-12-04|west-ham-united|cardiff-city,1819,2018-12-04,train
1819|2018-12-05|burnley|liverpool,1819,2018-12-05,train
1819|2018-12-05|everton|newcastle-united,1819,2018-12-05,train
1819|2018-12-05|fulham|leicester-city,1819,2018-12-05,train
1819|2018-12-05|manchester-united|arsenal,1819,2018-12-05,train
1819|2018-12-05|tottenham-hotspur|southampton,1819,2018-12-05,train
1819|2018-12-05|wolverhampton-wanderers|chelsea,1819,2018-12-05,train
1819|2018-12-08|afc-bournemouth|liverpool,1819,2018-12-08,train
1819|2018-12-08|arsenal|huddersfield-town,1819,2018-12-08,train
1819|2018-12-08|burnley|brighton-and-hove-albion,1819,2018-12-08,train
1819|2018-12-08|cardiff-city|southampton,1819,2018-12-08,train
1819|2018-12-08|chelsea|manchester-city,1819,2018-12-08,train
1819|2018-12-08|leicester-city|tottenham-hotspur,1819,2018-12-08,train
1819|2018-12-08|manchester-united|fulham,1819,2018-12-08,train
1819|2018-12-08|west-ham-united|crystal-palace,1819,2018-12-08,train
1819|2018-12-09|newcastle-united|wolverhampton-wanderers,1819,2018-12-09,train
1819|2018-12-10|everton|watford,1819,2018-12-10,train
1819|2018-12-15|crystal-palace|leicester-city,1819,2018-12-15,train
1819|2018-12-15|fulham|west-ham-united,1819,2018-12-15,train
1819|2018-12-15|huddersfield-town|newcastle-united,1819,2018-12-15,train
1819|2018-12-15|manchester-city|everton,1819,2018-12-15,train
1819|2018-12-15|tottenham-hotspur|burnley,1819,2018-12-15,train
1819|2018-12-15|watford|cardiff-city,1819,2018-12-15,train
1819|2018-12-15|wolverhampton-wanderers|afc-bournemouth,1819,2018-12-15,train
1819|2018-12-16|brighton-and-hove-albion|chelsea,1819,2018-12-16,train
1819|2018-12-16|liverpool|manchester-united,1819,2018-12-16,train
1819|2018-12-16|southampton|arsenal,1819,2018-12-16,train
1819|2018-12-21|wolverhampton-wanderers|liverpool,1819,2018-12-21,train
1819|2018-12-22|afc-bournemouth|brighton-and-hove-albion,1819,2018-12-22,train
1819|2018-12-22|arsenal|burnley,1819,2018-12-22,train
1819|2018-12-22|cardiff-city|manchester-united,1819,2018-12-22,train
1819|2018-12-22|chelsea|leicester-city,1819,2018-12-22,train
1819|2018-12-22|huddersfield-town|southampton,1819,2018-12-22,train
1819|2018-12-22|manchester-city|crystal-palace,1819,2018-12-22,train
1819|2018-12-22|newcastle-united|fulham,1819,2018-12-22,train
1819|2018-12-22|west-ham-united|watford,1819,2018-12-22,train
1819|2018-12-23|everton|tottenham-hotspur,1819,2018-12-23,train
1819|2018-12-26|brighton-and-hove-albion|arsenal,1819,2018-12-26,train
1819|2018-12-26|burnley|everton,1819,2018-12-26,train
1819|2018-12-26|crystal-palace|cardiff-city,1819,2018-12-26,train
1819|2018-12-26|fulham|wolverhampton-wanderers,1819,2018-12-26,train
1819|2018-12-26|leicester-city|manchester-city,1819,2018-12-26,train
1819|2018-12-26|liverpool|newcastle-united,1819,2018-12-26,train
1819|2018-12-26|manchester-united|huddersfield-town,1819,2018-12-26,train
1819|2018-12-26|tottenham-hotspur|afc-bournemouth,1819,2018-12-26,train
1819|2018-12-26|watford|chelsea,1819,2018-12-26,train
1819|2018-12-27|southampton|west-ham-united,1819,2018-12-27,train
1819|2018-12-29|brighton-and-hove-albion|everton,1819,2018-12-29,train
1819|2018-12-29|fulham|huddersfield-town,1819,2018-12-29,train
1819|2018-12-29|leicester-city|cardiff-city,1819,2018-12-29,train
1819|2018-12-29|liverpool|arsenal,1819,2018-12-29,train
1819|2018-12-29|tottenham-hotspur|wolverhampton-wanderers,1819,2018-12-29,train
1819|2018-12-29|watford|newcastle-united,1819,2018-12-29,train
1819|2018-12-30|burnley|west-ham-united,1819,2018-12-30,train
1819|2018-12-30|crystal-palace|chelsea,1819,2018-12-30,train
1819|2018-12-30|manchester-united|afc-bournemouth,1819,2018-12-30,train
1819|2018-12-30|southampton|manchester-city,1819,2018-12-30,train
1819|2019-01-01|arsenal|fulham,1819,2019-01-01,train
1819|2019-01-01|cardiff-city|tottenham-hotspur,1819,2019-01-01,train
1819|2019-01-01|everton|leicester-city,1819,2019-01-01,train
1819|2019-01-02|afc-bournemouth|watford,1819,2019-01-02,train
1819|2019-01-02|chelsea|southampton,1819,2019-01-02,train
1819|2019-01-02|huddersfield-town|burnley,1819,2019-01-02,train
1819|2019-01-02|newcastle-united|manchester-united,1819,2019-01-02,train
1819|2019-01-02|west-ham-united|brighton-and-hove-albion,1819,2019-01-02,train
1819|2019-01-02|wolverhampton-wanderers|crystal-palace,1819,2019-01-02,train
1819|2019-01-03|manchester-city|liverpool,1819,2019-01-03,train
1819|2019-01-12|brighton-and-hove-albion|liverpool,1819,2019-01-12,train
1819|2019-01-12|burnley|fulham,1819,2019-01-12,train
1819|2019-01-12|cardiff-city|huddersfield-town,1819,2019-01-12,train
1819|2019-01-12|chelsea|newcastle-united,1819,2019-01-12,train
1819|2019-01-12|crystal-palace|watford,1819,2019-01-12,train
1819|2019-01-12|leicester-city|southampton,1819,2019-01-12,train
1819|2019-01-12|west-ham-united|arsenal,1819,2019-01-12,train
1819|2019-01-13|everton|afc-bournemouth,1819,2019-01-13,train
1819|2019-01-13|tottenham-hotspur|manchester-united,1819,2019-01-13,train
1819|2019-01-14|manchester-city|wolverhampton-wanderers,1819,2019-01-14,train
1819|2019-01-19|afc-bournemouth|west-ham-united,1819,2019-01-19,train
1819|2019-01-19|arsenal|chelsea,1819,2019-01-19,train
1819|2019-01-19|liverpool|crystal-palace,1819,2019-01-19,train
1819|2019-01-19|manchester-united|brighton-and-hove-albion,1819,2019-01-19,train
1819|2019-01-19|newcastle-united|cardiff-city,1819,2019-01-19,train
1819|2019-01-19|southampton|everton,1819,2019-01-19,train
1819|2019-01-19|watford|burnley,1819,2019-01-19,train
1819|2019-01-19|wolverhampton-wanderers|leicester-city,1819,2019-01-19,train
1819|2019-01-20|fulham|tottenham-hotspur,1819,2019-01-20,train
1819|2019-01-20|huddersfield-town|manchester-city,1819,2019-01-20,train
1819|2019-01-29|arsenal|cardiff-city,1819,2019-01-29,train
1819|2019-01-29|fulham|brighton-and-hove-albion,1819,2019-01-29,train
1819|2019-01-29|huddersfield-town|everton,1819,2019-01-29,train
1819|2019-01-29|manchester-united|burnley,1819,2019-01-29,train
1819|2019-01-29|newcastle-united|manchester-city,1819,2019-01-29,train
1819|2019-01-29|wolverhampton-wanderers|west-ham-united,1819,2019-01-29,train
1819|2019-01-30|afc-bournemouth|chelsea,1819,2019-01-30,train
1819|2019-01-30|liverpool|leicester-city,1819,2019-01-30,train
1819|2019-01-30|southampton|crystal-palace,1819,2019-01-30,train
1819|2019-01-30|tottenham-hotspur|watford,1819,2019-01-30,train
1819|2019-02-02|brighton-and-hove-albion|watford,1819,2019-02-02,train
1819|2019-02-02|burnley|southampton,1819,2019-02-02,train
1819|2019-02-02|cardiff-city|afc-bournemouth,1819,2019-02-02,train
1819|2019-02-02|chelsea|huddersfield-town,1819,2019-02-02,train
1819|2019-02-02|crystal-palace|fulham,1819,2019-02-02,train
1819|2019-02-02|everton|wolverhampton-wanderers,1819,2019-02-02,train
1819|2019-02-02|tottenham-hotspur|newcastle-united,1819,2019-02-02,train
1819|2019-02-03|leicester-city|manchester-united,1819,2019-02-03,train
1819|2019-02-03|manchester-city|arsenal,1819,2019-02-03,train
1819|2019-02-04|west-ham-united|liverpool,1819,2019-02-04,train
1819|2019-02-06|everton|manchester-city,1819,2019-02-06,train
1819|2019-02-09|brighton-and-hove-albion|burnley,1819,2019-02-09,train
1819|2019-02-09|crystal-palace|west-ham-united,1819,2019-02-09,train
1819|2019-02-09|fulham|manchester-united,1819,2019-02-09,train
1819|2019-02-09|huddersfield-town|arsenal,1819,2019-02-09,train
1819|2019-02-09|liverpool|afc-bournemouth,1819,2019-02-09,train
1819|2019-02-09|southampton|cardiff-city,1819,2019-02-09,train
1819|2019-02-09|watford|everton,1819,2019-02-09,train
1819|2019-02-10|manchester-city|chelsea,1819,2019-02-10,train
1819|2019-02-10|tottenham-hotspur|leicester-city,1819,2019-02-10,train
1819|2019-02-11|wolverhampton-wanderers|newcastle-united,1819,2019-02-11,train
1819|2019-02-22|cardiff-city|watford,1819,2019-02-22,train
1819|2019-02-22|west-ham-united|fulham,1819,2019-02-22,train
1819|2019-02-23|afc-bournemouth|wolverhampton-wanderers,1819,2019-02-23,train
1819|2019-02-23|burnley|tottenham-hotspur,1819,2019-02-23,train
1819|2019-02-23|leicester-city|crystal-palace,1819,2019-02-23,train
1819|2019-02-23|newcastle-united|huddersfield-town,1819,2019-02-23,train
1819|2019-02-24|arsenal|southampton,1819,2019-02-24,train
1819|2019-02-24|manchester-united|liverpool,1819,2019-02-24,train
1819|2019-02-26|cardiff-city|everton,1819,2019-02-26,train
1819|2019-02-26|huddersfield-town|wolverhampton-wanderers,1819,2019-02-26,train
1819|2019-02-26|leicester-city|brighton-and-hove-albion,1819,2019-02-26,train
1819|2019-02-26|newcastle-united|burnley,1819,2019-02-26,train
1819|2019-02-27|arsenal|afc-bournemouth,1819,2019-02-27,train
1819|2019-02-27|chelsea|tottenham-hotspur,1819,2019-02-27,train
1819|2019-02-27|crystal-palace|manchester-united,1819,2019-02-27,train
1819|2019-02-27|liverpool|watford,1819,2019-02-27,train
1819|2019-02-27|manchester-city|west-ham-united,1819,2019-02-27,train
1819|2019-02-27|southampton|fulham,1819,2019-02-27,train
1819|2019-03-02|afc-bournemouth|manchester-city,1819,2019-03-02,train
1819|2019-03-02|brighton-and-hove-albion|huddersfield-town,1819,2019-03-02,train
1819|2019-03-02|burnley|crystal-palace,1819,2019-03-02,train
1819|2019-03-02|manchester-united|southampton,1819,2019-03-02,train
1819|2019-03-02|tottenham-hotspur|arsenal,1819,2019-03-02,train
1819|2019-03-02|west-ham-united|newcastle-united,1819,2019-03-02,train
1819|2019-03-02|wolverhampton-wanderers|cardiff-city,1819,2019-03-02,train
1819|2019-03-03|everton|liverpool,1819,2019-03-03,train
1819|2019-03-03|fulham|chelsea,1819,2019-03-03,train
1819|2019-03-03|watford|leicester-city,1819,2019-03-03,train
1819|2019-03-09|cardiff-city|west-ham-united,1819,2019-03-09,train
1819|2019-03-09|crystal-palace|brighton-and-hove-albion,1819,2019-03-09,train
1819|2019-03-09|huddersfield-town|afc-bournemouth,1819,2019-03-09,train
1819|2019-03-09|leicester-city|fulham,1819,2019-03-09,train
1819|2019-03-09|manchester-city|watford,1819,2019-03-09,train
1819|2019-03-09|newcastle-united|everton,1819,2019-03-09,train
1819|2019-03-09|southampton|tottenham-hotspur,1819,2019-03-09,train
1819|2019-03-10|arsenal|manchester-united,1819,2019-03-10,train
1819|2019-03-10|chelsea|wolverhampton-wanderers,1819,2019-03-10,train
1819|2019-03-10|liverpool|burnley,1819,2019-03-10,train
1819|2019-03-16|afc-bournemouth|newcastle-united,1819,2019-03-16,train
1819|2019-03-16|burnley|leicester-city,1819,2019-03-16,train
1819|2019-03-16|west-ham-united|huddersfield-town,1819,2019-03-16,train
1819|2019-03-17|everton|chelsea,1819,2019-03-17,train
1819|2019-03-17|fulham|liverpool,1819,2019-03-17,train
1819|2019-03-30|brighton-and-hove-albion|southampton,1819,2019-03-30,train
1819|2019-03-30|burnley|wolverhampton-wanderers,1819,2019-03-30,train
1819|2019-03-30|crystal-palace|huddersfield-town,1819,2019-03-30,train
1819|2019-03-30|fulham|manchester-city,1819,2019-03-30,train
1819|2019-03-30|leicester-city|afc-bournemouth,1819,2019-03-30,train
1819|2019-03-30|manchester-united|watford,1819,2019-03-30,train
1819|2019-03-30|west-ham-united|everton,1819,2019-03-30,train
1819|2019-03-31|cardiff-city|chelsea,1819,2019-03-31,train
1819|2019-03-31|liverpool|tottenham-hotspur,1819,2019-03-31,train
1819|2019-04-01|arsenal|newcastle-united,1819,2019-04-01,train
1819|2019-04-02|watford|fulham,1819,2019-04-02,train
1819|2019-04-02|wolverhampton-wanderers|manchester-united,1819,2019-04-02,train
1819|2019-04-03|chelsea|brighton-and-hove-albion,1819,2019-04-03,train
1819|2019-04-03|manchester-city|cardiff-city,1819,2019-04-03,train
1819|2019-04-03|tottenham-hotspur|crystal-palace,1819,2019-04-03,train
1819|2019-04-05|southampton|liverpool,1819,2019-04-05,train
1819|2019-04-06|afc-bournemouth|burnley,1819,2019-04-06,train
1819|2019-04-06|huddersfield-town|leicester-city,1819,2019-04-06,train
1819|2019-04-06|newcastle-united|crystal-palace,1819,2019-04-06,train
1819|2019-04-07|everton|arsenal,1819,2019-04-07,train
1819|2019-04-08|chelsea|west-ham-united,1819,2019-04-08,train
1819|2019-04-12|leicester-city|newcastle-united,1819,2019-04-12,train
1819|2019-04-13|brighton-and-hove-albion|afc-bournemouth,1819,2019-04-13,train
1819|2019-04-13|burnley|cardiff-city,1819,2019-04-13,train
1819|2019-04-13|fulham|everton,1819,2019-04-13,train
1819|2019-04-13|manchester-united|west-ham-united,1819,2019-04-13,train
1819|2019-04-13|southampton|wolverhampton-wanderers,1819,2019-04-13,train
1819|2019-04-13|tottenham-hotspur|huddersfield-town,1819,2019-04-13,train
1819|2019-04-14|crystal-palace|manchester-city,1819,2019-04-14,train
1819|2019-04-14|liverpool|chelsea,1819,2019-04-14,train
1819|2019-04-15|watford|arsenal,1819,2019-04-15,train
1819|2019-04-16|brighton-and-hove-albion|cardiff-city,1819,2019-04-16,train
1819|2019-04-20|afc-bournemouth|fulham,1819,2019-04-20,train
1819|2019-04-20|huddersfield-town|watford,1819,2019-04-20,train
1819|2019-04-20|manchester-city|tottenham-hotspur,1819,2019-04-20,train
1819|2019-04-20|newcastle-united|southampton,1819,2019-04-20,train
1819|2019-04-20|west-ham-united|leicester-city,1819,2019-04-20,train
1819|2019-04-20|wolverhampton-wanderers|brighton-and-hove-albion,1819,2019-04-20,train
1819|2019-04-21|arsenal|crystal-palace,1819,2019-04-21,train
1819|2019-04-21|cardiff-city|liverpool,1819,2019-04-21,train
1819|2019-04-21|everton|manchester-united,1819,2019-04-21,train
1819|2019-04-22|chelsea|burnley,1819,2019-04-22,train
1819|2019-04-23|tottenham-hotspur|brighton-and-hove-albion,1819,2019-04-23,train
1819|2019-04-23|watford|southampton,1819,2019-04-23,train
1819|2019-04-24|manchester-united|manchester-city,1819,2019-04-24,train
1819|2019-04-24|wolverhampton-wanderers|arsenal,1819,2019-04-24,train
1819|2019-04-26|liverpool|huddersfield-town,1819,2019-04-26,train
1819|2019-04-27|brighton-and-hove-albion|newcastle-united,1819,2019-04-27,train
1819|2019-04-27|crystal-palace|everton,1819,2019-04-27,train
1819|2019-04-27|fulham|cardiff-city,1819,2019-04-27,train
1819|2019-04-27|southampton|afc-bournemouth,1819,2019-04-27,train
1819|2019-04-27|tottenham-hotspur|west-ham-united,1819,2019-04-27,train
1819|2019-04-27|watford|wolverhampton-wanderers,1819,2019-04-27,train
1819|2019-04-28|burnley|manchester-city,1819,2019-04-28,train
1819|2019-04-28|leicester-city|arsenal,1819,2019-04-28,train
1819|2019-04-28|manchester-united|chelsea,1819,2019-04-28,train
1819|2019-05-03|everton|burnley,1819,2019-05-03,train
1819|2019-05-04|afc-bournemouth|tottenham-hotspur,1819,2019-05-04,train
1819|2019-05-04|cardiff-city|crystal-palace,1819,2019-05-04,train
1819|2019-05-04|newcastle-united|liverpool,1819,2019-05-04,train
1819|2019-05-04|west-ham-united|southampton,1819,2019-05-04,train
1819|2019-05-04|wolverhampton-wanderers|fulham,1819,2019-05-04,train
1819|2019-05-05|arsenal|brighton-and-hove-albion,1819,2019-05-05,train
1819|2019-05-05|chelsea|watford,1819,2019-05-05,train
1819|2019-05-05|huddersfield-town|manchester-united,1819,2019-05-05,train
1819|2019-05-06|manchester-city|leicester-city,1819,2019-05-06,train
1819|2019-05-12|brighton-and-hove-albion|manchester-city,1819,2019-05-12,train
1819|2019-05-12|burnley|arsenal,1819,2019-05-12,train
1819|2019-05-12|crystal-palace|afc-bournemouth,1819,2019-05-12,train
1819|2019-05-12|fulham|newcastle-united,1819,2019-05-12,train
1819|2019-05-12|leicester-city|chelsea,1819,2019-05-12,train
1819|2019-05-12|liverpool|wolverhampton-wanderers,1819,2019-05-12,train
1819|2019-05-12|manchester-united|cardiff-city,1819,2019-05-12,train
1819|2019-05-12|southampton|huddersfield-town,1819,2019-05-12,train
1819|2019-05-12|tottenham-hotspur|everton,1819,2019-05-12,train
1819|2019-05-12|watford|west-ham-united,1819,2019-05-12,train
1920|2019-08-09|liverpool|norwich-city,1920,2019-08-09,train
1920|2019-08-10|afc-bournemouth|sheffield-united,1920,2019-08-10,train
1920|2019-08-10|burnley|southampton,1920,2019-08-10,train
1920|2019-08-10|crystal-palace|everton,1920,2019-08-10,train
1920|2019-08-10|tottenham-hotspur|aston-villa,1920,2019-08-10,train
1920|2019-08-10|watford|brighton-and-hove-albion,1920,2019-08-10,train
1920|2019-08-10|west-ham-united|manchester-city,1920,2019-08-10,train
1920|2019-08-11|leicester-city|wolverhampton-wanderers,1920,2019-08-11,train
1920|2019-08-11|manchester-united|chelsea,1920,2019-08-11,train
1920|2019-08-11|newcastle-united|arsenal,1920,2019-08-11,train
1920|2019-08-17|arsenal|burnley,1920,2019-08-17,train
1920|2019-08-17|aston-villa|afc-bournemouth,1920,2019-08-17,train
1920|2019-08-17|brighton-and-hove-albion|west-ham-united,1920,2019-08-17,train
1920|2019-08-17|everton|watford,1920,2019-08-17,train
1920|2019-08-17|manchester-city|tottenham-hotspur,1920,2019-08-17,train
1920|2019-08-17|norwich-city|newcastle-united,1920,2019-08-17,train
1920|2019-08-17|southampton|liverpool,1920,2019-08-17,train
1920|2019-08-18|chelsea|leicester-city,1920,2019-08-18,train
1920|2019-08-18|sheffield-united|crystal-palace,1920,2019-08-18,train
1920|2019-08-19|wolverhampton-wanderers|manchester-united,1920,2019-08-19,train
1920|2019-08-23|aston-villa|everton,1920,2019-08-23,train
1920|2019-08-24|brighton-and-hove-albion|southampton,1920,2019-08-24,train
1920|2019-08-24|liverpool|arsenal,1920,2019-08-24,train
1920|2019-08-24|manchester-united|crystal-palace,1920,2019-08-24,train
1920|2019-08-24|norwich-city|chelsea,1920,2019-08-24,train
1920|2019-08-24|sheffield-united|leicester-city,1920,2019-08-24,train
1920|2019-08-24|watford|west-ham-united,1920,2019-08-24,train
1920|2019-08-25|afc-bournemouth|manchester-city,1920,2019-08-25,train
1920|2019-08-25|tottenham-hotspur|newcastle-united,1920,2019-08-25,train
1920|2019-08-25|wolverhampton-wanderers|burnley,1920,2019-08-25,train
1920|2019-08-31|burnley|liverpool,1920,2019-08-31,train
1920|2019-08-31|chelsea|sheffield-united,1920,2019-08-31,train
1920|2019-08-31|crystal-palace|aston-villa,1920,2019-08-31,train
1920|2019-08-31|leicester-city|afc-bournemouth,1920,2019-08-31,train
1920|2019-08-31|manchester-city|brighton-and-hove-albion,1920,2019-08-31,train
1920|2019-08-31|newcastle-united|watford,1920,2019-08-31,train
1920|2019-08-31|southampton|manchester-united,1920,2019-08-31,train
1920|2019-08-31|west-ham-united|norwich-city,1920,2019-08-31,train
1920|2019-09-01|arsenal|tottenham-hotspur,1920,2019-09-01,train
1920|2019-09-01|everton|wolverhampton-wanderers,1920,2019-09-01,train
1920|2019-09-14|brighton-and-hove-albion|burnley,1920,2019-09-14,train
1920|2019-09-14|liverpool|newcastle-united,1920,2019-09-14,train
1920|2019-09-14|manchester-united|leicester-city,1920,2019-09-14,train
1920|2019-09-14|norwich-city|manchester-city,1920,2019-09-14,train
1920|2019-09-14|sheffield-united|southampton,1920,2019-09-14,train
1920|2019-09-14|tottenham-hotspur|crystal-palace,1920,2019-09-14,train
1920|2019-09-14|wolverhampton-wanderers|chelsea,1920,2019-09-14,train
1920|2019-09-15|afc-bournemouth|everton,1920,2019-09-15,train
1920|2019-09-15|watford|arsenal,1920,2019-09-15,train
1920|2019-09-16|aston-villa|west-ham-united,1920,2019-09-16,train
1920|2019-09-20|southampton|afc-bournemouth,1920,2019-09-20,train
1920|2019-09-21|burnley|norwich-city,1920,2019-09-21,train
1920|2019-09-21|everton|sheffield-united,1920,2019-09-21,train
1920|2019-09-21|leicester-city|tottenham-hotspur,1920,2019-09-21,train
1920|2019-09-21|manchester-city|watford,1920,2019-09-21,train
1920|2019-09-21|newcastle-united|brighton-and-hove-albion,1920,2019-09-21,train
1920|2019-09-22|arsenal|aston-villa,1920,2019-09-22,train
1920|2019-09-22|chelsea|liverpool,1920,2019-09-22,train
1920|2019-09-22|crystal-palace|wolverhampton-wanderers,1920,2019-09-22,train
1920|2019-09-22|west-ham-united|manchester-united,1920,2019-09-22,train
1920|2019-09-28|afc-bournemouth|west-ham-united,1920,2019-09-28,train
1920|2019-09-28|aston-villa|burnley,1920,2019-09-28,train
1920|2019-09-28|chelsea|brighton-and-hove-albion,1920,2019-09-28,train
1920|2019-09-28|crystal-palace|norwich-city,1920,2019-09-28,train
1920|2019-09-28|everton|manchester-city,1920,2019-09-28,train
1920|2019-09-28|sheffield-united|liverpool,1920,2019-09-28,train
1920|2019-09-28|tottenham-hotspur|southampton,1920,2019-09-28,train
1920|2019-09-28|wolverhampton-wanderers|watford,1920,2019-09-28,train
1920|2019-09-29|leicester-city|newcastle-united,1920,2019-09-29,train
1920|2019-09-30|manchester-united|arsenal,1920,2019-09-30,train
1920|2019-10-05|brighton-and-hove-albion|tottenham-hotspur,1920,2019-10-05,train
1920|2019-10-05|burnley|everton,1920,2019-10-05,train
1920|2019-10-05|liverpool|leicester-city,1920,2019-10-05,train
1920|2019-10-05|norwich-city|aston-villa,1920,2019-10-05,train
1920|2019-10-05|watford|sheffield-united,1920,2019-10-05,train
1920|2019-10-05|west-ham-united|crystal-palace,1920,2019-10-05,train
1920|2019-10-06|arsenal|afc-bournemouth,1920,2019-10-06,train
1920|2019-10-06|manchester-city|wolverhampton-wanderers,1920,2019-10-06,train
1920|2019-10-06|newcastle-united|manchester-united,1920,2019-10-06,train
1920|2019-10-06|southampton|chelsea,1920,2019-10-06,train
1920|2019-10-19|afc-bournemouth|norwich-city,1920,2019-10-19,train
1920|2019-10-19|aston-villa|brighton-and-hove-albion,1920,2019-10-19,train
1920|2019-10-19|chelsea|newcastle-united,1920,2019-10-19,train
1920|2019-10-19|crystal-palace|manchester-city,1920,2019-10-19,train
1920|2019-10-19|everton|west-ham-united,1920,2019-10-19,train
1920|2019-10-19|leicester-city|burnley,1920,2019-10-19,train
1920|2019-10-19|tottenham-hotspur|watford,1920,2019-10-19,train
1920|2019-10-19|wolverhampton-wanderers|southampton,1920,2019-10-19,train
1920|2019-10-20|manchester-united|liverpool,1920,2019-10-20,train
1920|2019-10-21|sheffield-united|arsenal,1920,2019-10-21,train
1920|2019-10-25|southampton|leicester-city,1920,2019-10-25,train
1920|2019-10-26|brighton-and-hove-albion|everton,1920,2019-10-26,train
1920|2019-10-26|burnley|chelsea,1920,2019-10-26,train
1920|2019-10-26|manchester-city|aston-villa,1920,2019-10-26,train
1920|2019-10-26|watford|afc-bournemouth,1920,2019-10-26,train
1920|2019-10-26|west-ham-united|sheffield-united,1920,2019-10-26,train
1920|2019-10-27|arsenal|crystal-palace,1920,2019-10-27,train
1920|2019-10-27|liverpool|tottenham-hotspur,1920,2019-10-27,train
1920|2019-10-27|newcastle-united|wolverhampton-wanderers,1920,2019-10-27,train
1920|2019-10-27|norwich-city|manchester-united,1920,2019-10-27,train
1920|2019-11-02|afc-bournemouth|manchester-united,1920,2019-11-02,train
1920|2019-11-02|arsenal|wolverhampton-wanderers,1920,2019-11-02,train
1920|2019-11-02|aston-villa|liverpool,1920,2019-11-02,train
1920|2019-11-02|brighton-and-hove-albion|norwich-city,1920,2019-11-02,train
1920|2019-11-02|manchester-city|southampton,1920,2019-11-02,train
1920|2019-11-02|sheffield-united|burnley,1920,2019-11-02,train
1920|2019-11-02|watford|chelsea,1920,2019-11-02,train
1920|2019-11-02|west-ham-united|newcastle-united,1920,2019-11-02,train
1920|2019-11-03|crystal-palace|leicester-city,1920,2019-11-03,train
1920|2019-11-03|everton|tottenham-hotspur,1920,2019-11-03,train
1920|2019-11-08|norwich-city|watford,1920,2019-11-08,train
1920|2019-11-09|burnley|west-ham-united,1920,2019-11-09,train
1920|2019-11-09|chelsea|crystal-palace,1920,2019-11-09,train
1920|2019-11-09|leicester-city|arsenal,1920,2019-11-09,train
1920|2019-11-09|newcastle-united|afc-bournemouth,1920,2019-11-09,train
1920|2019-11-09|southampton|everton,1920,2019-11-09,train
1920|2019-11-09|tottenham-hotspur|sheffield-united,1920,2019-11-09,train
1920|2019-11-10|liverpool|manchester-city,1920,2019-11-10,train
1920|2019-11-10|manchester-united|brighton-and-hove-albion,1920,2019-11-10,train
1920|2019-11-10|wolverhampton-wanderers|aston-villa,1920,2019-11-10,train
1920|2019-11-23|afc-bournemouth|wolverhampton-wanderers,1920,2019-11-23,train
1920|2019-11-23|arsenal|southampton,1920,2019-11-23,train
1920|2019-11-23|brighton-and-hove-albion|leicester-city,1920,2019-11-23,train
1920|2019-11-23|crystal-palace|liverpool,1920,2019-11-23,train
1920|2019-11-23|everton|norwich-city,1920,2019-11-23,train
1920|2019-11-23|manchester-city|chelsea,1920,2019-11-23,train
1920|2019-11-23|watford|burnley,1920,2019-11-23,train
1920|2019-11-23|west-ham-united|tottenham-hotspur,1920,2019-11-23,train
1920|2019-11-24|sheffield-united|manchester-united,1920,2019-11-24,train
1920|2019-11-25|aston-villa|newcastle-united,1920,2019-11-25,train
1920|2019-11-30|burnley|crystal-palace,1920,2019-11-30,train
1920|2019-11-30|chelsea|west-ham-united,1920,2019-11-30,train
1920|2019-11-30|liverpool|brighton-and-hove-albion,1920,2019-11-30,train
1920|2019-11-30|newcastle-united|manchester-city,1920,2019-11-30,train
1920|2019-11-30|southampton|watford,1920,2019-11-30,train
1920|2019-11-30|tottenham-hotspur|afc-bournemouth,1920,2019-11-30,train
1920|2019-12-01|leicester-city|everton,1920,2019-12-01,train
1920|2019-12-01|manchester-united|aston-villa,1920,2019-12-01,train
1920|2019-12-01|norwich-city|arsenal,1920,2019-12-01,train
1920|2019-12-01|wolverhampton-wanderers|sheffield-united,1920,2019-12-01,train
1920|2019-12-03|burnley|manchester-city,1920,2019-12-03,train
1920|2019-12-03|crystal-palace|afc-bournemouth,1920,2019-12-03,train
1920|2019-12-04|chelsea|aston-villa,1920,2019-12-04,train
1920|2019-12-04|leicester-city|watford,1920,2019-12-04,train
1920|2019-12-04|liverpool|everton,1920,2019-12-04,train
1920|2019-12-04|manchester-united|tottenham-hotspur,1920,2019-12-04,train
1920|2019-12-04|southampton|norwich-city,1920,2019-12-04,train
1920|2019-12-04|wolverhampton-wanderers|west-ham-united,1920,2019-12-04,train
1920|2019-12-05|arsenal|brighton-and-hove-albion,1920,2019-12-05,train
1920|2019-12-05|sheffield-united|newcastle-united,1920,2019-12-05,train
1920|2019-12-07|afc-bournemouth|liverpool,1920,2019-12-07,train
1920|2019-12-07|everton|chelsea,1920,2019-12-07,train
1920|2019-12-07|manchester-city|manchester-united,1920,2019-12-07,train
1920|2019-12-07|tottenham-hotspur|burnley,1920,2019-12-07,train
1920|2019-12-07|watford|crystal-palace,1920,2019-12-07,train
1920|2019-12-08|aston-villa|leicester-city,1920,2019-12-08,train
1920|2019-12-08|brighton-and-hove-albion|wolverhampton-wanderers,1920,2019-12-08,train
1920|2019-12-08|newcastle-united|southampton,1920,2019-12-08,train
1920|2019-12-08|norwich-city|sheffield-united,1920,2019-12-08,train
1920|2019-12-09|west-ham-united|arsenal,1920,2019-12-09,train
1920|2019-12-14|burnley|newcastle-united,1920,2019-12-14,train
1920|2019-12-14|chelsea|afc-bournemouth,1920,2019-12-14,train
1920|2019-12-14|leicester-city|norwich-city,1920,2019-12-14,train
1920|2019-12-14|liverpool|watford,1920,2019-12-14,train
1920|2019-12-14|sheffield-united|aston-villa,1920,2019-12-14,train
1920|2019-12-14|southampton|west-ham-united,1920,2019-12-14,train
1920|2019-12-15|arsenal|manchester-city,1920,2019-12-15,train
1920|2019-12-15|manchester-united|everton,1920,2019-12-15,train
1920|2019-12-15|wolverhampton-wanderers|tottenham-hotspur,1920,2019-12-15,train
1920|2019-12-16|crystal-palace|brighton-and-hove-albion,1920,2019-12-16,train
1920|2019-12-21|afc-bournemouth|burnley,1920,2019-12-21,train
1920|2019-12-21|aston-villa|southampton,1920,2019-12-21,train
1920|2019-12-21|brighton-and-hove-albion|sheffield-united,1920,2019-12-21,train
1920|2019-12-21|everton|arsenal,1920,2019-12-21,train
1920|2019-12-21|manchester-city|leicester-city,1920,2019-12-21,train
1920|2019-12-21|newcastle-united|crystal-palace,1920,2019-12-21,train
1920|2019-12-21|norwich-city|wolverhampton-wanderers,1920,2019-12-21,train
1920|2019-12-22|tottenham-hotspur|chelsea,1920,2019-12-22,train
1920|2019-12-22|watford|manchester-united,1920,2019-12-22,train
1920|2019-12-26|afc-bournemouth|arsenal,1920,2019-12-26,train
1920|2019-12-26|aston-villa|norwich-city,1920,2019-12-26,train
1920|2019-12-26|chelsea|southampton,1920,2019-12-26,train
1920|2019-12-26|crystal-palace|west-ham-united,1920,2019-12-26,train
1920|2019-12-26|everton|burnley,1920,2019-12-26,train
1920|2019-12-26|leicester-city|liverpool,1920,2019-12-26,train
1920|2019-12-26|manchester-united|newcastle-united,1920,2019-12-26,train
1920|2019-12-26|sheffield-united|watford,1920,2019-12-26,train
1920|2019-12-26|tottenham-hotspur|brighton-and-hove-albion,1920,2019-12-26,train
1920|2019-12-27|wolverhampton-wanderers|manchester-city,1920,2019-12-27,train
1920|2019-12-28|brighton-and-hove-albion|afc-bournemouth,1920,2019-12-28,train
1920|2019-12-28|burnley|manchester-united,1920,2019-12-28,train
1920|2019-12-28|newcastle-united|everton,1920,2019-12-28,train
1920|2019-12-28|norwich-city|tottenham-hotspur,1920,2019-12-28,train
1920|2019-12-28|southampton|crystal-palace,1920,2019-12-28,train
1920|2019-12-28|watford|aston-villa,1920,2019-12-28,train
1920|2019-12-28|west-ham-united|leicester-city,1920,2019-12-28,train
1920|2019-12-29|arsenal|chelsea,1920,2019-12-29,train
1920|2019-12-29|liverpool|wolverhampton-wanderers,1920,2019-12-29,train
1920|2019-12-29|manchester-city|sheffield-united,1920,2019-12-29,train
1920|2020-01-01|arsenal|manchester-united,1920,2020-01-01,train
1920|2020-01-01|brighton-and-hove-albion|chelsea,1920,2020-01-01,train
1920|2020-01-01|burnley|aston-villa,1920,2020-01-01,train
1920|2020-01-01|manchester-city|everton,1920,2020-01-01,train
1920|2020-01-01|newcastle-united|leicester-city,1920,2020-01-01,train
1920|2020-01-01|norwich-city|crystal-palace,1920,2020-01-01,train
1920|2020-01-01|southampton|tottenham-hotspur,1920,2020-01-01,train
1920|2020-01-01|watford|wolverhampton-wanderers,1920,2020-01-01,train
1920|2020-01-01|west-ham-united|afc-bournemouth,1920,2020-01-01,train
1920|2020-01-02|liverpool|sheffield-united,1920,2020-01-02,train
1920|2020-01-10|sheffield-united|west-ham-united,1920,2020-01-10,train
1920|2020-01-11|chelsea|burnley,1920,2020-01-11,train
1920|2020-01-11|crystal-palace|arsenal,1920,2020-01-11,train
1920|2020-01-11|everton|brighton-and-hove-albion,1920,2020-01-11,train
1920|2020-01-11|leicester-city|southampton,1920,2020-01-11,train
1920|2020-01-11|manchester-united|norwich-city,1920,2020-01-11,train
1920|2020-01-11|tottenham-hotspur|liverpool,1920,2020-01-11,train
1920|2020-01-11|wolverhampton-wanderers|newcastle-united,1920,2020-01-11,train
1920|2020-01-12|afc-bournemouth|watford,1920,2020-01-12,train
1920|2020-01-12|aston-villa|manchester-city,1920,2020-01-12,train
1920|2020-01-18|arsenal|sheffield-united,1920,2020-01-18,train
1920|2020-01-18|brighton-and-hove-albion|aston-villa,1920,2020-01-18,train
1920|2020-01-18|manchester-city|crystal-palace,1920,2020-01-18,train
1920|2020-01-18|newcastle-united|chelsea,1920,2020-01-18,train
1920|2020-01-18|norwich-city|afc-bournemouth,1920,2020-01-18,train
1920|2020-01-18|southampton|wolverhampton-wanderers,1920,2020-01-18,train
1920|2020-01-18|watford|tottenham-hotspur,1920,2020-01-18,train
1920|2020-01-18|west-ham-united|everton,1920,2020-01-18,train
1920|2020-01-19|burnley|leicester-city,1920,2020-01-19,train
1920|2020-01-19|liverpool|manchester-united,1920,2020-01-19,train
1920|2020-01-21|afc-bournemouth|brighton-and-hove-albion,1920,2020-01-21,train
1920|2020-01-21|aston-villa|watford,1920,2020-01-21,train
1920|2020-01-21|chelsea|arsenal,1920,2020-01-21,train
1920|2020-01-21|crystal-palace|southampton,1920,2020-01-21,train
1920|2020-01-21|everton|newcastle-united,1920,2020-01-21,train
1920|2020-01-21|sheffield-united|manchester-city,1920,2020-01-21,train
1920|2020-01-22|leicester-city|west-ham-united,1920,2020-01-22,train
1920|2020-01-22|manchester-united|burnley,1920,2020-01-22,train
1920|2020-01-22|tottenham-hotspur|norwich-city,1920,2020-01-22,train
1920|2020-01-23|wolverhampton-wanderers|liverpool,1920,2020-01-23,train
1920|2020-01-29|west-ham-united|liverpool,1920,2020-01-29,train
1920|2020-02-01|afc-bournemouth|aston-villa,1920,2020-02-01,train
1920|2020-02-01|crystal-palace|sheffield-united,1920,2020-02-01,train
1920|2020-02-01|leicester-city|chelsea,1920,2020-02-01,train
1920|2020-02-01|liverpool|southampton,1920,2020-02-01,train
1920|2020-02-01|manchester-united|wolverhampton-wanderers,1920,2020-02-01,train
1920|2020-02-01|newcastle-united|norwich-city,1920,2020-02-01,train
1920|2020-02-01|watford|everton,1920,2020-02-01,train
1920|2020-02-01|west-ham-united|brighton-and-hove-albion,1920,2020-02-01,train
1920|2020-02-02|burnley|arsenal,1920,2020-02-02,train
1920|2020-02-02|tottenham-hotspur|manchester-city,1920,2020-02-02,train
1920|2020-02-08|brighton-and-hove-albion|watford,1920,2020-02-08,train
1920|2020-02-08|everton|crystal-palace,1920,2020-02-08,train
1920|2020-02-09|sheffield-united|afc-bournemouth,1920,2020-02-09,train
1920|2020-02-14|wolverhampton-wanderers|leicester-city,1920,2020-02-14,train
1920|2020-02-15|norwich-city|liverpool,1920,2020-02-15,train
1920|2020-02-15|southampton|burnley,1920,2020-02-15,train
1920|2020-02-16|arsenal|newcastle-united,1920,2020-02-16,train
1920|2020-02-16|aston-villa|tottenham-hotspur,1920,2020-02-16,train
1920|2020-02-17|chelsea|manchester-united,1920,2020-02-17,train
1920|2020-02-19|manchester-city|west-ham-united,1920,2020-02-19,train
1920|2020-02-22|burnley|afc-bournemouth,1920,2020-02-22,train
1920|2020-02-22|chelsea|tottenham-hotspur,1920,2020-02-22,train
1920|2020-02-22|crystal-palace|newcastle-united,1920,2020-02-22,train
1920|2020-02-22|leicester-city|manchester-city,1920,2020-02-22,train
1920|2020-02-22|sheffield-united|brighton-and-hove-albion,1920,2020-02-22,train
1920|2020-02-22|southampton|aston-villa,1920,2020-02-22,train
1920|2020-02-23|arsenal|everton,1920,2020-02-23,train
1920|2020-02-23|manchester-united|watford,1920,2020-02-23,train
1920|2020-02-23|wolverhampton-wanderers|norwich-city,1920,2020-02-23,train
1920|2020-02-24|liverpool|west-ham-united,1920,2020-02-24,train
1920|2020-02-28|norwich-city|leicester-city,1920,2020-02-28,train
1920|2020-02-29|afc-bournemouth|chelsea,1920,2020-02-29,train
1920|2020-02-29|brighton-and-hove-albion|crystal-palace,1920,2020-02-29,train
1920|2020-02-29|newcastle-united|burnley,1920,2020-02-29,train
1920|2020-02-29|watford|liverpool,1920,2020-02-29,train
1920|2020-02-29|west-ham-united|southampton,1920,2020-02-29,train
1920|2020-03-01|everton|manchester-united,1920,2020-03-01,train
1920|2020-03-01|tottenham-hotspur|wolverhampton-wanderers,1920,2020-03-01,train
1920|2020-03-07|arsenal|west-ham-united,1920,2020-03-07,train
1920|2020-03-07|burnley|tottenham-hotspur,1920,2020-03-07,train
1920|2020-03-07|crystal-palace|watford,1920,2020-03-07,train
1920|2020-03-07|liverpool|afc-bournemouth,1920,2020-03-07,train
1920|2020-03-07|sheffield-united|norwich-city,1920,2020-03-07,train
1920|2020-03-07|southampton|newcastle-united,1920,2020-03-07,train
1920|2020-03-07|wolverhampton-wanderers|brighton-and-hove-albion,1920,2020-03-07,train
1920|2020-03-08|chelsea|everton,1920,2020-03-08,train
1920|2020-03-08|manchester-united|manchester-city,1920,2020-03-08,train
1920|2020-03-09|leicester-city|aston-villa,1920,2020-03-09,train
1920|2020-06-17|aston-villa|sheffield-united,1920,2020-06-17,train
1920|2020-06-17|manchester-city|arsenal,1920,2020-06-17,train
1920|2020-06-19|norwich-city|southampton,1920,2020-06-19,train
1920|2020-06-19|tottenham-hotspur|manchester-united,1920,2020-06-19,train
1920|2020-06-20|afc-bournemouth|crystal-palace,1920,2020-06-20,train
1920|2020-06-20|brighton-and-hove-albion|arsenal,1920,2020-06-20,train
1920|2020-06-20|watford|leicester-city,1920,2020-06-20,train
1920|2020-06-20|west-ham-united|wolverhampton-wanderers,1920,2020-06-20,train
1920|2020-06-21|aston-villa|chelsea,1920,2020-06-21,train
1920|2020-06-21|everton|liverpool,1920,2020-06-21,train
1920|2020-06-21|newcastle-united|sheffield-united,1920,2020-06-21,train
1920|2020-06-22|manchester-city|burnley,1920,2020-06-22,train
1920|2020-06-23|leicester-city|brighton-and-hove-albion,1920,2020-06-23,train
1920|2020-06-23|tottenham-hotspur|west-ham-united,1920,2020-06-23,train
1920|2020-06-24|liverpool|crystal-palace,1920,2020-06-24,train
1920|2020-06-24|manchester-united|sheffield-united,1920,2020-06-24,train
1920|2020-06-24|newcastle-united|aston-villa,1920,2020-06-24,train
1920|2020-06-24|norwich-city|everton,1920,2020-06-24,train
1920|2020-06-24|wolverhampton-wanderers|afc-bournemouth,1920,2020-06-24,train
1920|2020-06-25|burnley|watford,1920,2020-06-25,train
1920|2020-06-25|chelsea|manchester-city,1920,2020-06-25,train
1920|2020-06-25|southampton|arsenal,1920,2020-06-25,train
1920|2020-06-27|aston-villa|wolverhampton-wanderers,1920,2020-06-27,train
1920|2020-06-28|watford|southampton,1920,2020-06-28,train
1920|2020-06-29|crystal-palace|burnley,1920,2020-06-29,train
1920|2020-06-30|brighton-and-hove-albion|manchester-united,1920,2020-06-30,train
1920|2020-07-01|afc-bournemouth|newcastle-united,1920,2020-07-01,train
1920|2020-07-01|arsenal|norwich-city,1920,2020-07-01,train
1920|2020-07-01|everton|leicester-city,1920,2020-07-01,train
1920|2020-07-01|west-ham-united|chelsea,1920,2020-07-01,train
1920|2020-07-02|manchester-city|liverpool,1920,2020-07-02,train
1920|2020-07-02|sheffield-united|tottenham-hotspur,1920,2020-07-02,train
1920|2020-07-04|chelsea|watford,1920,2020-07-04,train
1920|2020-07-04|leicester-city|crystal-palace,1920,2020-07-04,train
1920|2020-07-04|manchester-united|afc-bournemouth,1920,2020-07-04,train
1920|2020-07-04|norwich-city|brighton-and-hove-albion,1920,2020-07-04,train
1920|2020-07-04|wolverhampton-wanderers|arsenal,1920,2020-07-04,train
1920|2020-07-05|burnley|sheffield-united,1920,2020-07-05,train
1920|2020-07-05|liverpool|aston-villa,1920,2020-07-05,train
1920|2020-07-05|newcastle-united|west-ham-united,1920,2020-07-05,train
1920|2020-07-05|southampton|manchester-city,1920,2020-07-05,train
1920|2020-07-06|tottenham-hotspur|everton,1920,2020-07-06,train
1920|2020-07-07|arsenal|leicester-city,1920,2020-07-07,train
1920|2020-07-07|crystal-palace|chelsea,1920,2020-07-07,train
1920|2020-07-07|watford|norwich-city,1920,2020-07-07,train
1920|2020-07-08|brighton-and-hove-albion|liverpool,1920,2020-07-08,train
1920|2020-07-08|manchester-city|newcastle-united,1920,2020-07-08,train
1920|2020-07-08|sheffield-united|wolverhampton-wanderers,1920,2020-07-08,train
1920|2020-07-08|west-ham-united|burnley,1920,2020-07-08,train
1920|2020-07-09|afc-bournemouth|tottenham-hotspur,1920,2020-07-09,train
1920|2020-07-09|aston-villa|manchester-united,1920,2020-07-09,train
1920|2020-07-09|everton|southampton,1920,2020-07-09,train
1920|2020-07-11|brighton-and-hove-albion|manchester-city,1920,2020-07-11,train
1920|2020-07-11|liverpool|burnley,1920,2020-07-11,train
1920|2020-07-11|norwich-city|west-ham-united,1920,2020-07-11,train
1920|2020-07-11|sheffield-united|chelsea,1920,2020-07-11,train
1920|2020-07-11|watford|newcastle-united,1920,2020-07-11,train
1920|2020-07-12|afc-bournemouth|leicester-city,1920,2020-07-12,train
1920|2020-07-12|aston-villa|crystal-palace,1920,2020-07-12,train
1920|2020-07-12|tottenham-hotspur|arsenal,1920,2020-07-12,train
1920|2020-07-12|wolverhampton-wanderers|everton,1920,2020-07-12,train
1920|2020-07-13|manchester-united|southampton,1920,2020-07-13,train
1920|2020-07-14|chelsea|norwich-city,1920,2020-07-14,train
1920|2020-07-15|arsenal|liverpool,1920,2020-07-15,train
1920|2020-07-15|burnley|wolverhampton-wanderers,1920,2020-07-15,train
1920|2020-07-15|manchester-city|afc-bournemouth,1920,2020-07-15,train
1920|2020-07-15|newcastle-united|tottenham-hotspur,1920,2020-07-15,train
1920|2020-07-16|crystal-palace|manchester-united,1920,2020-07-16,train
1920|2020-07-16|everton|aston-villa,1920,2020-07-16,train
1920|2020-07-16|leicester-city|sheffield-united,1920,2020-07-16,train
1920|2020-07-16|southampton|brighton-and-hove-albion,1920,2020-07-16,train
1920|2020-07-17|west-ham-united|watford,1920,2020-07-17,train
1920|2020-07-18|norwich-city|burnley,1920,2020-07-18,train
1920|2020-07-19|afc-bournemouth|southampton,1920,2020-07-19,train
1920|2020-07-19|tottenham-hotspur|leicester-city,1920,2020-07-19,train
1920|2020-07-20|brighton-and-hove-albion|newcastle-united,1920,2020-07-20,train
1920|2020-07-20|sheffield-united|everton,1920,2020-07-20,train
1920|2020-07-20|wolverhampton-wanderers|crystal-palace,1920,2020-07-20,train
1920|2020-07-21|aston-villa|arsenal,1920,2020-07-21,train
1920|2020-07-21|watford|manchester-city,1920,2020-07-21,train
1920|2020-07-22|liverpool|chelsea,1920,2020-07-22,train
1920|2020-07-22|manchester-united|west-ham-united,1920,2020-07-22,train
1920|2020-07-26|arsenal|watford,1920,2020-07-26,train
1920|2020-07-26|burnley|brighton-and-hove-albion,1920,2020-07-26,train
1920|2020-07-26|chelsea|wolverhampton-wanderers,1920,2020-07-26,train
1920|2020-07-26|crystal-palace|tottenham-hotspur,1920,2020-07-26,train
1920|2020-07-26|everton|afc-bournemouth,1920,2020-07-26,train
1920|2020-07-26|leicester-city|manchester-united,1920,2020-07-26,train
1920|2020-07-26|manchester-city|norwich-city,1920,2020-07-26,train
1920|2020-07-26|newcastle-united|liverpool,1920,2020-07-26,train
1920|2020-07-26|southampton|sheffield-united,1920,2020-07-26,train
1920|2020-07-26|west-ham-united|aston-villa,1920,2020-07-26,train
2021|2020-09-12|crystal-palace|southampton,2021,2020-09-12,train
2021|2020-09-12|fulham|arsenal,2021,2020-09-12,train
2021|2020-09-12|liverpool|leeds-united,2021,2020-09-12,train
2021|2020-09-12|west-ham-united|newcastle-united,2021,2020-09-12,train
2021|2020-09-13|tottenham-hotspur|everton,2021,2020-09-13,train
2021|2020-09-13|west-bromwich-albion|leicester-city,2021,2020-09-13,train
2021|2020-09-14|brighton-and-hove-albion|chelsea,2021,2020-09-14,train
2021|2020-09-14|sheffield-united|wolverhampton-wanderers,2021,2020-09-14,train
2021|2020-09-19|arsenal|west-ham-united,2021,2020-09-19,train
2021|2020-09-19|everton|west-bromwich-albion,2021,2020-09-19,train
2021|2020-09-19|leeds-united|fulham,2021,2020-09-19,train
2021|2020-09-19|manchester-united|crystal-palace,2021,2020-09-19,train
2021|2020-09-20|chelsea|liverpool,2021,2020-09-20,train
2021|2020-09-20|leicester-city|burnley,2021,2020-09-20,train
2021|2020-09-20|newcastle-united|brighton-and-hove-albion,2021,2020-09-20,train
2021|2020-09-20|southampton|tottenham-hotspur,2021,2020-09-20,train
2021|2020-09-21|aston-villa|sheffield-united,2021,2020-09-21,train
2021|2020-09-21|wolverhampton-wanderers|manchester-city,2021,2020-09-21,train
2021|2020-09-26|brighton-and-hove-albion|manchester-united,2021,2020-09-26,train
2021|2020-09-26|burnley|southampton,2021,2020-09-26,train
2021|2020-09-26|crystal-palace|everton,2021,2020-09-26,train
2021|2020-09-26|west-bromwich-albion|chelsea,2021,2020-09-26,train
2021|2020-09-27|manchester-city|leicester-city,2021,2020-09-27,train
2021|2020-09-27|sheffield-united|leeds-united,2021,2020-09-27,train
2021|2020-09-27|tottenham-hotspur|newcastle-united,2021,2020-09-27,train
2021|2020-09-27|west-ham-united|wolverhampton-wanderers,2021,2020-09-27,train
2021|2020-09-28|fulham|aston-villa,2021,2020-09-28,train
2021|2020-09-28|liverpool|arsenal,2021,2020-09-28,train
2021|2020-10-03|chelsea|crystal-palace,2021,2020-10-03,train
2021|2020-10-03|everton|brighton-and-hove-albion,2021,2020-10-03,train
2021|2020-10-03|leeds-united|manchester-city,2021,2020-10-03,train
2021|2020-10-03|newcastle-united|burnley,2021,2020-10-03,train
2021|2020-10-04|arsenal|sheffield-united,2021,2020-10-04,train
2021|2020-10-04|aston-villa|liverpool,2021,2020-10-04,train
2021|2020-10-04|leicester-city|west-ham-united,2021,2020-10-04,train
2021|2020-10-04|manchester-united|tottenham-hotspur,2021,2020-10-04,train
2021|2020-10-04|southampton|west-bromwich-albion,2021,2020-10-04,train
2021|2020-10-04|wolverhampton-wanderers|fulham,2021,2020-10-04,train
2021|2020-10-17|chelsea|southampton,2021,2020-10-17,train
2021|2020-10-17|everton|liverpool,2021,2020-10-17,train
2021|2020-10-17|manchester-city|arsenal,2021,2020-10-17,train
2021|2020-10-17|newcastle-united|manchester-united,2021,2020-10-17,train
2021|2020-10-18|crystal-palace|brighton-and-hove-albion,2021,2020-10-18,train
2021|2020-10-18|leicester-city|aston-villa,2021,2020-10-18,train
2021|2020-10-18|sheffield-united|fulham,2021,2020-10-18,train
2021|2020-10-18|tottenham-hotspur|west-ham-united,2021,2020-10-18,train
2021|2020-10-19|leeds-united|wolverhampton-wanderers,2021,2020-10-19,train
2021|2020-10-19|west-bromwich-albion|burnley,2021,2020-10-19,train
2021|2020-10-23|aston-villa|leeds-united,2021,2020-10-23,train
2021|2020-10-24|fulham|crystal-palace,2021,2020-10-24,train
2021|2020-10-24|liverpool|sheffield-united,2021,2020-10-24,train
2021|2020-10-24|manchester-united|chelsea,2021,2020-10-24,train
2021|2020-10-24|west-ham-united|manchester-city,2021,2020-10-24,train
2021|2020-10-25|arsenal|leicester-city,2021,2020-10-25,train
2021|2020-10-25|southampton|everton,2021,2020-10-25,train
2021|2020-10-25|wolverhampton-wanderers|newcastle-united,2021,2020-10-25,train
2021|2020-10-26|brighton-and-hove-albion|west-bromwich-albion,2021,2020-10-26,train
2021|2020-10-26|burnley|tottenham-hotspur,2021,2020-10-26,train
2021|2020-10-30|wolverhampton-wanderers|crystal-palace,2021,2020-10-30,train
2021|2020-10-31|burnley|chelsea,2021,2020-10-31,train
2021|2020-10-31|liverpool|west-ham-united,2021,2020-10-31,train
2021|2020-10-31|sheffield-united|manchester-city,2021,2020-10-31,train
2021|2020-11-01|aston-villa|southampton,2021,2020-11-01,train
2021|2020-11-01|manchester-united|arsenal,2021,2020-11-01,train
2021|2020-11-01|newcastle-united|everton,2021,2020-11-01,train
2021|2020-11-01|tottenham-hotspur|brighton-and-hove-albion,2021,2020-11-01,train
2021|2020-11-02|fulham|west-bromwich-albion,2021,2020-11-02,train
2021|2020-11-02|leeds-united|leicester-city,2021,2020-11-02,train
2021|2020-11-06|brighton-and-hove-albion|burnley,2021,2020-11-06,train
2021|2020-11-06|southampton|newcastle-united,2021,2020-11-06,train
2021|2020-11-07|chelsea|sheffield-united,2021,2020-11-07,train
2021|2020-11-07|crystal-palace|leeds-united,2021,2020-11-07,train
2021|2020-11-07|everton|manchester-united,2021,2020-11-07,train
2021|2020-11-07|west-ham-united|fulham,2021,2020-11-07,train
2021|2020-11-08|arsenal|aston-villa,2021,2020-11-08,train
2021|2020-11-08|leicester-city|wolverhampton-wanderers,2021,2020-11-08,train
2021|2020-11-08|manchester-city|liverpool,2021,2020-11-08,train
2021|2020-11-08|west-bromwich-albion|tottenham-hotspur,2021,2020-11-08,train
2021|2020-11-21|aston-villa|brighton-and-hove-albion,2021,2020-11-21,train
2021|2020-11-21|manchester-united|west-bromwich-albion,2021,2020-11-21,train
2021|2020-11-21|newcastle-united|chelsea,2021,2020-11-21,train
2021|2020-11-21|tottenham-hotspur|manchester-city,2021,2020-11-21,train
2021|2020-11-22|fulham|everton,2021,2020-11-22,train
2021|2020-11-22|leeds-united|arsenal,2021,2020-11-22,train
2021|2020-11-22|liverpool|leicester-city,2021,2020-11-22,train
2021|2020-11-22|sheffield-united|west-ham-united,2021,2020-11-22,train
2021|2020-11-23|burnley|crystal-palace,2021,2020-11-23,train
2021|2020-11-23|wolverhampton-wanderers|southampton,2021,2020-11-23,train
2021|2020-11-27|crystal-palace|newcastle-united,2021,2020-11-27,train
2021|2020-11-28|brighton-and-hove-albion|liverpool,2021,2020-11-28,train
2021|2020-11-28|everton|leeds-united,2021,2020-11-28,train
2021|2020-11-28|manchester-city|burnley,2021,2020-11-28,train
2021|2020-11-28|west-bromwich-albion|sheffield-united,2021,2020-11-28,train
2021|2020-11-29|arsenal|wolverhampton-wanderers,2021,2020-11-29,train
2021|2020-11-29|chelsea|tottenham-hotspur,2021,2020-11-29,train
2021|2020-11-29|southampton|manchester-united,2021,2020-11-29,train
2021|2020-11-30|leicester-city|fulham,2021,2020-11-30,train
2021|2020-11-30|west-ham-united|aston-villa,2021,2020-11-30,train
2021|2020-12-05|burnley|everton,2021,2020-12-05,train
2021|2020-12-05|chelsea|leeds-united,2021,2020-12-05,train
2021|2020-12-05|manchester-city|fulham,2021,2020-12-05,train
2021|2020-12-05|west-ham-united|manchester-united,2021,2020-12-05,train
2021|2020-12-06|liverpool|wolverhampton-wanderers,2021,2020-12-06,train
2021|2020-12-06|sheffield-united|leicester-city,2021,2020-12-06,train
2021|2020-12-06|tottenham-hotspur|arsenal,2021,2020-12-06,train
2021|2020-12-06|west-bromwich-albion|crystal-palace,2021,2020-12-06,train
2021|2020-12-07|brighton-and-hove-albion|southampton,2021,2020-12-07,train
2021|2020-12-11|leeds-united|west-ham-united,2021,2020-12-11,train
2021|2020-12-12|everton|chelsea,2021,2020-12-12,train
2021|2020-12-12|manchester-united|manchester-city,2021,2020-12-12,train
2021|2020-12-12|newcastle-united|west-bromwich-albion,2021,2020-12-12,train
2021|2020-12-12|wolverhampton-wanderers|aston-villa,2021,2020-12-12,train
2021|2020-12-13|arsenal|burnley,2021,2020-12-13,train
2021|2020-12-13|crystal-palace|tottenham-hotspur,2021,2020-12-13,train
2021|2020-12-13|fulham|liverpool,2021,2020-12-13,train
2021|2020-12-13|leicester-city|brighton-and-hove-albion,2021,2020-12-13,train
2021|2020-12-13|southampton|sheffield-united,2021,2020-12-13,train
2021|2020-12-15|manchester-city|west-bromwich-albion,2021,2020-12-15,train
2021|2020-12-15|wolverhampton-wanderers|chelsea,2021,2020-12-15,train
2021|2020-12-16|arsenal|southampton,2021,2020-12-16,train
2021|2020-12-16|fulham|brighton-and-hove-albion,2021,2020-12-16,train
2021|2020-12-16|leeds-united|newcastle-united,2021,2020-12-16,train
2021|2020-12-16|leicester-city|everton,2021,2020-12-16,train
2021|2020-12-16|liverpool|tottenham-hotspur,2021,2020-12-16,train
2021|2020-12-16|west-ham-united|crystal-palace,2021,2020-12-16,train
2021|2020-12-17|aston-villa|burnley,2021,2020-12-17,train
2021|2020-12-17|sheffield-united|manchester-united,2021,2020-12-17,train
2021|2020-12-19|crystal-palace|liverpool,2021,2020-12-19,train
2021|2020-12-19|everton|arsenal,2021,2020-12-19,train
2021|2020-12-19|newcastle-united|fulham,2021,2020-12-19,train
2021|2020-12-19|southampton|manchester-city,2021,2020-12-19,train
2021|2020-12-20|brighton-and-hove-albion|sheffield-united,2021,2020-12-20,train
2021|2020-12-20|manchester-united|leeds-united,2021,2020-12-20,train
2021|2020-12-20|tottenham-hotspur|leicester-city,2021,2020-12-20,train
2021|2020-12-20|west-bromwich-albion|aston-villa,2021,2020-12-20,train
2021|2020-12-21|burnley|wolverhampton-wanderers,2021,2020-12-21,train
2021|2020-12-21|chelsea|west-ham-united,2021,2020-12-21,train
2021|2020-12-26|arsenal|chelsea,2021,2020-12-26,train
2021|2020-12-26|aston-villa|crystal-palace,2021,2020-12-26,train
2021|2020-12-26|fulham|southampton,2021,2020-12-26,train
2021|2020-12-26|leicester-city|manchester-united,2021,2020-12-26,train
2021|2020-12-26|manchester-city|newcastle-united,2021,2020-12-26,train
2021|2020-12-26|sheffield-united|everton,2021,2020-12-26,train
2021|2020-12-27|leeds-united|burnley,2021,2020-12-27,train
2021|2020-12-27|liverpool|west-bromwich-albion,2021,2020-12-27,train
2021|2020-12-27|west-ham-united|brighton-and-hove-albion,2021,2020-12-27,train
2021|2020-12-27|wolverhampton-wanderers|tottenham-hotspur,2021,2020-12-27,train
2021|2020-12-28|chelsea|aston-villa,2021,2020-12-28,train
2021|2020-12-28|crystal-palace|leicester-city,2021,2020-12-28,train
2021|2020-12-29|brighton-and-hove-albion|arsenal,2021,2020-12-29,train
2021|2020-12-29|burnley|sheffield-united,2021,2020-12-29,train
2021|2020-12-29|manchester-united|wolverhampton-wanderers,2021,2020-12-29,train
2021|2020-12-29|southampton|west-ham-united,2021,2020-12-29,train
2021|2020-12-29|west-bromwich-albion|leeds-united,2021,2020-12-29,train
2021|2020-12-30|newcastle-united|liverpool,2021,2020-12-30,train
2021|2021-01-01|everton|west-ham-united,2021,2021-01-01,train
2021|2021-01-01|manchester-united|aston-villa,2021,2021-01-01,train
2021|2021-01-02|brighton-and-hove-albion|wolverhampton-wanderers,2021,2021-01-02,train
2021|2021-01-02|crystal-palace|sheffield-united,2021,2021-01-02,train
2021|2021-01-02|tottenham-hotspur|leeds-united,2021,2021-01-02,train
2021|2021-01-02|west-bromwich-albion|arsenal,2021,2021-01-02,train
2021|2021-01-03|chelsea|manchester-city,2021,2021-01-03,train
2021|2021-01-03|newcastle-united|leicester-city,2021,2021-01-03,train
2021|2021-01-04|southampton|liverpool,2021,2021-01-04,train
2021|2021-01-12|burnley|manchester-united,2021,2021-01-12,train
2021|2021-01-12|sheffield-united|newcastle-united,2021,2021-01-12,train
2021|2021-01-12|wolverhampton-wanderers|everton,2021,2021-01-12,train
2021|2021-01-13|manchester-city|brighton-and-hove-albion,2021,2021-01-13,train
2021|2021-01-13|tottenham-hotspur|fulham,2021,2021-01-13,train
2021|2021-01-14|arsenal|crystal-palace,2021,2021-01-14,train
2021|2021-01-16|fulham|chelsea,2021,2021-01-16,train
2021|2021-01-16|leeds-united|brighton-and-hove-albion,2021,2021-01-16,train
2021|2021-01-16|leicester-city|southampton,2021,2021-01-16,train
2021|2021-01-16|west-ham-united|burnley,2021,2021-01-16,train
2021|2021-01-16|wolverhampton-wanderers|west-bromwich-albion,2021,2021-01-16,train
2021|2021-01-17|liverpool|manchester-united,2021,2021-01-17,train
2021|2021-01-17|manchester-city|crystal-palace,2021,2021-01-17,train
2021|2021-01-17|sheffield-united|tottenham-hotspur,2021,2021-01-17,train
2021|2021-01-18|arsenal|newcastle-united,2021,2021-01-18,train
2021|2021-01-19|leicester-city|chelsea,2021,2021-01-19,train
2021|2021-01-19|west-ham-united|west-bromwich-albion,2021,2021-01-19,train
2021|2021-01-20|fulham|manchester-united,2021,2021-01-20,train
2021|2021-01-20|manchester-city|aston-villa,2021,2021-01-20,train
2021|2021-01-21|liverpool|burnley,2021,2021-01-21,train
2021|2021-01-23|aston-villa|newcastle-united,2021,2021-01-23,train
2021|2021-01-26|crystal-palace|west-ham-united,2021,2021-01-26,train
2021|2021-01-26|newcastle-united|leeds-united,2021,2021-01-26,train
2021|2021-01-26|southampton|arsenal,2021,2021-01-26,train
2021|2021-01-26|west-bromwich-albion|manchester-city,2021,2021-01-26,train
2021|2021-01-27|brighton-and-hove-albion|fulham,2021,2021-01-27,train
2021|2021-01-27|burnley|aston-villa,2021,2021-01-27,train
2021|2021-01-27|chelsea|wolverhampton-wanderers,2021,2021-01-27,train
2021|2021-01-27|everton|leicester-city,2021,2021-01-27,train
2021|2021-01-27|manchester-united|sheffield-united,2021,2021-01-27,train
2021|2021-01-28|tottenham-hotspur|liverpool,2021,2021-01-28,train
2021|2021-01-30|arsenal|manchester-united,2021,2021-01-30,train
2021|2021-01-30|crystal-palace|wolverhampton-wanderers,2021,2021-01-30,train
2021|2021-01-30|everton|newcastle-united,2021,2021-01-30,train
2021|2021-01-30|manchester-city|sheffield-united,2021,2021-01-30,train
2021|2021-01-30|southampton|aston-villa,2021,2021-01-30,train
2021|2021-01-30|west-bromwich-albion|fulham,2021,2021-01-30,train
2021|2021-01-31|brighton-and-hove-albion|tottenham-hotspur,2021,2021-01-31,train
2021|2021-01-31|chelsea|burnley,2021,2021-01-31,train
2021|2021-01-31|leicester-city|leeds-united,2021,2021-01-31,train
2021|2021-01-31|west-ham-united|liverpool,2021,2021-01-31,train
2021|2021-02-02|manchester-united|southampton,2021,2021-02-02,train
2021|2021-02-02|newcastle-united|crystal-palace,2021,2021-02-02,train
2021|2021-02-02|sheffield-united|west-bromwich-albion,2021,2021-02-02,train
2021|2021-02-02|wolverhampton-wanderers|arsenal,2021,2021-02-02,train
2021|2021-02-03|aston-villa|west-ham-united,2021,2021-02-03,train
2021|2021-02-03|burnley|manchester-city,2021,2021-02-03,train
2021|2021-02-03|fulham|leicester-city,2021,2021-02-03,train
2021|2021-02-03|leeds-united|everton,2021,2021-02-03,train
2021|2021-02-03|liverpool|brighton-and-hove-albion,2021,2021-02-03,train
2021|2021-02-04|tottenham-hotspur|chelsea,2021,2021-02-04,train
2021|2021-02-06|aston-villa|arsenal,2021,2021-02-06,train
2021|2021-02-06|burnley|brighton-and-hove-albion,2021,2021-02-06,train
2021|2021-02-06|fulham|west-ham-united,2021,2021-02-06,train
2021|2021-02-06|manchester-united|everton,2021,2021-02-06,train
2021|2021-02-06|newcastle-united|southampton,2021,2021-02-06,train
2021|2021-02-07|liverpool|manchester-city,2021,2021-02-07,train
2021|2021-02-07|sheffield-united|chelsea,2021,2021-02-07,train
2021|2021-02-07|tottenham-hotspur|west-bromwich-albion,2021,2021-02-07,train
2021|2021-02-07|wolverhampton-wanderers|leicester-city,2021,2021-02-07,train
2021|2021-02-08|leeds-united|crystal-palace,2021,2021-02-08,train
2021|2021-02-13|brighton-and-hove-albion|aston-villa,2021,2021-02-13,train
2021|2021-02-13|crystal-palace|burnley,2021,2021-02-13,train
2021|2021-02-13|leicester-city|liverpool,2021,2021-02-13,train
2021|2021-02-13|manchester-city|tottenham-hotspur,2021,2021-02-13,train
2021|2021-02-14|arsenal|leeds-united,2021,2021-02-14,train
2021|2021-02-14|everton|fulham,2021,2021-02-14,train
2021|2021-02-14|southampton|wolverhampton-wanderers,2021,2021-02-14,train
2021|2021-02-14|west-bromwich-albion|manchester-united,2021,2021-02-14,train
2021|2021-02-15|chelsea|newcastle-united,2021,2021-02-15,train
2021|2021-02-15|west-ham-united|sheffield-united,2021,2021-02-15,train
2021|2021-02-17|burnley|fulham,2021,2021-02-17,train
2021|2021-02-17|everton|manchester-city,2021,2021-02-17,train
2021|2021-02-19|wolverhampton-wanderers|leeds-united,2021,2021-02-19,train
2021|2021-02-20|burnley|west-bromwich-albion,2021,2021-02-20,train
2021|2021-02-20|fulham|sheffield-united,2021,2021-02-20,train
2021|2021-02-20|liverpool|everton,2021,2021-02-20,train
2021|2021-02-20|southampton|chelsea,2021,2021-02-20,train
2021|2021-02-21|arsenal|manchester-city,2021,2021-02-21,train
2021|2021-02-21|aston-villa|leicester-city,2021,2021-02-21,train
2021|2021-02-21|manchester-united|newcastle-united,2021,2021-02-21,train
2021|2021-02-21|west-ham-united|tottenham-hotspur,2021,2021-02-21,train
2021|2021-02-22|brighton-and-hove-albion|crystal-palace,2021,2021-02-22,train
2021|2021-02-23|leeds-united|southampton,2021,2021-02-23,train
2021|2021-02-27|leeds-united|aston-villa,2021,2021-02-27,train
2021|2021-02-27|manchester-city|west-ham-united,2021,2021-02-27,train
2021|2021-02-27|newcastle-united|wolverhampton-wanderers,2021,2021-02-27,train
2021|2021-02-27|west-bromwich-albion|brighton-and-hove-albion,2021,2021-02-27,train
2021|2021-02-28|chelsea|manchester-united,2021,2021-02-28,train
2021|2021-02-28|crystal-palace|fulham,2021,2021-02-28,train
2021|2021-02-28|leicester-city|arsenal,2021,2021-02-28,train
2021|2021-02-28|sheffield-united|liverpool,2021,2021-02-28,train
2021|2021-02-28|tottenham-hotspur|burnley,2021,2021-02-28,train
2021|2021-03-01|everton|southampton,2021,2021-03-01,train
2021|2021-03-02|manchester-city|wolverhampton-wanderers,2021,2021-03-02,train
2021|2021-03-03|burnley|leicester-city,2021,2021-03-03,train
2021|2021-03-03|crystal-palace|manchester-united,2021,2021-03-03,train
2021|2021-03-03|sheffield-united|aston-villa,2021,2021-03-03,train
2021|2021-03-04|fulham|tottenham-hotspur,2021,2021-03-04,train
2021|2021-03-04|liverpool|chelsea,2021,2021-03-04,train
2021|2021-03-04|west-bromwich-albion|everton,2021,2021-03-04,train
2021|2021-03-06|aston-villa|wolverhampton-wanderers,2021,2021-03-06,train
2021|2021-03-06|brighton-and-hove-albion|leicester-city,2021,2021-03-06,train
2021|2021-03-06|burnley|arsenal,2021,2021-03-06,train
2021|2021-03-06|sheffield-united|southampton,2021,2021-03-06,train
2021|2021-03-07|liverpool|fulham,2021,2021-03-07,train
2021|2021-03-07|manchester-city|manchester-united,2021,2021-03-07,train
2021|2021-03-07|tottenham-hotspur|crystal-palace,2021,2021-03-07,train
2021|2021-03-07|west-bromwich-albion|newcastle-united,2021,2021-03-07,train
2021|2021-03-08|chelsea|everton,2021,2021-03-08,train
2021|2021-03-08|west-ham-united|leeds-united,2021,2021-03-08,train
2021|2021-03-10|manchester-city|southampton,2021,2021-03-10,train
2021|2021-03-12|newcastle-united|aston-villa,2021,2021-03-12,train
2021|2021-03-13|crystal-palace|west-bromwich-albion,2021,2021-03-13,train
2021|2021-03-13|everton|burnley,2021,2021-03-13,train
2021|2021-03-13|fulham|manchester-city,2021,2021-03-13,train
2021|2021-03-13|leeds-united|chelsea,2021,2021-03-13,train
2021|2021-03-14|arsenal|tottenham-hotspur,2021,2021-03-14,train
2021|2021-03-14|leicester-city|sheffield-united,2021,2021-03-14,train
2021|2021-03-14|manchester-united|west-ham-united,2021,2021-03-14,train
2021|2021-03-14|southampton|brighton-and-hove-albion,2021,2021-03-14,train
2021|2021-03-15|wolverhampton-wanderers|liverpool,2021,2021-03-15,train
2021|2021-03-19|fulham|leeds-united,2021,2021-03-19,train
2021|2021-03-20|brighton-and-hove-albion|newcastle-united,2021,2021-03-20,train
2021|2021-03-21|aston-villa|tottenham-hotspur,2021,2021-03-21,train
2021|2021-03-21|west-ham-united|arsenal,2021,2021-03-21,train
2021|2021-04-03|arsenal|liverpool,2021,2021-04-03,train
2021|2021-04-03|chelsea|west-bromwich-albion,2021,2021-04-03,train
2021|2021-04-03|leeds-united|sheffield-united,2021,2021-04-03,train
2021|2021-04-03|leicester-city|manchester-city,2021,2021-04-03,train
2021|2021-04-04|aston-villa|fulham,2021,2021-04-04,train
2021|2021-04-04|manchester-united|brighton-and-hove-albion,2021,2021-04-04,train
2021|2021-04-04|newcastle-united|tottenham-hotspur,2021,2021-04-04,train
2021|2021-04-04|southampton|burnley,2021,2021-04-04,train
2021|2021-04-05|everton|crystal-palace,2021,2021-04-05,train
2021|2021-04-05|wolverhampton-wanderers|west-ham-united,2021,2021-04-05,train
2021|2021-04-09|fulham|wolverhampton-wanderers,2021,2021-04-09,train
2021|2021-04-10|crystal-palace|chelsea,2021,2021-04-10,train
2021|2021-04-10|liverpool|aston-villa,2021,2021-04-10,train
2021|2021-04-10|manchester-city|leeds-united,2021,2021-04-10,train
2021|2021-04-11|burnley|newcastle-united,2021,2021-04-11,train
2021|2021-04-11|sheffield-united|arsenal,2021,2021-04-11,train
2021|2021-04-11|tottenham-hotspur|manchester-united,2021,2021-04-11,train
2021|2021-04-11|west-ham-united|leicester-city,2021,2021-04-11,train
2021|2021-04-12|brighton-and-hove-albion|everton,2021,2021-04-12,train
2021|2021-04-12|west-bromwich-albion|southampton,2021,2021-04-12,train
2021|2021-04-16|everton|tottenham-hotspur,2021,2021-04-16,train
2021|2021-04-17|newcastle-united|west-ham-united,2021,2021-04-17,train
2021|2021-04-17|wolverhampton-wanderers|sheffield-united,2021,2021-04-17,train
2021|2021-04-18|arsenal|fulham,2021,2021-04-18,train
2021|2021-04-18|manchester-united|burnley,2021,2021-04-18,train
2021|2021-04-19|leeds-united|liverpool,2021,2021-04-19,train
2021|2021-04-20|chelsea|brighton-and-hove-albion,2021,2021-04-20,train
2021|2021-04-21|aston-villa|manchester-city,2021,2021-04-21,train
2021|2021-04-21|tottenham-hotspur|southampton,2021,2021-04-21,train
2021|2021-04-22|leicester-city|west-bromwich-albion,2021,2021-04-22,train
2021|2021-04-23|arsenal|everton,2021,2021-04-23,train
2021|2021-04-24|liverpool|newcastle-united,2021,2021-04-24,train
2021|2021-04-24|sheffield-united|brighton-and-hove-albion,2021,2021-04-24,train
2021|2021-04-24|west-ham-united|chelsea,2021,2021-04-24,train
2021|2021-04-25|aston-villa|west-bromwich-albion,2021,2021-04-25,train
2021|2021-04-25|leeds-united|manchester-united,2021,2021-04-25,train
2021|2021-04-25|wolverhampton-wanderers|burnley,2021,2021-04-25,train
2021|2021-04-26|leicester-city|crystal-palace,2021,2021-04-26,train
2021|2021-04-30|southampton|leicester-city,2021,2021-04-30,train
2021|2021-05-01|brighton-and-hove-albion|leeds-united,2021,2021-05-01,train
2021|2021-05-01|chelsea|fulham,2021,2021-05-01,train
2021|2021-05-01|crystal-palace|manchester-city,2021,2021-05-01,train
2021|2021-05-01|everton|aston-villa,2021,2021-05-01,train
2021|2021-05-02|newcastle-united|arsenal,2021,2021-05-02,train
2021|2021-05-02|tottenham-hotspur|sheffield-united,2021,2021-05-02,train
2021|2021-05-03|burnley|west-ham-united,2021,2021-05-03,train
2021|2021-05-03|west-bromwich-albion|wolverhampton-wanderers,2021,2021-05-03,train
2021|2021-05-07|leicester-city|newcastle-united,2021,2021-05-07,train
2021|2021-05-08|leeds-united|tottenham-hotspur,2021,2021-05-08,train
2021|2021-05-08|liverpool|southampton,2021,2021-05-08,train
2021|2021-05-08|manchester-city|chelsea,2021,2021-05-08,train
2021|2021-05-08|sheffield-united|crystal-palace,2021,2021-05-08,train
2021|2021-05-09|arsenal|west-bromwich-albion,2021,2021-05-09,train
2021|2021-05-09|aston-villa|manchester-united,2021,2021-05-09,train
2021|2021-05-09|west-ham-united|everton,2021,2021-05-09,train
2021|2021-05-09|wolverhampton-wanderers|brighton-and-hove-albion,2021,2021-05-09,train
2021|2021-05-10|fulham|burnley,2021,2021-05-10,train
2021|2021-05-11|manchester-united|leicester-city,2021,2021-05-11,train
2021|2021-05-11|southampton|crystal-palace,2021,2021-05-11,train
2021|2021-05-12|chelsea|arsenal,2021,2021-05-12,train
2021|2021-05-13|aston-villa|everton,2021,2021-05-13,train
2021|2021-05-13|manchester-united|liverpool,2021,2021-05-13,train
2021|2021-05-14|newcastle-united|manchester-city,2021,2021-05-14,train
2021|2021-05-15|brighton-and-hove-albion|west-ham-united,2021,2021-05-15,train
2021|2021-05-15|burnley|leeds-united,2021,2021-05-15,train
2021|2021-05-15|southampton|fulham,2021,2021-05-15,train
2021|2021-05-16|crystal-palace|aston-villa,2021,2021-05-16,train
2021|2021-05-16|everton|sheffield-united,2021,2021-05-16,train
2021|2021-05-16|tottenham-hotspur|wolverhampton-wanderers,2021,2021-05-16,train
2021|2021-05-16|west-bromwich-albion|liverpool,2021,2021-05-16,train
2021|2021-05-18|brighton-and-hove-albion|manchester-city,2021,2021-05-18,train
2021|2021-05-18|chelsea|leicester-city,2021,2021-05-18,train
2021|2021-05-18|manchester-united|fulham,2021,2021-05-18,train
2021|2021-05-18|southampton|leeds-united,2021,2021-05-18,train
2021|2021-05-19|burnley|liverpool,2021,2021-05-19,train
2021|2021-05-19|crystal-palace|arsenal,2021,2021-05-19,train
2021|2021-05-19|everton|wolverhampton-wanderers,2021,2021-05-19,train
2021|2021-05-19|newcastle-united|sheffield-united,2021,2021-05-19,train
2021|2021-05-19|tottenham-hotspur|aston-villa,2021,2021-05-19,train
2021|2021-05-19|west-bromwich-albion|west-ham-united,2021,2021-05-19,train
2021|2021-05-23|arsenal|brighton-and-hove-albion,2021,2021-05-23,train
2021|2021-05-23|aston-villa|chelsea,2021,2021-05-23,train
2021|2021-05-23|fulham|newcastle-united,2021,2021-05-23,train
2021|2021-05-23|leeds-united|west-bromwich-albion,2021,2021-05-23,train
2021|2021-05-23|leicester-city|tottenham-hotspur,2021,2021-05-23,train
2021|2021-05-23|liverpool|crystal-palace,2021,2021-05-23,train
2021|2021-05-23|manchester-city|everton,2021,2021-05-23,train
2021|2021-05-23|sheffield-united|burnley,2021,2021-05-23,train
2021|2021-05-23|west-ham-united|southampton,2021,2021-05-23,train
2021|2021-05-23|wolverhampton-wanderers|manchester-united,2021,2021-05-23,train
2122|2021-08-13|brentford|arsenal,2122,2021-08-13,train
2122|2021-08-14|burnley|brighton-and-hove-albion,2122,2021-08-14,train
2122|2021-08-14|chelsea|crystal-palace,2122,2021-08-14,train
2122|2021-08-14|everton|southampton,2122,2021-08-14,train
2122|2021-08-14|leicester-city|wolverhampton-wanderers,2122,2021-08-14,train
2122|2021-08-14|manchester-united|leeds-united,2122,2021-08-14,train
2122|2021-08-14|norwich-city|liverpool,2122,2021-08-14,train
2122|2021-08-14|watford|aston-villa,2122,2021-08-14,train
2122|2021-08-15|newcastle-united|west-ham-united,2122,2021-08-15,train
2122|2021-08-15|tottenham-hotspur|manchester-city,2122,2021-08-15,train
2122|2021-08-21|aston-villa|newcastle-united,2122,2021-08-21,train
2122|2021-08-21|brighton-and-hove-albion|watford,2122,2021-08-21,train
2122|2021-08-21|crystal-palace|brentford,2122,2021-08-21,train
2122|2021-08-21|leeds-united|everton,2122,2021-08-21,train
2122|2021-08-21|liverpool|burnley,2122,2021-08-21,train
2122|2021-08-21|manchester-city|norwich-city,2122,2021-08-21,train
2122|2021-08-22|arsenal|chelsea,2122,2021-08-22,train
2122|2021-08-22|southampton|manchester-united,2122,2021-08-22,train
2122|2021-08-22|wolverhampton-wanderers|tottenham-hotspur,2122,2021-08-22,train
2122|2021-08-23|west-ham-united|leicester-city,2122,2021-08-23,train
2122|2021-08-28|aston-villa|brentford,2122,2021-08-28,train
2122|2021-08-28|brighton-and-hove-albion|everton,2122,2021-08-28,train
2122|2021-08-28|liverpool|chelsea,2122,2021-08-28,train
2122|2021-08-28|manchester-city|arsenal,2122,2021-08-28,train
2122|2021-08-28|newcastle-united|southampton,2122,2021-08-28,train
2122|2021-08-28|norwich-city|leicester-city,2122,2021-08-28,train
2122|2021-08-28|west-ham-united|crystal-palace,2122,2021-08-28,train
2122|2021-08-29|burnley|leeds-united,2122,2021-08-29,train
2122|2021-08-29|tottenham-hotspur|watford,2122,2021-08-29,train
2122|2021-08-29|wolverhampton-wanderers|manchester-united,2122,2021-08-29,train
2122|2021-09-11|arsenal|norwich-city,2122,2021-09-11,train
2122|2021-09-11|brentford|brighton-and-hove-albion,2122,2021-09-11,train
2122|2021-09-11|chelsea|aston-villa,2122,2021-09-11,train
2122|2021-09-11|crystal-palace|tottenham-hotspur,2122,2021-09-11,train
2122|2021-09-11|leicester-city|manchester-city,2122,2021-09-11,train
2122|2021-09-11|manchester-united|newcastle-united,2122,2021-09-11,train
2122|2021-09-11|southampton|west-ham-united,2122,2021-09-11,train
2122|2021-09-11|watford|wolverhampton-wanderers,2122,2021-09-11,train
2122|2021-09-12|leeds-united|liverpool,2122,2021-09-12,train
2122|2021-09-13|everton|burnley,2122,2021-09-13,train
2122|2021-09-17|newcastle-united|leeds-united,2122,2021-09-17,train
2122|2021-09-18|aston-villa|everton,2122,2021-09-18,train
2122|2021-09-18|burnley|arsenal,2122,2021-09-18,train
2122|2021-09-18|liverpool|crystal-palace,2122,2021-09-18,train
2122|2021-09-18|manchester-city|southampton,2122,2021-09-18,train
2122|2021-09-18|norwich-city|watford,2122,2021-09-18,train
2122|2021-09-18|wolverhampton-wanderers|brentford,2122,2021-09-18,train
2122|2021-09-19|brighton-and-hove-albion|leicester-city,2122,2021-09-19,train
2122|2021-09-19|tottenham-hotspur|chelsea,2122,2021-09-19,train
2122|2021-09-19|west-ham-united|manchester-united,2122,2021-09-19,train
2122|2021-09-25|brentford|liverpool,2122,2021-09-25,train
2122|2021-09-25|chelsea|manchester-city,2122,2021-09-25,train
2122|2021-09-25|everton|norwich-city,2122,2021-09-25,train
2122|2021-09-25|leeds-united|west-ham-united,2122,2021-09-25,train
2122|2021-09-25|leicester-city|burnley,2122,2021-09-25,train
2122|2021-09-25|manchester-united|aston-villa,2122,2021-09-25,train
2122|2021-09-25|watford|newcastle-united,2122,2021-09-25,train
2122|2021-09-26|arsenal|tottenham-hotspur,2122,2021-09-26,train
2122|2021-09-26|southampton|wolverhampton-wanderers,2122,2021-09-26,train
2122|2021-09-27|crystal-palace|brighton-and-hove-albion,2122,2021-09-27,train
2122|2021-10-02|brighton-and-hove-albion|arsenal,2122,2021-10-02,train
2122|2021-10-02|burnley|norwich-city,2122,2021-10-02,train
2122|2021-10-02|chelsea|southampton,2122,2021-10-02,train
2122|2021-10-02|leeds-united|watford,2122,2021-10-02,train
2122|2021-10-02|manchester-united|everton,2122,2021-10-02,train
2122|2021-10-02|wolverhampton-wanderers|newcastle-united,2122,2021-10-02,train
2122|2021-10-03|crystal-palace|leicester-city,2122,2021-10-03,train
2122|2021-10-03|liverpool|manchester-city,2122,2021-10-03,train
2122|2021-10-03|tottenham-hotspur|aston-villa,2122,2021-10-03,train
2122|2021-10-03|west-ham-united|brentford,2122,2021-10-03,train
2122|2021-10-16|aston-villa|wolverhampton-wanderers,2122,2021-10-16,train
2122|2021-10-16|brentford|chelsea,2122,2021-10-16,train
2122|2021-10-16|leicester-city|manchester-united,2122,2021-10-16,train
2122|2021-10-16|manchester-city|burnley,2122,2021-10-16,train
2122|2021-10-16|norwich-city|brighton-and-hove-albion,2122,2021-10-16,train
2122|2021-10-16|southampton|leeds-united,2122,2021-10-16,train
2122|2021-10-16|watford|liverpool,2122,2021-10-16,train
2122|2021-10-17|everton|west-ham-united,2122,2021-10-17,train
2122|2021-10-17|newcastle-united|tottenham-hotspur,2122,2021-10-17,train
2122|2021-10-18|arsenal|crystal-palace,2122,2021-10-18,train
2122|2021-10-22|arsenal|aston-villa,2122,2021-10-22,train
2122|2021-10-23|brighton-and-hove-albion|manchester-city,2122,2021-10-23,train
2122|2021-10-23|chelsea|norwich-city,2122,2021-10-23,train
2122|2021-10-23|crystal-palace|newcastle-united,2122,2021-10-23,train
2122|2021-10-23|everton|watford,2122,2021-10-23,train
2122|2021-10-23|leeds-united|wolverhampton-wanderers,2122,2021-10-23,train
2122|2021-10-23|southampton|burnley,2122,2021-10-23,train
2122|2021-10-24|brentford|leicester-city,2122,2021-10-24,train
2122|2021-10-24|manchester-united|liverpool,2122,2021-10-24,train
2122|2021-10-24|west-ham-united|tottenham-hotspur,2122,2021-10-24,train
2122|2021-10-30|burnley|brentford,2122,2021-10-30,train
2122|2021-10-30|leicester-city|arsenal,2122,2021-10-30,train
2122|2021-10-30|liverpool|brighton-and-hove-albion,2122,2021-10-30,train
2122|2021-10-30|manchester-city|crystal-palace,2122,2021-10-30,train
2122|2021-10-30|newcastle-united|chelsea,2122,2021-10-30,train
2122|2021-10-30|tottenham-hotspur|manchester-united,2122,2021-10-30,train
2122|2021-10-30|watford|southampton,2122,2021-10-30,train
2122|2021-10-31|aston-villa|west-ham-united,2122,2021-10-31,train
2122|2021-10-31|norwich-city|leeds-united,2122,2021-10-31,train
2122|2021-11-01|wolverhampton-wanderers|everton,2122,2021-11-01,train
2122|2021-11-05|southampton|aston-villa,2122,2021-11-05,train
2122|2021-11-06|brentford|norwich-city,2122,2021-11-06,train
2122|2021-11-06|brighton-and-hove-albion|newcastle-united,2122,2021-11-06,train
2122|2021-11-06|chelsea|burnley,2122,2021-11-06,train
2122|2021-11-06|crystal-palace|wolverhampton-wanderers,2122,2021-11-06,train
2122|2021-11-06|manchester-united|manchester-city,2122,2021-11-06,train
2122|2021-11-07|arsenal|watford,2122,2021-11-07,train
2122|2021-11-07|everton|tottenham-hotspur,2122,2021-11-07,train
2122|2021-11-07|leeds-united|leicester-city,2122,2021-11-07,train
2122|2021-11-07|west-ham-united|liverpool,2122,2021-11-07,train
2122|2021-11-20|aston-villa|brighton-and-hove-albion,2122,2021-11-20,train
2122|2021-11-20|burnley|crystal-palace,2122,2021-11-20,train
2122|2021-11-20|leicester-city|chelsea,2122,2021-11-20,train
2122|2021-11-20|liverpool|arsenal,2122,2021-11-20,train
2122|2021-11-20|newcastle-united|brentford,2122,2021-11-20,train
2122|2021-11-20|norwich-city|southampton,2122,2021-11-20,train
2122|2021-11-20|watford|manchester-united,2122,2021-11-20,train
2122|2021-11-20|wolverhampton-wanderers|west-ham-united,2122,2021-11-20,train
2122|2021-11-21|manchester-city|everton,2122,2021-11-21,train
2122|2021-11-21|tottenham-hotspur|leeds-united,2122,2021-11-21,train
2122|2021-11-27|arsenal|newcastle-united,2122,2021-11-27,train
2122|2021-11-27|brighton-and-hove-albion|leeds-united,2122,2021-11-27,train
2122|2021-11-27|crystal-palace|aston-villa,2122,2021-11-27,train
2122|2021-11-27|liverpool|southampton,2122,2021-11-27,train
2122|2021-11-27|norwich-city|wolverhampton-wanderers,2122,2021-11-27,train
2122|2021-11-28|brentford|everton,2122,2021-11-28,train
2122|2021-11-28|chelsea|manchester-united,2122,2021-11-28,train
2122|2021-11-28|leicester-city|watford,2122,2021-11-28,train
2122|2021-11-28|manchester-city|west-ham-united,2122,2021-11-28,train
2122|2021-11-30|leeds-united|crystal-palace,2122,2021-11-30,train
2122|2021-11-30|newcastle-united|norwich-city,2122,2021-11-30,train
2122|2021-12-01|aston-villa|manchester-city,2122,2021-12-01,train
2122|2021-12-01|everton|liverpool,2122,2021-12-01,train
2122|2021-12-01|southampton|leicester-city,2122,2021-12-01,train
2122|2021-12-01|watford|chelsea,2122,2021-12-01,train
2122|2021-12-01|west-ham-united|brighton-and-hove-albion,2122,2021-12-01,train
2122|2021-12-01|wolverhampton-wanderers|burnley,2122,2021-12-01,train
2122|2021-12-02|manchester-united|arsenal,2122,2021-12-02,train
2122|2021-12-02|tottenham-hotspur|brentford,2122,2021-12-02,train
2122|2021-12-04|newcastle-united|burnley,2122,2021-12-04,train
2122|2021-12-04|southampton|brighton-and-hove-albion,2122,2021-12-04,train
2122|2021-12-04|watford|manchester-city,2122,2021-12-04,train
2122|2021-12-04|west-ham-united|chelsea,2122,2021-12-04,train
2122|2021-12-04|wolverhampton-wanderers|liverpool,2122,2021-12-04,train
2122|2021-12-05|aston-villa|leicester-city,2122,2021-12-05,train
2122|2021-12-05|leeds-united|brentford,2122,2021-12-05,train
2122|2021-12-05|manchester-united|crystal-palace,2122,2021-12-05,train
2122|2021-12-05|tottenham-hotspur|norwich-city,2122,2021-12-05,train
2122|2021-12-06|everton|arsenal,2122,2021-12-06,train
2122|2021-12-10|brentford|watford,2122,2021-12-10,train
2122|2021-12-11|arsenal|southampton,2122,2021-12-11,train
2122|2021-12-11|chelsea|leeds-united,2122,2021-12-11,train
2122|2021-12-11|liverpool|aston-villa,2122,2021-12-11,train
2122|2021-12-11|manchester-city|wolverhampton-wanderers,2122,2021-12-11,train
2122|2021-12-11|norwich-city|manchester-united,2122,2021-12-11,train
2122|2021-12-12|burnley|west-ham-united,2122,2021-12-12,train
2122|2021-12-12|crystal-palace|everton,2122,2021-12-12,train
2122|2021-12-12|leicester-city|newcastle-united,2122,2021-12-12,train
2122|2021-12-14|manchester-city|leeds-united,2122,2021-12-14,train
2122|2021-12-14|norwich-city|aston-villa,2122,2021-12-14,train
2122|2021-12-15|arsenal|west-ham-united,2122,2021-12-15,train
2122|2021-12-15|brighton-and-hove-albion|wolverhampton-wanderers,2122,2021-12-15,train
2122|2021-12-15|crystal-palace|southampton,2122,2021-12-15,train
2122|2021-12-16|chelsea|everton,2122,2021-12-16,train
2122|2021-12-16|liverpool|newcastle-united,2122,2021-12-16,train
2122|2021-12-18|leeds-united|arsenal,2122,2021-12-18,train
2122|2021-12-19|newcastle-united|manchester-city,2122,2021-12-19,train
2122|2021-12-19|tottenham-hotspur|liverpool,2122,2021-12-19,train
2122|2021-12-19|wolverhampton-wanderers|chelsea,2122,2021-12-19,train
2122|2021-12-26|aston-villa|chelsea,2122,2021-12-26,train
2122|2021-12-26|brighton-and-hove-albion|brentford,2122,2021-12-26,train
2122|2021-12-26|manchester-city|leicester-city,2122,2021-12-26,train
2122|2021-12-26|norwich-city|arsenal,2122,2021-12-26,train
2122|2021-12-26|tottenham-hotspur|crystal-palace,2122,2021-12-26,train
2122|2021-12-26|west-ham-united|southampton,2122,2021-12-26,train
2122|2021-12-27|newcastle-united|manchester-united,2122,2021-12-27,train
2122|2021-12-28|crystal-palace|norwich-city,2122,2021-12-28,train
2122|2021-12-28|leicester-city|liverpool,2122,2021-12-28,train
2122|2021-12-28|southampton|tottenham-hotspur,2122,2021-12-28,train
2122|2021-12-28|watford|west-ham-united,2122,2021-12-28,train
2122|2021-12-29|brentford|manchester-city,2122,2021-12-29,train
2122|2021-12-29|chelsea|brighton-and-hove-albion,2122,2021-12-29,train
2122|2021-12-30|manchester-united|burnley,2122,2021-12-30,train
2122|2022-01-01|arsenal|manchester-city,2122,2022-01-01,train
2122|2022-01-01|crystal-palace|west-ham-united,2122,2022-01-01,train
2122|2022-01-01|watford|tottenham-hotspur,2122,2022-01-01,train
2122|2022-01-02|brentford|aston-villa,2122,2022-01-02,train
2122|2022-01-02|chelsea|liverpool,2122,2022-01-02,train
2122|2022-01-02|everton|brighton-and-hove-albion,2122,2022-01-02,train
2122|2022-01-02|leeds-united|burnley,2122,2022-01-02,train
2122|2022-01-03|manchester-united|wolverhampton-wanderers,2122,2022-01-03,train
2122|2022-01-11|southampton|brentford,2122,2022-01-11,train
2122|2022-01-12|west-ham-united|norwich-city,2122,2022-01-12,train
2122|2022-01-14|brighton-and-hove-albion|crystal-palace,2122,2022-01-14,train
2122|2022-01-15|aston-villa|manchester-united,2122,2022-01-15,train
2122|2022-01-15|manchester-city|chelsea,2122,2022-01-15,train
2122|2022-01-15|newcastle-united|watford,2122,2022-01-15,train
2122|2022-01-15|norwich-city|everton,2122,2022-01-15,train
2122|2022-01-15|wolverhampton-wanderers|southampton,2122,2022-01-15,train
2122|2022-01-16|liverpool|brentford,2122,2022-01-16,train
2122|2022-01-16|west-ham-united|leeds-united,2122,2022-01-16,train
2122|2022-01-18|brighton-and-hove-albion|chelsea,2122,2022-01-18,train
2122|2022-01-19|brentford|manchester-united,2122,2022-01-19,train
2122|2022-01-19|leicester-city|tottenham-hotspur,2122,2022-01-19,train
2122|2022-01-21|watford|norwich-city,2122,2022-01-21,train
2122|2022-01-22|brentford|wolverhampton-wanderers,2122,2022-01-22,train
2122|2022-01-22|everton|aston-villa,2122,2022-01-22,train
2122|2022-01-22|leeds-united|newcastle-united,2122,2022-01-22,train
2122|2022-01-22|manchester-united|west-ham-united,2122,2022-01-22,train
2122|2022-01-22|southampton|manchester-city,2122,2022-01-22,train
2122|2022-01-23|arsenal|burnley,2122,2022-01-23,train
2122|2022-01-23|chelsea|tottenham-hotspur,2122,2022-01-23,train
2122|2022-01-23|crystal-palace|liverpool,2122,2022-01-23,train
2122|2022-01-23|leicester-city|brighton-and-hove-albion,2122,2022-01-23,train
2122|2022-02-05|burnley|watford,2122,2022-02-05,train
2122|2022-02-08|burnley|manchester-united,2122,2022-02-08,train
2122|2022-02-08|newcastle-united|everton,2122,2022-02-08,train
2122|2022-02-08|west-ham-united|watford,2122,2022-02-08,train
2122|2022-02-09|aston-villa|leeds-united,2122,2022-02-09,train
2122|2022-02-09|manchester-city|brentford,2122,2022-02-09,train
2122|2022-02-09|norwich-city|crystal-palace,2122,2022-02-09,train
2122|2022-02-09|tottenham-hotspur|southampton,2122,2022-02-09,train
2122|2022-02-10|liverpool|leicester-city,2122,2022-02-10,train
2122|2022-02-10|wolverhampton-wanderers|arsenal,2122,2022-02-10,train
2122|2022-02-12|brentford|crystal-palace,2122,2022-02-12,train
2122|2022-02-12|everton|leeds-united,2122,2022-02-12,train
2122|2022-02-12|manchester-united|southampton,2122,2022-02-12,train
2122|2022-02-12|norwich-city|manchester-city,2122,2022-02-12,train
2122|2022-02-12|watford|brighton-and-hove-albion,2122,2022-02-12,train
2122|2022-02-13|burnley|liverpool,2122,2022-02-13,train
2122|2022-02-13|leicester-city|west-ham-united,2122,2022-02-13,train
2122|2022-02-13|newcastle-united|aston-villa,2122,2022-02-13,train
2122|2022-02-13|tottenham-hotspur|wolverhampton-wanderers,2122,2022-02-13,train
2122|2022-02-15|manchester-united|brighton-and-hove-albion,2122,2022-02-15,train
2122|2022-02-19|arsenal|brentford,2122,2022-02-19,train
2122|2022-02-19|aston-villa|watford,2122,2022-02-19,train
2122|2022-02-19|brighton-and-hove-albion|burnley,2122,2022-02-19,train
2122|2022-02-19|crystal-palace|chelsea,2122,2022-02-19,train
2122|2022-02-19|liverpool|norwich-city,2122,2022-02-19,train
2122|2022-02-19|manchester-city|tottenham-hotspur,2122,2022-02-19,train
2122|2022-02-19|southampton|everton,2122,2022-02-19,train
2122|2022-02-19|west-ham-united|newcastle-united,2122,2022-02-19,train
2122|2022-02-20|leeds-united|manchester-united,2122,2022-02-20,train
2122|2022-02-20|wolverhampton-wanderers|leicester-city,2122,2022-02-20,train
2122|2022-02-23|burnley|tottenham-hotspur,2122,2022-02-23,train
2122|2022-02-23|liverpool|leeds-united,2122,2022-02-23,train
2122|2022-02-23|watford|crystal-palace,2122,2022-02-23,train
2122|2022-02-24|arsenal|wolverhampton-wanderers,2122,2022-02-24,train
2122|2022-02-25|southampton|norwich-city,2122,2022-02-25,train
2122|2022-02-26|brentford|newcastle-united,2122,2022-02-26,train
2122|2022-02-26|brighton-and-hove-albion|aston-villa,2122,2022-02-26,train
2122|2022-02-26|crystal-palace|burnley,2122,2022-02-26,train
2122|2022-02-26|everton|manchester-city,2122,2022-02-26,train
2122|2022-02-26|leeds-united|tottenham-hotspur,2122,2022-02-26,train
2122|2022-02-26|manchester-united|watford,2122,2022-02-26,train
2122|2022-02-27|west-ham-united|wolverhampton-wanderers,2122,2022-02-27,train
2122|2022-03-01|burnley|leicester-city,2122,2022-03-01,train
2122|2022-03-05|aston-villa|southampton,2122,2022-03-05,train
2122|2022-03-05|burnley|chelsea,2122,2022-03-05,train
2122|2022-03-05|leicester-city|leeds-united,2122,2022-03-05,train
2122|2022-03-05|liverpool|west-ham-united,2122,2022-03-05,train
2122|2022-03-05|newcastle-united|brighton-and-hove-albion,2122,2022-03-05,train
2122|2022-03-05|norwich-city|brentford,2122,2022-03-05,train
2122|2022-03-05|wolverhampton-wanderers|crystal-palace,2122,2022-03-05,train
2122|2022-03-06|manchester-city|manchester-united,2122,2022-03-06,train
2122|2022-03-06|watford|arsenal,2122,2022-03-06,train
2122|2022-03-07|tottenham-hotspur|everton,2122,2022-03-07,train
2122|2022-03-10|leeds-united|aston-villa,2122,2022-03-10,train
2122|2022-03-10|norwich-city|chelsea,2122,2022-03-10,train
2122|2022-03-10|southampton|newcastle-united,2122,2022-03-10,train
2122|2022-03-10|wolverhampton-wanderers|watford,2122,2022-03-10,train
2122|2022-03-12|brentford|burnley,2122,2022-03-12,train
2122|2022-03-12|brighton-and-hove-albion|liverpool,2122,2022-03-12,train
2122|2022-03-12|manchester-united|tottenham-hotspur,2122,2022-03-12,train
2122|2022-03-13|arsenal|leicester-city,2122,2022-03-13,train
2122|2022-03-13|chelsea|newcastle-united,2122,2022-03-13,train
2122|2022-03-13|everton|wolverhampton-wanderers,2122,2022-03-13,train
2122|2022-03-13|leeds-united|norwich-city,2122,2022-03-13,train
2122|2022-03-13|southampton|watford,2122,2022-03-13,train
2122|2022-03-13|west-ham-united|aston-villa,2122,2022-03-13,train
2122|2022-03-14|crystal-palace|manchester-city,2122,2022-03-14,train
2122|2022-03-16|arsenal|liverpool,2122,2022-03-16,train
2122|2022-03-16|brighton-and-hove-albion|tottenham-hotspur,2122,2022-03-16,train
2122|2022-03-17|everton|newcastle-united,2122,2022-03-17,train
2122|2022-03-18|wolverhampton-wanderers|leeds-united,2122,2022-03-18,train
2122|2022-03-19|aston-villa|arsenal,2122,2022-03-19,train
2122|2022-03-20|leicester-city|brentford,2122,2022-03-20,train
2122|2022-03-20|tottenham-hotspur|west-ham-united,2122,2022-03-20,train
2122|2022-04-02|brighton-and-hove-albion|norwich-city,2122,2022-04-02,train
2122|2022-04-02|burnley|manchester-city,2122,2022-04-02,train
2122|2022-04-02|chelsea|brentford,2122,2022-04-02,train
2122|2022-04-02|leeds-united|southampton,2122,2022-04-02,train
2122|2022-04-02|liverpool|watford,2122,2022-04-02,train
2122|2022-04-02|manchester-united|leicester-city,2122,2022-04-02,train
2122|2022-04-02|wolverhampton-wanderers|aston-villa,2122,2022-04-02,train
2122|2022-04-03|tottenham-hotspur|newcastle-united,2122,2022-04-03,train
2122|2022-04-03|west-ham-united|everton,2122,2022-04-03,train
2122|2022-04-04|crystal-palace|arsenal,2122,2022-04-04,train
2122|2022-04-06|burnley|everton,2122,2022-04-06,train
2122|2022-04-08|newcastle-united|wolverhampton-wanderers,2122,2022-04-08,train
2122|2022-04-09|arsenal|brighton-and-hove-albion,2122,2022-04-09,train
2122|2022-04-09|aston-villa|tottenham-hotspur,2122,2022-04-09,train
2122|2022-04-09|everton|manchester-united,2122,2022-04-09,train
2122|2022-04-09|southampton|chelsea,2122,2022-04-09,train
2122|2022-04-09|watford|leeds-united,2122,2022-04-09,train
2122|2022-04-10|brentford|west-ham-united,2122,2022-04-10,train
2122|2022-04-10|leicester-city|crystal-palace,2122,2022-04-10,train
2122|2022-04-10|manchester-city|liverpool,2122,2022-04-10,train
2122|2022-04-10|norwich-city|burnley,2122,2022-04-10,train
2122|2022-04-16|manchester-united|norwich-city,2122,2022-04-16,train
2122|2022-04-16|southampton|arsenal,2122,2022-04-16,train
2122|2022-04-16|tottenham-hotspur|brighton-and-hove-albion,2122,2022-04-16,train
2122|2022-04-16|watford|brentford,2122,2022-04-16,train
2122|2022-04-17|newcastle-united|leicester-city,2122,2022-04-17,train
2122|2022-04-17|west-ham-united|burnley,2122,2022-04-17,train
2122|2022-04-19|liverpool|manchester-united,2122,2022-04-19,train
2122|2022-04-20|chelsea|arsenal,2122,2022-04-20,train
2122|2022-04-20|everton|leicester-city,2122,2022-04-20,train
2122|2022-04-20|manchester-city|brighton-and-hove-albion,2122,2022-04-20,train
2122|2022-04-20|newcastle-united|crystal-palace,2122,2022-04-20,train
2122|2022-04-21|burnley|southampton,2122,2022-04-21,train
2122|2022-04-23|arsenal|manchester-united,2122,2022-04-23,train
2122|2022-04-23|brentford|tottenham-hotspur,2122,2022-04-23,train
2122|2022-04-23|leicester-city|aston-villa,2122,2022-04-23,train
2122|2022-04-23|manchester-city|watford,2122,2022-04-23,train
2122|2022-04-23|norwich-city|newcastle-united,2122,2022-04-23,train
2122|2022-04-24|brighton-and-hove-albion|southampton,2122,2022-04-24,train
2122|2022-04-24|burnley|wolverhampton-wanderers,2122,2022-04-24,train
2122|2022-04-24|chelsea|west-ham-united,2122,2022-04-24,train
2122|2022-04-24|liverpool|everton,2122,2022-04-24,train
2122|2022-04-25|crystal-palace|leeds-united,2122,2022-04-25,train
2122|2022-04-28|manchester-united|chelsea,2122,2022-04-28,train
2122|2022-04-30|aston-villa|norwich-city,2122,2022-04-30,train
2122|2022-04-30|leeds-united|manchester-city,2122,2022-04-30,train
2122|2022-04-30|newcastle-united|liverpool,2122,2022-04-30,train
2122|2022-04-30|southampton|crystal-palace,2122,2022-04-30,train
2122|2022-04-30|watford|burnley,2122,2022-04-30,train
2122|2022-04-30|wolverhampton-wanderers|brighton-and-hove-albion,2122,2022-04-30,train
2122|2022-05-01|everton|chelsea,2122,2022-05-01,train
2122|2022-05-01|tottenham-hotspur|leicester-city,2122,2022-05-01,train
2122|2022-05-01|west-ham-united|arsenal,2122,2022-05-01,train
2122|2022-05-02|manchester-united|brentford,2122,2022-05-02,train
2122|2022-05-07|brentford|southampton,2122,2022-05-07,train
2122|2022-05-07|brighton-and-hove-albion|manchester-united,2122,2022-05-07,train
2122|2022-05-07|burnley|aston-villa,2122,2022-05-07,train
2122|2022-05-07|chelsea|wolverhampton-wanderers,2122,2022-05-07,train
2122|2022-05-07|crystal-palace|watford,2122,2022-05-07,train
2122|2022-05-07|liverpool|tottenham-hotspur,2122,2022-05-07,train
2122|2022-05-08|arsenal|leeds-united,2122,2022-05-08,train
2122|2022-05-08|leicester-city|everton,2122,2022-05-08,train
2122|2022-05-08|manchester-city|newcastle-united,2122,2022-05-08,train
2122|2022-05-08|norwich-city|west-ham-united,2122,2022-05-08,train
2122|2022-05-10|aston-villa|liverpool,2122,2022-05-10,train
2122|2022-05-11|leeds-united|chelsea,2122,2022-05-11,train
2122|2022-05-11|leicester-city|norwich-city,2122,2022-05-11,train
2122|2022-05-11|watford|everton,2122,2022-05-11,train
2122|2022-05-11|wolverhampton-wanderers|manchester-city,2122,2022-05-11,train
2122|2022-05-12|tottenham-hotspur|arsenal,2122,2022-05-12,train
2122|2022-05-15|aston-villa|crystal-palace,2122,2022-05-15,train
2122|2022-05-15|everton|brentford,2122,2022-05-15,train
2122|2022-05-15|leeds-united|brighton-and-hove-albion,2122,2022-05-15,train
2122|2022-05-15|tottenham-hotspur|burnley,2122,2022-05-15,train
2122|2022-05-15|watford|leicester-city,2122,2022-05-15,train
2122|2022-05-15|west-ham-united|manchester-city,2122,2022-05-15,train
2122|2022-05-15|wolverhampton-wanderers|norwich-city,2122,2022-05-15,train
2122|2022-05-16|newcastle-united|arsenal,2122,2022-05-16,train
2122|2022-05-17|southampton|liverpool,2122,2022-05-17,train
2122|2022-05-19|aston-villa|burnley,2122,2022-05-19,train
2122|2022-05-19|chelsea|leicester-city,2122,2022-05-19,train
2122|2022-05-19|everton|crystal-palace,2122,2022-05-19,train
2122|2022-05-22|arsenal|everton,2122,2022-05-22,train
2122|2022-05-22|brentford|leeds-united,2122,2022-05-22,train
2122|2022-05-22|brighton-and-hove-albion|west-ham-united,2122,2022-05-22,train
2122|2022-05-22|burnley|newcastle-united,2122,2022-05-22,train
2122|2022-05-22|chelsea|watford,2122,2022-05-22,train
2122|2022-05-22|crystal-palace|manchester-united,2122,2022-05-22,train
2122|2022-05-22|leicester-city|southampton,2122,2022-05-22,train
2122|2022-05-22|liverpool|wolverhampton-wanderers,2122,2022-05-22,train
2122|2022-05-22|manchester-city|aston-villa,2122,2022-05-22,train
2122|2022-05-22|norwich-city|tottenham-hotspur,2122,2022-05-22,train
2223|2022-08-05|crystal-palace|arsenal,2223,2022-08-05,train
2223|2022-08-06|afc-bournemouth|aston-villa,2223,2022-08-06,train
2223|2022-08-06|everton|chelsea,2223,2022-08-06,train
2223|2022-08-06|fulham|liverpool,2223,2022-08-06,train
2223|2022-08-06|leeds-united|wolverhampton-wanderers,2223,2022-08-06,train
2223|2022-08-06|newcastle-united|nottingham-forest,2223,2022-08-06,train
2223|2022-08-06|tottenham-hotspur|southampton,2223,2022-08-06,train
2223|2022-08-07|leicester-city|brentford,2223,2022-08-07,train
2223|2022-08-07|manchester-united|brighton-and-hove-albion,2223,2022-08-07,train
2223|2022-08-07|west-ham-united|manchester-city,2223,2022-08-07,train
2223|2022-08-13|arsenal|leicester-city,2223,2022-08-13,train
2223|2022-08-13|aston-villa|everton,2223,2022-08-13,train
2223|2022-08-13|brentford|manchester-united,2223,2022-08-13,train
2223|2022-08-13|brighton-and-hove-albion|newcastle-united,2223,2022-08-13,train
2223|2022-08-13|manchester-city|afc-bournemouth,2223,2022-08-13,train
2223|2022-08-13|southampton|leeds-united,2223,2022-08-13,train
2223|2022-08-13|wolverhampton-wanderers|fulham,2223,2022-08-13,train
2223|2022-08-14|chelsea|tottenham-hotspur,2223,2022-08-14,train
2223|2022-08-14|nottingham-forest|west-ham-united,2223,2022-08-14,train
2223|2022-08-15|liverpool|crystal-palace,2223,2022-08-15,train
2223|2022-08-20|afc-bournemouth|arsenal,2223,2022-08-20,train
2223|2022-08-20|crystal-palace|aston-villa,2223,2022-08-20,train
2223|2022-08-20|everton|nottingham-forest,2223,2022-08-20,train
2223|2022-08-20|fulham|brentford,2223,2022-08-20,train
2223|2022-08-20|leicester-city|southampton,2223,2022-08-20,train
2223|2022-08-20|tottenham-hotspur|wolverhampton-wanderers,2223,2022-08-20,train
2223|2022-08-21|leeds-united|chelsea,2223,2022-08-21,train
2223|2022-08-21|newcastle-united|manchester-city,2223,2022-08-21,train
2223|2022-08-21|west-ham-united|brighton-and-hove-albion,2223,2022-08-21,train
2223|2022-08-22|manchester-united|liverpool,2223,2022-08-22,train
2223|2022-08-27|arsenal|fulham,2223,2022-08-27,train
2223|2022-08-27|brentford|everton,2223,2022-08-27,train
2223|2022-08-27|brighton-and-hove-albion|leeds-united,2223,2022-08-27,train
2223|2022-08-27|chelsea|leicester-city,2223,2022-08-27,train
2223|2022-08-27|liverpool|afc-bournemouth,2223,2022-08-27,train
2223|2022-08-27|manchester-city|crystal-palace,2223,2022-08-27,train
2223|2022-08-27|southampton|manchester-united,2223,2022-08-27,train
2223|2022-08-28|aston-villa|west-ham-united,2223,2022-08-28,train
2223|2022-08-28|nottingham-forest|tottenham-hotspur,2223,2022-08-28,train
2223|2022-08-28|wolverhampton-wanderers|newcastle-united,2223,2022-08-28,train
2223|2022-08-30|crystal-palace|brentford,2223,2022-08-30,train
2223|2022-08-30|fulham|brighton-and-hove-albion,2223,2022-08-30,train
2223|2022-08-30|leeds-united|everton,2223,2022-08-30,train
2223|2022-08-30|southampton|chelsea,2223,2022-08-30,train
2223|2022-08-31|afc-bournemouth|wolverhampton-wanderers,2223,2022-08-31,train
2223|2022-08-31|arsenal|aston-villa,2223,2022-08-31,train
2223|2022-08-31|liverpool|newcastle-united,2223,2022-08-31,train
2223|2022-08-31|manchester-city|nottingham-forest,2223,2022-08-31,train
2223|2022-08-31|west-ham-united|tottenham-hotspur,2223,2022-08-31,train
2223|2022-09-01|leicester-city|manchester-united,2223,2022-09-01,train
2223|2022-09-03|aston-villa|manchester-city,2223,2022-09-03,train
2223|2022-09-03|brentford|leeds-united,2223,2022-09-03,train
2223|2022-09-03|chelsea|west-ham-united,2223,2022-09-03,train
2223|2022-09-03|everton|liverpool,2223,2022-09-03,train
2223|2022-09-03|newcastle-united|crystal-palace,2223,2022-09-03,train
2223|2022-09-03|nottingham-forest|afc-bournemouth,2223,2022-09-03,train
2223|2022-09-03|tottenham-hotspur|fulham,2223,2022-09-03,train
2223|2022-09-03|wolverhampton-wanderers|southampton,2223,2022-09-03,train
2223|2022-09-04|brighton-and-hove-albion|leicester-city,2223,2022-09-04,train
2223|2022-09-04|manchester-united|arsenal,2223,2022-09-04,train
2223|2022-09-16|aston-villa|southampton,2223,2022-09-16,train
2223|2022-09-16|nottingham-forest|fulham,2223,2022-09-16,train
2223|2022-09-17|newcastle-united|afc-bournemouth,2223,2022-09-17,train
2223|2022-09-17|tottenham-hotspur|leicester-city,2223,2022-09-17,train
2223|2022-09-17|wolverhampton-wanderers|manchester-city,2223,2022-09-17,train
2223|2022-09-18|brentford|arsenal,2223,2022-09-18,train
2223|2022-09-18|everton|west-ham-united,2223,2022-09-18,train
2223|2022-10-01|afc-bournemouth|brentford,2223,2022-10-01,train
2223|2022-10-01|arsenal|tottenham-hotspur,2223,2022-10-01,train
2223|2022-10-01|crystal-palace|chelsea,2223,2022-10-01,train
2223|2022-10-01|fulham|newcastle-united,2223,2022-10-01,train
2223|2022-10-01|liverpool|brighton-and-hove-albion,2223,2022-10-01,train
2223|2022-10-01|southampton|everton,2223,2022-10-01,train
2223|2022-10-01|west-ham-united|wolverhampton-wanderers,2223,2022-10-01,train
2223|2022-10-02|leeds-united|aston-villa,2223,2022-10-02,train
2223|2022-10-02|manchester-city|manchester-united,2223,2022-10-02,train
2223|2022-10-03|leicester-city|nottingham-forest,2223,2022-10-03,train
2223|2022-10-08|afc-bournemouth|leicester-city,2223,2022-10-08,train
2223|2022-10-08|brighton-and-hove-albion|tottenham-hotspur,2223,2022-10-08,train
2223|2022-10-08|chelsea|wolverhampton-wanderers,2223,2022-10-08,train
2223|2022-10-08|manchester-city|southampton,2223,2022-10-08,train
2223|2022-10-08|newcastle-united|brentford,2223,2022-10-08,train
2223|2022-10-09|arsenal|liverpool,2223,2022-10-09,train
2223|2022-10-09|crystal-palace|leeds-united,2223,2022-10-09,train
2223|2022-10-09|everton|manchester-united,2223,2022-10-09,train
2223|2022-10-09|west-ham-united|fulham,2223,2022-10-09,train
2223|2022-10-10|nottingham-forest|aston-villa,2223,2022-10-10,train
2223|2022-10-14|brentford|brighton-and-hove-albion,2223,2022-10-14,train
2223|2022-10-15|fulham|afc-bournemouth,2223,2022-10-15,train
2223|2022-10-15|leicester-city|crystal-palace,2223,2022-10-15,train
2223|2022-10-15|tottenham-hotspur|everton,2223,2022-10-15,train
2223|2022-10-15|wolverhampton-wanderers|nottingham-forest,2223,2022-10-15,train
2223|2022-10-16|aston-villa|chelsea,2223,2022-10-16,train
2223|2022-10-16|leeds-united|arsenal,2223,2022-10-16,train
2223|2022-10-16|liverpool|manchester-city,2223,2022-10-16,train
2223|2022-10-16|manchester-united|newcastle-united,2223,2022-10-16,train
2223|2022-10-16|southampton|west-ham-united,2223,2022-10-16,train
2223|2022-10-18|brighton-and-hove-albion|nottingham-forest,2223,2022-10-18,train
2223|2022-10-18|crystal-palace|wolverhampton-wanderers,2223,2022-10-18,train
2223|2022-10-19|afc-bournemouth|southampton,2223,2022-10-19,train
2223|2022-10-19|brentford|chelsea,2223,2022-10-19,train
2223|2022-10-19|liverpool|west-ham-united,2223,2022-10-19,train
2223|2022-10-19|manchester-united|tottenham-hotspur,2223,2022-10-19,train
2223|2022-10-19|newcastle-united|everton,2223,2022-10-19,train
2223|2022-10-20|fulham|aston-villa,2223,2022-10-20,train
2223|2022-10-20|leicester-city|leeds-united,2223,2022-10-20,train
2223|2022-10-22|chelsea|manchester-united,2223,2022-10-22,train
2223|2022-10-22|everton|crystal-palace,2223,2022-10-22,train
2223|2022-10-22|manchester-city|brighton-and-hove-albion,2223,2022-10-22,train
2223|2022-10-22|nottingham-forest|liverpool,2223,2022-10-22,train
2223|2022-10-23|aston-villa|brentford,2223,2022-10-23,train
2223|2022-10-23|leeds-united|fulham,2223,2022-10-23,train
2223|2022-10-23|southampton|arsenal,2223,2022-10-23,train
2223|2022-10-23|tottenham-hotspur|newcastle-united,2223,2022-10-23,train
2223|2022-10-23|wolverhampton-wanderers|leicester-city,2223,2022-10-23,train
2223|2022-10-24|west-ham-united|afc-bournemouth,2223,2022-10-24,train
2223|2022-10-29|afc-bournemouth|tottenham-hotspur,2223,2022-10-29,train
2223|2022-10-29|brentford|wolverhampton-wanderers,2223,2022-10-29,train
2223|2022-10-29|brighton-and-hove-albion|chelsea,2223,2022-10-29,train
2223|2022-10-29|crystal-palace|southampton,2223,2022-10-29,train
2223|2022-10-29|fulham|everton,2223,2022-10-29,train
2223|2022-10-29|leicester-city|manchester-city,2223,2022-10-29,train
2223|2022-10-29|liverpool|leeds-united,2223,2022-10-29,train
2223|2022-10-29|newcastle-united|aston-villa,2223,2022-10-29,train
2223|2022-10-30|arsenal|nottingham-forest,2223,2022-10-30,train
2223|2022-10-30|manchester-united|west-ham-united,2223,2022-10-30,train
2223|2022-11-05|everton|leicester-city,2223,2022-11-05,train
2223|2022-11-05|leeds-united|afc-bournemouth,2223,2022-11-05,train
2223|2022-11-05|manchester-city|fulham,2223,2022-11-05,train
2223|2022-11-05|nottingham-forest|brentford,2223,2022-11-05,train
2223|2022-11-05|wolverhampton-wanderers|brighton-and-hove-albion,2223,2022-11-05,train
2223|2022-11-06|aston-villa|manchester-united,2223,2022-11-06,train
2223|2022-11-06|chelsea|arsenal,2223,2022-11-06,train
2223|2022-11-06|southampton|newcastle-united,2223,2022-11-06,train
2223|2022-11-06|tottenham-hotspur|liverpool,2223,2022-11-06,train
2223|2022-11-06|west-ham-united|crystal-palace,2223,2022-11-06,train
2223|2022-11-12|afc-bournemouth|everton,2223,2022-11-12,train
2223|2022-11-12|liverpool|southampton,2223,2022-11-12,train
2223|2022-11-12|manchester-city|brentford,2223,2022-11-12,train
2223|2022-11-12|newcastle-united|chelsea,2223,2022-11-12,train
2223|2022-11-12|nottingham-forest|crystal-palace,2223,2022-11-12,train
2223|2022-11-12|tottenham-hotspur|leeds-united,2223,2022-11-12,train
2223|2022-11-12|west-ham-united|leicester-city,2223,2022-11-12,train
2223|2022-11-12|wolverhampton-wanderers|arsenal,2223,2022-11-12,train
2223|2022-11-13|brighton-and-hove-albion|aston-villa,2223,2022-11-13,train
2223|2022-11-13|fulham|manchester-united,2223,2022-11-13,train
2223|2022-12-26|arsenal|west-ham-united,2223,2022-12-26,train
2223|2022-12-26|aston-villa|liverpool,2223,2022-12-26,train
2223|2022-12-26|brentford|tottenham-hotspur,2223,2022-12-26,train
2223|2022-12-26|crystal-palace|fulham,2223,2022-12-26,train
2223|2022-12-26|everton|wolverhampton-wanderers,2223,2022-12-26,train
2223|2022-12-26|leicester-city|newcastle-united,2223,2022-12-26,train
2223|2022-12-26|southampton|brighton-and-hove-albion,2223,2022-12-26,train
2223|2022-12-27|chelsea|afc-bournemouth,2223,2022-12-27,train
2223|2022-12-27|manchester-united|nottingham-forest,2223,2022-12-27,train
2223|2022-12-28|leeds-united|manchester-city,2223,2022-12-28,train
2223|2022-12-30|liverpool|leicester-city,2223,2022-12-30,train
2223|2022-12-30|west-ham-united|brentford,2223,2022-12-30,train
2223|2022-12-31|afc-bournemouth|crystal-palace,2223,2022-12-31,train
2223|2022-12-31|brighton-and-hove-albion|arsenal,2223,2022-12-31,train
2223|2022-12-31|fulham|southampton,2223,2022-12-31,train
2223|2022-12-31|manchester-city|everton,2223,2022-12-31,train
2223|2022-12-31|newcastle-united|leeds-united,2223,2022-12-31,train
2223|2022-12-31|wolverhampton-wanderers|manchester-united,2223,2022-12-31,train
2223|2023-01-01|nottingham-forest|chelsea,2223,2023-01-01,train
2223|2023-01-01|tottenham-hotspur|aston-villa,2223,2023-01-01,train
2223|2023-01-02|brentford|liverpool,2223,2023-01-02,train
2223|2023-01-03|arsenal|newcastle-united,2223,2023-01-03,train
2223|2023-01-03|everton|brighton-and-hove-albion,2223,2023-01-03,train
2223|2023-01-03|leicester-city|fulham,2223,2023-01-03,train
2223|2023-01-03|manchester-united|afc-bournemouth,2223,2023-01-03,train
2223|2023-01-04|aston-villa|wolverhampton-wanderers,2223,2023-01-04,train
2223|2023-01-04|crystal-palace|tottenham-hotspur,2223,2023-01-04,train
2223|2023-01-04|leeds-united|west-ham-united,2223,2023-01-04,train
2223|2023-01-04|southampton|nottingham-forest,2223,2023-01-04,train
2223|2023-01-05|chelsea|manchester-city,2223,2023-01-05,train
2223|2023-01-12|fulham|chelsea,2223,2023-01-12,train
2223|2023-01-13|aston-villa|leeds-united,2223,2023-01-13,train
2223|2023-01-14|brentford|afc-bournemouth,2223,2023-01-14,train
2223|2023-01-14|brighton-and-hove-albion|liverpool,2223,2023-01-14,train
2223|2023-01-14|everton|southampton,2223,2023-01-14,train
2223|2023-01-14|manchester-united|manchester-city,2223,2023-01-14,train
2223|2023-01-14|nottingham-forest|leicester-city,2223,2023-01-14,train
2223|2023-01-14|wolverhampton-wanderers|west-ham-united,2223,2023-01-14,train
2223|2023-01-15|chelsea|crystal-palace,2223,2023-01-15,train
2223|2023-01-15|newcastle-united|fulham,2223,2023-01-15,train
2223|2023-01-15|tottenham-hotspur|arsenal,2223,2023-01-15,train
2223|2023-01-18|crystal-palace|manchester-united,2223,2023-01-18,train
2223|2023-01-19|manchester-city|tottenham-hotspur,2223,2023-01-19,train
2223|2023-01-21|afc-bournemouth|nottingham-forest,2223,2023-01-21,train
2223|2023-01-21|crystal-palace|newcastle-united,2223,2023-01-21,train
2223|2023-01-21|leicester-city|brighton-and-hove-albion,2223,2023-01-21,train
2223|2023-01-21|liverpool|chelsea,2223,2023-01-21,train
2223|2023-01-21|southampton|aston-villa,2223,2023-01-21,train
2223|2023-01-21|west-ham-united|everton,2223,2023-01-21,train
2223|2023-01-22|arsenal|manchester-united,2223,2023-01-22,train
2223|2023-01-22|leeds-united|brentford,2223,2023-01-22,train
2223|2023-01-22|manchester-city|wolverhampton-wanderers,2223,2023-01-22,train
2223|2023-01-23|fulham|tottenham-hotspur,2223,2023-01-23,train
2223|2023-02-03|chelsea|fulham,2223,2023-02-03,train
2223|2023-02-04|aston-villa|leicester-city,2223,2023-02-04,train
2223|2023-02-04|brentford|southampton,2223,2023-02-04,train
2223|2023-02-04|brighton-and-hove-albion|afc-bournemouth,2223,2023-02-04,train
2223|2023-02-04|everton|arsenal,2223,2023-02-04,train
2223|2023-02-04|manchester-united|crystal-palace,2223,2023-02-04,train
2223|2023-02-04|newcastle-united|west-ham-united,2223,2023-02-04,train
2223|2023-02-04|wolverhampton-wanderers|liverpool,2223,2023-02-04,train
2223|2023-02-05|nottingham-forest|leeds-united,2223,2023-02-05,train
2223|2023-02-05|tottenham-hotspur|manchester-city,2223,2023-02-05,train
2223|2023-02-08|manchester-united|leeds-united,2223,2023-02-08,train
2223|2023-02-11|afc-bournemouth|newcastle-united,2223,2023-02-11,train
2223|2023-02-11|arsenal|brentford,2223,2023-02-11,train
2223|2023-02-11|crystal-palace|brighton-and-hove-albion,2223,2023-02-11,train
2223|2023-02-11|fulham|nottingham-forest,2223,2023-02-11,train
2223|2023-02-11|leicester-city|tottenham-hotspur,2223,2023-02-11,train
2223|2023-02-11|southampton|wolverhampton-wanderers,2223,2023-02-11,train
2223|2023-02-11|west-ham-united|chelsea,2223,2023-02-11,train
2223|2023-02-12|leeds-united|manchester-united,2223,2023-02-12,train
2223|2023-02-12|manchester-city|aston-villa,2223,2023-02-12,train
2223|2023-02-13|liverpool|everton,2223,2023-02-13,train
2223|2023-02-15|arsenal|manchester-city,2223,2023-02-15,train
2223|2023-02-18|aston-villa|arsenal,2223,2023-02-18,train
2223|2023-02-18|brentford|crystal-palace,2223,2023-02-18,train
2223|2023-02-18|brighton-and-hove-albion|fulham,2223,2023-02-18,train
2223|2023-02-18|chelsea|southampton,2223,2023-02-18,train
2223|2023-02-18|everton|leeds-united,2223,2023-02-18,train
2223|2023-02-18|newcastle-united|liverpool,2223,2023-02-18,train
2223|2023-02-18|nottingham-forest|manchester-city,2223,2023-02-18,train
2223|2023-02-18|wolverhampton-wanderers|afc-bournemouth,2223,2023-02-18,train
2223|2023-02-19|manchester-united|leicester-city,2223,2023-02-19,train
2223|2023-02-19|tottenham-hotspur|west-ham-united,2223,2023-02-19,train
2223|2023-02-24|fulham|wolverhampton-wanderers,2223,2023-02-24,train
2223|2023-02-25|afc-bournemouth|manchester-city,2223,2023-02-25,train
2223|2023-02-25|crystal-palace|liverpool,2223,2023-02-25,train
2223|2023-02-25|everton|aston-villa,2223,2023-02-25,train
2223|2023-02-25|leeds-united|southampton,2223,2023-02-25,train
2223|2023-02-25|leicester-city|arsenal,2223,2023-02-25,train
2223|2023-02-25|west-ham-united|nottingham-forest,2223,2023-02-25,train
2223|2023-02-26|tottenham-hotspur|chelsea,2223,2023-02-26,train
2223|2023-03-01|arsenal|everton,2223,2023-03-01,train
2223|2023-03-01|liverpool|wolverhampton-wanderers,2223,2023-03-01,train
2223|2023-03-04|arsenal|afc-bournemouth,2223,2023-03-04,train
2223|2023-03-04|aston-villa|crystal-palace,2223,2023-03-04,train
2223|2023-03-04|brighton-and-hove-albion|west-ham-united,2223,2023-03-04,train
2223|2023-03-04|chelsea|leeds-united,2223,2023-03-04,train
2223|2023-03-04|manchester-city|newcastle-united,2223,2023-03-04,train
2223|2023-03-04|southampton|leicester-city,2223,2023-03-04,train
2223|2023-03-04|wolverhampton-wanderers|tottenham-hotspur,2223,2023-03-04,train
2223|2023-03-05|liverpool|manchester-united,2223,2023-03-05,train
2223|2023-03-05|nottingham-forest|everton,2223,2023-03-05,train
2223|2023-03-06|brentford|fulham,2223,2023-03-06,train
2223|2023-03-11|afc-bournemouth|liverpool,2223,2023-03-11,train
2223|2023-03-11|crystal-palace|manchester-city,2223,2023-03-11,train
2223|2023-03-11|everton|brentford,2223,2023-03-11,train
2223|2023-03-11|leeds-united|brighton-and-hove-albion,2223,2023-03-11,train
2223|2023-03-11|leicester-city|chelsea,2223,2023-03-11,train
2223|2023-03-11|tottenham-hotspur|nottingham-forest,2223,2023-03-11,train
2223|2023-03-12|fulham|arsenal,2223,2023-03-12,train
2223|2023-03-12|manchester-united|southampton,2223,2023-03-12,train
2223|2023-03-12|newcastle-united|wolverhampton-wanderers,2223,2023-03-12,train
2223|2023-03-12|west-ham-united|aston-villa,2223,2023-03-12,train
2223|2023-03-15|brighton-and-hove-albion|crystal-palace,2223,2023-03-15,train
2223|2023-03-15|southampton|brentford,2223,2023-03-15,train
2223|2023-03-17|nottingham-forest|newcastle-united,2223,2023-03-17,train
2223|2023-03-18|aston-villa|afc-bournemouth,2223,2023-03-18,train
2223|2023-03-18|brentford|leicester-city,2223,2023-03-18,train
2223|2023-03-18|chelsea|everton,2223,2023-03-18,train
2223|2023-03-18|southampton|tottenham-hotspur,2223,2023-03-18,train
2223|2023-03-18|wolverhampton-wanderers|leeds-united,2223,2023-03-18,train
2223|2023-03-19|arsenal|crystal-palace,2223,2023-03-19,train
2223|2023-04-01|afc-bournemouth|fulham,2223,2023-04-01,train
2223|2023-04-01|arsenal|leeds-united,2223,2023-04-01,train
2223|2023-04-01|brighton-and-hove-albion|brentford,2223,2023-04-01,train
2223|2023-04-01|chelsea|aston-villa,2223,2023-04-01,train
2223|2023-04-01|crystal-palace|leicester-city,2223,2023-04-01,train
2223|2023-04-01|manchester-city|liverpool,2223,2023-04-01,train
2223|2023-04-01|nottingham-forest|wolverhampton-wanderers,2223,2023-04-01,train
2223|2023-04-02|newcastle-united|manchester-united,2223,2023-04-02,train
2223|2023-04-02|west-ham-united|southampton,2223,2023-04-02,train
2223|2023-04-03|everton|tottenham-hotspur,2223,2023-04-03,train
2223|2023-04-04|afc-bournemouth|brighton-and-hove-albion,2223,2023-04-04,train
2223|2023-04-04|chelsea|liverpool,2223,2023-04-04,train
2223|2023-04-04|leeds-united|nottingham-forest,2223,2023-04-04,train
2223|2023-04-04|leicester-city|aston-villa,2223,2023-04-04,train
2223|2023-04-05|manchester-united|brentford,2223,2023-04-05,train
2223|2023-04-05|west-ham-united|newcastle-united,2223,2023-04-05,train
2223|2023-04-08|aston-villa|nottingham-forest,2223,2023-04-08,train
2223|2023-04-08|brentford|newcastle-united,2223,2023-04-08,train
2223|2023-04-08|fulham|west-ham-united,2223,2023-04-08,train
2223|2023-04-08|leicester-city|afc-bournemouth,2223,2023-04-08,train
2223|2023-04-08|manchester-united|everton,2223,2023-04-08,train
2223|2023-04-08|southampton|manchester-city,2223,2023-04-08,train
2223|2023-04-08|tottenham-hotspur|brighton-and-hove-albion,2223,2023-04-08,train
2223|2023-04-08|wolverhampton-wanderers|chelsea,2223,2023-04-08,train
2223|2023-04-09|leeds-united|crystal-palace,2223,2023-04-09,train
2223|2023-04-09|liverpool|arsenal,2223,2023-04-09,train
2223|2023-04-15|aston-villa|newcastle-united,2223,2023-04-15,train
2223|2023-04-15|chelsea|brighton-and-hove-albion,2223,2023-04-15,train
2223|2023-04-15|everton|fulham,2223,2023-04-15,train
2223|2023-04-15|manchester-city|leicester-city,2223,2023-04-15,train
2223|2023-04-15|southampton|crystal-palace,2223,2023-04-15,train
2223|2023-04-15|tottenham-hotspur|afc-bournemouth,2223,2023-04-15,train
2223|2023-04-15|wolverhampton-wanderers|brentford,2223,2023-04-15,train
2223|2023-04-16|nottingham-forest|manchester-united,2223,2023-04-16,train
2223|2023-04-16|west-ham-united|arsenal,2223,2023-04-16,train
2223|2023-04-17|leeds-united|liverpool,2223,2023-04-17,train
2223|2023-04-21|arsenal|southampton,2223,2023-04-21,train
2223|2023-04-22|brentford|aston-villa,2223,2023-04-22,train
2223|2023-04-22|crystal-palace|everton,2223,2023-04-22,train
2223|2023-04-22|fulham|leeds-united,2223,2023-04-22,train
2223|2023-04-22|leicester-city|wolverhampton-wanderers,2223,2023-04-22,train
2223|2023-04-22|liverpool|nottingham-forest,2223,2023-04-22,train
2223|2023-04-23|afc-bournemouth|west-ham-united,2223,2023-04-23,train
2223|2023-04-23|newcastle-united|tottenham-hotspur,2223,2023-04-23,train
2223|2023-04-25|aston-villa|fulham,2223,2023-04-25,train
2223|2023-04-25|leeds-united|leicester-city,2223,2023-04-25,train
2223|2023-04-25|wolverhampton-wanderers|crystal-palace,2223,2023-04-25,train
2223|2023-04-26|chelsea|brentford,2223,2023-04-26,train
2223|2023-04-26|manchester-city|arsenal,2223,2023-04-26,train
2223|2023-04-26|nottingham-forest|brighton-and-hove-albion,2223,2023-04-26,train
2223|2023-04-26|west-ham-united|liverpool,2223,2023-04-26,train
2223|2023-04-27|everton|newcastle-united,2223,2023-04-27,train
2223|2023-04-27|southampton|afc-bournemouth,2223,2023-04-27,train
2223|2023-04-27|tottenham-hotspur|manchester-united,2223,2023-04-27,train
2223|2023-04-29|brentford|nottingham-forest,2223,2023-04-29,train
2223|2023-04-29|brighton-and-hove-albion|wolverhampton-wanderers,2223,2023-04-29,train
2223|2023-04-29|crystal-palace|west-ham-united,2223,2023-04-29,train
2223|2023-04-30|afc-bournemouth|leeds-united,2223,2023-04-30,train
2223|2023-04-30|fulham|manchester-city,2223,2023-04-30,train
2223|2023-04-30|liverpool|tottenham-hotspur,2223,2023-04-30,train
2223|2023-04-30|manchester-united|aston-villa,2223,2023-04-30,train
2223|2023-04-30|newcastle-united|southampton,2223,2023-04-30,train
2223|2023-05-01|leicester-city|everton,2223,2023-05-01,train
2223|2023-05-02|arsenal|chelsea,2223,2023-05-02,train
2223|2023-05-03|liverpool|fulham,2223,2023-05-03,train
2223|2023-05-03|manchester-city|west-ham-united,2223,2023-05-03,train
2223|2023-05-04|brighton-and-hove-albion|manchester-united,2223,2023-05-04,train
2223|2023-05-06|afc-bournemouth|chelsea,2223,2023-05-06,train
2223|2023-05-06|liverpool|brentford,2223,2023-05-06,train
2223|2023-05-06|manchester-city|leeds-united,2223,2023-05-06,train
2223|2023-05-06|tottenham-hotspur|crystal-palace,2223,2023-05-06,train
2223|2023-05-06|wolverhampton-wanderers|aston-villa,2223,2023-05-06,train
2223|2023-05-07|newcastle-united|arsenal,2223,2023-05-07,train
2223|2023-05-07|west-ham-united|manchester-united,2223,2023-05-07,train
2223|2023-05-08|brighton-and-hove-albion|everton,2223,2023-05-08,train
2223|2023-05-08|fulham|leicester-city,2223,2023-05-08,train
2223|2023-05-08|nottingham-forest|southampton,2223,2023-05-08,train
2223|2023-05-13|aston-villa|tottenham-hotspur,2223,2023-05-13,train
2223|2023-05-13|chelsea|nottingham-forest,2223,2023-05-13,train
2223|2023-05-13|crystal-palace|afc-bournemouth,2223,2023-05-13,train
2223|2023-05-13|leeds-united|newcastle-united,2223,2023-05-13,train
2223|2023-05-13|manchester-united|wolverhampton-wanderers,2223,2023-05-13,train
2223|2023-05-13|southampton|fulham,2223,2023-05-13,train
2223|2023-05-14|arsenal|brighton-and-hove-albion,2223,2023-05-14,train
2223|2023-05-14|brentford|west-ham-united,2223,2023-05-14,train
2223|2023-05-14|everton|manchester-city,2223,2023-05-14,train
2223|2023-05-15|leicester-city|liverpool,2223,2023-05-15,train
2223|2023-05-18|newcastle-united|brighton-and-hove-albion,2223,2023-05-18,train
2223|2023-05-20|afc-bournemouth|manchester-united,2223,2023-05-20,train
2223|2023-05-20|fulham|crystal-palace,2223,2023-05-20,train
2223|2023-05-20|liverpool|aston-villa,2223,2023-05-20,train
2223|2023-05-20|nottingham-forest|arsenal,2223,2023-05-20,train
2223|2023-05-20|tottenham-hotspur|brentford,2223,2023-05-20,train
2223|2023-05-20|wolverhampton-wanderers|everton,2223,2023-05-20,train
2223|2023-05-21|brighton-and-hove-albion|southampton,2223,2023-05-21,train
2223|2023-05-21|manchester-city|chelsea,2223,2023-05-21,train
2223|2023-05-21|west-ham-united|leeds-united,2223,2023-05-21,train
2223|2023-05-22|newcastle-united|leicester-city,2223,2023-05-22,train
2223|2023-05-24|brighton-and-hove-albion|manchester-city,2223,2023-05-24,train
2223|2023-05-25|manchester-united|chelsea,2223,2023-05-25,train
2223|2023-05-28|arsenal|wolverhampton-wanderers,2223,2023-05-28,train
2223|2023-05-28|aston-villa|brighton-and-hove-albion,2223,2023-05-28,train
2223|2023-05-28|brentford|manchester-city,2223,2023-05-28,train
2223|2023-05-28|chelsea|newcastle-united,2223,2023-05-28,train
2223|2023-05-28|crystal-palace|nottingham-forest,2223,2023-05-28,train
2223|2023-05-28|everton|afc-bournemouth,2223,2023-05-28,train
2223|2023-05-28|leeds-united|tottenham-hotspur,2223,2023-05-28,train
2223|2023-05-28|leicester-city|west-ham-united,2223,2023-05-28,train
2223|2023-05-28|manchester-united|fulham,2223,2023-05-28,train
2223|2023-05-28|southampton|liverpool,2223,2023-05-28,train
2324|2023-08-11|burnley|manchester-city,2324,2023-08-11,validation
2324|2023-08-12|afc-bournemouth|west-ham-united,2324,2023-08-12,validation
2324|2023-08-12|arsenal|nottingham-forest,2324,2023-08-12,validation
2324|2023-08-12|brighton-and-hove-albion|luton-town,2324,2023-08-12,validation
2324|2023-08-12|everton|fulham,2324,2023-08-12,validation
2324|2023-08-12|newcastle-united|aston-villa,2324,2023-08-12,validation
2324|2023-08-12|sheffield-united|crystal-palace,2324,2023-08-12,validation
2324|2023-08-13|brentford|tottenham-hotspur,2324,2023-08-13,validation
2324|2023-08-13|chelsea|liverpool,2324,2023-08-13,validation
2324|2023-08-14|manchester-united|wolverhampton-wanderers,2324,2023-08-14,validation
2324|2023-08-18|nottingham-forest|sheffield-united,2324,2023-08-18,validation
2324|2023-08-19|fulham|brentford,2324,2023-08-19,validation
2324|2023-08-19|liverpool|afc-bournemouth,2324,2023-08-19,validation
2324|2023-08-19|manchester-city|newcastle-united,2324,2023-08-19,validation
2324|2023-08-19|tottenham-hotspur|manchester-united,2324,2023-08-19,validation
2324|2023-08-19|wolverhampton-wanderers|brighton-and-hove-albion,2324,2023-08-19,validation
2324|2023-08-20|aston-villa|everton,2324,2023-08-20,validation
2324|2023-08-20|west-ham-united|chelsea,2324,2023-08-20,validation
2324|2023-08-21|crystal-palace|arsenal,2324,2023-08-21,validation
2324|2023-08-25|chelsea|luton-town,2324,2023-08-25,validation
2324|2023-08-26|afc-bournemouth|tottenham-hotspur,2324,2023-08-26,validation
2324|2023-08-26|arsenal|fulham,2324,2023-08-26,validation
2324|2023-08-26|brentford|crystal-palace,2324,2023-08-26,validation
2324|2023-08-26|brighton-and-hove-albion|west-ham-united,2324,2023-08-26,validation
2324|2023-08-26|everton|wolverhampton-wanderers,2324,2023-08-26,validation
2324|2023-08-26|manchester-united|nottingham-forest,2324,2023-08-26,validation
2324|2023-08-27|burnley|aston-villa,2324,2023-08-27,validation
2324|2023-08-27|newcastle-united|liverpool,2324,2023-08-27,validation
2324|2023-08-27|sheffield-united|manchester-city,2324,2023-08-27,validation
2324|2023-09-01|luton-town|west-ham-united,2324,2023-09-01,validation
2324|2023-09-02|brentford|afc-bournemouth,2324,2023-09-02,validation
2324|2023-09-02|brighton-and-hove-albion|newcastle-united,2324,2023-09-02,validation
2324|2023-09-02|burnley|tottenham-hotspur,2324,2023-09-02,validation
2324|2023-09-02|chelsea|nottingham-forest,2324,2023-09-02,validation
2324|2023-09-02|manchester-city|fulham,2324,2023-09-02,validation
2324|2023-09-02|sheffield-united|everton,2324,2023-09-02,validation
2324|2023-09-03|arsenal|manchester-united,2324,2023-09-03,validation
2324|2023-09-03|crystal-palace|wolverhampton-wanderers,2324,2023-09-03,validation
2324|2023-09-03|liverpool|aston-villa,2324,2023-09-03,validation
2324|2023-09-16|aston-villa|crystal-palace,2324,2023-09-16,validation
2324|2023-09-16|fulham|luton-town,2324,2023-09-16,validation
2324|2023-09-16|manchester-united|brighton-and-hove-albion,2324,2023-09-16,validation
2324|2023-09-16|newcastle-united|brentford,2324,2023-09-16,validation
2324|2023-09-16|tottenham-hotspur|sheffield-united,2324,2023-09-16,validation
2324|2023-09-16|west-ham-united|manchester-city,2324,2023-09-16,validation
2324|2023-09-16|wolverhampton-wanderers|liverpool,2324,2023-09-16,validation
2324|2023-09-17|afc-bournemouth|chelsea,2324,2023-09-17,validation
2324|2023-09-17|everton|arsenal,2324,2023-09-17,validation
2324|2023-09-18|nottingham-forest|burnley,2324,2023-09-18,validation
2324|2023-09-23|brentford|everton,2324,2023-09-23,validation
2324|2023-09-23|burnley|manchester-united,2324,2023-09-23,validation
2324|2023-09-23|crystal-palace|fulham,2324,2023-09-23,validation
2324|2023-09-23|luton-town|wolverhampton-wanderers,2324,2023-09-23,validation
2324|2023-09-23|manchester-city|nottingham-forest,2324,2023-09-23,validation
2324|2023-09-24|arsenal|tottenham-hotspur,2324,2023-09-24,validation
2324|2023-09-24|brighton-and-hove-albion|afc-bournemouth,2324,2023-09-24,validation
2324|2023-09-24|chelsea|aston-villa,2324,2023-09-24,validation
2324|2023-09-24|liverpool|west-ham-united,2324,2023-09-24,validation
2324|2023-09-24|sheffield-united|newcastle-united,2324,2023-09-24,validation
2324|2023-09-30|afc-bournemouth|arsenal,2324,2023-09-30,validation
2324|2023-09-30|aston-villa|brighton-and-hove-albion,2324,2023-09-30,validation
2324|2023-09-30|everton|luton-town,2324,2023-09-30,validation
2324|2023-09-30|manchester-united|crystal-palace,2324,2023-09-30,validation
2324|2023-09-30|newcastle-united|burnley,2324,2023-09-30,validation
2324|2023-09-30|tottenham-hotspur|liverpool,2324,2023-09-30,validation
2324|2023-09-30|west-ham-united|sheffield-united,2324,2023-09-30,validation
2324|2023-09-30|wolverhampton-wanderers|manchester-city,2324,2023-09-30,validation
2324|2023-10-01|nottingham-forest|brentford,2324,2023-10-01,validation
2324|2023-10-02|fulham|chelsea,2324,2023-10-02,validation
2324|2023-10-03|luton-town|burnley,2324,2023-10-03,validation
2324|2023-10-07|burnley|chelsea,2324,2023-10-07,validation
2324|2023-10-07|crystal-palace|nottingham-forest,2324,2023-10-07,validation
2324|2023-10-07|everton|afc-bournemouth,2324,2023-10-07,validation
2324|2023-10-07|fulham|sheffield-united,2324,2023-10-07,validation
2324|2023-10-07|luton-town|tottenham-hotspur,2324,2023-10-07,validation
2324|2023-10-07|manchester-united|brentford,2324,2023-10-07,validation
2324|2023-10-08|arsenal|manchester-city,2324,2023-10-08,validation
2324|2023-10-08|brighton-and-hove-albion|liverpool,2324,2023-10-08,validation
2324|2023-10-08|west-ham-united|newcastle-united,2324,2023-10-08,validation
2324|2023-10-08|wolverhampton-wanderers|aston-villa,2324,2023-10-08,validation
2324|2023-10-21|afc-bournemouth|wolverhampton-wanderers,2324,2023-10-21,validation
2324|2023-10-21|brentford|burnley,2324,2023-10-21,validation
2324|2023-10-21|chelsea|arsenal,2324,2023-10-21,validation
2324|2023-10-21|liverpool|everton,2324,2023-10-21,validation
2324|2023-10-21|manchester-city|brighton-and-hove-albion,2324,2023-10-21,validation
2324|2023-10-21|newcastle-united|crystal-palace,2324,2023-10-21,validation
2324|2023-10-21|nottingham-forest|luton-town,2324,2023-10-21,validation
2324|2023-10-21|sheffield-united|manchester-united,2324,2023-10-21,validation
2324|2023-10-22|aston-villa|west-ham-united,2324,2023-10-22,validation
2324|2023-10-23|tottenham-hotspur|fulham,2324,2023-10-23,validation
2324|2023-10-27|crystal-palace|tottenham-hotspur,2324,2023-10-27,validation
2324|2023-10-28|afc-bournemouth|burnley,2324,2023-10-28,validation
2324|2023-10-28|arsenal|sheffield-united,2324,2023-10-28,validation
2324|2023-10-28|chelsea|brentford,2324,2023-10-28,validation
2324|2023-10-28|wolverhampton-wanderers|newcastle-united,2324,2023-10-28,validation
2324|2023-10-29|aston-villa|luton-town,2324,2023-10-29,validation
2324|2023-10-29|brighton-and-hove-albion|fulham,2324,2023-10-29,validation
2324|2023-10-29|liverpool|nottingham-forest,2324,2023-10-29,validation
2324|2023-10-29|manchester-united|manchester-city,2324,2023-10-29,validation
2324|2023-10-29|west-ham-united|everton,2324,2023-10-29,validation
2324|2023-11-04|brentford|west-ham-united,2324,2023-11-04,validation
2324|2023-11-04|burnley|crystal-palace,2324,2023-11-04,validation
2324|2023-11-04|everton|brighton-and-hove-albion,2324,2023-11-04,validation
2324|2023-11-04|fulham|manchester-united,2324,2023-11-04,validation
2324|2023-11-04|manchester-city|afc-bournemouth,2324,2023-11-04,validation
2324|2023-11-04|newcastle-united|arsenal,2324,2023-11-04,validation
2324|2023-11-04|sheffield-united|wolverhampton-wanderers,2324,2023-11-04,validation
2324|2023-11-05|luton-town|liverpool,2324,2023-11-05,validation
2324|2023-11-05|nottingham-forest|aston-villa,2324,2023-11-05,validation
2324|2023-11-06|tottenham-hotspur|chelsea,2324,2023-11-06,validation
2324|2023-11-11|afc-bournemouth|newcastle-united,2324,2023-11-11,validation
2324|2023-11-11|arsenal|burnley,2324,2023-11-11,validation
2324|2023-11-11|crystal-palace|everton,2324,2023-11-11,validation
2324|2023-11-11|manchester-united|luton-town,2324,2023-11-11,validation
2324|2023-11-11|wolverhampton-wanderers|tottenham-hotspur,2324,2023-11-11,validation
2324|2023-11-12|aston-villa|fulham,2324,2023-11-12,validation
2324|2023-11-12|brighton-and-hove-albion|sheffield-united,2324,2023-11-12,validation
2324|2023-11-12|chelsea|manchester-city,2324,2023-11-12,validation
2324|2023-11-12|liverpool|brentford,2324,2023-11-12,validation
2324|2023-11-12|west-ham-united|nottingham-forest,2324,2023-11-12,validation
2324|2023-11-25|brentford|arsenal,2324,2023-11-25,validation
2324|2023-11-25|burnley|west-ham-united,2324,2023-11-25,validation
2324|2023-11-25|luton-town|crystal-palace,2324,2023-11-25,validation
2324|2023-11-25|manchester-city|liverpool,2324,2023-11-25,validation
2324|2023-11-25|newcastle-united|chelsea,2324,2023-11-25,validation
2324|2023-11-25|nottingham-forest|brighton-and-hove-albion,2324,2023-11-25,validation
2324|2023-11-25|sheffield-united|afc-bournemouth,2324,2023-11-25,validation
2324|2023-11-26|everton|manchester-united,2324,2023-11-26,validation
2324|2023-11-26|tottenham-hotspur|aston-villa,2324,2023-11-26,validation
2324|2023-11-27|fulham|wolverhampton-wanderers,2324,2023-11-27,validation
2324|2023-12-02|arsenal|wolverhampton-wanderers,2324,2023-12-02,validation
2324|2023-12-02|brentford|luton-town,2324,2023-12-02,validation
2324|2023-12-02|burnley|sheffield-united,2324,2023-12-02,validation
2324|2023-12-02|newcastle-united|manchester-united,2324,2023-12-02,validation
2324|2023-12-02|nottingham-forest|everton,2324,2023-12-02,validation
2324|2023-12-03|afc-bournemouth|aston-villa,2324,2023-12-03,validation
2324|2023-12-03|chelsea|brighton-and-hove-albion,2324,2023-12-03,validation
2324|2023-12-03|liverpool|fulham,2324,2023-12-03,validation
2324|2023-12-03|manchester-city|tottenham-hotspur,2324,2023-12-03,validation
2324|2023-12-03|west-ham-united|crystal-palace,2324,2023-12-03,validation
2324|2023-12-05|luton-town|arsenal,2324,2023-12-05,validation
2324|2023-12-05|wolverhampton-wanderers|burnley,2324,2023-12-05,validation
2324|2023-12-06|aston-villa|manchester-city,2324,2023-12-06,validation
2324|2023-12-06|brighton-and-hove-albion|brentford,2324,2023-12-06,validation
2324|2023-12-06|crystal-palace|afc-bournemouth,2324,2023-12-06,validation
2324|2023-12-06|fulham|nottingham-forest,2324,2023-12-06,validation
2324|2023-12-06|manchester-united|chelsea,2324,2023-12-06,validation
2324|2023-12-06|sheffield-united|liverpool,2324,2023-12-06,validation
2324|2023-12-07|everton|newcastle-united,2324,2023-12-07,validation
2324|2023-12-07|tottenham-hotspur|west-ham-united,2324,2023-12-07,validation
2324|2023-12-09|aston-villa|arsenal,2324,2023-12-09,validation
2324|2023-12-09|brighton-and-hove-albion|burnley,2324,2023-12-09,validation
2324|2023-12-09|crystal-palace|liverpool,2324,2023-12-09,validation
2324|2023-12-09|manchester-united|afc-bournemouth,2324,2023-12-09,validation
2324|2023-12-09|sheffield-united|brentford,2324,2023-12-09,validation
2324|2023-12-09|wolverhampton-wanderers|nottingham-forest,2324,2023-12-09,validation
2324|2023-12-10|everton|chelsea,2324,2023-12-10,validation
2324|2023-12-10|fulham|west-ham-united,2324,2023-12-10,validation
2324|2023-12-10|luton-town|manchester-city,2324,2023-12-10,validation
2324|2023-12-10|tottenham-hotspur|newcastle-united,2324,2023-12-10,validation
2324|2023-12-15|nottingham-forest|tottenham-hotspur,2324,2023-12-15,validation
2324|2023-12-16|burnley|everton,2324,2023-12-16,validation
2324|2023-12-16|chelsea|sheffield-united,2324,2023-12-16,validation
2324|2023-12-16|manchester-city|crystal-palace,2324,2023-12-16,validation
2324|2023-12-16|newcastle-united|fulham,2324,2023-12-16,validation
2324|2023-12-17|arsenal|brighton-and-hove-albion,2324,2023-12-17,validation
2324|2023-12-17|brentford|aston-villa,2324,2023-12-17,validation
2324|2023-12-17|liverpool|manchester-united,2324,2023-12-17,validation
2324|2023-12-17|west-ham-united|wolverhampton-wanderers,2324,2023-12-17,validation
2324|2023-12-21|crystal-palace|brighton-and-hove-albion,2324,2023-12-21,validation
2324|2023-12-22|aston-villa|sheffield-united,2324,2023-12-22,validation
2324|2023-12-23|fulham|burnley,2324,2023-12-23,validation
2324|2023-12-23|liverpool|arsenal,2324,2023-12-23,validation
2324|2023-12-23|luton-town|newcastle-united,2324,2023-12-23,validation
2324|2023-12-23|nottingham-forest|afc-bournemouth,2324,2023-12-23,validation
2324|2023-12-23|tottenham-hotspur|everton,2324,2023-12-23,validation
2324|2023-12-23|west-ham-united|manchester-united,2324,2023-12-23,validation
2324|2023-12-24|wolverhampton-wanderers|chelsea,2324,2023-12-24,validation
2324|2023-12-26|afc-bournemouth|fulham,2324,2023-12-26,validation
2324|2023-12-26|burnley|liverpool,2324,2023-12-26,validation
2324|2023-12-26|manchester-united|aston-villa,2324,2023-12-26,validation
2324|2023-12-26|newcastle-united|nottingham-forest,2324,2023-12-26,validation
2324|2023-12-26|sheffield-united|luton-town,2324,2023-12-26,validation
2324|2023-12-27|brentford|wolverhampton-wanderers,2324,2023-12-27,validation
2324|2023-12-27|chelsea|crystal-palace,2324,2023-12-27,validation
2324|2023-12-27|everton|manchester-city,2324,2023-12-27,validation
2324|2023-12-28|arsenal|west-ham-united,2324,2023-12-28,validation
2324|2023-12-28|brighton-and-hove-albion|tottenham-hotspur,2324,2023-12-28,validation
2324|2023-12-30|aston-villa|burnley,2324,2023-12-30,validation
2324|2023-12-30|crystal-palace|brentford,2324,2023-12-30,validation
2324|2023-12-30|luton-town|chelsea,2324,2023-12-30,validation
2324|2023-12-30|manchester-city|sheffield-united,2324,2023-12-30,validation
2324|2023-12-30|nottingham-forest|manchester-united,2324,2023-12-30,validation
2324|2023-12-30|wolverhampton-wanderers|everton,2324,2023-12-30,validation
2324|2023-12-31|fulham|arsenal,2324,2023-12-31,validation
2324|2023-12-31|tottenham-hotspur|afc-bournemouth,2324,2023-12-31,validation
2324|2024-01-01|liverpool|newcastle-united,2324,2024-01-01,validation
2324|2024-01-02|west-ham-united|brighton-and-hove-albion,2324,2024-01-02,validation
2324|2024-01-12|burnley|luton-town,2324,2024-01-12,validation
2324|2024-01-13|chelsea|fulham,2324,2024-01-13,validation
2324|2024-01-13|newcastle-united|manchester-city,2324,2024-01-13,validation
2324|2024-01-14|everton|aston-villa,2324,2024-01-14,validation
2324|2024-01-14|manchester-united|tottenham-hotspur,2324,2024-01-14,validation
2324|2024-01-20|arsenal|crystal-palace,2324,2024-01-20,validation
2324|2024-01-20|brentford|nottingham-forest,2324,2024-01-20,validation
2324|2024-01-21|afc-bournemouth|liverpool,2324,2024-01-21,validation
2324|2024-01-21|sheffield-united|west-ham-united,2324,2024-01-21,validation
2324|2024-01-22|brighton-and-hove-albion|wolverhampton-wanderers,2324,2024-01-22,validation
2324|2024-01-30|aston-villa|newcastle-united,2324,2024-01-30,validation
2324|2024-01-30|crystal-palace|sheffield-united,2324,2024-01-30,validation
2324|2024-01-30|fulham|everton,2324,2024-01-30,validation
2324|2024-01-30|luton-town|brighton-and-hove-albion,2324,2024-01-30,validation
2324|2024-01-30|nottingham-forest|arsenal,2324,2024-01-30,validation
2324|2024-01-31|liverpool|chelsea,2324,2024-01-31,validation
2324|2024-01-31|manchester-city|burnley,2324,2024-01-31,validation
2324|2024-01-31|tottenham-hotspur|brentford,2324,2024-01-31,validation
2324|2024-02-01|west-ham-united|afc-bournemouth,2324,2024-02-01,validation
2324|2024-02-01|wolverhampton-wanderers|manchester-united,2324,2024-02-01,validation
2324|2024-02-03|brighton-and-hove-albion|crystal-palace,2324,2024-02-03,validation
2324|2024-02-03|burnley|fulham,2324,2024-02-03,validation
2324|2024-02-03|everton|tottenham-hotspur,2324,2024-02-03,validation
2324|2024-02-03|newcastle-united|luton-town,2324,2024-02-03,validation
2324|2024-02-03|sheffield-united|aston-villa,2324,2024-02-03,validation
2324|2024-02-04|afc-bournemouth|nottingham-forest,2324,2024-02-04,validation
2324|2024-02-04|arsenal|liverpool,2324,2024-02-04,validation
2324|2024-02-04|chelsea|wolverhampton-wanderers,2324,2024-02-04,validation
2324|2024-02-04|manchester-united|west-ham-united,2324,2024-02-04,validation
2324|2024-02-05|brentford|manchester-city,2324,2024-02-05,validation
2324|2024-02-10|fulham|afc-bournemouth,2324,2024-02-10,validation
2324|2024-02-10|liverpool|burnley,2324,2024-02-10,validation
2324|2024-02-10|luton-town|sheffield-united,2324,2024-02-10,validation
2324|2024-02-10|manchester-city|everton,2324,2024-02-10,validation
2324|2024-02-10|nottingham-forest|newcastle-united,2324,2024-02-10,validation
2324|2024-02-10|tottenham-hotspur|brighton-and-hove-albion,2324,2024-02-10,validation
2324|2024-02-10|wolverhampton-wanderers|brentford,2324,2024-02-10,validation
2324|2024-02-11|aston-villa|manchester-united,2324,2024-02-11,validation
2324|2024-02-11|west-ham-united|arsenal,2324,2024-02-11,validation
2324|2024-02-12|crystal-palace|chelsea,2324,2024-02-12,validation
2324|2024-02-17|brentford|liverpool,2324,2024-02-17,validation
2324|2024-02-17|burnley|arsenal,2324,2024-02-17,validation
2324|2024-02-17|fulham|aston-villa,2324,2024-02-17,validation
2324|2024-02-17|manchester-city|chelsea,2324,2024-02-17,validation
2324|2024-02-17|newcastle-united|afc-bournemouth,2324,2024-02-17,validation
2324|2024-02-17|nottingham-forest|west-ham-united,2324,2024-02-17,validation
2324|2024-02-17|tottenham-hotspur|wolverhampton-wanderers,2324,2024-02-17,validation
2324|2024-02-18|luton-town|manchester-united,2324,2024-02-18,validation
2324|2024-02-18|sheffield-united|brighton-and-hove-albion,2324,2024-02-18,validation
2324|2024-02-19|everton|crystal-palace,2324,2024-02-19,validation
2324|2024-02-20|manchester-city|brentford,2324,2024-02-20,validation
2324|2024-02-21|liverpool|luton-town,2324,2024-02-21,validation
2324|2024-02-24|afc-bournemouth|manchester-city,2324,2024-02-24,validation
2324|2024-02-24|arsenal|newcastle-united,2324,2024-02-24,validation
2324|2024-02-24|aston-villa|nottingham-forest,2324,2024-02-24,validation
2324|2024-02-24|brighton-and-hove-albion|everton,2324,2024-02-24,validation
2324|2024-02-24|crystal-palace|burnley,2324,2024-02-24,validation
2324|2024-02-24|manchester-united|fulham,2324,2024-02-24,validation
2324|2024-02-25|wolverhampton-wanderers|sheffield-united,2324,2024-02-25,validation
2324|2024-02-26|west-ham-united|brentford,2324,2024-02-26,validation
2324|2024-03-02|brentford|chelsea,2324,2024-03-02,validation
2324|2024-03-02|everton|west-ham-united,2324,2024-03-02,validation
2324|2024-03-02|fulham|brighton-and-hove-albion,2324,2024-03-02,validation
2324|2024-03-02|luton-town|aston-villa,2324,2024-03-02,validation
2324|2024-03-02|newcastle-united|wolverhampton-wanderers,2324,2024-03-02,validation
2324|2024-03-02|nottingham-forest|liverpool,2324,2024-03-02,validation
2324|2024-03-02|tottenham-hotspur|crystal-palace,2324,2024-03-02,validation
2324|2024-03-03|burnley|afc-bournemouth,2324,2024-03-03,validation
2324|2024-03-03|manchester-city|manchester-united,2324,2024-03-03,validation
2324|2024-03-04|sheffield-united|arsenal,2324,2024-03-04,validation
2324|2024-03-09|afc-bournemouth|sheffield-united,2324,2024-03-09,validation
2324|2024-03-09|arsenal|brentford,2324,2024-03-09,validation
2324|2024-03-09|crystal-palace|luton-town,2324,2024-03-09,validation
2324|2024-03-09|manchester-united|everton,2324,2024-03-09,validation
2324|2024-03-09|wolverhampton-wanderers|fulham,2324,2024-03-09,validation
2324|2024-03-10|aston-villa|tottenham-hotspur,2324,2024-03-10,validation
2324|2024-03-10|brighton-and-hove-albion|nottingham-forest,2324,2024-03-10,validation
2324|2024-03-10|liverpool|manchester-city,2324,2024-03-10,validation
2324|2024-03-10|west-ham-united|burnley,2324,2024-03-10,validation
2324|2024-03-11|chelsea|newcastle-united,2324,2024-03-11,validation
2324|2024-03-13|afc-bournemouth|luton-town,2324,2024-03-13,validation
2324|2024-03-16|burnley|brentford,2324,2024-03-16,validation
2324|2024-03-16|fulham|tottenham-hotspur,2324,2024-03-16,validation
2324|2024-03-16|luton-town|nottingham-forest,2324,2024-03-16,validation
2324|2024-03-17|west-ham-united|aston-villa,2324,2024-03-17,validation
2324|2024-03-30|afc-bournemouth|everton,2324,2024-03-30,validation
2324|2024-03-30|aston-villa|wolverhampton-wanderers,2324,2024-03-30,validation
2324|2024-03-30|brentford|manchester-united,2324,2024-03-30,validation
2324|2024-03-30|chelsea|burnley,2324,2024-03-30,validation
2324|2024-03-30|newcastle-united|west-ham-united,2324,2024-03-30,validation
2324|2024-03-30|nottingham-forest|crystal-palace,2324,2024-03-30,validation
2324|2024-03-30|sheffield-united|fulham,2324,2024-03-30,validation
2324|2024-03-30|tottenham-hotspur|luton-town,2324,2024-03-30,validation
2324|2024-03-31|liverpool|brighton-and-hove-albion,2324,2024-03-31,validation
2324|2024-03-31|manchester-city|arsenal,2324,2024-03-31,validation
2324|2024-04-02|afc-bournemouth|crystal-palace,2324,2024-04-02,validation
2324|2024-04-02|burnley|wolverhampton-wanderers,2324,2024-04-02,validation
2324|2024-04-02|newcastle-united|everton,2324,2024-04-02,validation
2324|2024-04-02|nottingham-forest|fulham,2324,2024-04-02,validation
2324|2024-04-02|west-ham-united|tottenham-hotspur,2324,2024-04-02,validation
2324|2024-04-03|arsenal|luton-town,2324,2024-04-03,validation
2324|2024-04-03|brentford|brighton-and-hove-albion,2324,2024-04-03,validation
2324|2024-04-03|manchester-city|aston-villa,2324,2024-04-03,validation
2324|2024-04-04|chelsea|manchester-united,2324,2024-04-04,validation
2324|2024-04-04|liverpool|sheffield-united,2324,2024-04-04,validation
2324|2024-04-06|aston-villa|brentford,2324,2024-04-06,validation
2324|2024-04-06|brighton-and-hove-albion|arsenal,2324,2024-04-06,validation
2324|2024-04-06|crystal-palace|manchester-city,2324,2024-04-06,validation
2324|2024-04-06|everton|burnley,2324,2024-04-06,validation
2324|2024-04-06|fulham|newcastle-united,2324,2024-04-06,validation
2324|2024-04-06|luton-town|afc-bournemouth,2324,2024-04-06,validation
2324|2024-04-06|wolverhampton-wanderers|west-ham-united,2324,2024-04-06,validation
2324|2024-04-07|manchester-united|liverpool,2324,2024-04-07,validation
2324|2024-04-07|sheffield-united|chelsea,2324,2024-04-07,validation
2324|2024-04-07|tottenham-hotspur|nottingham-forest,2324,2024-04-07,validation
2324|2024-04-13|afc-bournemouth|manchester-united,2324,2024-04-13,validation
2324|2024-04-13|brentford|sheffield-united,2324,2024-04-13,validation
2324|2024-04-13|burnley|brighton-and-hove-albion,2324,2024-04-13,validation
2324|2024-04-13|manchester-city|luton-town,2324,2024-04-13,validation
2324|2024-04-13|newcastle-united|tottenham-hotspur,2324,2024-04-13,validation
2324|2024-04-13|nottingham-forest|wolverhampton-wanderers,2324,2024-04-13,validation
2324|2024-04-14|arsenal|aston-villa,2324,2024-04-14,validation
2324|2024-04-14|liverpool|crystal-palace,2324,2024-04-14,validation
2324|2024-04-14|west-ham-united|fulham,2324,2024-04-14,validation
2324|2024-04-15|chelsea|everton,2324,2024-04-15,validation
2324|2024-04-20|luton-town|brentford,2324,2024-04-20,validation
2324|2024-04-20|sheffield-united|burnley,2324,2024-04-20,validation
2324|2024-04-20|wolverhampton-wanderers|arsenal,2324,2024-04-20,validation
2324|2024-04-21|aston-villa|afc-bournemouth,2324,2024-04-21,validation
2324|2024-04-21|crystal-palace|west-ham-united,2324,2024-04-21,validation
2324|2024-04-21|everton|nottingham-forest,2324,2024-04-21,validation
2324|2024-04-21|fulham|liverpool,2324,2024-04-21,validation
2324|2024-04-23|arsenal|chelsea,2324,2024-04-23,validation
2324|2024-04-24|crystal-palace|newcastle-united,2324,2024-04-24,validation
2324|2024-04-24|everton|liverpool,2324,2024-04-24,validation
2324|2024-04-24|manchester-united|sheffield-united,2324,2024-04-24,validation
2324|2024-04-24|wolverhampton-wanderers|afc-bournemouth,2324,2024-04-24,validation
2324|2024-04-25|brighton-and-hove-albion|manchester-city,2324,2024-04-25,validation
2324|2024-04-27|aston-villa|chelsea,2324,2024-04-27,validation
2324|2024-04-27|everton|brentford,2324,2024-04-27,validation
2324|2024-04-27|fulham|crystal-palace,2324,2024-04-27,validation
2324|2024-04-27|manchester-united|burnley,2324,2024-04-27,validation
2324|2024-04-27|newcastle-united|sheffield-united,2324,2024-04-27,validation
2324|2024-04-27|west-ham-united|liverpool,2324,2024-04-27,validation
2324|2024-04-27|wolverhampton-wanderers|luton-town,2324,2024-04-27,validation
2324|2024-04-28|afc-bournemouth|brighton-and-hove-albion,2324,2024-04-28,validation
2324|2024-04-28|nottingham-forest|manchester-city,2324,2024-04-28,validation
2324|2024-04-28|tottenham-hotspur|arsenal,2324,2024-04-28,validation
2324|2024-05-02|chelsea|tottenham-hotspur,2324,2024-05-02,validation
2324|2024-05-03|luton-town|everton,2324,2024-05-03,validation
2324|2024-05-04|arsenal|afc-bournemouth,2324,2024-05-04,validation
2324|2024-05-04|brentford|fulham,2324,2024-05-04,validation
2324|2024-05-04|burnley|newcastle-united,2324,2024-05-04,validation
2324|2024-05-04|manchester-city|wolverhampton-wanderers,2324,2024-05-04,validation
2324|2024-05-04|sheffield-united|nottingham-forest,2324,2024-05-04,validation
2324|2024-05-05|brighton-and-hove-albion|aston-villa,2324,2024-05-05,validation
2324|2024-05-05|chelsea|west-ham-united,2324,2024-05-05,validation
2324|2024-05-05|liverpool|tottenham-hotspur,2324,2024-05-05,validation
2324|2024-05-06|crystal-palace|manchester-united,2324,2024-05-06,validation
2324|2024-05-11|afc-bournemouth|brentford,2324,2024-05-11,validation
2324|2024-05-11|everton|sheffield-united,2324,2024-05-11,validation
2324|2024-05-11|fulham|manchester-city,2324,2024-05-11,validation
2324|2024-05-11|newcastle-united|brighton-and-hove-albion,2324,2024-05-11,validation
2324|2024-05-11|nottingham-forest|chelsea,2324,2024-05-11,validation
2324|2024-05-11|tottenham-hotspur|burnley,2324,2024-05-11,validation
2324|2024-05-11|west-ham-united|luton-town,2324,2024-05-11,validation
2324|2024-05-11|wolverhampton-wanderers|crystal-palace,2324,2024-05-11,validation
2324|2024-05-12|manchester-united|arsenal,2324,2024-05-12,validation
2324|2024-05-13|aston-villa|liverpool,2324,2024-05-13,validation
2324|2024-05-14|tottenham-hotspur|manchester-city,2324,2024-05-14,validation
2324|2024-05-15|brighton-and-hove-albion|chelsea,2324,2024-05-15,validation
2324|2024-05-15|manchester-united|newcastle-united,2324,2024-05-15,validation
2324|2024-05-19|arsenal|everton,2324,2024-05-19,validation
2324|2024-05-19|brentford|newcastle-united,2324,2024-05-19,validation
2324|2024-05-19|brighton-and-hove-albion|manchester-united,2324,2024-05-19,validation
2324|2024-05-19|burnley|nottingham-forest,2324,2024-05-19,validation
2324|2024-05-19|chelsea|afc-bournemouth,2324,2024-05-19,validation
2324|2024-05-19|crystal-palace|aston-villa,2324,2024-05-19,validation
2324|2024-05-19|liverpool|wolverhampton-wanderers,2324,2024-05-19,validation
2324|2024-05-19|luton-town|fulham,2324,2024-05-19,validation
2324|2024-05-19|manchester-city|west-ham-united,2324,2024-05-19,validation
2324|2024-05-19|sheffield-united|tottenham-hotspur,2324,2024-05-19,validation
2425|2024-08-16|manchester-united|fulham,2425,2024-08-16,test
2425|2024-08-17|arsenal|wolverhampton-wanderers,2425,2024-08-17,test
2425|2024-08-17|everton|brighton-and-hove-albion,2425,2024-08-17,test
2425|2024-08-17|ipswich-town|liverpool,2425,2024-08-17,test
2425|2024-08-17|newcastle-united|southampton,2425,2024-08-17,test
2425|2024-08-17|nottingham-forest|afc-bournemouth,2425,2024-08-17,test
2425|2024-08-17|west-ham-united|aston-villa,2425,2024-08-17,test
2425|2024-08-18|brentford|crystal-palace,2425,2024-08-18,test
2425|2024-08-18|chelsea|manchester-city,2425,2024-08-18,test
2425|2024-08-19|leicester-city|tottenham-hotspur,2425,2024-08-19,test
2425|2024-08-24|aston-villa|arsenal,2425,2024-08-24,test
2425|2024-08-24|brighton-and-hove-albion|manchester-united,2425,2024-08-24,test
2425|2024-08-24|crystal-palace|west-ham-united,2425,2024-08-24,test
2425|2024-08-24|fulham|leicester-city,2425,2024-08-24,test
2425|2024-08-24|manchester-city|ipswich-town,2425,2024-08-24,test
2425|2024-08-24|southampton|nottingham-forest,2425,2024-08-24,test
2425|2024-08-24|tottenham-hotspur|everton,2425,2024-08-24,test
2425|2024-08-25|afc-bournemouth|newcastle-united,2425,2024-08-25,test
2425|2024-08-25|liverpool|brentford,2425,2024-08-25,test
2425|2024-08-25|wolverhampton-wanderers|chelsea,2425,2024-08-25,test
2425|2024-08-31|arsenal|brighton-and-hove-albion,2425,2024-08-31,test
2425|2024-08-31|brentford|southampton,2425,2024-08-31,test
2425|2024-08-31|everton|afc-bournemouth,2425,2024-08-31,test
2425|2024-08-31|ipswich-town|fulham,2425,2024-08-31,test
2425|2024-08-31|leicester-city|aston-villa,2425,2024-08-31,test
2425|2024-08-31|nottingham-forest|wolverhampton-wanderers,2425,2024-08-31,test
2425|2024-08-31|west-ham-united|manchester-city,2425,2024-08-31,test
2425|2024-09-01|chelsea|crystal-palace,2425,2024-09-01,test
2425|2024-09-01|manchester-united|liverpool,2425,2024-09-01,test
2425|2024-09-01|newcastle-united|tottenham-hotspur,2425,2024-09-01,test
2425|2024-09-14|afc-bournemouth|chelsea,2425,2024-09-14,test
2425|2024-09-14|aston-villa|everton,2425,2024-09-14,test
2425|2024-09-14|brighton-and-hove-albion|ipswich-town,2425,2024-09-14,test
2425|2024-09-14|crystal-palace|leicester-city,2425,2024-09-14,test
2425|2024-09-14|fulham|west-ham-united,2425,2024-09-14,test
2425|2024-09-14|liverpool|nottingham-forest,2425,2024-09-14,test
2425|2024-09-14|manchester-city|brentford,2425,2024-09-14,test
2425|2024-09-14|southampton|manchester-united,2425,2024-09-14,test
2425|2024-09-15|tottenham-hotspur|arsenal,2425,2024-09-15,test
2425|2024-09-15|wolverhampton-wanderers|newcastle-united,2425,2024-09-15,test
2425|2024-09-21|aston-villa|wolverhampton-wanderers,2425,2024-09-21,test
2425|2024-09-21|crystal-palace|manchester-united,2425,2024-09-21,test
2425|2024-09-21|fulham|newcastle-united,2425,2024-09-21,test
2425|2024-09-21|leicester-city|everton,2425,2024-09-21,test
2425|2024-09-21|liverpool|afc-bournemouth,2425,2024-09-21,test
2425|2024-09-21|southampton|ipswich-town,2425,2024-09-21,test
2425|2024-09-21|tottenham-hotspur|brentford,2425,2024-09-21,test
2425|2024-09-21|west-ham-united|chelsea,2425,2024-09-21,test
2425|2024-09-22|brighton-and-hove-albion|nottingham-forest,2425,2024-09-22,test
2425|2024-09-22|manchester-city|arsenal,2425,2024-09-22,test
2425|2024-09-28|arsenal|leicester-city,2425,2024-09-28,test
2425|2024-09-28|brentford|west-ham-united,2425,2024-09-28,test
2425|2024-09-28|chelsea|brighton-and-hove-albion,2425,2024-09-28,test
2425|2024-09-28|everton|crystal-palace,2425,2024-09-28,test
2425|2024-09-28|newcastle-united|manchester-city,2425,2024-09-28,test
2425|2024-09-28|nottingham-forest|fulham,2425,2024-09-28,test
2425|2024-09-28|wolverhampton-wanderers|liverpool,2425,2024-09-28,test
2425|2024-09-29|ipswich-town|aston-villa,2425,2024-09-29,test
2425|2024-09-29|manchester-united|tottenham-hotspur,2425,2024-09-29,test
2425|2024-09-30|afc-bournemouth|southampton,2425,2024-09-30,test
2425|2024-10-05|arsenal|southampton,2425,2024-10-05,test
2425|2024-10-05|brentford|wolverhampton-wanderers,2425,2024-10-05,test
2425|2024-10-05|crystal-palace|liverpool,2425,2024-10-05,test
2425|2024-10-05|everton|newcastle-united,2425,2024-10-05,test
2425|2024-10-05|leicester-city|afc-bournemouth,2425,2024-10-05,test
2425|2024-10-05|manchester-city|fulham,2425,2024-10-05,test
2425|2024-10-05|west-ham-united|ipswich-town,2425,2024-10-05,test
2425|2024-10-06|aston-villa|manchester-united,2425,2024-10-06,test
2425|2024-10-06|brighton-and-hove-albion|tottenham-hotspur,2425,2024-10-06,test
2425|2024-10-06|chelsea|nottingham-forest,2425,2024-10-06,test
2425|2024-10-19|afc-bournemouth|arsenal,2425,2024-10-19,test
2425|2024-10-19|fulham|aston-villa,2425,2024-10-19,test
2425|2024-10-19|ipswich-town|everton,2425,2024-10-19,test
2425|2024-10-19|manchester-united|brentford,2425,2024-10-19,test
2425|2024-10-19|newcastle-united|brighton-and-hove-albion,2425,2024-10-19,test
2425|2024-10-19|southampton|leicester-city,2425,2024-10-19,test
2425|2024-10-19|tottenham-hotspur|west-ham-united,2425,2024-10-19,test
2425|2024-10-20|liverpool|chelsea,2425,2024-10-20,test
2425|2024-10-20|wolverhampton-wanderers|manchester-city,2425,2024-10-20,test
2425|2024-10-21|nottingham-forest|crystal-palace,2425,2024-10-21,test
2425|2024-10-25|leicester-city|nottingham-forest,2425,2024-10-25,test
2425|2024-10-26|aston-villa|afc-bournemouth,2425,2024-10-26,test
2425|2024-10-26|brentford|ipswich-town,2425,2024-10-26,test
2425|2024-10-26|brighton-and-hove-albion|wolverhampton-wanderers,2425,2024-10-26,test
2425|2024-10-26|everton|fulham,2425,2024-10-26,test
2425|2024-10-26|manchester-city|southampton,2425,2024-10-26,test
2425|2024-10-27|arsenal|liverpool,2425,2024-10-27,test
2425|2024-10-27|chelsea|newcastle-united,2425,2024-10-27,test
2425|2024-10-27|crystal-palace|tottenham-hotspur,2425,2024-10-27,test
2425|2024-10-27|west-ham-united|manchester-united,2425,2024-10-27,test
2425|2024-11-02|afc-bournemouth|manchester-city,2425,2024-11-02,test
2425|2024-11-02|ipswich-town|leicester-city,2425,2024-11-02,test
2425|2024-11-02|liverpool|brighton-and-hove-albion,2425,2024-11-02,test
2425|2024-11-02|newcastle-united|arsenal,2425,2024-11-02,test
2425|2024-11-02|nottingham-forest|west-ham-united,2425,2024-11-02,test
2425|2024-11-02|southampton|everton,2425,2024-11-02,test
2425|2024-11-02|wolverhampton-wanderers|crystal-palace,2425,2024-11-02,test
2425|2024-11-03|manchester-united|chelsea,2425,2024-11-03,test
2425|2024-11-03|tottenham-hotspur|aston-villa,2425,2024-11-03,test
2425|2024-11-04|fulham|brentford,2425,2024-11-04,test
2425|2024-11-09|brentford|afc-bournemouth,2425,2024-11-09,test
2425|2024-11-09|brighton-and-hove-albion|manchester-city,2425,2024-11-09,test
2425|2024-11-09|crystal-palace|fulham,2425,2024-11-09,test
2425|2024-11-09|liverpool|aston-villa,2425,2024-11-09,test
2425|2024-11-09|west-ham-united|everton,2425,2024-11-09,test
2425|2024-11-09|wolverhampton-wanderers|southampton,2425,2024-11-09,test
2425|2024-11-10|chelsea|arsenal,2425,2024-11-10,test
2425|2024-11-10|manchester-united|leicester-city,2425,2024-11-10,test
2425|2024-11-10|nottingham-forest|newcastle-united,2425,2024-11-10,test
2425|2024-11-10|tottenham-hotspur|ipswich-town,2425,2024-11-10,test
2425|2024-11-23|afc-bournemouth|brighton-and-hove-albion,2425,2024-11-23,test
2425|2024-11-23|arsenal|nottingham-forest,2425,2024-11-23,test
2425|2024-11-23|aston-villa|crystal-palace,2425,2024-11-23,test
2425|2024-11-23|everton|brentford,2425,2024-11-23,test
2425|2024-11-23|fulham|wolverhampton-wanderers,2425,2024-11-23,test
2425|2024-11-23|leicester-city|chelsea,2425,2024-11-23,test
2425|2024-11-23|manchester-city|tottenham-hotspur,2425,2024-11-23,test
2425|2024-11-24|ipswich-town|manchester-united,2425,2024-11-24,test
2425|2024-11-24|southampton|liverpool,2425,2024-11-24,test
2425|2024-11-25|newcastle-united|west-ham-united,2425,2024-11-25,test
2425|2024-11-29|brighton-and-hove-albion|southampton,2425,2024-11-29,test
2425|2024-11-30|brentford|leicester-city,2425,2024-11-30,test
2425|2024-11-30|crystal-palace|newcastle-united,2425,2024-11-30,test
2425|2024-11-30|nottingham-forest|ipswich-town,2425,2024-11-30,test
2425|2024-11-30|west-ham-united|arsenal,2425,2024-11-30,test
2425|2024-11-30|wolverhampton-wanderers|afc-bournemouth,2425,2024-11-30,test
2425|2024-12-01|chelsea|aston-villa,2425,2024-12-01,test
2425|2024-12-01|liverpool|manchester-city,2425,2024-12-01,test
2425|2024-12-01|manchester-united|everton,2425,2024-12-01,test
2425|2024-12-01|tottenham-hotspur|fulham,2425,2024-12-01,test
2425|2024-12-03|ipswich-town|crystal-palace,2425,2024-12-03,test
2425|2024-12-03|leicester-city|west-ham-united,2425,2024-12-03,test
2425|2024-12-04|arsenal|manchester-united,2425,2024-12-04,test
2425|2024-12-04|aston-villa|brentford,2425,2024-12-04,test
2425|2024-12-04|everton|wolverhampton-wanderers,2425,2024-12-04,test
2425|2024-12-04|manchester-city|nottingham-forest,2425,2024-12-04,test
2425|2024-12-04|newcastle-united|liverpool,2425,2024-12-04,test
2425|2024-12-04|southampton|chelsea,2425,2024-12-04,test
2425|2024-12-05|afc-bournemouth|tottenham-hotspur,2425,2024-12-05,test
2425|2024-12-05|fulham|brighton-and-hove-albion,2425,2024-12-05,test
2425|2024-12-07|aston-villa|southampton,2425,2024-12-07,test
2425|2024-12-07|brentford|newcastle-united,2425,2024-12-07,test
2425|2024-12-07|crystal-palace|manchester-city,2425,2024-12-07,test
2425|2024-12-07|manchester-united|nottingham-forest,2425,2024-12-07,test
2425|2024-12-08|fulham|arsenal,2425,2024-12-08,test
2425|2024-12-08|ipswich-town|afc-bournemouth,2425,2024-12-08,test
2425|2024-12-08|leicester-city|brighton-and-hove-albion,2425,2024-12-08,test
2425|2024-12-08|tottenham-hotspur|chelsea,2425,2024-12-08,test
2425|2024-12-09|west-ham-united|wolverhampton-wanderers,2425,2024-12-09,test
2425|2024-12-14|arsenal|everton,2425,2024-12-14,test
2425|2024-12-14|liverpool|fulham,2425,2024-12-14,test
2425|2024-12-14|newcastle-united|leicester-city,2425,2024-12-14,test
2425|2024-12-14|nottingham-forest|aston-villa,2425,2024-12-14,test
2425|2024-12-14|wolverhampton-wanderers|ipswich-town,2425,2024-12-14,test
2425|2024-12-15|brighton-and-hove-albion|crystal-palace,2425,2024-12-15,test
2425|2024-12-15|chelsea|brentford,2425,2024-12-15,test
2425|2024-12-15|manchester-city|manchester-united,2425,2024-12-15,test
2425|2024-12-15|southampton|tottenham-hotspur,2425,2024-12-15,test
2425|2024-12-16|afc-bournemouth|west-ham-united,2425,2024-12-16,test
2425|2024-12-21|aston-villa|manchester-city,2425,2024-12-21,test
2425|2024-12-21|brentford|nottingham-forest,2425,2024-12-21,test
2425|2024-12-21|crystal-palace|arsenal,2425,2024-12-21,test
2425|2024-12-21|ipswich-town|newcastle-united,2425,2024-12-21,test
2425|2024-12-21|west-ham-united|brighton-and-hove-albion,2425,2024-12-21,test
2425|2024-12-22|everton|chelsea,2425,2024-12-22,test
2425|2024-12-22|fulham|southampton,2425,2024-12-22,test
2425|2024-12-22|leicester-city|wolverhampton-wanderers,2425,2024-12-22,test
2425|2024-12-22|manchester-united|afc-bournemouth,2425,2024-12-22,test
2425|2024-12-22|tottenham-hotspur|liverpool,2425,2024-12-22,test
2425|2024-12-26|afc-bournemouth|crystal-palace,2425,2024-12-26,test
2425|2024-12-26|chelsea|fulham,2425,2024-12-26,test
2425|2024-12-26|liverpool|leicester-city,2425,2024-12-26,test
2425|2024-12-26|manchester-city|everton,2425,2024-12-26,test
2425|2024-12-26|newcastle-united|aston-villa,2425,2024-12-26,test
2425|2024-12-26|nottingham-forest|tottenham-hotspur,2425,2024-12-26,test
2425|2024-12-26|southampton|west-ham-united,2425,2024-12-26,test
2425|2024-12-26|wolverhampton-wanderers|manchester-united,2425,2024-12-26,test
2425|2024-12-27|arsenal|ipswich-town,2425,2024-12-27,test
2425|2024-12-27|brighton-and-hove-albion|brentford,2425,2024-12-27,test
2425|2024-12-29|crystal-palace|southampton,2425,2024-12-29,test
2425|2024-12-29|everton|nottingham-forest,2425,2024-12-29,test
2425|2024-12-29|fulham|afc-bournemouth,2425,2024-12-29,test
2425|2024-12-29|leicester-city|manchester-city,2425,2024-12-29,test
2425|2024-12-29|tottenham-hotspur|wolverhampton-wanderers,2425,2024-12-29,test
2425|2024-12-29|west-ham-united|liverpool,2425,2024-12-29,test
2425|2024-12-30|aston-villa|brighton-and-hove-albion,2425,2024-12-30,test
2425|2024-12-30|ipswich-town|chelsea,2425,2024-12-30,test
2425|2024-12-30|manchester-united|newcastle-united,2425,2024-12-30,test
2425|2025-01-01|brentford|arsenal,2425,2025-01-01,test
2425|2025-01-04|afc-bournemouth|everton,2425,2025-01-04,test
2425|2025-01-04|aston-villa|leicester-city,2425,2025-01-04,test
2425|2025-01-04|brighton-and-hove-albion|arsenal,2425,2025-01-04,test
2425|2025-01-04|crystal-palace|chelsea,2425,2025-01-04,test
2425|2025-01-04|manchester-city|west-ham-united,2425,2025-01-04,test
2425|2025-01-04|southampton|brentford,2425,2025-01-04,test
2425|2025-01-04|tottenham-hotspur|newcastle-united,2425,2025-01-04,test
2425|2025-01-05|fulham|ipswich-town,2425,2025-01-05,test
2425|2025-01-05|liverpool|manchester-united,2425,2025-01-05,test
2425|2025-01-06|wolverhampton-wanderers|nottingham-forest,2425,2025-01-06,test
2425|2025-01-14|brentford|manchester-city,2425,2025-01-14,test
2425|2025-01-14|chelsea|afc-bournemouth,2425,2025-01-14,test
2425|2025-01-14|nottingham-forest|liverpool,2425,2025-01-14,test
2425|2025-01-14|west-ham-united|fulham,2425,2025-01-14,test
2425|2025-01-15|arsenal|tottenham-hotspur,2425,2025-01-15,test
2425|2025-01-15|everton|aston-villa,2425,2025-01-15,test
2425|2025-01-15|leicester-city|crystal-palace,2425,2025-01-15,test
2425|2025-01-15|newcastle-united|wolverhampton-wanderers,2425,2025-01-15,test
2425|2025-01-16|ipswich-town|brighton-and-hove-albion,2425,2025-01-16,test
2425|2025-01-16|manchester-united|southampton,2425,2025-01-16,test
2425|2025-01-18|arsenal|aston-villa,2425,2025-01-18,test
2425|2025-01-18|brentford|liverpool,2425,2025-01-18,test
2425|2025-01-18|leicester-city|fulham,2425,2025-01-18,test
2425|2025-01-18|newcastle-united|afc-bournemouth,2425,2025-01-18,test
2425|2025-01-18|west-ham-united|crystal-palace,2425,2025-01-18,test
2425|2025-01-19|everton|tottenham-hotspur,2425,2025-01-19,test
2425|2025-01-19|ipswich-town|manchester-city,2425,2025-01-19,test
2425|2025-01-19|manchester-united|brighton-and-hove-albion,2425,2025-01-19,test
2425|2025-01-19|nottingham-forest|southampton,2425,2025-01-19,test
2425|2025-01-20|chelsea|wolverhampton-wanderers,2425,2025-01-20,test
2425|2025-01-25|afc-bournemouth|nottingham-forest,2425,2025-01-25,test
2425|2025-01-25|brighton-and-hove-albion|everton,2425,2025-01-25,test
2425|2025-01-25|liverpool|ipswich-town,2425,2025-01-25,test
2425|2025-01-25|manchester-city|chelsea,2425,2025-01-25,test
2425|2025-01-25|southampton|newcastle-united,2425,2025-01-25,test
2425|2025-01-25|wolverhampton-wanderers|arsenal,2425,2025-01-25,test
2425|2025-01-26|aston-villa|west-ham-united,2425,2025-01-26,test
2425|2025-01-26|crystal-palace|brentford,2425,2025-01-26,test
2425|2025-01-26|fulham|manchester-united,2425,2025-01-26,test
2425|2025-01-26|tottenham-hotspur|leicester-city,2425,2025-01-26,test
2425|2025-02-01|afc-bournemouth|liverpool,2425,2025-02-01,test
2425|2025-02-01|everton|leicester-city,2425,2025-02-01,test
2425|2025-02-01|ipswich-town|southampton,2425,2025-02-01,test
2425|2025-02-01|newcastle-united|fulham,2425,2025-02-01,test
2425|2025-02-01|nottingham-forest|brighton-and-hove-albion,2425,2025-02-01,test
2425|2025-02-01|wolverhampton-wanderers|aston-villa,2425,2025-02-01,test
2425|2025-02-02|arsenal|manchester-city,2425,2025-02-02,test
2425|2025-02-02|brentford|tottenham-hotspur,2425,2025-02-02,test
2425|2025-02-02|manchester-united|crystal-palace,2425,2025-02-02,test
2425|2025-02-03|chelsea|west-ham-united,2425,2025-02-03,test
2425|2025-02-12|everton|liverpool,2425,2025-02-12,test
2425|2025-02-14|brighton-and-hove-albion|chelsea,2425,2025-02-14,test
2425|2025-02-15|aston-villa|ipswich-town,2425,2025-02-15,test
2425|2025-02-15|crystal-palace|everton,2425,2025-02-15,test
2425|2025-02-15|fulham|nottingham-forest,2425,2025-02-15,test
2425|2025-02-15|leicester-city|arsenal,2425,2025-02-15,test
2425|2025-02-15|manchester-city|newcastle-united,2425,2025-02-15,test
2425|2025-02-15|southampton|afc-bournemouth,2425,2025-02-15,test
2425|2025-02-15|west-ham-united|brentford,2425,2025-02-15,test
2425|2025-02-16|liverpool|wolverhampton-wanderers,2425,2025-02-16,test
2425|2025-02-16|tottenham-hotspur|manchester-united,2425,2025-02-16,test
2425|2025-02-19|aston-villa|liverpool,2425,2025-02-19,test
2425|2025-02-21|leicester-city|brentford,2425,2025-02-21,test
2425|2025-02-22|afc-bournemouth|wolverhampton-wanderers,2425,2025-02-22,test
2425|2025-02-22|arsenal|west-ham-united,2425,2025-02-22,test
2425|2025-02-22|aston-villa|chelsea,2425,2025-02-22,test
2425|2025-02-22|everton|manchester-united,2425,2025-02-22,test
2425|2025-02-22|fulham|crystal-palace,2425,2025-02-22,test
2425|2025-02-22|ipswich-town|tottenham-hotspur,2425,2025-02-22,test
2425|2025-02-22|southampton|brighton-and-hove-albion,2425,2025-02-22,test
2425|2025-02-23|manchester-city|liverpool,2425,2025-02-23,test
2425|2025-02-23|newcastle-united|nottingham-forest,2425,2025-02-23,test
2425|2025-02-25|brighton-and-hove-albion|afc-bournemouth,2425,2025-02-25,test
2425|2025-02-25|chelsea|southampton,2425,2025-02-25,test
2425|2025-02-25|crystal-palace|aston-villa,2425,2025-02-25,test
2425|2025-02-25|wolverhampton-wanderers|fulham,2425,2025-02-25,test
2425|2025-02-26|brentford|everton,2425,2025-02-26,test
2425|2025-02-26|liverpool|newcastle-united,2425,2025-02-26,test
2425|2025-02-26|manchester-united|ipswich-town,2425,2025-02-26,test
2425|2025-02-26|nottingham-forest|arsenal,2425,2025-02-26,test
2425|2025-02-26|tottenham-hotspur|manchester-city,2425,2025-02-26,test
2425|2025-02-27|west-ham-united|leicester-city,2425,2025-02-27,test
2425|2025-03-08|brentford|aston-villa,2425,2025-03-08,test
2425|2025-03-08|brighton-and-hove-albion|fulham,2425,2025-03-08,test
2425|2025-03-08|crystal-palace|ipswich-town,2425,2025-03-08,test
2425|2025-03-08|liverpool|southampton,2425,2025-03-08,test
2425|2025-03-08|nottingham-forest|manchester-city,2425,2025-03-08,test
2425|2025-03-08|wolverhampton-wanderers|everton,2425,2025-03-08,test
2425|2025-03-09|chelsea|leicester-city,2425,2025-03-09,test
2425|2025-03-09|manchester-united|arsenal,2425,2025-03-09,test
2425|2025-03-09|tottenham-hotspur|afc-bournemouth,2425,2025-03-09,test
2425|2025-03-10|west-ham-united|newcastle-united,2425,2025-03-10,test
2425|2025-03-15|afc-bournemouth|brentford,2425,2025-03-15,test
2425|2025-03-15|everton|west-ham-united,2425,2025-03-15,test
2425|2025-03-15|ipswich-town|nottingham-forest,2425,2025-03-15,test
2425|2025-03-15|manchester-city|brighton-and-hove-albion,2425,2025-03-15,test
2425|2025-03-15|southampton|wolverhampton-wanderers,2425,2025-03-15,test
2425|2025-03-16|arsenal|chelsea,2425,2025-03-16,test
2425|2025-03-16|fulham|tottenham-hotspur,2425,2025-03-16,test
2425|2025-03-16|leicester-city|manchester-united,2425,2025-03-16,test
2425|2025-04-01|arsenal|fulham,2425,2025-04-01,test
2425|2025-04-01|nottingham-forest|manchester-united,2425,2025-04-01,test
2425|2025-04-01|wolverhampton-wanderers|west-ham-united,2425,2025-04-01,test
2425|2025-04-02|afc-bournemouth|ipswich-town,2425,2025-04-02,test
2425|2025-04-02|brighton-and-hove-albion|aston-villa,2425,2025-04-02,test
2425|2025-04-02|liverpool|everton,2425,2025-04-02,test
2425|2025-04-02|manchester-city|leicester-city,2425,2025-04-02,test
2425|2025-04-02|newcastle-united|brentford,2425,2025-04-02,test
2425|2025-04-02|southampton|crystal-palace,2425,2025-04-02,test
2425|2025-04-03|chelsea|tottenham-hotspur,2425,2025-04-03,test
2425|2025-04-05|aston-villa|nottingham-forest,2425,2025-04-05,test
2425|2025-04-05|crystal-palace|brighton-and-hove-albion,2425,2025-04-05,test
2425|2025-04-05|everton|arsenal,2425,2025-04-05,test
2425|2025-04-05|ipswich-town|wolverhampton-wanderers,2425,2025-04-05,test
2425|2025-04-05|west-ham-united|afc-bournemouth,2425,2025-04-05,test
2425|2025-04-06|brentford|chelsea,2425,2025-04-06,test
2425|2025-04-06|fulham|liverpool,2425,2025-04-06,test
2425|2025-04-06|manchester-united|manchester-city,2425,2025-04-06,test
2425|2025-04-06|tottenham-hotspur|southampton,2425,2025-04-06,test
2425|2025-04-07|leicester-city|newcastle-united,2425,2025-04-07,test
2425|2025-04-12|arsenal|brentford,2425,2025-04-12,test
2425|2025-04-12|brighton-and-hove-albion|leicester-city,2425,2025-04-12,test
2425|2025-04-12|manchester-city|crystal-palace,2425,2025-04-12,test
2425|2025-04-12|nottingham-forest|everton,2425,2025-04-12,test
2425|2025-04-12|southampton|aston-villa,2425,2025-04-12,test
2425|2025-04-13|chelsea|ipswich-town,2425,2025-04-13,test
2425|2025-04-13|liverpool|west-ham-united,2425,2025-04-13,test
2425|2025-04-13|newcastle-united|manchester-united,2425,2025-04-13,test
2425|2025-04-13|wolverhampton-wanderers|tottenham-hotspur,2425,2025-04-13,test
2425|2025-04-14|afc-bournemouth|fulham,2425,2025-04-14,test
2425|2025-04-16|newcastle-united|crystal-palace,2425,2025-04-16,test
2425|2025-04-19|aston-villa|newcastle-united,2425,2025-04-19,test
2425|2025-04-19|brentford|brighton-and-hove-albion,2425,2025-04-19,test
2425|2025-04-19|crystal-palace|afc-bournemouth,2425,2025-04-19,test
2425|2025-04-19|everton|manchester-city,2425,2025-04-19,test
2425|2025-04-19|west-ham-united|southampton,2425,2025-04-19,test
2425|2025-04-20|fulham|chelsea,2425,2025-04-20,test
2425|2025-04-20|ipswich-town|arsenal,2425,2025-04-20,test
2425|2025-04-20|leicester-city|liverpool,2425,2025-04-20,test
2425|2025-04-20|manchester-united|wolverhampton-wanderers,2425,2025-04-20,test
2425|2025-04-21|tottenham-hotspur|nottingham-forest,2425,2025-04-21,test
2425|2025-04-22|manchester-city|aston-villa,2425,2025-04-22,test
2425|2025-04-23|arsenal|crystal-palace,2425,2025-04-23,test
2425|2025-04-26|brighton-and-hove-albion|west-ham-united,2425,2025-04-26,test
2425|2025-04-26|chelsea|everton,2425,2025-04-26,test
2425|2025-04-26|newcastle-united|ipswich-town,2425,2025-04-26,test
2425|2025-04-26|southampton|fulham,2425,2025-04-26,test
2425|2025-04-26|wolverhampton-wanderers|leicester-city,2425,2025-04-26,test
2425|2025-04-27|afc-bournemouth|manchester-united,2425,2025-04-27,test
2425|2025-04-27|liverpool|tottenham-hotspur,2425,2025-04-27,test
2425|2025-05-01|nottingham-forest|brentford,2425,2025-05-01,test
2425|2025-05-02|manchester-city|wolverhampton-wanderers,2425,2025-05-02,test
2425|2025-05-03|arsenal|afc-bournemouth,2425,2025-05-03,test
2425|2025-05-03|aston-villa|fulham,2425,2025-05-03,test
2425|2025-05-03|everton|ipswich-town,2425,2025-05-03,test
2425|2025-05-03|leicester-city|southampton,2425,2025-05-03,test
2425|2025-05-04|brentford|manchester-united,2425,2025-05-04,test
2425|2025-05-04|brighton-and-hove-albion|newcastle-united,2425,2025-05-04,test
2425|2025-05-04|chelsea|liverpool,2425,2025-05-04,test
2425|2025-05-04|west-ham-united|tottenham-hotspur,2425,2025-05-04,test
2425|2025-05-05|crystal-palace|nottingham-forest,2425,2025-05-05,test
2425|2025-05-10|afc-bournemouth|aston-villa,2425,2025-05-10,test
2425|2025-05-10|fulham|everton,2425,2025-05-10,test
2425|2025-05-10|ipswich-town|brentford,2425,2025-05-10,test
2425|2025-05-10|southampton|manchester-city,2425,2025-05-10,test
2425|2025-05-10|wolverhampton-wanderers|brighton-and-hove-albion,2425,2025-05-10,test
2425|2025-05-11|liverpool|arsenal,2425,2025-05-11,test
2425|2025-05-11|manchester-united|west-ham-united,2425,2025-05-11,test
2425|2025-05-11|newcastle-united|chelsea,2425,2025-05-11,test
2425|2025-05-11|nottingham-forest|leicester-city,2425,2025-05-11,test
2425|2025-05-11|tottenham-hotspur|crystal-palace,2425,2025-05-11,test
2425|2025-05-16|aston-villa|tottenham-hotspur,2425,2025-05-16,test
2425|2025-05-16|chelsea|manchester-united,2425,2025-05-16,test
2425|2025-05-18|arsenal|newcastle-united,2425,2025-05-18,test
2425|2025-05-18|brentford|fulham,2425,2025-05-18,test
2425|2025-05-18|everton|southampton,2425,2025-05-18,test
2425|2025-05-18|leicester-city|ipswich-town,2425,2025-05-18,test
2425|2025-05-18|west-ham-united|nottingham-forest,2425,2025-05-18,test
2425|2025-05-19|brighton-and-hove-albion|liverpool,2425,2025-05-19,test
2425|2025-05-20|crystal-palace|wolverhampton-wanderers,2425,2025-05-20,test
2425|2025-05-20|manchester-city|afc-bournemouth,2425,2025-05-20,test
2425|2025-05-25|afc-bournemouth|leicester-city,2425,2025-05-25,test
2425|2025-05-25|fulham|manchester-city,2425,2025-05-25,test
2425|2025-05-25|ipswich-town|west-ham-united,2425,2025-05-25,test
2425|2025-05-25|liverpool|crystal-palace,2425,2025-05-25,test
2425|2025-05-25|manchester-united|aston-villa,2425,2025-05-25,test
2425|2025-05-25|newcastle-united|everton,2425,2025-05-25,test
2425|2025-05-25|nottingham-forest|chelsea,2425,2025-05-25,test
2425|2025-05-25|southampton|arsenal,2425,2025-05-25,test
2425|2025-05-25|tottenham-hotspur|brighton-and-hove-albion,2425,2025-05-25,test
2425|2025-05-25|wolverhampton-wanderers|brentford,2425,2025-05-25,test
2526|2025-08-15|liverpool|afc-bournemouth,2526,2025-08-15,holdout
2526|2025-08-16|aston-villa|newcastle-united,2526,2025-08-16,holdout
2526|2025-08-16|brighton-and-hove-albion|fulham,2526,2025-08-16,holdout
2526|2025-08-16|sunderland|west-ham-united,2526,2025-08-16,holdout
2526|2025-08-16|tottenham-hotspur|burnley,2526,2025-08-16,holdout
2526|2025-08-16|wolverhampton-wanderers|manchester-city,2526,2025-08-16,holdout
2526|2025-08-17|chelsea|crystal-palace,2526,2025-08-17,holdout
2526|2025-08-17|manchester-united|arsenal,2526,2025-08-17,holdout
2526|2025-08-17|nottingham-forest|brentford,2526,2025-08-17,holdout
2526|2025-08-18|leeds-united|everton,2526,2025-08-18,holdout
2526|2025-08-22|west-ham-united|chelsea,2526,2025-08-22,holdout
2526|2025-08-23|afc-bournemouth|wolverhampton-wanderers,2526,2025-08-23,holdout
2526|2025-08-23|arsenal|leeds-united,2526,2025-08-23,holdout
2526|2025-08-23|brentford|aston-villa,2526,2025-08-23,holdout
2526|2025-08-23|burnley|sunderland,2526,2025-08-23,holdout
2526|2025-08-23|manchester-city|tottenham-hotspur,2526,2025-08-23,holdout
2526|2025-08-24|crystal-palace|nottingham-forest,2526,2025-08-24,holdout
2526|2025-08-24|everton|brighton-and-hove-albion,2526,2025-08-24,holdout
2526|2025-08-24|fulham|manchester-united,2526,2025-08-24,holdout
2526|2025-08-25|newcastle-united|liverpool,2526,2025-08-25,holdout
2526|2025-08-30|chelsea|fulham,2526,2025-08-30,holdout
2526|2025-08-30|leeds-united|newcastle-united,2526,2025-08-30,holdout
2526|2025-08-30|manchester-united|burnley,2526,2025-08-30,holdout
2526|2025-08-30|sunderland|brentford,2526,2025-08-30,holdout
2526|2025-08-30|tottenham-hotspur|afc-bournemouth,2526,2025-08-30,holdout
2526|2025-08-30|wolverhampton-wanderers|everton,2526,2025-08-30,holdout
2526|2025-08-31|aston-villa|crystal-palace,2526,2025-08-31,holdout
2526|2025-08-31|brighton-and-hove-albion|manchester-city,2526,2025-08-31,holdout
2526|2025-08-31|liverpool|arsenal,2526,2025-08-31,holdout
2526|2025-08-31|nottingham-forest|west-ham-united,2526,2025-08-31,holdout
2526|2025-09-13|afc-bournemouth|brighton-and-hove-albion,2526,2025-09-13,holdout
2526|2025-09-13|arsenal|nottingham-forest,2526,2025-09-13,holdout
2526|2025-09-13|brentford|chelsea,2526,2025-09-13,holdout
2526|2025-09-13|crystal-palace|sunderland,2526,2025-09-13,holdout
2526|2025-09-13|everton|aston-villa,2526,2025-09-13,holdout
2526|2025-09-13|fulham|leeds-united,2526,2025-09-13,holdout
2526|2025-09-13|newcastle-united|wolverhampton-wanderers,2526,2025-09-13,holdout
2526|2025-09-13|west-ham-united|tottenham-hotspur,2526,2025-09-13,holdout
2526|2025-09-14|burnley|liverpool,2526,2025-09-14,holdout
2526|2025-09-14|manchester-city|manchester-united,2526,2025-09-14,holdout
2526|2025-09-20|brighton-and-hove-albion|tottenham-hotspur,2526,2025-09-20,holdout
2526|2025-09-20|burnley|nottingham-forest,2526,2025-09-20,holdout
2526|2025-09-20|fulham|brentford,2526,2025-09-20,holdout
2526|2025-09-20|liverpool|everton,2526,2025-09-20,holdout
2526|2025-09-20|manchester-united|chelsea,2526,2025-09-20,holdout
2526|2025-09-20|west-ham-united|crystal-palace,2526,2025-09-20,holdout
2526|2025-09-20|wolverhampton-wanderers|leeds-united,2526,2025-09-20,holdout
2526|2025-09-21|afc-bournemouth|newcastle-united,2526,2025-09-21,holdout
2526|2025-09-21|arsenal|manchester-city,2526,2025-09-21,holdout
2526|2025-09-21|sunderland|aston-villa,2526,2025-09-21,holdout
2526|2025-09-27|brentford|manchester-united,2526,2025-09-27,holdout
2526|2025-09-27|chelsea|brighton-and-hove-albion,2526,2025-09-27,holdout
2526|2025-09-27|crystal-palace|liverpool,2526,2025-09-27,holdout
2526|2025-09-27|leeds-united|afc-bournemouth,2526,2025-09-27,holdout
2526|2025-09-27|manchester-city|burnley,2526,2025-09-27,holdout
2526|2025-09-27|nottingham-forest|sunderland,2526,2025-09-27,holdout
2526|2025-09-27|tottenham-hotspur|wolverhampton-wanderers,2526,2025-09-27,holdout
2526|2025-09-28|aston-villa|fulham,2526,2025-09-28,holdout
2526|2025-09-28|newcastle-united|arsenal,2526,2025-09-28,holdout
2526|2025-09-29|everton|west-ham-united,2526,2025-09-29,holdout
2526|2025-10-03|afc-bournemouth|fulham,2526,2025-10-03,holdout
2526|2025-10-04|arsenal|west-ham-united,2526,2025-10-04,holdout
2526|2025-10-04|chelsea|liverpool,2526,2025-10-04,holdout
2526|2025-10-04|leeds-united|tottenham-hotspur,2526,2025-10-04,holdout
2526|2025-10-04|manchester-united|sunderland,2526,2025-10-04,holdout
2526|2025-10-05|aston-villa|burnley,2526,2025-10-05,holdout
2526|2025-10-05|brentford|manchester-city,2526,2025-10-05,holdout
2526|2025-10-05|everton|crystal-palace,2526,2025-10-05,holdout
2526|2025-10-05|newcastle-united|nottingham-forest,2526,2025-10-05,holdout
2526|2025-10-05|wolverhampton-wanderers|brighton-and-hove-albion,2526,2025-10-05,holdout
2526|2025-10-18|brighton-and-hove-albion|newcastle-united,2526,2025-10-18,holdout
2526|2025-10-18|burnley|leeds-united,2526,2025-10-18,holdout
2526|2025-10-18|crystal-palace|afc-bournemouth,2526,2025-10-18,holdout
2526|2025-10-18|fulham|arsenal,2526,2025-10-18,holdout
2526|2025-10-18|manchester-city|everton,2526,2025-10-18,holdout
2526|2025-10-18|nottingham-forest|chelsea,2526,2025-10-18,holdout
2526|2025-10-18|sunderland|wolverhampton-wanderers,2526,2025-10-18,holdout
2526|2025-10-19|liverpool|manchester-united,2526,2025-10-19,holdout
2526|2025-10-19|tottenham-hotspur|aston-villa,2526,2025-10-19,holdout
2526|2025-10-20|west-ham-united|brentford,2526,2025-10-20,holdout
2526|2025-10-24|leeds-united|west-ham-united,2526,2025-10-24,holdout
2526|2025-10-25|brentford|liverpool,2526,2025-10-25,holdout
2526|2025-10-25|chelsea|sunderland,2526,2025-10-25,holdout
2526|2025-10-25|manchester-united|brighton-and-hove-albion,2526,2025-10-25,holdout
2526|2025-10-25|newcastle-united|fulham,2526,2025-10-25,holdout
2526|2025-10-26|afc-bournemouth|nottingham-forest,2526,2025-10-26,holdout
2526|2025-10-26|arsenal|crystal-palace,2526,2025-10-26,holdout
2526|2025-10-26|aston-villa|manchester-city,2526,2025-10-26,holdout
2526|2025-10-26|everton|tottenham-hotspur,2526,2025-10-26,holdout
2526|2025-10-26|wolverhampton-wanderers|burnley,2526,2025-10-26,holdout
2526|2025-11-01|brighton-and-hove-albion|leeds-united,2526,2025-11-01,holdout
2526|2025-11-01|burnley|arsenal,2526,2025-11-01,holdout
2526|2025-11-01|crystal-palace|brentford,2526,2025-11-01,holdout
2526|2025-11-01|fulham|wolverhampton-wanderers,2526,2025-11-01,holdout
2526|2025-11-01|liverpool|aston-villa,2526,2025-11-01,holdout
2526|2025-11-01|nottingham-forest|manchester-united,2526,2025-11-01,holdout
2526|2025-11-01|tottenham-hotspur|chelsea,2526,2025-11-01,holdout
2526|2025-11-02|manchester-city|afc-bournemouth,2526,2025-11-02,holdout
2526|2025-11-02|west-ham-united|newcastle-united,2526,2025-11-02,holdout
2526|2025-11-03|sunderland|everton,2526,2025-11-03,holdout
2526|2025-11-08|chelsea|wolverhampton-wanderers,2526,2025-11-08,holdout
2526|2025-11-08|everton|fulham,2526,2025-11-08,holdout
2526|2025-11-08|sunderland|arsenal,2526,2025-11-08,holdout
2526|2025-11-08|tottenham-hotspur|manchester-united,2526,2025-11-08,holdout
2526|2025-11-08|west-ham-united|burnley,2526,2025-11-08,holdout
2526|2025-11-09|aston-villa|afc-bournemouth,2526,2025-11-09,holdout
2526|2025-11-09|brentford|newcastle-united,2526,2025-11-09,holdout
2526|2025-11-09|crystal-palace|brighton-and-hove-albion,2526,2025-11-09,holdout
2526|2025-11-09|manchester-city|liverpool,2526,2025-11-09,holdout
2526|2025-11-09|nottingham-forest|leeds-united,2526,2025-11-09,holdout
2526|2025-11-22|afc-bournemouth|west-ham-united,2526,2025-11-22,holdout
2526|2025-11-22|brighton-and-hove-albion|brentford,2526,2025-11-22,holdout
2526|2025-11-22|burnley|chelsea,2526,2025-11-22,holdout
2526|2025-11-22|fulham|sunderland,2526,2025-11-22,holdout
2526|2025-11-22|liverpool|nottingham-forest,2526,2025-11-22,holdout
2526|2025-11-22|newcastle-united|manchester-city,2526,2025-11-22,holdout
2526|2025-11-22|wolverhampton-wanderers|crystal-palace,2526,2025-11-22,holdout
2526|2025-11-23|arsenal|tottenham-hotspur,2526,2025-11-23,holdout
2526|2025-11-23|leeds-united|aston-villa,2526,2025-11-23,holdout
2526|2025-11-24|manchester-united|everton,2526,2025-11-24,holdout
2526|2025-11-29|brentford|burnley,2526,2025-11-29,holdout
2526|2025-11-29|everton|newcastle-united,2526,2025-11-29,holdout
2526|2025-11-29|manchester-city|leeds-united,2526,2025-11-29,holdout
2526|2025-11-29|sunderland|afc-bournemouth,2526,2025-11-29,holdout
2526|2025-11-29|tottenham-hotspur|fulham,2526,2025-11-29,holdout
2526|2025-11-30|aston-villa|wolverhampton-wanderers,2526,2025-11-30,holdout
2526|2025-11-30|chelsea|arsenal,2526,2025-11-30,holdout
2526|2025-11-30|crystal-palace|manchester-united,2526,2025-11-30,holdout
2526|2025-11-30|nottingham-forest|brighton-and-hove-albion,2526,2025-11-30,holdout
2526|2025-11-30|west-ham-united|liverpool,2526,2025-11-30,holdout
2526|2025-12-02|afc-bournemouth|everton,2526,2025-12-02,holdout
2526|2025-12-02|fulham|manchester-city,2526,2025-12-02,holdout
2526|2025-12-02|newcastle-united|tottenham-hotspur,2526,2025-12-02,holdout
2526|2025-12-03|arsenal|brentford,2526,2025-12-03,holdout
2526|2025-12-03|brighton-and-hove-albion|aston-villa,2526,2025-12-03,holdout
2526|2025-12-03|burnley|crystal-palace,2526,2025-12-03,holdout
2526|2025-12-03|leeds-united|chelsea,2526,2025-12-03,holdout
2526|2025-12-03|liverpool|sunderland,2526,2025-12-03,holdout
2526|2025-12-03|wolverhampton-wanderers|nottingham-forest,2526,2025-12-03,holdout
2526|2025-12-04|manchester-united|west-ham-united,2526,2025-12-04,holdout
2526|2025-12-06|afc-bournemouth|chelsea,2526,2025-12-06,holdout
2526|2025-12-06|aston-villa|arsenal,2526,2025-12-06,holdout
2526|2025-12-06|everton|nottingham-forest,2526,2025-12-06,holdout
2526|2025-12-06|leeds-united|liverpool,2526,2025-12-06,holdout
2526|2025-12-06|manchester-city|sunderland,2526,2025-12-06,holdout
2526|2025-12-06|newcastle-united|burnley,2526,2025-12-06,holdout
2526|2025-12-06|tottenham-hotspur|brentford,2526,2025-12-06,holdout
2526|2025-12-07|brighton-and-hove-albion|west-ham-united,2526,2025-12-07,holdout
2526|2025-12-07|fulham|crystal-palace,2526,2025-12-07,holdout
2526|2025-12-08|wolverhampton-wanderers|manchester-united,2526,2025-12-08,holdout
2526|2025-12-13|arsenal|wolverhampton-wanderers,2526,2025-12-13,holdout
2526|2025-12-13|burnley|fulham,2526,2025-12-13,holdout
2526|2025-12-13|chelsea|everton,2526,2025-12-13,holdout
2526|2025-12-13|liverpool|brighton-and-hove-albion,2526,2025-12-13,holdout
2526|2025-12-14|brentford|leeds-united,2526,2025-12-14,holdout
2526|2025-12-14|crystal-palace|manchester-city,2526,2025-12-14,holdout
2526|2025-12-14|nottingham-forest|tottenham-hotspur,2526,2025-12-14,holdout
2526|2025-12-14|sunderland|newcastle-united,2526,2025-12-14,holdout
2526|2025-12-14|west-ham-united|aston-villa,2526,2025-12-14,holdout
2526|2025-12-15|manchester-united|afc-bournemouth,2526,2025-12-15,holdout
2526|2025-12-20|afc-bournemouth|burnley,2526,2025-12-20,holdout
2526|2025-12-20|brighton-and-hove-albion|sunderland,2526,2025-12-20,holdout
2526|2025-12-20|everton|arsenal,2526,2025-12-20,holdout
2526|2025-12-20|leeds-united|crystal-palace,2526,2025-12-20,holdout
2526|2025-12-20|manchester-city|west-ham-united,2526,2025-12-20,holdout
2526|2025-12-20|newcastle-united|chelsea,2526,2025-12-20,holdout
2526|2025-12-20|tottenham-hotspur|liverpool,2526,2025-12-20,holdout
2526|2025-12-20|wolverhampton-wanderers|brentford,2526,2025-12-20,holdout
2526|2025-12-21|aston-villa|manchester-united,2526,2025-12-21,holdout
2526|2025-12-22|fulham|nottingham-forest,2526,2025-12-22,holdout
2526|2025-12-26|manchester-united|newcastle-united,2526,2025-12-26,holdout
2526|2025-12-27|arsenal|brighton-and-hove-albion,2526,2025-12-27,holdout
2526|2025-12-27|brentford|afc-bournemouth,2526,2025-12-27,holdout
2526|2025-12-27|burnley|everton,2526,2025-12-27,holdout
2526|2025-12-27|chelsea|aston-villa,2526,2025-12-27,holdout
2526|2025-12-27|liverpool|wolverhampton-wanderers,2526,2025-12-27,holdout
2526|2025-12-27|nottingham-forest|manchester-city,2526,2025-12-27,holdout
2526|2025-12-27|west-ham-united|fulham,2526,2025-12-27,holdout
2526|2025-12-28|crystal-palace|tottenham-hotspur,2526,2025-12-28,holdout
2526|2025-12-28|sunderland|leeds-united,2526,2025-12-28,holdout
2526|2025-12-30|arsenal|aston-villa,2526,2025-12-30,holdout
2526|2025-12-30|burnley|newcastle-united,2526,2025-12-30,holdout
2526|2025-12-30|chelsea|afc-bournemouth,2526,2025-12-30,holdout
2526|2025-12-30|manchester-united|wolverhampton-wanderers,2526,2025-12-30,holdout
2526|2025-12-30|nottingham-forest|everton,2526,2025-12-30,holdout
2526|2025-12-30|west-ham-united|brighton-and-hove-albion,2526,2025-12-30,holdout
2526|2026-01-01|brentford|tottenham-hotspur,2526,2026-01-01,holdout
2526|2026-01-01|crystal-palace|fulham,2526,2026-01-01,holdout
2526|2026-01-01|liverpool|leeds-united,2526,2026-01-01,holdout
2526|2026-01-01|sunderland|manchester-city,2526,2026-01-01,holdout
2526|2026-01-03|afc-bournemouth|arsenal,2526,2026-01-03,holdout
2526|2026-01-03|aston-villa|nottingham-forest,2526,2026-01-03,holdout
2526|2026-01-03|brighton-and-hove-albion|burnley,2526,2026-01-03,holdout
2526|2026-01-03|wolverhampton-wanderers|west-ham-united,2526,2026-01-03,holdout
2526|2026-01-04|everton|brentford,2526,2026-01-04,holdout
2526|2026-01-04|fulham|liverpool,2526,2026-01-04,holdout
2526|2026-01-04|leeds-united|manchester-united,2526,2026-01-04,holdout
2526|2026-01-04|manchester-city|chelsea,2526,2026-01-04,holdout
2526|2026-01-04|newcastle-united|crystal-palace,2526,2026-01-04,holdout
2526|2026-01-04|tottenham-hotspur|sunderland,2526,2026-01-04,holdout
2526|2026-01-06|west-ham-united|nottingham-forest,2526,2026-01-06,holdout
2526|2026-01-07|afc-bournemouth|tottenham-hotspur,2526,2026-01-07,holdout
2526|2026-01-07|brentford|sunderland,2526,2026-01-07,holdout
2526|2026-01-07|burnley|manchester-united,2526,2026-01-07,holdout
2526|2026-01-07|crystal-palace|aston-villa,2526,2026-01-07,holdout
2526|2026-01-07|everton|wolverhampton-wanderers,2526,2026-01-07,holdout
2526|2026-01-07|fulham|chelsea,2526,2026-01-07,holdout
2526|2026-01-07|manchester-city|brighton-and-hove-albion,2526,2026-01-07,holdout
2526|2026-01-07|newcastle-united|leeds-united,2526,2026-01-07,holdout
2526|2026-01-08|arsenal|liverpool,2526,2026-01-08,holdout
2526|2026-01-17|chelsea|brentford,2526,2026-01-17,holdout
2526|2026-01-17|leeds-united|fulham,2526,2026-01-17,holdout
2526|2026-01-17|liverpool|burnley,2526,2026-01-17,holdout
2526|2026-01-17|manchester-united|manchester-city,2526,2026-01-17,holdout
2526|2026-01-17|nottingham-forest|arsenal,2526,2026-01-17,holdout
2526|2026-01-17|sunderland|crystal-palace,2526,2026-01-17,holdout
2526|2026-01-17|tottenham-hotspur|west-ham-united,2526,2026-01-17,holdout
2526|2026-01-18|aston-villa|everton,2526,2026-01-18,holdout
2526|2026-01-18|wolverhampton-wanderers|newcastle-united,2526,2026-01-18,holdout
2526|2026-01-19|brighton-and-hove-albion|afc-bournemouth,2526,2026-01-19,holdout
2526|2026-01-24|afc-bournemouth|liverpool,2526,2026-01-24,holdout
2526|2026-01-24|burnley|tottenham-hotspur,2526,2026-01-24,holdout
2526|2026-01-24|fulham|brighton-and-hove-albion,2526,2026-01-24,holdout
2526|2026-01-24|manchester-city|wolverhampton-wanderers,2526,2026-01-24,holdout
2526|2026-01-24|west-ham-united|sunderland,2526,2026-01-24,holdout
2526|2026-01-25|arsenal|manchester-united,2526,2026-01-25,holdout
2526|2026-01-25|brentford|nottingham-forest,2526,2026-01-25,holdout
2526|2026-01-25|crystal-palace|chelsea,2526,2026-01-25,holdout
2526|2026-01-25|newcastle-united|aston-villa,2526,2026-01-25,holdout
2526|2026-01-26|everton|leeds-united,2526,2026-01-26,holdout
2526|2026-01-31|brighton-and-hove-albion|everton,2526,2026-01-31,holdout
2526|2026-01-31|chelsea|west-ham-united,2526,2026-01-31,holdout
2526|2026-01-31|leeds-united|arsenal,2526,2026-01-31,holdout
2526|2026-01-31|liverpool|newcastle-united,2526,2026-01-31,holdout
2526|2026-01-31|wolverhampton-wanderers|afc-bournemouth,2526,2026-01-31,holdout
2526|2026-02-01|aston-villa|brentford,2526,2026-02-01,holdout
2526|2026-02-01|manchester-united|fulham,2526,2026-02-01,holdout
2526|2026-02-01|nottingham-forest|crystal-palace,2526,2026-02-01,holdout
2526|2026-02-01|tottenham-hotspur|manchester-city,2526,2026-02-01,holdout
2526|2026-02-02|sunderland|burnley,2526,2026-02-02,holdout
2526|2026-02-06|leeds-united|nottingham-forest,2526,2026-02-06,holdout
2526|2026-02-07|afc-bournemouth|aston-villa,2526,2026-02-07,holdout
2526|2026-02-07|arsenal|sunderland,2526,2026-02-07,holdout
2526|2026-02-07|burnley|west-ham-united,2526,2026-02-07,holdout
2526|2026-02-07|fulham|everton,2526,2026-02-07,holdout
2526|2026-02-07|manchester-united|tottenham-hotspur,2526,2026-02-07,holdout
2526|2026-02-07|newcastle-united|brentford,2526,2026-02-07,holdout
2526|2026-02-07|wolverhampton-wanderers|chelsea,2526,2026-02-07,holdout
2526|2026-02-08|brighton-and-hove-albion|crystal-palace,2526,2026-02-08,holdout
2526|2026-02-08|liverpool|manchester-city,2526,2026-02-08,holdout
2526|2026-02-10|chelsea|leeds-united,2526,2026-02-10,holdout
2526|2026-02-10|everton|afc-bournemouth,2526,2026-02-10,holdout
2526|2026-02-10|tottenham-hotspur|newcastle-united,2526,2026-02-10,holdout
2526|2026-02-10|west-ham-united|manchester-united,2526,2026-02-10,holdout
2526|2026-02-11|aston-villa|brighton-and-hove-albion,2526,2026-02-11,holdout
2526|2026-02-11|crystal-palace|burnley,2526,2026-02-11,holdout
2526|2026-02-11|manchester-city|fulham,2526,2026-02-11,holdout
2526|2026-02-11|nottingham-forest|wolverhampton-wanderers,2526,2026-02-11,holdout
2526|2026-02-11|sunderland|liverpool,2526,2026-02-11,holdout
2526|2026-02-12|brentford|arsenal,2526,2026-02-12,holdout
2526|2026-02-18|wolverhampton-wanderers|arsenal,2526,2026-02-18,holdout
2526|2026-02-21|aston-villa|leeds-united,2526,2026-02-21,holdout
2526|2026-02-21|brentford|brighton-and-hove-albion,2526,2026-02-21,holdout
2526|2026-02-21|chelsea|burnley,2526,2026-02-21,holdout
2526|2026-02-21|manchester-city|newcastle-united,2526,2026-02-21,holdout
2526|2026-02-21|west-ham-united|afc-bournemouth,2526,2026-02-21,holdout
2526|2026-02-22|crystal-palace|wolverhampton-wanderers,2526,2026-02-22,holdout
2526|2026-02-22|nottingham-forest|liverpool,2526,2026-02-22,holdout
2526|2026-02-22|sunderland|fulham,2526,2026-02-22,holdout
2526|2026-02-22|tottenham-hotspur|arsenal,2526,2026-02-22,holdout
2526|2026-02-23|everton|manchester-united,2526,2026-02-23,holdout
2526|2026-02-27|wolverhampton-wanderers|aston-villa,2526,2026-02-27,holdout
2526|2026-02-28|afc-bournemouth|sunderland,2526,2026-02-28,holdout
2526|2026-02-28|burnley|brentford,2526,2026-02-28,holdout
2526|2026-02-28|leeds-united|manchester-city,2526,2026-02-28,holdout
2526|2026-02-28|liverpool|west-ham-united,2526,2026-02-28,holdout
2526|2026-02-28|newcastle-united|everton,2526,2026-02-28,holdout
2526|2026-03-01|arsenal|chelsea,2526,2026-03-01,holdout
2526|2026-03-01|brighton-and-hove-albion|nottingham-forest,2526,2026-03-01,holdout
2526|2026-03-01|fulham|tottenham-hotspur,2526,2026-03-01,holdout
2526|2026-03-01|manchester-united|crystal-palace,2526,2026-03-01,holdout
2526|2026-03-03|afc-bournemouth|brentford,2526,2026-03-03,holdout
2526|2026-03-03|everton|burnley,2526,2026-03-03,holdout
2526|2026-03-03|leeds-united|sunderland,2526,2026-03-03,holdout
2526|2026-03-03|wolverhampton-wanderers|liverpool,2526,2026-03-03,holdout
2526|2026-03-04|aston-villa|chelsea,2526,2026-03-04,holdout
2526|2026-03-04|brighton-and-hove-albion|arsenal,2526,2026-03-04,holdout
2526|2026-03-04|fulham|west-ham-united,2526,2026-03-04,holdout
2526|2026-03-04|manchester-city|nottingham-forest,2526,2026-03-04,holdout
2526|2026-03-04|newcastle-united|manchester-united,2526,2026-03-04,holdout
2526|2026-03-05|tottenham-hotspur|crystal-palace,2526,2026-03-05,holdout
2526|2026-03-14|arsenal|everton,2526,2026-03-14,holdout
2526|2026-03-14|burnley|afc-bournemouth,2526,2026-03-14,holdout
2526|2026-03-14|chelsea|newcastle-united,2526,2026-03-14,holdout
2526|2026-03-14|sunderland|brighton-and-hove-albion,2526,2026-03-14,holdout
2526|2026-03-14|west-ham-united|manchester-city,2526,2026-03-14,holdout
2526|2026-03-15|crystal-palace|leeds-united,2526,2026-03-15,holdout
2526|2026-03-15|liverpool|tottenham-hotspur,2526,2026-03-15,holdout
2526|2026-03-15|manchester-united|aston-villa,2526,2026-03-15,holdout
2526|2026-03-15|nottingham-forest|fulham,2526,2026-03-15,holdout
2526|2026-03-16|brentford|wolverhampton-wanderers,2526,2026-03-16,holdout
2526|2026-03-20|afc-bournemouth|manchester-united,2526,2026-03-20,holdout
2526|2026-03-21|brighton-and-hove-albion|liverpool,2526,2026-03-21,holdout
2526|2026-03-21|everton|chelsea,2526,2026-03-21,holdout
2526|2026-03-21|fulham|burnley,2526,2026-03-21,holdout
2526|2026-03-21|leeds-united|brentford,2526,2026-03-21,holdout
2526|2026-03-22|aston-villa|west-ham-united,2526,2026-03-22,holdout
2526|2026-03-22|newcastle-united|sunderland,2526,2026-03-22,holdout
2526|2026-03-22|tottenham-hotspur|nottingham-forest,2526,2026-03-22,holdout
2526|2026-04-10|west-ham-united|wolverhampton-wanderers,2526,2026-04-10,holdout
2526|2026-04-11|arsenal|afc-bournemouth,2526,2026-04-11,holdout
2526|2026-04-11|brentford|everton,2526,2026-04-11,holdout
2526|2026-04-11|burnley|brighton-and-hove-albion,2526,2026-04-11,holdout
2526|2026-04-11|liverpool|fulham,2526,2026-04-11,holdout
2526|2026-04-12|chelsea|manchester-city,2526,2026-04-12,holdout
2526|2026-04-12|crystal-palace|newcastle-united,2526,2026-04-12,holdout
2526|2026-04-12|nottingham-forest|aston-villa,2526,2026-04-12,holdout
2526|2026-04-12|sunderland|tottenham-hotspur,2526,2026-04-12,holdout
2526|2026-04-13|manchester-united|leeds-united,2526,2026-04-13,holdout
2526|2026-04-18|brentford|fulham,2526,2026-04-18,holdout
2526|2026-04-18|chelsea|manchester-united,2526,2026-04-18,holdout
2526|2026-04-18|leeds-united|wolverhampton-wanderers,2526,2026-04-18,holdout
2526|2026-04-18|newcastle-united|afc-bournemouth,2526,2026-04-18,holdout
2526|2026-04-18|tottenham-hotspur|brighton-and-hove-albion,2526,2026-04-18,holdout
2526|2026-04-19|aston-villa|sunderland,2526,2026-04-19,holdout
2526|2026-04-19|everton|liverpool,2526,2026-04-19,holdout
2526|2026-04-19|manchester-city|arsenal,2526,2026-04-19,holdout
2526|2026-04-19|nottingham-forest|burnley,2526,2026-04-19,holdout
2526|2026-04-20|crystal-palace|west-ham-united,2526,2026-04-20,holdout
2526|2026-04-21|brighton-and-hove-albion|chelsea,2526,2026-04-21,holdout
2526|2026-04-22|afc-bournemouth|leeds-united,2526,2026-04-22,holdout
2526|2026-04-22|burnley|manchester-city,2526,2026-04-22,holdout
2526|2026-04-24|sunderland|nottingham-forest,2526,2026-04-24,holdout
2526|2026-04-25|arsenal|newcastle-united,2526,2026-04-25,holdout
2526|2026-04-25|fulham|aston-villa,2526,2026-04-25,holdout
2526|2026-04-25|liverpool|crystal-palace,2526,2026-04-25,holdout
2526|2026-04-25|west-ham-united|everton,2526,2026-04-25,holdout
2526|2026-04-25|wolverhampton-wanderers|tottenham-hotspur,2526,2026-04-25,holdout
2526|2026-04-27|manchester-united|brentford,2526,2026-04-27,holdout
2526|2026-05-01|leeds-united|burnley,2526,2026-05-01,holdout
2526|2026-05-02|arsenal|fulham,2526,2026-05-02,holdout
2526|2026-05-02|brentford|west-ham-united,2526,2026-05-02,holdout
2526|2026-05-02|newcastle-united|brighton-and-hove-albion,2526,2026-05-02,holdout
2526|2026-05-02|wolverhampton-wanderers|sunderland,2526,2026-05-02,holdout
2526|2026-05-03|afc-bournemouth|crystal-palace,2526,2026-05-03,holdout
2526|2026-05-03|aston-villa|tottenham-hotspur,2526,2026-05-03,holdout
2526|2026-05-03|manchester-united|liverpool,2526,2026-05-03,holdout
2526|2026-05-04|chelsea|nottingham-forest,2526,2026-05-04,holdout
2526|2026-05-04|everton|manchester-city,2526,2026-05-04,holdout
2526|2026-05-09|brighton-and-hove-albion|wolverhampton-wanderers,2526,2026-05-09,holdout
2526|2026-05-09|fulham|afc-bournemouth,2526,2026-05-09,holdout
2526|2026-05-09|liverpool|chelsea,2526,2026-05-09,holdout
2526|2026-05-09|manchester-city|brentford,2526,2026-05-09,holdout
2526|2026-05-09|sunderland|manchester-united,2526,2026-05-09,holdout
2526|2026-05-10|burnley|aston-villa,2526,2026-05-10,holdout
2526|2026-05-10|crystal-palace|everton,2526,2026-05-10,holdout
2526|2026-05-10|nottingham-forest|newcastle-united,2526,2026-05-10,holdout
2526|2026-05-10|west-ham-united|arsenal,2526,2026-05-10,holdout
2526|2026-05-11|tottenham-hotspur|leeds-united,2526,2026-05-11,holdout
2526|2026-05-13|manchester-city|crystal-palace,2526,2026-05-13,holdout
2526|2026-05-15|aston-villa|liverpool,2526,2026-05-15,holdout
2526|2026-05-17|brentford|crystal-palace,2526,2026-05-17,holdout
2526|2026-05-17|everton|sunderland,2526,2026-05-17,holdout
2526|2026-05-17|leeds-united|brighton-and-hove-albion,2526,2026-05-17,holdout
2526|2026-05-17|manchester-united|nottingham-forest,2526,2026-05-17,holdout
2526|2026-05-17|newcastle-united|west-ham-united,2526,2026-05-17,holdout
2526|2026-05-17|wolverhampton-wanderers|fulham,2526,2026-05-17,holdout
2526|2026-05-18|arsenal|burnley,2526,2026-05-18,holdout
2526|2026-05-19|afc-bournemouth|manchester-city,2526,2026-05-19,holdout
2526|2026-05-19|chelsea|tottenham-hotspur,2526,2026-05-19,holdout
2526|2026-05-24|brighton-and-hove-albion|manchester-united,2526,2026-05-24,holdout
2526|2026-05-24|burnley|wolverhampton-wanderers,2526,2026-05-24,holdout
2526|2026-05-24|crystal-palace|arsenal,2526,2026-05-24,holdout
2526|2026-05-24|fulham|newcastle-united,2526,2026-05-24,holdout
2526|2026-05-24|liverpool|brentford,2526,2026-05-24,holdout
2526|2026-05-24|manchester-city|aston-villa,2526,2026-05-24,holdout
2526|2026-05-24|nottingham-forest|afc-bournemouth,2526,2026-05-24,holdout
2526|2026-05-24|sunderland|chelsea,2526,2026-05-24,holdout
2526|2026-05-24|tottenham-hotspur|everton,2526,2026-05-24,holdout
2526|2026-05-24|west-ham-united|leeds-united,2526,2026-05-24,holdout
